warehouse,date,holiday,holiday_name,year,month,day,day_of_week
Brno_1,2016-01-01,1,New Years Day,2016,1,1,4
Brno_1,2016-01-02,0,,2016,1,2,5
Brno_1,2016-01-03,0,,2016,1,3,6
Brno_1,2016-01-04,0,,2016,1,4,0
Brno_1,2016-01-05,0,,2016,1,5,1
Brno_1,2016-01-06,0,,2016,1,6,2
Brno_1,2016-01-07,0,,2016,1,7,3
Brno_1,2016-01-08,0,,2016,1,8,4
Brno_1,2016-01-09,0,,2016,1,9,5
Brno_1,2016-01-10,0,,2016,1,10,6
Brno_1,2016-01-11,0,,2016,1,11,0
Brno_1,2016-01-12,0,,2016,1,12,1
Brno_1,2016-01-13,0,,2016,1,13,2
Brno_1,2016-01-14,0,,2016,1,14,3
Brno_1,2016-01-15,0,,2016,1,15,4
Brno_1,2016-01-16,0,,2016,1,16,5
Brno_1,2016-01-17,0,,2016,1,17,6
Brno_1,2016-01-18,0,,2016,1,18,0
Brno_1,2016-01-19,0,,2016,1,19,1
Brno_1,2016-01-20,0,,2016,1,20,2
Brno_1,2016-01-21,0,,2016,1,21,3
Brno_1,2016-01-22,0,,2016,1,22,4
Brno_1,2016-01-23,0,,2016,1,23,5
Brno_1,2016-01-24,0,,2016,1,24,6
Brno_1,2016-01-25,0,,2016,1,25,0
Brno_1,2016-01-26,0,,2016,1,26,1
Brno_1,2016-01-27,0,,2016,1,27,2
Brno_1,2016-01-28,0,,2016,1,28,3
Brno_1,2016-01-29,0,,2016,1,29,4
Brno_1,2016-01-30,0,,2016,1,30,5
Brno_1,2016-01-31,0,,2016,1,31,6
Brno_1,2016-02-01,0,,2016,2,1,0
Brno_1,2016-02-02,0,,2016,2,2,1
Brno_1,2016-02-03,0,,2016,2,3,2
Brno_1,2016-02-04,0,,2016,2,4,3
Brno_1,2016-02-05,0,,2016,2,5,4
Brno_1,2016-02-06,0,,2016,2,6,5
Brno_1,2016-02-07,0,,2016,2,7,6
Brno_1,2016-02-08,0,,2016,2,8,0
Brno_1,2016-02-09,0,,2016,2,9,1
Brno_1,2016-02-10,0,,2016,2,10,2
Brno_1,2016-02-11,0,,2016,2,11,3
Brno_1,2016-02-12,0,,2016,2,12,4
Brno_1,2016-02-13,0,,2016,2,13,5
Brno_1,2016-02-14,0,,2016,2,14,6
Brno_1,2016-02-15,0,,2016,2,15,0
Brno_1,2016-02-16,0,,2016,2,16,1
Brno_1,2016-02-17,0,,2016,2,17,2
Brno_1,2016-02-18,0,,2016,2,18,3
Brno_1,2016-02-19,0,,2016,2,19,4
Brno_1,2016-02-20,0,,2016,2,20,5
Brno_1,2016-02-21,0,,2016,2,21,6
Brno_1,2016-02-22,0,,2016,2,22,0
Brno_1,2016-02-23,0,,2016,2,23,1
Brno_1,2016-02-24,0,,2016,2,24,2
Brno_1,2016-02-25,0,,2016,2,25,3
Brno_1,2016-02-26,0,,2016,2,26,4
Brno_1,2016-02-27,0,,2016,2,27,5
Brno_1,2016-02-28,0,,2016,2,28,6
Brno_1,2016-02-29,0,,2016,2,29,0
Brno_1,2016-03-01,0,,2016,3,1,1
Brno_1,2016-03-02,0,,2016,3,2,2
Brno_1,2016-03-03,0,,2016,3,3,3
Brno_1,2016-03-04,0,,2016,3,4,4
Brno_1,2016-03-05,0,,2016,3,5,5
Brno_1,2016-03-06,0,,2016,3,6,6
Brno_1,2016-03-07,0,,2016,3,7,0
Brno_1,2016-03-08,1,International womens day,2016,3,8,1
Brno_1,2016-03-09,0,,2016,3,9,2
Brno_1,2016-03-10,0,,2016,3,10,3
Brno_1,2016-03-11,0,,2016,3,11,4
Brno_1,2016-03-12,0,,2016,3,12,5
Brno_1,2016-03-13,0,,2016,3,13,6
Brno_1,2016-03-14,0,,2016,3,14,0
Brno_1,2016-03-15,0,,2016,3,15,1
Brno_1,2016-03-16,0,,2016,3,16,2
Brno_1,2016-03-17,0,,2016,3,17,3
Brno_1,2016-03-18,0,,2016,3,18,4
Brno_1,2016-03-19,0,,2016,3,19,5
Brno_1,2016-03-20,0,,2016,3,20,6
Brno_1,2016-03-21,0,,2016,3,21,0
Brno_1,2016-03-22,0,,2016,3,22,1
Brno_1,2016-03-23,0,,2016,3,23,2
Brno_1,2016-03-24,0,,2016,3,24,3
Brno_1,2016-03-25,1,Good Friday,2016,3,25,4
Brno_1,2016-03-26,1,,2016,3,26,5
Brno_1,2016-03-27,1,Easter Day,2016,3,27,6
Brno_1,2016-03-28,1,Easter Monday,2016,3,28,0
Brno_1,2016-03-29,0,,2016,3,29,1
Brno_1,2016-03-30,0,,2016,3,30,2
Brno_1,2016-03-31,0,,2016,3,31,3
Brno_1,2016-04-01,0,,2016,4,1,4
Brno_1,2016-04-02,0,,2016,4,2,5
Brno_1,2016-04-03,0,,2016,4,3,6
Brno_1,2016-04-04,0,,2016,4,4,0
Brno_1,2016-04-05,0,,2016,4,5,1
Brno_1,2016-04-06,0,,2016,4,6,2
Brno_1,2016-04-07,0,,2016,4,7,3
Brno_1,2016-04-08,0,,2016,4,8,4
Brno_1,2016-04-09,0,,2016,4,9,5
Brno_1,2016-04-10,0,,2016,4,10,6
Brno_1,2016-04-11,0,,2016,4,11,0
Brno_1,2016-04-12,0,,2016,4,12,1
Brno_1,2016-04-13,0,,2016,4,13,2
Brno_1,2016-04-14,0,,2016,4,14,3
Brno_1,2016-04-15,0,,2016,4,15,4
Brno_1,2016-04-16,0,,2016,4,16,5
Brno_1,2016-04-17,0,,2016,4,17,6
Brno_1,2016-04-18,0,,2016,4,18,0
Brno_1,2016-04-19,0,,2016,4,19,1
Brno_1,2016-04-20,0,,2016,4,20,2
Brno_1,2016-04-21,0,,2016,4,21,3
Brno_1,2016-04-22,0,,2016,4,22,4
Brno_1,2016-04-23,0,,2016,4,23,5
Brno_1,2016-04-24,0,,2016,4,24,6
Brno_1,2016-04-25,0,,2016,4,25,0
Brno_1,2016-04-26,0,,2016,4,26,1
Brno_1,2016-04-27,0,,2016,4,27,2
Brno_1,2016-04-28,0,,2016,4,28,3
Brno_1,2016-04-29,0,,2016,4,29,4
Brno_1,2016-04-30,0,,2016,4,30,5
Brno_1,2016-05-01,1,Labour Day,2016,5,1,6
Brno_1,2016-05-02,0,,2016,5,2,0
Brno_1,2016-05-03,0,,2016,5,3,1
Brno_1,2016-05-04,0,,2016,5,4,2
Brno_1,2016-05-05,0,,2016,5,5,3
Brno_1,2016-05-06,0,,2016,5,6,4
Brno_1,2016-05-07,0,,2016,5,7,5
Brno_1,2016-05-08,1,Mother's Day,2016,5,8,6
Brno_1,2016-05-09,0,,2016,5,9,0
Brno_1,2016-05-10,0,,2016,5,10,1
Brno_1,2016-05-11,0,,2016,5,11,2
Brno_1,2016-05-12,0,,2016,5,12,3
Brno_1,2016-05-13,0,,2016,5,13,4
Brno_1,2016-05-14,0,,2016,5,14,5
Brno_1,2016-05-15,0,,2016,5,15,6
Brno_1,2016-05-16,0,,2016,5,16,0
Brno_1,2016-05-17,0,,2016,5,17,1
Brno_1,2016-05-18,0,,2016,5,18,2
Brno_1,2016-05-19,0,,2016,5,19,3
Brno_1,2016-05-20,0,,2016,5,20,4
Brno_1,2016-05-21,0,,2016,5,21,5
Brno_1,2016-05-22,0,,2016,5,22,6
Brno_1,2016-05-23,0,,2016,5,23,0
Brno_1,2016-05-24,0,,2016,5,24,1
Brno_1,2016-05-25,0,,2016,5,25,2
Brno_1,2016-05-26,0,,2016,5,26,3
Brno_1,2016-05-27,0,,2016,5,27,4
Brno_1,2016-05-28,0,,2016,5,28,5
Brno_1,2016-05-29,0,,2016,5,29,6
Brno_1,2016-05-30,0,,2016,5,30,0
Brno_1,2016-05-31,0,,2016,5,31,1
Brno_1,2016-06-01,0,,2016,6,1,2
Brno_1,2016-06-02,0,,2016,6,2,3
Brno_1,2016-06-03,0,,2016,6,3,4
Brno_1,2016-06-04,0,,2016,6,4,5
Brno_1,2016-06-05,0,,2016,6,5,6
Brno_1,2016-06-06,0,,2016,6,6,0
Brno_1,2016-06-07,0,,2016,6,7,1
Brno_1,2016-06-08,0,,2016,6,8,2
Brno_1,2016-06-09,0,,2016,6,9,3
Brno_1,2016-06-10,0,,2016,6,10,4
Brno_1,2016-06-11,0,,2016,6,11,5
Brno_1,2016-06-12,0,,2016,6,12,6
Brno_1,2016-06-13,0,,2016,6,13,0
Brno_1,2016-06-14,0,,2016,6,14,1
Brno_1,2016-06-15,0,,2016,6,15,2
Brno_1,2016-06-16,0,,2016,6,16,3
Brno_1,2016-06-17,0,,2016,6,17,4
Brno_1,2016-06-18,0,,2016,6,18,5
Brno_1,2016-06-19,0,,2016,6,19,6
Brno_1,2016-06-20,0,,2016,6,20,0
Brno_1,2016-06-21,0,,2016,6,21,1
Brno_1,2016-06-22,0,,2016,6,22,2
Brno_1,2016-06-23,0,,2016,6,23,3
Brno_1,2016-06-24,0,,2016,6,24,4
Brno_1,2016-06-25,0,,2016,6,25,5
Brno_1,2016-06-26,0,,2016,6,26,6
Brno_1,2016-06-27,0,,2016,6,27,0
Brno_1,2016-06-28,0,,2016,6,28,1
Brno_1,2016-06-29,0,,2016,6,29,2
Brno_1,2016-06-30,0,,2016,6,30,3
Brno_1,2016-07-01,0,,2016,7,1,4
Brno_1,2016-07-02,0,,2016,7,2,5
Brno_1,2016-07-03,0,,2016,7,3,6
Brno_1,2016-07-04,0,,2016,7,4,0
Brno_1,2016-07-05,1,Cyrila a Metodej,2016,7,5,1
Brno_1,2016-07-06,1,Jan Hus,2016,7,6,2
Brno_1,2016-07-07,0,,2016,7,7,3
Brno_1,2016-07-08,0,,2016,7,8,4
Brno_1,2016-07-09,0,,2016,7,9,5
Brno_1,2016-07-10,0,,2016,7,10,6
Brno_1,2016-07-11,0,,2016,7,11,0
Brno_1,2016-07-12,0,,2016,7,12,1
Brno_1,2016-07-13,0,,2016,7,13,2
Brno_1,2016-07-14,0,,2016,7,14,3
Brno_1,2016-07-15,0,,2016,7,15,4
Brno_1,2016-07-16,0,,2016,7,16,5
Brno_1,2016-07-17,0,,2016,7,17,6
Brno_1,2016-07-18,0,,2016,7,18,0
Brno_1,2016-07-19,0,,2016,7,19,1
Brno_1,2016-07-20,0,,2016,7,20,2
Brno_1,2016-07-21,0,,2016,7,21,3
Brno_1,2016-07-22,0,,2016,7,22,4
Brno_1,2016-07-23,0,,2016,7,23,5
Brno_1,2016-07-24,0,,2016,7,24,6
Brno_1,2016-07-25,0,,2016,7,25,0
Brno_1,2016-07-26,0,,2016,7,26,1
Brno_1,2016-07-27,0,,2016,7,27,2
Brno_1,2016-07-28,0,,2016,7,28,3
Brno_1,2016-07-29,0,,2016,7,29,4
Brno_1,2016-07-30,0,,2016,7,30,5
Brno_1,2016-07-31,0,,2016,7,31,6
Brno_1,2016-08-01,0,,2016,8,1,0
Brno_1,2016-08-02,0,,2016,8,2,1
Brno_1,2016-08-03,0,,2016,8,3,2
Brno_1,2016-08-04,0,,2016,8,4,3
Brno_1,2016-08-05,0,,2016,8,5,4
Brno_1,2016-08-06,0,,2016,8,6,5
Brno_1,2016-08-07,0,,2016,8,7,6
Brno_1,2016-08-08,0,,2016,8,8,0
Brno_1,2016-08-09,0,,2016,8,9,1
Brno_1,2016-08-10,0,,2016,8,10,2
Brno_1,2016-08-11,0,,2016,8,11,3
Brno_1,2016-08-12,0,,2016,8,12,4
Brno_1,2016-08-13,0,,2016,8,13,5
Brno_1,2016-08-14,0,,2016,8,14,6
Brno_1,2016-08-15,0,,2016,8,15,0
Brno_1,2016-08-16,0,,2016,8,16,1
Brno_1,2016-08-17,0,,2016,8,17,2
Brno_1,2016-08-18,0,,2016,8,18,3
Brno_1,2016-08-19,0,,2016,8,19,4
Brno_1,2016-08-20,0,,2016,8,20,5
Brno_1,2016-08-21,0,,2016,8,21,6
Brno_1,2016-08-22,0,,2016,8,22,0
Brno_1,2016-08-23,0,,2016,8,23,1
Brno_1,2016-08-24,0,,2016,8,24,2
Brno_1,2016-08-25,0,,2016,8,25,3
Brno_1,2016-08-26,0,,2016,8,26,4
Brno_1,2016-08-27,0,,2016,8,27,5
Brno_1,2016-08-28,0,,2016,8,28,6
Brno_1,2016-08-29,0,,2016,8,29,0
Brno_1,2016-08-30,0,,2016,8,30,1
Brno_1,2016-08-31,0,,2016,8,31,2
Brno_1,2016-09-01,0,,2016,9,1,3
Brno_1,2016-09-02,0,,2016,9,2,4
Brno_1,2016-09-03,0,,2016,9,3,5
Brno_1,2016-09-04,0,,2016,9,4,6
Brno_1,2016-09-05,0,,2016,9,5,0
Brno_1,2016-09-06,0,,2016,9,6,1
Brno_1,2016-09-07,0,,2016,9,7,2
Brno_1,2016-09-08,0,,2016,9,8,3
Brno_1,2016-09-09,0,,2016,9,9,4
Brno_1,2016-09-10,0,,2016,9,10,5
Brno_1,2016-09-11,0,,2016,9,11,6
Brno_1,2016-09-12,0,,2016,9,12,0
Brno_1,2016-09-13,0,,2016,9,13,1
Brno_1,2016-09-14,0,,2016,9,14,2
Brno_1,2016-09-15,0,,2016,9,15,3
Brno_1,2016-09-16,0,,2016,9,16,4
Brno_1,2016-09-17,0,,2016,9,17,5
Brno_1,2016-09-18,0,,2016,9,18,6
Brno_1,2016-09-19,0,,2016,9,19,0
Brno_1,2016-09-20,0,,2016,9,20,1
Brno_1,2016-09-21,0,,2016,9,21,2
Brno_1,2016-09-22,0,,2016,9,22,3
Brno_1,2016-09-23,0,,2016,9,23,4
Brno_1,2016-09-24,0,,2016,9,24,5
Brno_1,2016-09-25,0,,2016,9,25,6
Brno_1,2016-09-26,0,,2016,9,26,0
Brno_1,2016-09-27,0,,2016,9,27,1
Brno_1,2016-09-28,1,Den ceske statnosti,2016,9,28,2
Brno_1,2016-09-29,0,,2016,9,29,3
Brno_1,2016-09-30,0,,2016,9,30,4
Brno_1,2016-10-01,0,,2016,10,1,5
Brno_1,2016-10-02,0,,2016,10,2,6
Brno_1,2016-10-03,0,,2016,10,3,0
Brno_1,2016-10-04,0,,2016,10,4,1
Brno_1,2016-10-05,0,,2016,10,5,2
Brno_1,2016-10-06,0,,2016,10,6,3
Brno_1,2016-10-07,0,,2016,10,7,4
Brno_1,2016-10-08,0,,2016,10,8,5
Brno_1,2016-10-09,0,,2016,10,9,6
Brno_1,2016-10-10,0,,2016,10,10,0
Brno_1,2016-10-11,0,,2016,10,11,1
Brno_1,2016-10-12,0,,2016,10,12,2
Brno_1,2016-10-13,0,,2016,10,13,3
Brno_1,2016-10-14,0,,2016,10,14,4
Brno_1,2016-10-15,0,,2016,10,15,5
Brno_1,2016-10-16,0,,2016,10,16,6
Brno_1,2016-10-17,0,,2016,10,17,0
Brno_1,2016-10-18,0,,2016,10,18,1
Brno_1,2016-10-19,0,,2016,10,19,2
Brno_1,2016-10-20,0,,2016,10,20,3
Brno_1,2016-10-21,0,,2016,10,21,4
Brno_1,2016-10-22,0,,2016,10,22,5
Brno_1,2016-10-23,0,,2016,10,23,6
Brno_1,2016-10-24,0,,2016,10,24,0
Brno_1,2016-10-25,0,,2016,10,25,1
Brno_1,2016-10-26,0,,2016,10,26,2
Brno_1,2016-10-27,0,,2016,10,27,3
Brno_1,2016-10-28,1,Den vzniku samostatneho ceskoslovenskeho statu,2016,10,28,4
Brno_1,2016-10-29,0,,2016,10,29,5
Brno_1,2016-10-30,0,,2016,10,30,6
Brno_1,2016-10-31,0,,2016,10,31,0
Brno_1,2016-11-01,0,,2016,11,1,1
Brno_1,2016-11-02,0,,2016,11,2,2
Brno_1,2016-11-03,0,,2016,11,3,3
Brno_1,2016-11-04,0,,2016,11,4,4
Brno_1,2016-11-05,0,,2016,11,5,5
Brno_1,2016-11-06,0,,2016,11,6,6
Brno_1,2016-11-07,0,,2016,11,7,0
Brno_1,2016-11-08,0,,2016,11,8,1
Brno_1,2016-11-09,0,,2016,11,9,2
Brno_1,2016-11-10,0,,2016,11,10,3
Brno_1,2016-11-11,0,,2016,11,11,4
Brno_1,2016-11-12,0,,2016,11,12,5
Brno_1,2016-11-13,0,,2016,11,13,6
Brno_1,2016-11-14,0,,2016,11,14,0
Brno_1,2016-11-15,0,,2016,11,15,1
Brno_1,2016-11-16,0,,2016,11,16,2
Brno_1,2016-11-17,1,Den boje za svobodu a demokracii,2016,11,17,3
Brno_1,2016-11-18,0,,2016,11,18,4
Brno_1,2016-11-19,0,,2016,11,19,5
Brno_1,2016-11-20,0,,2016,11,20,6
Brno_1,2016-11-21,0,,2016,11,21,0
Brno_1,2016-11-22,0,,2016,11,22,1
Brno_1,2016-11-23,0,,2016,11,23,2
Brno_1,2016-11-24,0,,2016,11,24,3
Brno_1,2016-11-25,0,,2016,11,25,4
Brno_1,2016-11-26,0,,2016,11,26,5
Brno_1,2016-11-27,0,,2016,11,27,6
Brno_1,2016-11-28,0,,2016,11,28,0
Brno_1,2016-11-29,0,,2016,11,29,1
Brno_1,2016-11-30,0,,2016,11,30,2
Brno_1,2016-12-01,0,,2016,12,1,3
Brno_1,2016-12-02,0,,2016,12,2,4
Brno_1,2016-12-03,0,,2016,12,3,5
Brno_1,2016-12-04,0,,2016,12,4,6
Brno_1,2016-12-05,0,,2016,12,5,0
Brno_1,2016-12-06,0,,2016,12,6,1
Brno_1,2016-12-07,0,,2016,12,7,2
Brno_1,2016-12-08,0,,2016,12,8,3
Brno_1,2016-12-09,0,,2016,12,9,4
Brno_1,2016-12-10,0,,2016,12,10,5
Brno_1,2016-12-11,0,,2016,12,11,6
Brno_1,2016-12-12,0,,2016,12,12,0
Brno_1,2016-12-13,0,,2016,12,13,1
Brno_1,2016-12-14,0,,2016,12,14,2
Brno_1,2016-12-15,0,,2016,12,15,3
Brno_1,2016-12-16,0,,2016,12,16,4
Brno_1,2016-12-17,0,,2016,12,17,5
Brno_1,2016-12-18,0,,2016,12,18,6
Brno_1,2016-12-19,0,,2016,12,19,0
Brno_1,2016-12-20,0,,2016,12,20,1
Brno_1,2016-12-21,0,,2016,12,21,2
Brno_1,2016-12-22,0,,2016,12,22,3
Brno_1,2016-12-23,0,,2016,12,23,4
Brno_1,2016-12-24,1,Christmas Eve,2016,12,24,5
Brno_1,2016-12-25,1,1st Christmas Day,2016,12,25,6
Brno_1,2016-12-26,1,2nd Christmas Day,2016,12,26,0
Brno_1,2016-12-27,0,,2016,12,27,1
Brno_1,2016-12-28,0,,2016,12,28,2
Brno_1,2016-12-29,0,,2016,12,29,3
Brno_1,2016-12-30,0,,2016,12,30,4
Brno_1,2016-12-31,0,,2016,12,31,5
Brno_1,2017-01-01,1,New Years Day,2017,1,1,6
Brno_1,2017-01-02,0,,2017,1,2,0
Brno_1,2017-01-03,0,,2017,1,3,1
Brno_1,2017-01-04,0,,2017,1,4,2
Brno_1,2017-01-05,0,,2017,1,5,3
Brno_1,2017-01-06,0,,2017,1,6,4
Brno_1,2017-01-07,0,,2017,1,7,5
Brno_1,2017-01-08,0,,2017,1,8,6
Brno_1,2017-01-09,0,,2017,1,9,0
Brno_1,2017-01-10,0,,2017,1,10,1
Brno_1,2017-01-11,0,,2017,1,11,2
Brno_1,2017-01-12,0,,2017,1,12,3
Brno_1,2017-01-13,0,,2017,1,13,4
Brno_1,2017-01-14,0,,2017,1,14,5
Brno_1,2017-01-15,0,,2017,1,15,6
Brno_1,2017-01-16,0,,2017,1,16,0
Brno_1,2017-01-17,0,,2017,1,17,1
Brno_1,2017-01-18,0,,2017,1,18,2
Brno_1,2017-01-19,0,,2017,1,19,3
Brno_1,2017-01-20,0,,2017,1,20,4
Brno_1,2017-01-21,0,,2017,1,21,5
Brno_1,2017-01-22,0,,2017,1,22,6
Brno_1,2017-01-23,0,,2017,1,23,0
Brno_1,2017-01-24,0,,2017,1,24,1
Brno_1,2017-01-25,0,,2017,1,25,2
Brno_1,2017-01-26,0,,2017,1,26,3
Brno_1,2017-01-27,0,,2017,1,27,4
Brno_1,2017-01-28,0,,2017,1,28,5
Brno_1,2017-01-29,0,,2017,1,29,6
Brno_1,2017-01-30,0,,2017,1,30,0
Brno_1,2017-01-31,0,,2017,1,31,1
Brno_1,2017-02-01,0,,2017,2,1,2
Brno_1,2017-02-02,0,,2017,2,2,3
Brno_1,2017-02-03,0,,2017,2,3,4
Brno_1,2017-02-04,0,,2017,2,4,5
Brno_1,2017-02-05,0,,2017,2,5,6
Brno_1,2017-02-06,0,,2017,2,6,0
Brno_1,2017-02-07,0,,2017,2,7,1
Brno_1,2017-02-08,0,,2017,2,8,2
Brno_1,2017-02-09,0,,2017,2,9,3
Brno_1,2017-02-10,0,,2017,2,10,4
Brno_1,2017-02-11,0,,2017,2,11,5
Brno_1,2017-02-12,0,,2017,2,12,6
Brno_1,2017-02-13,0,,2017,2,13,0
Brno_1,2017-02-14,0,,2017,2,14,1
Brno_1,2017-02-15,0,,2017,2,15,2
Brno_1,2017-02-16,0,,2017,2,16,3
Brno_1,2017-02-17,0,,2017,2,17,4
Brno_1,2017-02-18,0,,2017,2,18,5
Brno_1,2017-02-19,0,,2017,2,19,6
Brno_1,2017-02-20,0,,2017,2,20,0
Brno_1,2017-02-21,0,,2017,2,21,1
Brno_1,2017-02-22,0,,2017,2,22,2
Brno_1,2017-02-23,0,,2017,2,23,3
Brno_1,2017-02-24,0,,2017,2,24,4
Brno_1,2017-02-25,0,,2017,2,25,5
Brno_1,2017-02-26,0,,2017,2,26,6
Brno_1,2017-02-27,0,,2017,2,27,0
Brno_1,2017-02-28,0,,2017,2,28,1
Brno_1,2017-03-01,0,,2017,3,1,2
Brno_1,2017-03-02,0,,2017,3,2,3
Brno_1,2017-03-03,0,,2017,3,3,4
Brno_1,2017-03-04,0,,2017,3,4,5
Brno_1,2017-03-05,0,,2017,3,5,6
Brno_1,2017-03-06,0,,2017,3,6,0
Brno_1,2017-03-07,0,,2017,3,7,1
Brno_1,2017-03-08,1,International womens day,2017,3,8,2
Brno_1,2017-03-09,0,,2017,3,9,3
Brno_1,2017-03-10,0,,2017,3,10,4
Brno_1,2017-03-11,0,,2017,3,11,5
Brno_1,2017-03-12,0,,2017,3,12,6
Brno_1,2017-03-13,0,,2017,3,13,0
Brno_1,2017-03-14,0,,2017,3,14,1
Brno_1,2017-03-15,0,,2017,3,15,2
Brno_1,2017-03-16,0,,2017,3,16,3
Brno_1,2017-03-17,0,,2017,3,17,4
Brno_1,2017-03-18,0,,2017,3,18,5
Brno_1,2017-03-19,0,,2017,3,19,6
Brno_1,2017-03-20,0,,2017,3,20,0
Brno_1,2017-03-21,0,,2017,3,21,1
Brno_1,2017-03-22,0,,2017,3,22,2
Brno_1,2017-03-23,0,,2017,3,23,3
Brno_1,2017-03-24,0,,2017,3,24,4
Brno_1,2017-03-25,1,Good Friday,2017,3,25,5
Brno_1,2017-03-26,0,,2017,3,26,6
Brno_1,2017-03-27,1,Easter Day,2017,3,27,0
Brno_1,2017-03-28,1,Easter Monday,2017,3,28,1
Brno_1,2017-03-29,0,,2017,3,29,2
Brno_1,2017-03-30,0,,2017,3,30,3
Brno_1,2017-03-31,0,,2017,3,31,4
Brno_1,2017-04-01,0,,2017,4,1,5
Brno_1,2017-04-02,0,,2017,4,2,6
Brno_1,2017-04-03,0,,2017,4,3,0
Brno_1,2017-04-04,0,,2017,4,4,1
Brno_1,2017-04-05,0,,2017,4,5,2
Brno_1,2017-04-06,0,,2017,4,6,3
Brno_1,2017-04-07,0,,2017,4,7,4
Brno_1,2017-04-08,0,,2017,4,8,5
Brno_1,2017-04-09,0,,2017,4,9,6
Brno_1,2017-04-10,0,,2017,4,10,0
Brno_1,2017-04-11,0,,2017,4,11,1
Brno_1,2017-04-12,0,,2017,4,12,2
Brno_1,2017-04-13,0,,2017,4,13,3
Brno_1,2017-04-14,1,Good Friday,2017,4,14,4
Brno_1,2017-04-15,1,,2017,4,15,5
Brno_1,2017-04-16,1,Easter Day,2017,4,16,6
Brno_1,2017-04-17,1,Easter Monday,2017,4,17,0
Brno_1,2017-04-18,0,,2017,4,18,1
Brno_1,2017-04-19,0,,2017,4,19,2
Brno_1,2017-04-20,0,,2017,4,20,3
Brno_1,2017-04-21,0,,2017,4,21,4
Brno_1,2017-04-22,0,,2017,4,22,5
Brno_1,2017-04-23,0,,2017,4,23,6
Brno_1,2017-04-24,0,,2017,4,24,0
Brno_1,2017-04-25,0,,2017,4,25,1
Brno_1,2017-04-26,0,,2017,4,26,2
Brno_1,2017-04-27,0,,2017,4,27,3
Brno_1,2017-04-28,0,,2017,4,28,4
Brno_1,2017-04-29,0,,2017,4,29,5
Brno_1,2017-04-30,0,,2017,4,30,6
Brno_1,2017-05-01,1,Labour Day,2017,5,1,0
Brno_1,2017-05-02,0,,2017,5,2,1
Brno_1,2017-05-03,0,,2017,5,3,2
Brno_1,2017-05-04,0,,2017,5,4,3
Brno_1,2017-05-05,0,,2017,5,5,4
Brno_1,2017-05-06,0,,2017,5,6,5
Brno_1,2017-05-07,0,,2017,5,7,6
Brno_1,2017-05-08,1,Mother's Day,2017,5,8,0
Brno_1,2017-05-09,0,,2017,5,9,1
Brno_1,2017-05-10,0,,2017,5,10,2
Brno_1,2017-05-11,0,,2017,5,11,3
Brno_1,2017-05-12,0,,2017,5,12,4
Brno_1,2017-05-13,0,,2017,5,13,5
Brno_1,2017-05-14,1,Mother's Day,2017,5,14,6
Brno_1,2017-05-15,0,,2017,5,15,0
Brno_1,2017-05-16,0,,2017,5,16,1
Brno_1,2017-05-17,0,,2017,5,17,2
Brno_1,2017-05-18,0,,2017,5,18,3
Brno_1,2017-05-19,0,,2017,5,19,4
Brno_1,2017-05-20,0,,2017,5,20,5
Brno_1,2017-05-21,0,,2017,5,21,6
Brno_1,2017-05-22,0,,2017,5,22,0
Brno_1,2017-05-23,0,,2017,5,23,1
Brno_1,2017-05-24,0,,2017,5,24,2
Brno_1,2017-05-25,0,,2017,5,25,3
Brno_1,2017-05-26,0,,2017,5,26,4
Brno_1,2017-05-27,0,,2017,5,27,5
Brno_1,2017-05-28,0,,2017,5,28,6
Brno_1,2017-05-29,0,,2017,5,29,0
Brno_1,2017-05-30,0,,2017,5,30,1
Brno_1,2017-05-31,0,,2017,5,31,2
Brno_1,2017-06-01,0,,2017,6,1,3
Brno_1,2017-06-02,0,,2017,6,2,4
Brno_1,2017-06-03,0,,2017,6,3,5
Brno_1,2017-06-04,0,,2017,6,4,6
Brno_1,2017-06-05,0,,2017,6,5,0
Brno_1,2017-06-06,0,,2017,6,6,1
Brno_1,2017-06-07,0,,2017,6,7,2
Brno_1,2017-06-08,0,,2017,6,8,3
Brno_1,2017-06-09,0,,2017,6,9,4
Brno_1,2017-06-10,0,,2017,6,10,5
Brno_1,2017-06-11,0,,2017,6,11,6
Brno_1,2017-06-12,0,,2017,6,12,0
Brno_1,2017-06-13,0,,2017,6,13,1
Brno_1,2017-06-14,0,,2017,6,14,2
Brno_1,2017-06-15,0,,2017,6,15,3
Brno_1,2017-06-16,0,,2017,6,16,4
Brno_1,2017-06-17,0,,2017,6,17,5
Brno_1,2017-06-18,0,,2017,6,18,6
Brno_1,2017-06-19,0,,2017,6,19,0
Brno_1,2017-06-20,0,,2017,6,20,1
Brno_1,2017-06-21,0,,2017,6,21,2
Brno_1,2017-06-22,0,,2017,6,22,3
Brno_1,2017-06-23,0,,2017,6,23,4
Brno_1,2017-06-24,0,,2017,6,24,5
Brno_1,2017-06-25,0,,2017,6,25,6
Brno_1,2017-06-26,0,,2017,6,26,0
Brno_1,2017-06-27,0,,2017,6,27,1
Brno_1,2017-06-28,0,,2017,6,28,2
Brno_1,2017-06-29,0,,2017,6,29,3
Brno_1,2017-06-30,0,,2017,6,30,4
Brno_1,2017-07-01,0,,2017,7,1,5
Brno_1,2017-07-02,0,,2017,7,2,6
Brno_1,2017-07-03,0,,2017,7,3,0
Brno_1,2017-07-04,0,,2017,7,4,1
Brno_1,2017-07-05,1,Cyrila a Metodej,2017,7,5,2
Brno_1,2017-07-06,1,Jan Hus,2017,7,6,3
Brno_1,2017-07-07,0,,2017,7,7,4
Brno_1,2017-07-08,0,,2017,7,8,5
Brno_1,2017-07-09,0,,2017,7,9,6
Brno_1,2017-07-10,0,,2017,7,10,0
Brno_1,2017-07-11,0,,2017,7,11,1
Brno_1,2017-07-12,0,,2017,7,12,2
Brno_1,2017-07-13,0,,2017,7,13,3
Brno_1,2017-07-14,0,,2017,7,14,4
Brno_1,2017-07-15,0,,2017,7,15,5
Brno_1,2017-07-16,0,,2017,7,16,6
Brno_1,2017-07-17,0,,2017,7,17,0
Brno_1,2017-07-18,0,,2017,7,18,1
Brno_1,2017-07-19,0,,2017,7,19,2
Brno_1,2017-07-20,0,,2017,7,20,3
Brno_1,2017-07-21,0,,2017,7,21,4
Brno_1,2017-07-22,0,,2017,7,22,5
Brno_1,2017-07-23,0,,2017,7,23,6
Brno_1,2017-07-24,0,,2017,7,24,0
Brno_1,2017-07-25,0,,2017,7,25,1
Brno_1,2017-07-26,0,,2017,7,26,2
Brno_1,2017-07-27,0,,2017,7,27,3
Brno_1,2017-07-28,0,,2017,7,28,4
Brno_1,2017-07-29,0,,2017,7,29,5
Brno_1,2017-07-30,0,,2017,7,30,6
Brno_1,2017-07-31,0,,2017,7,31,0
Brno_1,2017-08-01,0,,2017,8,1,1
Brno_1,2017-08-02,0,,2017,8,2,2
Brno_1,2017-08-03,0,,2017,8,3,3
Brno_1,2017-08-04,0,,2017,8,4,4
Brno_1,2017-08-05,0,,2017,8,5,5
Brno_1,2017-08-06,0,,2017,8,6,6
Brno_1,2017-08-07,0,,2017,8,7,0
Brno_1,2017-08-08,0,,2017,8,8,1
Brno_1,2017-08-09,0,,2017,8,9,2
Brno_1,2017-08-10,0,,2017,8,10,3
Brno_1,2017-08-11,0,,2017,8,11,4
Brno_1,2017-08-12,0,,2017,8,12,5
Brno_1,2017-08-13,0,,2017,8,13,6
Brno_1,2017-08-14,0,,2017,8,14,0
Brno_1,2017-08-15,0,,2017,8,15,1
Brno_1,2017-08-16,0,,2017,8,16,2
Brno_1,2017-08-17,0,,2017,8,17,3
Brno_1,2017-08-18,0,,2017,8,18,4
Brno_1,2017-08-19,0,,2017,8,19,5
Brno_1,2017-08-20,0,,2017,8,20,6
Brno_1,2017-08-21,0,,2017,8,21,0
Brno_1,2017-08-22,0,,2017,8,22,1
Brno_1,2017-08-23,0,,2017,8,23,2
Brno_1,2017-08-24,0,,2017,8,24,3
Brno_1,2017-08-25,0,,2017,8,25,4
Brno_1,2017-08-26,0,,2017,8,26,5
Brno_1,2017-08-27,0,,2017,8,27,6
Brno_1,2017-08-28,0,,2017,8,28,0
Brno_1,2017-08-29,0,,2017,8,29,1
Brno_1,2017-08-30,0,,2017,8,30,2
Brno_1,2017-08-31,0,,2017,8,31,3
Brno_1,2017-09-01,0,,2017,9,1,4
Brno_1,2017-09-02,0,,2017,9,2,5
Brno_1,2017-09-03,0,,2017,9,3,6
Brno_1,2017-09-04,0,,2017,9,4,0
Brno_1,2017-09-05,0,,2017,9,5,1
Brno_1,2017-09-06,0,,2017,9,6,2
Brno_1,2017-09-07,0,,2017,9,7,3
Brno_1,2017-09-08,0,,2017,9,8,4
Brno_1,2017-09-09,0,,2017,9,9,5
Brno_1,2017-09-10,0,,2017,9,10,6
Brno_1,2017-09-11,0,,2017,9,11,0
Brno_1,2017-09-12,0,,2017,9,12,1
Brno_1,2017-09-13,0,,2017,9,13,2
Brno_1,2017-09-14,0,,2017,9,14,3
Brno_1,2017-09-15,0,,2017,9,15,4
Brno_1,2017-09-16,0,,2017,9,16,5
Brno_1,2017-09-17,0,,2017,9,17,6
Brno_1,2017-09-18,0,,2017,9,18,0
Brno_1,2017-09-19,0,,2017,9,19,1
Brno_1,2017-09-20,0,,2017,9,20,2
Brno_1,2017-09-21,0,,2017,9,21,3
Brno_1,2017-09-22,0,,2017,9,22,4
Brno_1,2017-09-23,0,,2017,9,23,5
Brno_1,2017-09-24,0,,2017,9,24,6
Brno_1,2017-09-25,0,,2017,9,25,0
Brno_1,2017-09-26,0,,2017,9,26,1
Brno_1,2017-09-27,0,,2017,9,27,2
Brno_1,2017-09-28,1,Den ceske statnosti,2017,9,28,3
Brno_1,2017-09-29,0,,2017,9,29,4
Brno_1,2017-09-30,0,,2017,9,30,5
Brno_1,2017-10-01,0,,2017,10,1,6
Brno_1,2017-10-02,0,,2017,10,2,0
Brno_1,2017-10-03,0,,2017,10,3,1
Brno_1,2017-10-04,0,,2017,10,4,2
Brno_1,2017-10-05,0,,2017,10,5,3
Brno_1,2017-10-06,0,,2017,10,6,4
Brno_1,2017-10-07,0,,2017,10,7,5
Brno_1,2017-10-08,0,,2017,10,8,6
Brno_1,2017-10-09,0,,2017,10,9,0
Brno_1,2017-10-10,0,,2017,10,10,1
Brno_1,2017-10-11,0,,2017,10,11,2
Brno_1,2017-10-12,0,,2017,10,12,3
Brno_1,2017-10-13,0,,2017,10,13,4
Brno_1,2017-10-14,0,,2017,10,14,5
Brno_1,2017-10-15,0,,2017,10,15,6
Brno_1,2017-10-16,0,,2017,10,16,0
Brno_1,2017-10-17,0,,2017,10,17,1
Brno_1,2017-10-18,0,,2017,10,18,2
Brno_1,2017-10-19,0,,2017,10,19,3
Brno_1,2017-10-20,0,,2017,10,20,4
Brno_1,2017-10-21,0,,2017,10,21,5
Brno_1,2017-10-22,0,,2017,10,22,6
Brno_1,2017-10-23,0,,2017,10,23,0
Brno_1,2017-10-24,0,,2017,10,24,1
Brno_1,2017-10-25,0,,2017,10,25,2
Brno_1,2017-10-26,0,,2017,10,26,3
Brno_1,2017-10-27,0,,2017,10,27,4
Brno_1,2017-10-28,1,Den vzniku samostatneho ceskoslovenskeho statu,2017,10,28,5
Brno_1,2017-10-29,0,,2017,10,29,6
Brno_1,2017-10-30,0,,2017,10,30,0
Brno_1,2017-10-31,0,,2017,10,31,1
Brno_1,2017-11-01,0,,2017,11,1,2
Brno_1,2017-11-02,0,,2017,11,2,3
Brno_1,2017-11-03,0,,2017,11,3,4
Brno_1,2017-11-04,0,,2017,11,4,5
Brno_1,2017-11-05,0,,2017,11,5,6
Brno_1,2017-11-06,0,,2017,11,6,0
Brno_1,2017-11-07,0,,2017,11,7,1
Brno_1,2017-11-08,0,,2017,11,8,2
Brno_1,2017-11-09,0,,2017,11,9,3
Brno_1,2017-11-10,0,,2017,11,10,4
Brno_1,2017-11-11,0,,2017,11,11,5
Brno_1,2017-11-12,0,,2017,11,12,6
Brno_1,2017-11-13,0,,2017,11,13,0
Brno_1,2017-11-14,0,,2017,11,14,1
Brno_1,2017-11-15,0,,2017,11,15,2
Brno_1,2017-11-16,0,,2017,11,16,3
Brno_1,2017-11-17,1,Den boje za svobodu a demokracii,2017,11,17,4
Brno_1,2017-11-18,0,,2017,11,18,5
Brno_1,2017-11-19,0,,2017,11,19,6
Brno_1,2017-11-20,0,,2017,11,20,0
Brno_1,2017-11-21,0,,2017,11,21,1
Brno_1,2017-11-22,0,,2017,11,22,2
Brno_1,2017-11-23,0,,2017,11,23,3
Brno_1,2017-11-24,0,,2017,11,24,4
Brno_1,2017-11-25,0,,2017,11,25,5
Brno_1,2017-11-26,0,,2017,11,26,6
Brno_1,2017-11-27,0,,2017,11,27,0
Brno_1,2017-11-28,0,,2017,11,28,1
Brno_1,2017-11-29,0,,2017,11,29,2
Brno_1,2017-11-30,0,,2017,11,30,3
Brno_1,2017-12-01,0,,2017,12,1,4
Brno_1,2017-12-02,0,,2017,12,2,5
Brno_1,2017-12-03,0,,2017,12,3,6
Brno_1,2017-12-04,0,,2017,12,4,0
Brno_1,2017-12-05,0,,2017,12,5,1
Brno_1,2017-12-06,0,,2017,12,6,2
Brno_1,2017-12-07,0,,2017,12,7,3
Brno_1,2017-12-08,0,,2017,12,8,4
Brno_1,2017-12-09,0,,2017,12,9,5
Brno_1,2017-12-10,0,,2017,12,10,6
Brno_1,2017-12-11,0,,2017,12,11,0
Brno_1,2017-12-12,0,,2017,12,12,1
Brno_1,2017-12-13,0,,2017,12,13,2
Brno_1,2017-12-14,0,,2017,12,14,3
Brno_1,2017-12-15,0,,2017,12,15,4
Brno_1,2017-12-16,0,,2017,12,16,5
Brno_1,2017-12-17,0,,2017,12,17,6
Brno_1,2017-12-18,0,,2017,12,18,0
Brno_1,2017-12-19,0,,2017,12,19,1
Brno_1,2017-12-20,0,,2017,12,20,2
Brno_1,2017-12-21,0,,2017,12,21,3
Brno_1,2017-12-22,0,,2017,12,22,4
Brno_1,2017-12-23,0,,2017,12,23,5
Brno_1,2017-12-24,1,Christmas Eve,2017,12,24,6
Brno_1,2017-12-25,1,1st Christmas Day,2017,12,25,0
Brno_1,2017-12-26,1,2nd Christmas Day,2017,12,26,1
Brno_1,2017-12-27,0,,2017,12,27,2
Brno_1,2017-12-28,0,,2017,12,28,3
Brno_1,2017-12-29,0,,2017,12,29,4
Brno_1,2017-12-30,0,,2017,12,30,5
Brno_1,2017-12-31,0,,2017,12,31,6
Brno_1,2018-01-01,1,New Years Day,2018,1,1,0
Brno_1,2018-01-02,0,,2018,1,2,1
Brno_1,2018-01-03,0,,2018,1,3,2
Brno_1,2018-01-04,0,,2018,1,4,3
Brno_1,2018-01-05,0,,2018,1,5,4
Brno_1,2018-01-06,0,,2018,1,6,5
Brno_1,2018-01-07,0,,2018,1,7,6
Brno_1,2018-01-08,0,,2018,1,8,0
Brno_1,2018-01-09,0,,2018,1,9,1
Brno_1,2018-01-10,0,,2018,1,10,2
Brno_1,2018-01-11,0,,2018,1,11,3
Brno_1,2018-01-12,0,,2018,1,12,4
Brno_1,2018-01-13,0,,2018,1,13,5
Brno_1,2018-01-14,0,,2018,1,14,6
Brno_1,2018-01-15,0,,2018,1,15,0
Brno_1,2018-01-16,0,,2018,1,16,1
Brno_1,2018-01-17,0,,2018,1,17,2
Brno_1,2018-01-18,0,,2018,1,18,3
Brno_1,2018-01-19,0,,2018,1,19,4
Brno_1,2018-01-20,0,,2018,1,20,5
Brno_1,2018-01-21,0,,2018,1,21,6
Brno_1,2018-01-22,0,,2018,1,22,0
Brno_1,2018-01-23,0,,2018,1,23,1
Brno_1,2018-01-24,0,,2018,1,24,2
Brno_1,2018-01-25,0,,2018,1,25,3
Brno_1,2018-01-26,0,,2018,1,26,4
Brno_1,2018-01-27,0,,2018,1,27,5
Brno_1,2018-01-28,0,,2018,1,28,6
Brno_1,2018-01-29,0,,2018,1,29,0
Brno_1,2018-01-30,0,,2018,1,30,1
Brno_1,2018-01-31,0,,2018,1,31,2
Brno_1,2018-02-01,0,,2018,2,1,3
Brno_1,2018-02-02,0,,2018,2,2,4
Brno_1,2018-02-03,0,,2018,2,3,5
Brno_1,2018-02-04,0,,2018,2,4,6
Brno_1,2018-02-05,0,,2018,2,5,0
Brno_1,2018-02-06,0,,2018,2,6,1
Brno_1,2018-02-07,0,,2018,2,7,2
Brno_1,2018-02-08,0,,2018,2,8,3
Brno_1,2018-02-09,0,,2018,2,9,4
Brno_1,2018-02-10,0,,2018,2,10,5
Brno_1,2018-02-11,0,,2018,2,11,6
Brno_1,2018-02-12,0,,2018,2,12,0
Brno_1,2018-02-13,0,,2018,2,13,1
Brno_1,2018-02-14,0,,2018,2,14,2
Brno_1,2018-02-15,0,,2018,2,15,3
Brno_1,2018-02-16,0,,2018,2,16,4
Brno_1,2018-02-17,0,,2018,2,17,5
Brno_1,2018-02-18,0,,2018,2,18,6
Brno_1,2018-02-19,0,,2018,2,19,0
Brno_1,2018-02-20,0,,2018,2,20,1
Brno_1,2018-02-21,0,,2018,2,21,2
Brno_1,2018-02-22,0,,2018,2,22,3
Brno_1,2018-02-23,0,,2018,2,23,4
Brno_1,2018-02-24,0,,2018,2,24,5
Brno_1,2018-02-25,0,,2018,2,25,6
Brno_1,2018-02-26,0,,2018,2,26,0
Brno_1,2018-02-27,0,,2018,2,27,1
Brno_1,2018-02-28,0,,2018,2,28,2
Brno_1,2018-03-01,0,,2018,3,1,3
Brno_1,2018-03-02,0,,2018,3,2,4
Brno_1,2018-03-03,0,,2018,3,3,5
Brno_1,2018-03-04,0,,2018,3,4,6
Brno_1,2018-03-05,0,,2018,3,5,0
Brno_1,2018-03-06,0,,2018,3,6,1
Brno_1,2018-03-07,0,,2018,3,7,2
Brno_1,2018-03-08,1,International womens day,2018,3,8,3
Brno_1,2018-03-09,0,,2018,3,9,4
Brno_1,2018-03-10,0,,2018,3,10,5
Brno_1,2018-03-11,0,,2018,3,11,6
Brno_1,2018-03-12,0,,2018,3,12,0
Brno_1,2018-03-13,0,,2018,3,13,1
Brno_1,2018-03-14,0,,2018,3,14,2
Brno_1,2018-03-15,0,,2018,3,15,3
Brno_1,2018-03-16,0,,2018,3,16,4
Brno_1,2018-03-17,0,,2018,3,17,5
Brno_1,2018-03-18,0,,2018,3,18,6
Brno_1,2018-03-19,0,,2018,3,19,0
Brno_1,2018-03-20,0,,2018,3,20,1
Brno_1,2018-03-21,0,,2018,3,21,2
Brno_1,2018-03-22,0,,2018,3,22,3
Brno_1,2018-03-23,0,,2018,3,23,4
Brno_1,2018-03-24,0,,2018,3,24,5
Brno_1,2018-03-25,0,,2018,3,25,6
Brno_1,2018-03-26,0,,2018,3,26,0
Brno_1,2018-03-27,0,,2018,3,27,1
Brno_1,2018-03-28,0,,2018,3,28,2
Brno_1,2018-03-29,0,,2018,3,29,3
Brno_1,2018-03-30,1,Good Friday,2018,3,30,4
Brno_1,2018-03-31,1,,2018,3,31,5
Brno_1,2018-04-01,1,Easter Day,2018,4,1,6
Brno_1,2018-04-02,1,Easter Monday,2018,4,2,0
Brno_1,2018-04-03,0,,2018,4,3,1
Brno_1,2018-04-04,0,,2018,4,4,2
Brno_1,2018-04-05,0,,2018,4,5,3
Brno_1,2018-04-06,0,,2018,4,6,4
Brno_1,2018-04-07,0,,2018,4,7,5
Brno_1,2018-04-08,0,,2018,4,8,6
Brno_1,2018-04-09,0,,2018,4,9,0
Brno_1,2018-04-10,0,,2018,4,10,1
Brno_1,2018-04-11,0,,2018,4,11,2
Brno_1,2018-04-12,0,,2018,4,12,3
Brno_1,2018-04-13,0,,2018,4,13,4
Brno_1,2018-04-14,1,Good Friday,2018,4,14,5
Brno_1,2018-04-15,0,,2018,4,15,6
Brno_1,2018-04-16,1,Easter Day,2018,4,16,0
Brno_1,2018-04-17,1,Easter Monday,2018,4,17,1
Brno_1,2018-04-18,0,,2018,4,18,2
Brno_1,2018-04-19,0,,2018,4,19,3
Brno_1,2018-04-20,0,,2018,4,20,4
Brno_1,2018-04-21,0,,2018,4,21,5
Brno_1,2018-04-22,0,,2018,4,22,6
Brno_1,2018-04-23,0,,2018,4,23,0
Brno_1,2018-04-24,0,,2018,4,24,1
Brno_1,2018-04-25,0,,2018,4,25,2
Brno_1,2018-04-26,0,,2018,4,26,3
Brno_1,2018-04-27,0,,2018,4,27,4
Brno_1,2018-04-28,0,,2018,4,28,5
Brno_1,2018-04-29,0,,2018,4,29,6
Brno_1,2018-04-30,0,,2018,4,30,0
Brno_1,2018-05-01,1,Labour Day,2018,5,1,1
Brno_1,2018-05-02,0,,2018,5,2,2
Brno_1,2018-05-03,0,,2018,5,3,3
Brno_1,2018-05-04,0,,2018,5,4,4
Brno_1,2018-05-05,0,,2018,5,5,5
Brno_1,2018-05-06,0,,2018,5,6,6
Brno_1,2018-05-07,0,,2018,5,7,0
Brno_1,2018-05-08,1,Den osvobozeni,2018,5,8,1
Brno_1,2018-05-09,0,,2018,5,9,2
Brno_1,2018-05-10,0,,2018,5,10,3
Brno_1,2018-05-11,0,,2018,5,11,4
Brno_1,2018-05-12,0,,2018,5,12,5
Brno_1,2018-05-13,1,Mother's Day,2018,5,13,6
Brno_1,2018-05-14,1,Mother's Day,2018,5,14,0
Brno_1,2018-05-15,0,,2018,5,15,1
Brno_1,2018-05-16,0,,2018,5,16,2
Brno_1,2018-05-17,0,,2018,5,17,3
Brno_1,2018-05-18,0,,2018,5,18,4
Brno_1,2018-05-19,0,,2018,5,19,5
Brno_1,2018-05-20,0,,2018,5,20,6
Brno_1,2018-05-21,0,,2018,5,21,0
Brno_1,2018-05-22,0,,2018,5,22,1
Brno_1,2018-05-23,0,,2018,5,23,2
Brno_1,2018-05-24,0,,2018,5,24,3
Brno_1,2018-05-25,0,,2018,5,25,4
Brno_1,2018-05-26,0,,2018,5,26,5
Brno_1,2018-05-27,0,,2018,5,27,6
Brno_1,2018-05-28,0,,2018,5,28,0
Brno_1,2018-05-29,0,,2018,5,29,1
Brno_1,2018-05-30,0,,2018,5,30,2
Brno_1,2018-05-31,0,,2018,5,31,3
Brno_1,2018-06-01,0,,2018,6,1,4
Brno_1,2018-06-02,0,,2018,6,2,5
Brno_1,2018-06-03,0,,2018,6,3,6
Brno_1,2018-06-04,0,,2018,6,4,0
Brno_1,2018-06-05,0,,2018,6,5,1
Brno_1,2018-06-06,0,,2018,6,6,2
Brno_1,2018-06-07,0,,2018,6,7,3
Brno_1,2018-06-08,0,,2018,6,8,4
Brno_1,2018-06-09,0,,2018,6,9,5
Brno_1,2018-06-10,0,,2018,6,10,6
Brno_1,2018-06-11,0,,2018,6,11,0
Brno_1,2018-06-12,0,,2018,6,12,1
Brno_1,2018-06-13,0,,2018,6,13,2
Brno_1,2018-06-14,0,,2018,6,14,3
Brno_1,2018-06-15,0,,2018,6,15,4
Brno_1,2018-06-16,0,,2018,6,16,5
Brno_1,2018-06-17,0,,2018,6,17,6
Brno_1,2018-06-18,0,,2018,6,18,0
Brno_1,2018-06-19,0,,2018,6,19,1
Brno_1,2018-06-20,0,,2018,6,20,2
Brno_1,2018-06-21,0,,2018,6,21,3
Brno_1,2018-06-22,0,,2018,6,22,4
Brno_1,2018-06-23,0,,2018,6,23,5
Brno_1,2018-06-24,0,,2018,6,24,6
Brno_1,2018-06-25,0,,2018,6,25,0
Brno_1,2018-06-26,0,,2018,6,26,1
Brno_1,2018-06-27,0,,2018,6,27,2
Brno_1,2018-06-28,0,,2018,6,28,3
Brno_1,2018-06-29,0,,2018,6,29,4
Brno_1,2018-06-30,0,,2018,6,30,5
Brno_1,2018-07-01,0,,2018,7,1,6
Brno_1,2018-07-02,0,,2018,7,2,0
Brno_1,2018-07-03,0,,2018,7,3,1
Brno_1,2018-07-04,0,,2018,7,4,2
Brno_1,2018-07-05,1,Cyrila a Metodej,2018,7,5,3
Brno_1,2018-07-06,1,Jan Hus,2018,7,6,4
Brno_1,2018-07-07,0,,2018,7,7,5
Brno_1,2018-07-08,0,,2018,7,8,6
Brno_1,2018-07-09,0,,2018,7,9,0
Brno_1,2018-07-10,0,,2018,7,10,1
Brno_1,2018-07-11,0,,2018,7,11,2
Brno_1,2018-07-12,0,,2018,7,12,3
Brno_1,2018-07-13,0,,2018,7,13,4
Brno_1,2018-07-14,0,,2018,7,14,5
Brno_1,2018-07-15,0,,2018,7,15,6
Brno_1,2018-07-16,0,,2018,7,16,0
Brno_1,2018-07-17,0,,2018,7,17,1
Brno_1,2018-07-18,0,,2018,7,18,2
Brno_1,2018-07-19,0,,2018,7,19,3
Brno_1,2018-07-20,0,,2018,7,20,4
Brno_1,2018-07-21,0,,2018,7,21,5
Brno_1,2018-07-22,0,,2018,7,22,6
Brno_1,2018-07-23,0,,2018,7,23,0
Brno_1,2018-07-24,0,,2018,7,24,1
Brno_1,2018-07-25,0,,2018,7,25,2
Brno_1,2018-07-26,0,,2018,7,26,3
Brno_1,2018-07-27,0,,2018,7,27,4
Brno_1,2018-07-28,0,,2018,7,28,5
Brno_1,2018-07-29,0,,2018,7,29,6
Brno_1,2018-07-30,0,,2018,7,30,0
Brno_1,2018-07-31,0,,2018,7,31,1
Brno_1,2018-08-01,0,,2018,8,1,2
Brno_1,2018-08-02,0,,2018,8,2,3
Brno_1,2018-08-03,0,,2018,8,3,4
Brno_1,2018-08-04,0,,2018,8,4,5
Brno_1,2018-08-05,0,,2018,8,5,6
Brno_1,2018-08-06,0,,2018,8,6,0
Brno_1,2018-08-07,0,,2018,8,7,1
Brno_1,2018-08-08,0,,2018,8,8,2
Brno_1,2018-08-09,0,,2018,8,9,3
Brno_1,2018-08-10,0,,2018,8,10,4
Brno_1,2018-08-11,0,,2018,8,11,5
Brno_1,2018-08-12,0,,2018,8,12,6
Brno_1,2018-08-13,0,,2018,8,13,0
Brno_1,2018-08-14,0,,2018,8,14,1
Brno_1,2018-08-15,0,,2018,8,15,2
Brno_1,2018-08-16,0,,2018,8,16,3
Brno_1,2018-08-17,0,,2018,8,17,4
Brno_1,2018-08-18,0,,2018,8,18,5
Brno_1,2018-08-19,0,,2018,8,19,6
Brno_1,2018-08-20,0,,2018,8,20,0
Brno_1,2018-08-21,0,,2018,8,21,1
Brno_1,2018-08-22,0,,2018,8,22,2
Brno_1,2018-08-23,0,,2018,8,23,3
Brno_1,2018-08-24,0,,2018,8,24,4
Brno_1,2018-08-25,0,,2018,8,25,5
Brno_1,2018-08-26,0,,2018,8,26,6
Brno_1,2018-08-27,0,,2018,8,27,0
Brno_1,2018-08-28,0,,2018,8,28,1
Brno_1,2018-08-29,0,,2018,8,29,2
Brno_1,2018-08-30,0,,2018,8,30,3
Brno_1,2018-08-31,0,,2018,8,31,4
Brno_1,2018-09-01,0,,2018,9,1,5
Brno_1,2018-09-02,0,,2018,9,2,6
Brno_1,2018-09-03,0,,2018,9,3,0
Brno_1,2018-09-04,0,,2018,9,4,1
Brno_1,2018-09-05,0,,2018,9,5,2
Brno_1,2018-09-06,0,,2018,9,6,3
Brno_1,2018-09-07,0,,2018,9,7,4
Brno_1,2018-09-08,0,,2018,9,8,5
Brno_1,2018-09-09,0,,2018,9,9,6
Brno_1,2018-09-10,0,,2018,9,10,0
Brno_1,2018-09-11,0,,2018,9,11,1
Brno_1,2018-09-12,0,,2018,9,12,2
Brno_1,2018-09-13,0,,2018,9,13,3
Brno_1,2018-09-14,0,,2018,9,14,4
Brno_1,2018-09-15,0,,2018,9,15,5
Brno_1,2018-09-16,0,,2018,9,16,6
Brno_1,2018-09-17,0,,2018,9,17,0
Brno_1,2018-09-18,0,,2018,9,18,1
Brno_1,2018-09-19,0,,2018,9,19,2
Brno_1,2018-09-20,0,,2018,9,20,3
Brno_1,2018-09-21,0,,2018,9,21,4
Brno_1,2018-09-22,0,,2018,9,22,5
Brno_1,2018-09-23,0,,2018,9,23,6
Brno_1,2018-09-24,0,,2018,9,24,0
Brno_1,2018-09-25,0,,2018,9,25,1
Brno_1,2018-09-26,0,,2018,9,26,2
Brno_1,2018-09-27,0,,2018,9,27,3
Brno_1,2018-09-28,1,Den ceske statnosti,2018,9,28,4
Brno_1,2018-09-29,0,,2018,9,29,5
Brno_1,2018-09-30,0,,2018,9,30,6
Brno_1,2018-10-01,0,,2018,10,1,0
Brno_1,2018-10-02,0,,2018,10,2,1
Brno_1,2018-10-03,0,,2018,10,3,2
Brno_1,2018-10-04,0,,2018,10,4,3
Brno_1,2018-10-05,0,,2018,10,5,4
Brno_1,2018-10-06,0,,2018,10,6,5
Brno_1,2018-10-07,0,,2018,10,7,6
Brno_1,2018-10-08,0,,2018,10,8,0
Brno_1,2018-10-09,0,,2018,10,9,1
Brno_1,2018-10-10,0,,2018,10,10,2
Brno_1,2018-10-11,0,,2018,10,11,3
Brno_1,2018-10-12,0,,2018,10,12,4
Brno_1,2018-10-13,0,,2018,10,13,5
Brno_1,2018-10-14,0,,2018,10,14,6
Brno_1,2018-10-15,0,,2018,10,15,0
Brno_1,2018-10-16,0,,2018,10,16,1
Brno_1,2018-10-17,0,,2018,10,17,2
Brno_1,2018-10-18,0,,2018,10,18,3
Brno_1,2018-10-19,0,,2018,10,19,4
Brno_1,2018-10-20,0,,2018,10,20,5
Brno_1,2018-10-21,0,,2018,10,21,6
Brno_1,2018-10-22,0,,2018,10,22,0
Brno_1,2018-10-23,0,,2018,10,23,1
Brno_1,2018-10-24,0,,2018,10,24,2
Brno_1,2018-10-25,0,,2018,10,25,3
Brno_1,2018-10-26,0,,2018,10,26,4
Brno_1,2018-10-27,0,,2018,10,27,5
Brno_1,2018-10-28,1,Den vzniku samostatneho ceskoslovenskeho statu,2018,10,28,6
Brno_1,2018-10-29,0,,2018,10,29,0
Brno_1,2018-10-30,0,,2018,10,30,1
Brno_1,2018-10-31,0,,2018,10,31,2
Brno_1,2018-11-01,0,,2018,11,1,3
Brno_1,2018-11-02,0,,2018,11,2,4
Brno_1,2018-11-03,0,,2018,11,3,5
Brno_1,2018-11-04,0,,2018,11,4,6
Brno_1,2018-11-05,0,,2018,11,5,0
Brno_1,2018-11-06,0,,2018,11,6,1
Brno_1,2018-11-07,0,,2018,11,7,2
Brno_1,2018-11-08,0,,2018,11,8,3
Brno_1,2018-11-09,0,,2018,11,9,4
Brno_1,2018-11-10,0,,2018,11,10,5
Brno_1,2018-11-11,0,,2018,11,11,6
Brno_1,2018-11-12,0,,2018,11,12,0
Brno_1,2018-11-13,0,,2018,11,13,1
Brno_1,2018-11-14,0,,2018,11,14,2
Brno_1,2018-11-15,0,,2018,11,15,3
Brno_1,2018-11-16,0,,2018,11,16,4
Brno_1,2018-11-17,1,Den boje za svobodu a demokracii,2018,11,17,5
Brno_1,2018-11-18,0,,2018,11,18,6
Brno_1,2018-11-19,0,,2018,11,19,0
Brno_1,2018-11-20,0,,2018,11,20,1
Brno_1,2018-11-21,0,,2018,11,21,2
Brno_1,2018-11-22,0,,2018,11,22,3
Brno_1,2018-11-23,0,,2018,11,23,4
Brno_1,2018-11-24,0,,2018,11,24,5
Brno_1,2018-11-25,0,,2018,11,25,6
Brno_1,2018-11-26,0,,2018,11,26,0
Brno_1,2018-11-27,0,,2018,11,27,1
Brno_1,2018-11-28,0,,2018,11,28,2
Brno_1,2018-11-29,0,,2018,11,29,3
Brno_1,2018-11-30,0,,2018,11,30,4
Brno_1,2018-12-01,0,,2018,12,1,5
Brno_1,2018-12-02,0,,2018,12,2,6
Brno_1,2018-12-03,0,,2018,12,3,0
Brno_1,2018-12-04,0,,2018,12,4,1
Brno_1,2018-12-05,0,,2018,12,5,2
Brno_1,2018-12-06,0,,2018,12,6,3
Brno_1,2018-12-07,0,,2018,12,7,4
Brno_1,2018-12-08,0,,2018,12,8,5
Brno_1,2018-12-09,0,,2018,12,9,6
Brno_1,2018-12-10,0,,2018,12,10,0
Brno_1,2018-12-11,0,,2018,12,11,1
Brno_1,2018-12-12,0,,2018,12,12,2
Brno_1,2018-12-13,0,,2018,12,13,3
Brno_1,2018-12-14,0,,2018,12,14,4
Brno_1,2018-12-15,0,,2018,12,15,5
Brno_1,2018-12-16,0,,2018,12,16,6
Brno_1,2018-12-17,0,,2018,12,17,0
Brno_1,2018-12-18,0,,2018,12,18,1
Brno_1,2018-12-19,0,,2018,12,19,2
Brno_1,2018-12-20,0,,2018,12,20,3
Brno_1,2018-12-21,0,,2018,12,21,4
Brno_1,2018-12-22,0,,2018,12,22,5
Brno_1,2018-12-23,0,,2018,12,23,6
Brno_1,2018-12-24,1,Christmas Eve,2018,12,24,0
Brno_1,2018-12-25,1,1st Christmas Day,2018,12,25,1
Brno_1,2018-12-26,1,2nd Christmas Day,2018,12,26,2
Brno_1,2018-12-27,0,,2018,12,27,3
Brno_1,2018-12-28,0,,2018,12,28,4
Brno_1,2018-12-29,0,,2018,12,29,5
Brno_1,2018-12-30,0,,2018,12,30,6
Brno_1,2018-12-31,0,,2018,12,31,0
Brno_1,2019-01-01,1,New Years Day,2019,1,1,1
Brno_1,2019-01-02,0,,2019,1,2,2
Brno_1,2019-01-03,0,,2019,1,3,3
Brno_1,2019-01-04,0,,2019,1,4,4
Brno_1,2019-01-05,0,,2019,1,5,5
Brno_1,2019-01-06,0,,2019,1,6,6
Brno_1,2019-01-07,0,,2019,1,7,0
Brno_1,2019-01-08,0,,2019,1,8,1
Brno_1,2019-01-09,0,,2019,1,9,2
Brno_1,2019-01-10,0,,2019,1,10,3
Brno_1,2019-01-11,0,,2019,1,11,4
Brno_1,2019-01-12,0,,2019,1,12,5
Brno_1,2019-01-13,0,,2019,1,13,6
Brno_1,2019-01-14,0,,2019,1,14,0
Brno_1,2019-01-15,0,,2019,1,15,1
Brno_1,2019-01-16,0,,2019,1,16,2
Brno_1,2019-01-17,0,,2019,1,17,3
Brno_1,2019-01-18,0,,2019,1,18,4
Brno_1,2019-01-19,0,,2019,1,19,5
Brno_1,2019-01-20,0,,2019,1,20,6
Brno_1,2019-01-21,0,,2019,1,21,0
Brno_1,2019-01-22,0,,2019,1,22,1
Brno_1,2019-01-23,0,,2019,1,23,2
Brno_1,2019-01-24,0,,2019,1,24,3
Brno_1,2019-01-25,0,,2019,1,25,4
Brno_1,2019-01-26,0,,2019,1,26,5
Brno_1,2019-01-27,0,,2019,1,27,6
Brno_1,2019-01-28,0,,2019,1,28,0
Brno_1,2019-01-29,0,,2019,1,29,1
Brno_1,2019-01-30,0,,2019,1,30,2
Brno_1,2019-01-31,0,,2019,1,31,3
Brno_1,2019-02-01,0,,2019,2,1,4
Brno_1,2019-02-02,0,,2019,2,2,5
Brno_1,2019-02-03,0,,2019,2,3,6
Brno_1,2019-02-04,0,,2019,2,4,0
Brno_1,2019-02-05,0,,2019,2,5,1
Brno_1,2019-02-06,0,,2019,2,6,2
Brno_1,2019-02-07,0,,2019,2,7,3
Brno_1,2019-02-08,0,,2019,2,8,4
Brno_1,2019-02-09,0,,2019,2,9,5
Brno_1,2019-02-10,0,,2019,2,10,6
Brno_1,2019-02-11,0,,2019,2,11,0
Brno_1,2019-02-12,0,,2019,2,12,1
Brno_1,2019-02-13,0,,2019,2,13,2
Brno_1,2019-02-14,0,,2019,2,14,3
Brno_1,2019-02-15,0,,2019,2,15,4
Brno_1,2019-02-16,0,,2019,2,16,5
Brno_1,2019-02-17,0,,2019,2,17,6
Brno_1,2019-02-18,0,,2019,2,18,0
Brno_1,2019-02-19,0,,2019,2,19,1
Brno_1,2019-02-20,0,,2019,2,20,2
Brno_1,2019-02-21,0,,2019,2,21,3
Brno_1,2019-02-22,0,,2019,2,22,4
Brno_1,2019-02-23,0,,2019,2,23,5
Brno_1,2019-02-24,0,,2019,2,24,6
Brno_1,2019-02-25,0,,2019,2,25,0
Brno_1,2019-02-26,0,,2019,2,26,1
Brno_1,2019-02-27,0,,2019,2,27,2
Brno_1,2019-02-28,0,,2019,2,28,3
Brno_1,2019-03-01,0,,2019,3,1,4
Brno_1,2019-03-02,0,,2019,3,2,5
Brno_1,2019-03-03,0,,2019,3,3,6
Brno_1,2019-03-04,0,,2019,3,4,0
Brno_1,2019-03-05,0,,2019,3,5,1
Brno_1,2019-03-06,0,,2019,3,6,2
Brno_1,2019-03-07,0,,2019,3,7,3
Brno_1,2019-03-08,1,International womens day,2019,3,8,4
Brno_1,2019-03-09,0,,2019,3,9,5
Brno_1,2019-03-10,0,,2019,3,10,6
Brno_1,2019-03-11,0,,2019,3,11,0
Brno_1,2019-03-12,0,,2019,3,12,1
Brno_1,2019-03-13,0,,2019,3,13,2
Brno_1,2019-03-14,0,,2019,3,14,3
Brno_1,2019-03-15,0,,2019,3,15,4
Brno_1,2019-03-16,0,,2019,3,16,5
Brno_1,2019-03-17,0,,2019,3,17,6
Brno_1,2019-03-18,0,,2019,3,18,0
Brno_1,2019-03-19,0,,2019,3,19,1
Brno_1,2019-03-20,0,,2019,3,20,2
Brno_1,2019-03-21,0,,2019,3,21,3
Brno_1,2019-03-22,0,,2019,3,22,4
Brno_1,2019-03-23,0,,2019,3,23,5
Brno_1,2019-03-24,0,,2019,3,24,6
Brno_1,2019-03-25,0,,2019,3,25,0
Brno_1,2019-03-26,0,,2019,3,26,1
Brno_1,2019-03-27,0,,2019,3,27,2
Brno_1,2019-03-28,0,,2019,3,28,3
Brno_1,2019-03-29,0,,2019,3,29,4
Brno_1,2019-03-30,1,Good Friday,2019,3,30,5
Brno_1,2019-03-31,0,,2019,3,31,6
Brno_1,2019-04-01,1,Easter Day,2019,4,1,0
Brno_1,2019-04-02,1,Easter Monday,2019,4,2,1
Brno_1,2019-04-03,0,,2019,4,3,2
Brno_1,2019-04-04,0,,2019,4,4,3
Brno_1,2019-04-05,0,,2019,4,5,4
Brno_1,2019-04-06,0,,2019,4,6,5
Brno_1,2019-04-07,0,,2019,4,7,6
Brno_1,2019-04-08,0,,2019,4,8,0
Brno_1,2019-04-09,0,,2019,4,9,1
Brno_1,2019-04-10,0,,2019,4,10,2
Brno_1,2019-04-11,0,,2019,4,11,3
Brno_1,2019-04-12,0,,2019,4,12,4
Brno_1,2019-04-13,0,,2019,4,13,5
Brno_1,2019-04-14,0,,2019,4,14,6
Brno_1,2019-04-15,0,,2019,4,15,0
Brno_1,2019-04-16,0,,2019,4,16,1
Brno_1,2019-04-17,0,,2019,4,17,2
Brno_1,2019-04-18,0,,2019,4,18,3
Brno_1,2019-04-19,1,Good Friday,2019,4,19,4
Brno_1,2019-04-20,1,Good Friday,2019,4,20,5
Brno_1,2019-04-21,1,Easter Day,2019,4,21,6
Brno_1,2019-04-22,1,Easter Monday,2019,4,22,0
Brno_1,2019-04-23,0,,2019,4,23,1
Brno_1,2019-04-24,0,,2019,4,24,2
Brno_1,2019-04-25,0,,2019,4,25,3
Brno_1,2019-04-26,0,,2019,4,26,4
Brno_1,2019-04-27,0,,2019,4,27,5
Brno_1,2019-04-28,0,,2019,4,28,6
Brno_1,2019-04-29,0,,2019,4,29,0
Brno_1,2019-04-30,0,,2019,4,30,1
Brno_1,2019-05-01,1,Labour Day,2019,5,1,2
Brno_1,2019-05-02,0,,2019,5,2,3
Brno_1,2019-05-03,0,,2019,5,3,4
Brno_1,2019-05-04,0,,2019,5,4,5
Brno_1,2019-05-05,0,,2019,5,5,6
Brno_1,2019-05-06,0,,2019,5,6,0
Brno_1,2019-05-07,0,,2019,5,7,1
Brno_1,2019-05-08,1,Den osvobozeni,2019,5,8,2
Brno_1,2019-05-09,0,,2019,5,9,3
Brno_1,2019-05-10,0,,2019,5,10,4
Brno_1,2019-05-11,0,,2019,5,11,5
Brno_1,2019-05-12,1,Mother's Day,2019,5,12,6
Brno_1,2019-05-13,1,Mother's Day,2019,5,13,0
Brno_1,2019-05-14,0,,2019,5,14,1
Brno_1,2019-05-15,0,,2019,5,15,2
Brno_1,2019-05-16,0,,2019,5,16,3
Brno_1,2019-05-17,0,,2019,5,17,4
Brno_1,2019-05-18,0,,2019,5,18,5
Brno_1,2019-05-19,0,,2019,5,19,6
Brno_1,2019-05-20,0,,2019,5,20,0
Brno_1,2019-05-21,0,,2019,5,21,1
Brno_1,2019-05-22,0,,2019,5,22,2
Brno_1,2019-05-23,0,,2019,5,23,3
Brno_1,2019-05-24,0,,2019,5,24,4
Brno_1,2019-05-25,0,,2019,5,25,5
Brno_1,2019-05-26,0,,2019,5,26,6
Brno_1,2019-05-27,0,,2019,5,27,0
Brno_1,2019-05-28,0,,2019,5,28,1
Brno_1,2019-05-29,0,,2019,5,29,2
Brno_1,2019-05-30,0,,2019,5,30,3
Brno_1,2019-05-31,0,,2019,5,31,4
Brno_1,2019-06-01,0,,2019,6,1,5
Brno_1,2019-06-02,0,,2019,6,2,6
Brno_1,2019-06-03,0,,2019,6,3,0
Brno_1,2019-06-04,0,,2019,6,4,1
Brno_1,2019-06-05,0,,2019,6,5,2
Brno_1,2019-06-06,0,,2019,6,6,3
Brno_1,2019-06-07,0,,2019,6,7,4
Brno_1,2019-06-08,0,,2019,6,8,5
Brno_1,2019-06-09,0,,2019,6,9,6
Brno_1,2019-06-10,0,,2019,6,10,0
Brno_1,2019-06-11,0,,2019,6,11,1
Brno_1,2019-06-12,0,,2019,6,12,2
Brno_1,2019-06-13,0,,2019,6,13,3
Brno_1,2019-06-14,0,,2019,6,14,4
Brno_1,2019-06-15,0,,2019,6,15,5
Brno_1,2019-06-16,0,,2019,6,16,6
Brno_1,2019-06-17,0,,2019,6,17,0
Brno_1,2019-06-18,0,,2019,6,18,1
Brno_1,2019-06-19,0,,2019,6,19,2
Brno_1,2019-06-20,0,,2019,6,20,3
Brno_1,2019-06-21,0,,2019,6,21,4
Brno_1,2019-06-22,0,,2019,6,22,5
Brno_1,2019-06-23,0,,2019,6,23,6
Brno_1,2019-06-24,0,,2019,6,24,0
Brno_1,2019-06-25,0,,2019,6,25,1
Brno_1,2019-06-26,0,,2019,6,26,2
Brno_1,2019-06-27,0,,2019,6,27,3
Brno_1,2019-06-28,0,,2019,6,28,4
Brno_1,2019-06-29,0,,2019,6,29,5
Brno_1,2019-06-30,0,,2019,6,30,6
Brno_1,2019-07-01,0,,2019,7,1,0
Brno_1,2019-07-02,0,,2019,7,2,1
Brno_1,2019-07-03,0,,2019,7,3,2
Brno_1,2019-07-04,0,,2019,7,4,3
Brno_1,2019-07-05,1,Cyrila a Metodej,2019,7,5,4
Brno_1,2019-07-06,1,Jan Hus,2019,7,6,5
Brno_1,2019-07-07,0,,2019,7,7,6
Brno_1,2019-07-08,0,,2019,7,8,0
Brno_1,2019-07-09,0,,2019,7,9,1
Brno_1,2019-07-10,0,,2019,7,10,2
Brno_1,2019-07-11,0,,2019,7,11,3
Brno_1,2019-07-12,0,,2019,7,12,4
Brno_1,2019-07-13,0,,2019,7,13,5
Brno_1,2019-07-14,0,,2019,7,14,6
Brno_1,2019-07-15,0,,2019,7,15,0
Brno_1,2019-07-16,0,,2019,7,16,1
Brno_1,2019-07-17,0,,2019,7,17,2
Brno_1,2019-07-18,0,,2019,7,18,3
Brno_1,2019-07-19,0,,2019,7,19,4
Brno_1,2019-07-20,0,,2019,7,20,5
Brno_1,2019-07-21,0,,2019,7,21,6
Brno_1,2019-07-22,0,,2019,7,22,0
Brno_1,2019-07-23,0,,2019,7,23,1
Brno_1,2019-07-24,0,,2019,7,24,2
Brno_1,2019-07-25,0,,2019,7,25,3
Brno_1,2019-07-26,0,,2019,7,26,4
Brno_1,2019-07-27,0,,2019,7,27,5
Brno_1,2019-07-28,0,,2019,7,28,6
Brno_1,2019-07-29,0,,2019,7,29,0
Brno_1,2019-07-30,0,,2019,7,30,1
Brno_1,2019-07-31,0,,2019,7,31,2
Brno_1,2019-08-01,0,,2019,8,1,3
Brno_1,2019-08-02,0,,2019,8,2,4
Brno_1,2019-08-03,0,,2019,8,3,5
Brno_1,2019-08-04,0,,2019,8,4,6
Brno_1,2019-08-05,0,,2019,8,5,0
Brno_1,2019-08-06,0,,2019,8,6,1
Brno_1,2019-08-07,0,,2019,8,7,2
Brno_1,2019-08-08,0,,2019,8,8,3
Brno_1,2019-08-09,0,,2019,8,9,4
Brno_1,2019-08-10,0,,2019,8,10,5
Brno_1,2019-08-11,0,,2019,8,11,6
Brno_1,2019-08-12,0,,2019,8,12,0
Brno_1,2019-08-13,0,,2019,8,13,1
Brno_1,2019-08-14,0,,2019,8,14,2
Brno_1,2019-08-15,0,,2019,8,15,3
Brno_1,2019-08-16,0,,2019,8,16,4
Brno_1,2019-08-17,0,,2019,8,17,5
Brno_1,2019-08-18,0,,2019,8,18,6
Brno_1,2019-08-19,0,,2019,8,19,0
Brno_1,2019-08-20,0,,2019,8,20,1
Brno_1,2019-08-21,0,,2019,8,21,2
Brno_1,2019-08-22,0,,2019,8,22,3
Brno_1,2019-08-23,0,,2019,8,23,4
Brno_1,2019-08-24,0,,2019,8,24,5
Brno_1,2019-08-25,0,,2019,8,25,6
Brno_1,2019-08-26,0,,2019,8,26,0
Brno_1,2019-08-27,0,,2019,8,27,1
Brno_1,2019-08-28,0,,2019,8,28,2
Brno_1,2019-08-29,0,,2019,8,29,3
Brno_1,2019-08-30,0,,2019,8,30,4
Brno_1,2019-08-31,0,,2019,8,31,5
Brno_1,2019-09-01,0,,2019,9,1,6
Brno_1,2019-09-02,0,,2019,9,2,0
Brno_1,2019-09-03,0,,2019,9,3,1
Brno_1,2019-09-04,0,,2019,9,4,2
Brno_1,2019-09-05,0,,2019,9,5,3
Brno_1,2019-09-06,0,,2019,9,6,4
Brno_1,2019-09-07,0,,2019,9,7,5
Brno_1,2019-09-08,0,,2019,9,8,6
Brno_1,2019-09-09,0,,2019,9,9,0
Brno_1,2019-09-10,0,,2019,9,10,1
Brno_1,2019-09-11,0,,2019,9,11,2
Brno_1,2019-09-12,0,,2019,9,12,3
Brno_1,2019-09-13,0,,2019,9,13,4
Brno_1,2019-09-14,0,,2019,9,14,5
Brno_1,2019-09-15,0,,2019,9,15,6
Brno_1,2019-09-16,0,,2019,9,16,0
Brno_1,2019-09-17,0,,2019,9,17,1
Brno_1,2019-09-18,0,,2019,9,18,2
Brno_1,2019-09-19,0,,2019,9,19,3
Brno_1,2019-09-20,0,,2019,9,20,4
Brno_1,2019-09-21,0,,2019,9,21,5
Brno_1,2019-09-22,0,,2019,9,22,6
Brno_1,2019-09-23,0,,2019,9,23,0
Brno_1,2019-09-24,0,,2019,9,24,1
Brno_1,2019-09-25,0,,2019,9,25,2
Brno_1,2019-09-26,0,,2019,9,26,3
Brno_1,2019-09-27,0,,2019,9,27,4
Brno_1,2019-09-28,1,Den ceske statnosti,2019,9,28,5
Brno_1,2019-09-29,0,,2019,9,29,6
Brno_1,2019-09-30,0,,2019,9,30,0
Brno_1,2019-10-01,0,,2019,10,1,1
Brno_1,2019-10-02,0,,2019,10,2,2
Brno_1,2019-10-03,0,,2019,10,3,3
Brno_1,2019-10-04,0,,2019,10,4,4
Brno_1,2019-10-05,0,,2019,10,5,5
Brno_1,2019-10-06,0,,2019,10,6,6
Brno_1,2019-10-07,0,,2019,10,7,0
Brno_1,2019-10-08,0,,2019,10,8,1
Brno_1,2019-10-09,0,,2019,10,9,2
Brno_1,2019-10-10,0,,2019,10,10,3
Brno_1,2019-10-11,0,,2019,10,11,4
Brno_1,2019-10-12,0,,2019,10,12,5
Brno_1,2019-10-13,0,,2019,10,13,6
Brno_1,2019-10-14,0,,2019,10,14,0
Brno_1,2019-10-15,0,,2019,10,15,1
Brno_1,2019-10-16,0,,2019,10,16,2
Brno_1,2019-10-17,0,,2019,10,17,3
Brno_1,2019-10-18,0,,2019,10,18,4
Brno_1,2019-10-19,0,,2019,10,19,5
Brno_1,2019-10-20,0,,2019,10,20,6
Brno_1,2019-10-21,0,,2019,10,21,0
Brno_1,2019-10-22,0,,2019,10,22,1
Brno_1,2019-10-23,0,,2019,10,23,2
Brno_1,2019-10-24,0,,2019,10,24,3
Brno_1,2019-10-25,0,,2019,10,25,4
Brno_1,2019-10-26,0,,2019,10,26,5
Brno_1,2019-10-27,0,,2019,10,27,6
Brno_1,2019-10-28,1,Den vzniku samostatneho ceskoslovenskeho statu,2019,10,28,0
Brno_1,2019-10-29,0,,2019,10,29,1
Brno_1,2019-10-30,0,,2019,10,30,2
Brno_1,2019-10-31,0,,2019,10,31,3
Brno_1,2019-11-01,0,,2019,11,1,4
Brno_1,2019-11-02,0,,2019,11,2,5
Brno_1,2019-11-03,0,,2019,11,3,6
Brno_1,2019-11-04,0,,2019,11,4,0
Brno_1,2019-11-05,0,,2019,11,5,1
Brno_1,2019-11-06,0,,2019,11,6,2
Brno_1,2019-11-07,0,,2019,11,7,3
Brno_1,2019-11-08,0,,2019,11,8,4
Brno_1,2019-11-09,0,,2019,11,9,5
Brno_1,2019-11-10,0,,2019,11,10,6
Brno_1,2019-11-11,0,,2019,11,11,0
Brno_1,2019-11-12,0,,2019,11,12,1
Brno_1,2019-11-13,0,,2019,11,13,2
Brno_1,2019-11-14,0,,2019,11,14,3
Brno_1,2019-11-15,0,,2019,11,15,4
Brno_1,2019-11-16,0,,2019,11,16,5
Brno_1,2019-11-17,1,Den boje za svobodu a demokracii,2019,11,17,6
Brno_1,2019-11-18,0,,2019,11,18,0
Brno_1,2019-11-19,0,,2019,11,19,1
Brno_1,2019-11-20,0,,2019,11,20,2
Brno_1,2019-11-21,0,,2019,11,21,3
Brno_1,2019-11-22,0,,2019,11,22,4
Brno_1,2019-11-23,0,,2019,11,23,5
Brno_1,2019-11-24,0,,2019,11,24,6
Brno_1,2019-11-25,0,,2019,11,25,0
Brno_1,2019-11-26,0,,2019,11,26,1
Brno_1,2019-11-27,0,,2019,11,27,2
Brno_1,2019-11-28,0,,2019,11,28,3
Brno_1,2019-11-29,0,,2019,11,29,4
Brno_1,2019-11-30,0,,2019,11,30,5
Brno_1,2019-12-01,0,,2019,12,1,6
Brno_1,2019-12-02,0,,2019,12,2,0
Brno_1,2019-12-03,0,,2019,12,3,1
Brno_1,2019-12-04,0,,2019,12,4,2
Brno_1,2019-12-05,0,,2019,12,5,3
Brno_1,2019-12-06,0,,2019,12,6,4
Brno_1,2019-12-07,0,,2019,12,7,5
Brno_1,2019-12-08,0,,2019,12,8,6
Brno_1,2019-12-09,0,,2019,12,9,0
Brno_1,2019-12-10,0,,2019,12,10,1
Brno_1,2019-12-11,0,,2019,12,11,2
Brno_1,2019-12-12,0,,2019,12,12,3
Brno_1,2019-12-13,0,,2019,12,13,4
Brno_1,2019-12-14,0,,2019,12,14,5
Brno_1,2019-12-15,0,,2019,12,15,6
Brno_1,2019-12-16,0,,2019,12,16,0
Brno_1,2019-12-17,0,,2019,12,17,1
Brno_1,2019-12-18,0,,2019,12,18,2
Brno_1,2019-12-19,0,,2019,12,19,3
Brno_1,2019-12-20,0,,2019,12,20,4
Brno_1,2019-12-21,0,,2019,12,21,5
Brno_1,2019-12-22,0,,2019,12,22,6
Brno_1,2019-12-23,0,,2019,12,23,0
Brno_1,2019-12-24,1,Christmas Eve,2019,12,24,1
Brno_1,2019-12-25,1,1st Christmas Day,2019,12,25,2
Brno_1,2019-12-26,1,2nd Christmas Day,2019,12,26,3
Brno_1,2019-12-27,0,,2019,12,27,4
Brno_1,2019-12-28,0,,2019,12,28,5
Brno_1,2019-12-29,0,,2019,12,29,6
Brno_1,2019-12-30,0,,2019,12,30,0
Brno_1,2019-12-31,0,,2019,12,31,1
Brno_1,2020-01-01,1,New Years Day,2020,1,1,2
Brno_1,2020-01-02,0,,2020,1,2,3
Brno_1,2020-01-03,0,,2020,1,3,4
Brno_1,2020-01-04,0,,2020,1,4,5
Brno_1,2020-01-05,0,,2020,1,5,6
Brno_1,2020-01-06,0,,2020,1,6,0
Brno_1,2020-01-07,0,,2020,1,7,1
Brno_1,2020-01-08,0,,2020,1,8,2
Brno_1,2020-01-09,0,,2020,1,9,3
Brno_1,2020-01-10,0,,2020,1,10,4
Brno_1,2020-01-11,0,,2020,1,11,5
Brno_1,2020-01-12,0,,2020,1,12,6
Brno_1,2020-01-13,0,,2020,1,13,0
Brno_1,2020-01-14,0,,2020,1,14,1
Brno_1,2020-01-15,0,,2020,1,15,2
Brno_1,2020-01-16,0,,2020,1,16,3
Brno_1,2020-01-17,0,,2020,1,17,4
Brno_1,2020-01-18,0,,2020,1,18,5
Brno_1,2020-01-19,0,,2020,1,19,6
Brno_1,2020-01-20,0,,2020,1,20,0
Brno_1,2020-01-21,0,,2020,1,21,1
Brno_1,2020-01-22,0,,2020,1,22,2
Brno_1,2020-01-23,0,,2020,1,23,3
Brno_1,2020-01-24,0,,2020,1,24,4
Brno_1,2020-01-25,0,,2020,1,25,5
Brno_1,2020-01-26,0,,2020,1,26,6
Brno_1,2020-01-27,0,,2020,1,27,0
Brno_1,2020-01-28,0,,2020,1,28,1
Brno_1,2020-01-29,0,,2020,1,29,2
Brno_1,2020-01-30,0,,2020,1,30,3
Brno_1,2020-01-31,0,,2020,1,31,4
Brno_1,2020-02-01,0,,2020,2,1,5
Brno_1,2020-02-02,0,,2020,2,2,6
Brno_1,2020-02-03,0,,2020,2,3,0
Brno_1,2020-02-04,0,,2020,2,4,1
Brno_1,2020-02-05,0,,2020,2,5,2
Brno_1,2020-02-06,0,,2020,2,6,3
Brno_1,2020-02-07,0,,2020,2,7,4
Brno_1,2020-02-08,0,,2020,2,8,5
Brno_1,2020-02-09,0,,2020,2,9,6
Brno_1,2020-02-10,0,,2020,2,10,0
Brno_1,2020-02-11,0,,2020,2,11,1
Brno_1,2020-02-12,0,,2020,2,12,2
Brno_1,2020-02-13,0,,2020,2,13,3
Brno_1,2020-02-14,0,,2020,2,14,4
Brno_1,2020-02-15,0,,2020,2,15,5
Brno_1,2020-02-16,0,,2020,2,16,6
Brno_1,2020-02-17,0,,2020,2,17,0
Brno_1,2020-02-18,0,,2020,2,18,1
Brno_1,2020-02-19,0,,2020,2,19,2
Brno_1,2020-02-20,0,,2020,2,20,3
Brno_1,2020-02-21,0,,2020,2,21,4
Brno_1,2020-02-22,0,,2020,2,22,5
Brno_1,2020-02-23,0,,2020,2,23,6
Brno_1,2020-02-24,0,,2020,2,24,0
Brno_1,2020-02-25,0,,2020,2,25,1
Brno_1,2020-02-26,0,,2020,2,26,2
Brno_1,2020-02-27,0,,2020,2,27,3
Brno_1,2020-02-28,0,,2020,2,28,4
Brno_1,2020-02-29,0,,2020,2,29,5
Brno_1,2020-03-01,0,,2020,3,1,6
Brno_1,2020-03-02,0,,2020,3,2,0
Brno_1,2020-03-03,0,,2020,3,3,1
Brno_1,2020-03-04,0,,2020,3,4,2
Brno_1,2020-03-05,0,,2020,3,5,3
Brno_1,2020-03-06,0,,2020,3,6,4
Brno_1,2020-03-07,0,,2020,3,7,5
Brno_1,2020-03-08,1,International womens day,2020,3,8,6
Brno_1,2020-03-09,0,,2020,3,9,0
Brno_1,2020-03-10,0,,2020,3,10,1
Brno_1,2020-03-11,0,,2020,3,11,2
Brno_1,2020-03-12,0,,2020,3,12,3
Brno_1,2020-03-13,0,,2020,3,13,4
Brno_1,2020-03-14,0,,2020,3,14,5
Brno_1,2020-03-15,0,,2020,3,15,6
Brno_1,2020-03-16,0,,2020,3,16,0
Brno_1,2020-03-17,0,,2020,3,17,1
Brno_1,2020-03-18,0,,2020,3,18,2
Brno_1,2020-03-19,0,,2020,3,19,3
Brno_1,2020-03-20,0,,2020,3,20,4
Brno_1,2020-03-21,0,,2020,3,21,5
Brno_1,2020-03-22,0,,2020,3,22,6
Brno_1,2020-03-23,0,,2020,3,23,0
Brno_1,2020-03-24,0,,2020,3,24,1
Brno_1,2020-03-25,0,,2020,3,25,2
Brno_1,2020-03-26,0,,2020,3,26,3
Brno_1,2020-03-27,0,,2020,3,27,4
Brno_1,2020-03-28,0,,2020,3,28,5
Brno_1,2020-03-29,0,,2020,3,29,6
Brno_1,2020-03-30,0,,2020,3,30,0
Brno_1,2020-03-31,0,,2020,3,31,1
Brno_1,2020-04-01,0,,2020,4,1,2
Brno_1,2020-04-02,0,,2020,4,2,3
Brno_1,2020-04-03,0,,2020,4,3,4
Brno_1,2020-04-04,0,,2020,4,4,5
Brno_1,2020-04-05,0,,2020,4,5,6
Brno_1,2020-04-06,0,,2020,4,6,0
Brno_1,2020-04-07,0,,2020,4,7,1
Brno_1,2020-04-08,0,,2020,4,8,2
Brno_1,2020-04-09,0,,2020,4,9,3
Brno_1,2020-04-10,1,Good Friday,2020,4,10,4
Brno_1,2020-04-11,1,Good Friday,2020,4,11,5
Brno_1,2020-04-12,1,Easter Day,2020,4,12,6
Brno_1,2020-04-13,1,Easter Monday,2020,4,13,0
Brno_1,2020-04-14,0,,2020,4,14,1
Brno_1,2020-04-15,0,,2020,4,15,2
Brno_1,2020-04-16,0,,2020,4,16,3
Brno_1,2020-04-17,0,,2020,4,17,4
Brno_1,2020-04-18,0,,2020,4,18,5
Brno_1,2020-04-19,1,Good Friday,2020,4,19,6
Brno_1,2020-04-20,1,Good Friday,2020,4,20,0
Brno_1,2020-04-21,1,Easter Day,2020,4,21,1
Brno_1,2020-04-22,1,Easter Monday,2020,4,22,2
Brno_1,2020-04-23,0,,2020,4,23,3
Brno_1,2020-04-24,0,,2020,4,24,4
Brno_1,2020-04-25,0,,2020,4,25,5
Brno_1,2020-04-26,0,,2020,4,26,6
Brno_1,2020-04-27,0,,2020,4,27,0
Brno_1,2020-04-28,0,,2020,4,28,1
Brno_1,2020-04-29,0,,2020,4,29,2
Brno_1,2020-04-30,0,,2020,4,30,3
Brno_1,2020-05-01,1,Labour Day,2020,5,1,4
Brno_1,2020-05-02,0,,2020,5,2,5
Brno_1,2020-05-03,0,,2020,5,3,6
Brno_1,2020-05-04,0,,2020,5,4,0
Brno_1,2020-05-05,0,,2020,5,5,1
Brno_1,2020-05-06,0,,2020,5,6,2
Brno_1,2020-05-07,0,,2020,5,7,3
Brno_1,2020-05-08,1,Den osvobozeni,2020,5,8,4
Brno_1,2020-05-09,0,,2020,5,9,5
Brno_1,2020-05-10,1,Mother's Day,2020,5,10,6
Brno_1,2020-05-11,0,,2020,5,11,0
Brno_1,2020-05-12,1,Mother's Day,2020,5,12,1
Brno_1,2020-05-13,0,,2020,5,13,2
Brno_1,2020-05-14,0,,2020,5,14,3
Brno_1,2020-05-15,0,,2020,5,15,4
Brno_1,2020-05-16,0,,2020,5,16,5
Brno_1,2020-05-17,0,,2020,5,17,6
Brno_1,2020-05-18,0,,2020,5,18,0
Brno_1,2020-05-19,0,,2020,5,19,1
Brno_1,2020-05-20,0,,2020,5,20,2
Brno_1,2020-05-21,0,,2020,5,21,3
Brno_1,2020-05-22,0,,2020,5,22,4
Brno_1,2020-05-23,0,,2020,5,23,5
Brno_1,2020-05-24,0,,2020,5,24,6
Brno_1,2020-05-25,0,,2020,5,25,0
Brno_1,2020-05-26,0,,2020,5,26,1
Brno_1,2020-05-27,0,,2020,5,27,2
Brno_1,2020-05-28,0,,2020,5,28,3
Brno_1,2020-05-29,0,,2020,5,29,4
Brno_1,2020-05-30,0,,2020,5,30,5
Brno_1,2020-05-31,0,,2020,5,31,6
Brno_1,2020-06-01,0,,2020,6,1,0
Brno_1,2020-06-02,0,,2020,6,2,1
Brno_1,2020-06-03,0,,2020,6,3,2
Brno_1,2020-06-04,0,,2020,6,4,3
Brno_1,2020-06-05,0,,2020,6,5,4
Brno_1,2020-06-06,0,,2020,6,6,5
Brno_1,2020-06-07,0,,2020,6,7,6
Brno_1,2020-06-08,0,,2020,6,8,0
Brno_1,2020-06-09,0,,2020,6,9,1
Brno_1,2020-06-10,0,,2020,6,10,2
Brno_1,2020-06-11,0,,2020,6,11,3
Brno_1,2020-06-12,0,,2020,6,12,4
Brno_1,2020-06-13,0,,2020,6,13,5
Brno_1,2020-06-14,0,,2020,6,14,6
Brno_1,2020-06-15,0,,2020,6,15,0
Brno_1,2020-06-16,0,,2020,6,16,1
Brno_1,2020-06-17,0,,2020,6,17,2
Brno_1,2020-06-18,0,,2020,6,18,3
Brno_1,2020-06-19,0,,2020,6,19,4
Brno_1,2020-06-20,0,,2020,6,20,5
Brno_1,2020-06-21,0,,2020,6,21,6
Brno_1,2020-06-22,0,,2020,6,22,0
Brno_1,2020-06-23,0,,2020,6,23,1
Brno_1,2020-06-24,0,,2020,6,24,2
Brno_1,2020-06-25,0,,2020,6,25,3
Brno_1,2020-06-26,0,,2020,6,26,4
Brno_1,2020-06-27,0,,2020,6,27,5
Brno_1,2020-06-28,0,,2020,6,28,6
Brno_1,2020-06-29,0,,2020,6,29,0
Brno_1,2020-06-30,0,,2020,6,30,1
Brno_1,2020-07-01,0,,2020,7,1,2
Brno_1,2020-07-02,0,,2020,7,2,3
Brno_1,2020-07-03,0,,2020,7,3,4
Brno_1,2020-07-04,0,,2020,7,4,5
Brno_1,2020-07-05,1,Cyrila a Metodej,2020,7,5,6
Brno_1,2020-07-06,1,Jan Hus,2020,7,6,0
Brno_1,2020-07-07,0,,2020,7,7,1
Brno_1,2020-07-08,0,,2020,7,8,2
Brno_1,2020-07-09,0,,2020,7,9,3
Brno_1,2020-07-10,0,,2020,7,10,4
Brno_1,2020-07-11,0,,2020,7,11,5
Brno_1,2020-07-12,0,,2020,7,12,6
Brno_1,2020-07-13,0,,2020,7,13,0
Brno_1,2020-07-14,0,,2020,7,14,1
Brno_1,2020-07-15,0,,2020,7,15,2
Brno_1,2020-07-16,0,,2020,7,16,3
Brno_1,2020-07-17,0,,2020,7,17,4
Brno_1,2020-07-18,0,,2020,7,18,5
Brno_1,2020-07-19,0,,2020,7,19,6
Brno_1,2020-07-20,0,,2020,7,20,0
Brno_1,2020-07-21,0,,2020,7,21,1
Brno_1,2020-07-22,0,,2020,7,22,2
Brno_1,2020-07-23,0,,2020,7,23,3
Brno_1,2020-07-24,0,,2020,7,24,4
Brno_1,2020-07-25,0,,2020,7,25,5
Brno_1,2020-07-26,0,,2020,7,26,6
Brno_1,2020-07-27,0,,2020,7,27,0
Brno_1,2020-07-28,0,,2020,7,28,1
Brno_1,2020-07-29,0,,2020,7,29,2
Brno_1,2020-07-30,0,,2020,7,30,3
Brno_1,2020-07-31,0,,2020,7,31,4
Brno_1,2020-08-01,0,,2020,8,1,5
Brno_1,2020-08-02,0,,2020,8,2,6
Brno_1,2020-08-03,0,,2020,8,3,0
Brno_1,2020-08-04,0,,2020,8,4,1
Brno_1,2020-08-05,0,,2020,8,5,2
Brno_1,2020-08-06,0,,2020,8,6,3
Brno_1,2020-08-07,0,,2020,8,7,4
Brno_1,2020-08-08,0,,2020,8,8,5
Brno_1,2020-08-09,0,,2020,8,9,6
Brno_1,2020-08-10,0,,2020,8,10,0
Brno_1,2020-08-11,0,,2020,8,11,1
Brno_1,2020-08-12,0,,2020,8,12,2
Brno_1,2020-08-13,0,,2020,8,13,3
Brno_1,2020-08-14,0,,2020,8,14,4
Brno_1,2020-08-15,0,,2020,8,15,5
Brno_1,2020-08-16,0,,2020,8,16,6
Brno_1,2020-08-17,0,,2020,8,17,0
Brno_1,2020-08-18,0,,2020,8,18,1
Brno_1,2020-08-19,0,,2020,8,19,2
Brno_1,2020-08-20,0,,2020,8,20,3
Brno_1,2020-08-21,0,,2020,8,21,4
Brno_1,2020-08-22,0,,2020,8,22,5
Brno_1,2020-08-23,0,,2020,8,23,6
Brno_1,2020-08-24,0,,2020,8,24,0
Brno_1,2020-08-25,0,,2020,8,25,1
Brno_1,2020-08-26,0,,2020,8,26,2
Brno_1,2020-08-27,0,,2020,8,27,3
Brno_1,2020-08-28,0,,2020,8,28,4
Brno_1,2020-08-29,0,,2020,8,29,5
Brno_1,2020-08-30,0,,2020,8,30,6
Brno_1,2020-08-31,0,,2020,8,31,0
Brno_1,2020-09-01,0,,2020,9,1,1
Brno_1,2020-09-02,0,,2020,9,2,2
Brno_1,2020-09-03,0,,2020,9,3,3
Brno_1,2020-09-04,0,,2020,9,4,4
Brno_1,2020-09-05,0,,2020,9,5,5
Brno_1,2020-09-06,0,,2020,9,6,6
Brno_1,2020-09-07,0,,2020,9,7,0
Brno_1,2020-09-08,0,,2020,9,8,1
Brno_1,2020-09-09,0,,2020,9,9,2
Brno_1,2020-09-10,0,,2020,9,10,3
Brno_1,2020-09-11,0,,2020,9,11,4
Brno_1,2020-09-12,0,,2020,9,12,5
Brno_1,2020-09-13,0,,2020,9,13,6
Brno_1,2020-09-14,0,,2020,9,14,0
Brno_1,2020-09-15,0,,2020,9,15,1
Brno_1,2020-09-16,0,,2020,9,16,2
Brno_1,2020-09-17,0,,2020,9,17,3
Brno_1,2020-09-18,0,,2020,9,18,4
Brno_1,2020-09-19,0,,2020,9,19,5
Brno_1,2020-09-20,0,,2020,9,20,6
Brno_1,2020-09-21,0,,2020,9,21,0
Brno_1,2020-09-22,0,,2020,9,22,1
Brno_1,2020-09-23,0,,2020,9,23,2
Brno_1,2020-09-24,0,,2020,9,24,3
Brno_1,2020-09-25,0,,2020,9,25,4
Brno_1,2020-09-26,0,,2020,9,26,5
Brno_1,2020-09-27,0,,2020,9,27,6
Brno_1,2020-09-28,1,Den ceske statnosti,2020,9,28,0
Brno_1,2020-09-29,0,,2020,9,29,1
Brno_1,2020-09-30,0,,2020,9,30,2
Brno_1,2020-10-01,0,,2020,10,1,3
Brno_1,2020-10-02,0,,2020,10,2,4
Brno_1,2020-10-03,0,,2020,10,3,5
Brno_1,2020-10-04,0,,2020,10,4,6
Brno_1,2020-10-05,0,,2020,10,5,0
Brno_1,2020-10-06,0,,2020,10,6,1
Brno_1,2020-10-07,0,,2020,10,7,2
Brno_1,2020-10-08,0,,2020,10,8,3
Brno_1,2020-10-09,0,,2020,10,9,4
Brno_1,2020-10-10,0,,2020,10,10,5
Brno_1,2020-10-11,0,,2020,10,11,6
Brno_1,2020-10-12,0,,2020,10,12,0
Brno_1,2020-10-13,0,,2020,10,13,1
Brno_1,2020-10-14,0,,2020,10,14,2
Brno_1,2020-10-15,0,,2020,10,15,3
Brno_1,2020-10-16,0,,2020,10,16,4
Brno_1,2020-10-17,0,,2020,10,17,5
Brno_1,2020-10-18,0,,2020,10,18,6
Brno_1,2020-10-19,0,,2020,10,19,0
Brno_1,2020-10-20,0,,2020,10,20,1
Brno_1,2020-10-21,0,,2020,10,21,2
Brno_1,2020-10-22,0,,2020,10,22,3
Brno_1,2020-10-23,0,,2020,10,23,4
Brno_1,2020-10-24,0,,2020,10,24,5
Brno_1,2020-10-25,0,,2020,10,25,6
Brno_1,2020-10-26,0,,2020,10,26,0
Brno_1,2020-10-27,0,,2020,10,27,1
Brno_1,2020-10-28,1,Den vzniku samostatneho ceskoslovenskeho statu,2020,10,28,2
Brno_1,2020-10-29,0,,2020,10,29,3
Brno_1,2020-10-30,0,,2020,10,30,4
Brno_1,2020-10-31,0,,2020,10,31,5
Brno_1,2020-11-01,0,,2020,11,1,6
Brno_1,2020-11-02,0,,2020,11,2,0
Brno_1,2020-11-03,0,,2020,11,3,1
Brno_1,2020-11-04,0,,2020,11,4,2
Brno_1,2020-11-05,0,,2020,11,5,3
Brno_1,2020-11-06,0,,2020,11,6,4
Brno_1,2020-11-07,0,,2020,11,7,5
Brno_1,2020-11-08,0,,2020,11,8,6
Brno_1,2020-11-09,0,,2020,11,9,0
Brno_1,2020-11-10,0,,2020,11,10,1
Brno_1,2020-11-11,0,,2020,11,11,2
Brno_1,2020-11-12,0,,2020,11,12,3
Brno_1,2020-11-13,0,,2020,11,13,4
Brno_1,2020-11-14,0,,2020,11,14,5
Brno_1,2020-11-15,0,,2020,11,15,6
Brno_1,2020-11-16,0,,2020,11,16,0
Brno_1,2020-11-17,1,Den boje za svobodu a demokracii,2020,11,17,1
Brno_1,2020-11-18,0,,2020,11,18,2
Brno_1,2020-11-19,0,,2020,11,19,3
Brno_1,2020-11-20,0,,2020,11,20,4
Brno_1,2020-11-21,0,,2020,11,21,5
Brno_1,2020-11-22,0,,2020,11,22,6
Brno_1,2020-11-23,0,,2020,11,23,0
Brno_1,2020-11-24,0,,2020,11,24,1
Brno_1,2020-11-25,0,,2020,11,25,2
Brno_1,2020-11-26,0,,2020,11,26,3
Brno_1,2020-11-27,0,,2020,11,27,4
Brno_1,2020-11-28,0,,2020,11,28,5
Brno_1,2020-11-29,0,,2020,11,29,6
Brno_1,2020-11-30,0,,2020,11,30,0
Brno_1,2020-12-01,0,,2020,12,1,1
Brno_1,2020-12-02,0,,2020,12,2,2
Brno_1,2020-12-03,0,,2020,12,3,3
Brno_1,2020-12-04,0,,2020,12,4,4
Brno_1,2020-12-05,0,,2020,12,5,5
Brno_1,2020-12-06,0,,2020,12,6,6
Brno_1,2020-12-07,0,,2020,12,7,0
Brno_1,2020-12-08,0,,2020,12,8,1
Brno_1,2020-12-09,0,,2020,12,9,2
Brno_1,2020-12-10,0,,2020,12,10,3
Brno_1,2020-12-11,0,,2020,12,11,4
Brno_1,2020-12-12,0,,2020,12,12,5
Brno_1,2020-12-13,0,,2020,12,13,6
Brno_1,2020-12-14,0,,2020,12,14,0
Brno_1,2020-12-15,0,,2020,12,15,1
Brno_1,2020-12-16,0,,2020,12,16,2
Brno_1,2020-12-17,0,,2020,12,17,3
Brno_1,2020-12-18,0,,2020,12,18,4
Brno_1,2020-12-19,0,,2020,12,19,5
Brno_1,2020-12-20,0,,2020,12,20,6
Brno_1,2020-12-21,0,,2020,12,21,0
Brno_1,2020-12-22,0,,2020,12,22,1
Brno_1,2020-12-23,0,,2020,12,23,2
Brno_1,2020-12-24,1,Christmas Eve,2020,12,24,3
Brno_1,2020-12-25,1,1st Christmas Day,2020,12,25,4
Brno_1,2020-12-26,1,2nd Christmas Day,2020,12,26,5
Brno_1,2020-12-27,0,,2020,12,27,6
Brno_1,2020-12-28,0,,2020,12,28,0
Brno_1,2020-12-29,0,,2020,12,29,1
Brno_1,2020-12-30,0,,2020,12,30,2
Brno_1,2020-12-31,0,,2020,12,31,3
Brno_1,2021-01-01,1,New Years Day,2021,1,1,4
Brno_1,2021-01-02,0,,2021,1,2,5
Brno_1,2021-01-03,0,,2021,1,3,6
Brno_1,2021-01-04,0,,2021,1,4,0
Brno_1,2021-01-05,0,,2021,1,5,1
Brno_1,2021-01-06,0,,2021,1,6,2
Brno_1,2021-01-07,0,,2021,1,7,3
Brno_1,2021-01-08,0,,2021,1,8,4
Brno_1,2021-01-09,0,,2021,1,9,5
Brno_1,2021-01-10,0,,2021,1,10,6
Brno_1,2021-01-11,0,,2021,1,11,0
Brno_1,2021-01-12,0,,2021,1,12,1
Brno_1,2021-01-13,0,,2021,1,13,2
Brno_1,2021-01-14,0,,2021,1,14,3
Brno_1,2021-01-15,0,,2021,1,15,4
Brno_1,2021-01-16,0,,2021,1,16,5
Brno_1,2021-01-17,0,,2021,1,17,6
Brno_1,2021-01-18,0,,2021,1,18,0
Brno_1,2021-01-19,0,,2021,1,19,1
Brno_1,2021-01-20,0,,2021,1,20,2
Brno_1,2021-01-21,0,,2021,1,21,3
Brno_1,2021-01-22,0,,2021,1,22,4
Brno_1,2021-01-23,0,,2021,1,23,5
Brno_1,2021-01-24,0,,2021,1,24,6
Brno_1,2021-01-25,0,,2021,1,25,0
Brno_1,2021-01-26,0,,2021,1,26,1
Brno_1,2021-01-27,0,,2021,1,27,2
Brno_1,2021-01-28,0,,2021,1,28,3
Brno_1,2021-01-29,0,,2021,1,29,4
Brno_1,2021-01-30,0,,2021,1,30,5
Brno_1,2021-01-31,0,,2021,1,31,6
Brno_1,2021-02-01,0,,2021,2,1,0
Brno_1,2021-02-02,0,,2021,2,2,1
Brno_1,2021-02-03,0,,2021,2,3,2
Brno_1,2021-02-04,0,,2021,2,4,3
Brno_1,2021-02-05,0,,2021,2,5,4
Brno_1,2021-02-06,0,,2021,2,6,5
Brno_1,2021-02-07,0,,2021,2,7,6
Brno_1,2021-02-08,0,,2021,2,8,0
Brno_1,2021-02-09,0,,2021,2,9,1
Brno_1,2021-02-10,0,,2021,2,10,2
Brno_1,2021-02-11,0,,2021,2,11,3
Brno_1,2021-02-12,0,,2021,2,12,4
Brno_1,2021-02-13,0,,2021,2,13,5
Brno_1,2021-02-14,0,,2021,2,14,6
Brno_1,2021-02-15,0,,2021,2,15,0
Brno_1,2021-02-16,0,,2021,2,16,1
Brno_1,2021-02-17,0,,2021,2,17,2
Brno_1,2021-02-18,0,,2021,2,18,3
Brno_1,2021-02-19,0,,2021,2,19,4
Brno_1,2021-02-20,0,,2021,2,20,5
Brno_1,2021-02-21,0,,2021,2,21,6
Brno_1,2021-02-22,0,,2021,2,22,0
Brno_1,2021-02-23,0,,2021,2,23,1
Brno_1,2021-02-24,0,,2021,2,24,2
Brno_1,2021-02-25,0,,2021,2,25,3
Brno_1,2021-02-26,0,,2021,2,26,4
Brno_1,2021-02-27,0,,2021,2,27,5
Brno_1,2021-02-28,0,,2021,2,28,6
Brno_1,2021-03-01,0,,2021,3,1,0
Brno_1,2021-03-02,0,,2021,3,2,1
Brno_1,2021-03-03,0,,2021,3,3,2
Brno_1,2021-03-04,0,,2021,3,4,3
Brno_1,2021-03-05,0,,2021,3,5,4
Brno_1,2021-03-06,0,,2021,3,6,5
Brno_1,2021-03-07,0,,2021,3,7,6
Brno_1,2021-03-08,1,International womens day,2021,3,8,0
Brno_1,2021-03-09,0,,2021,3,9,1
Brno_1,2021-03-10,0,,2021,3,10,2
Brno_1,2021-03-11,0,,2021,3,11,3
Brno_1,2021-03-12,0,,2021,3,12,4
Brno_1,2021-03-13,0,,2021,3,13,5
Brno_1,2021-03-14,0,,2021,3,14,6
Brno_1,2021-03-15,0,,2021,3,15,0
Brno_1,2021-03-16,0,,2021,3,16,1
Brno_1,2021-03-17,0,,2021,3,17,2
Brno_1,2021-03-18,0,,2021,3,18,3
Brno_1,2021-03-19,0,,2021,3,19,4
Brno_1,2021-03-20,0,,2021,3,20,5
Brno_1,2021-03-21,0,,2021,3,21,6
Brno_1,2021-03-22,0,,2021,3,22,0
Brno_1,2021-03-23,0,,2021,3,23,1
Brno_1,2021-03-24,0,,2021,3,24,2
Brno_1,2021-03-25,0,,2021,3,25,3
Brno_1,2021-03-26,0,,2021,3,26,4
Brno_1,2021-03-27,0,,2021,3,27,5
Brno_1,2021-03-28,0,,2021,3,28,6
Brno_1,2021-03-29,0,,2021,3,29,0
Brno_1,2021-03-30,0,,2021,3,30,1
Brno_1,2021-03-31,0,,2021,3,31,2
Brno_1,2021-04-01,0,,2021,4,1,3
Brno_1,2021-04-02,1,Good Friday,2021,4,2,4
Brno_1,2021-04-03,1,Good Friday,2021,4,3,5
Brno_1,2021-04-04,1,Easter Day,2021,4,4,6
Brno_1,2021-04-05,1,Easter Monday,2021,4,5,0
Brno_1,2021-04-06,0,,2021,4,6,1
Brno_1,2021-04-07,0,,2021,4,7,2
Brno_1,2021-04-08,0,,2021,4,8,3
Brno_1,2021-04-09,0,,2021,4,9,4
Brno_1,2021-04-10,1,Good Friday,2021,4,10,5
Brno_1,2021-04-11,1,Good Friday,2021,4,11,6
Brno_1,2021-04-12,1,Easter Day,2021,4,12,0
Brno_1,2021-04-13,1,Easter Monday,2021,4,13,1
Brno_1,2021-04-14,0,,2021,4,14,2
Brno_1,2021-04-15,0,,2021,4,15,3
Brno_1,2021-04-16,0,,2021,4,16,4
Brno_1,2021-04-17,0,,2021,4,17,5
Brno_1,2021-04-18,0,,2021,4,18,6
Brno_1,2021-04-19,0,,2021,4,19,0
Brno_1,2021-04-20,0,,2021,4,20,1
Brno_1,2021-04-21,0,,2021,4,21,2
Brno_1,2021-04-22,0,,2021,4,22,3
Brno_1,2021-04-23,0,,2021,4,23,4
Brno_1,2021-04-24,0,,2021,4,24,5
Brno_1,2021-04-25,0,,2021,4,25,6
Brno_1,2021-04-26,0,,2021,4,26,0
Brno_1,2021-04-27,0,,2021,4,27,1
Brno_1,2021-04-28,0,,2021,4,28,2
Brno_1,2021-04-29,0,,2021,4,29,3
Brno_1,2021-04-30,0,,2021,4,30,4
Brno_1,2021-05-01,1,Labour Day,2021,5,1,5
Brno_1,2021-05-02,0,,2021,5,2,6
Brno_1,2021-05-03,0,,2021,5,3,0
Brno_1,2021-05-04,0,,2021,5,4,1
Brno_1,2021-05-05,0,,2021,5,5,2
Brno_1,2021-05-06,0,,2021,5,6,3
Brno_1,2021-05-07,0,,2021,5,7,4
Brno_1,2021-05-08,1,Den osvobozeni,2021,5,8,5
Brno_1,2021-05-09,1,Mother's Day,2021,5,9,6
Brno_1,2021-05-10,1,Mother's Day,2021,5,10,0
Brno_1,2021-05-11,0,,2021,5,11,1
Brno_1,2021-05-12,0,,2021,5,12,2
Brno_1,2021-05-13,0,,2021,5,13,3
Brno_1,2021-05-14,0,,2021,5,14,4
Brno_1,2021-05-15,0,,2021,5,15,5
Brno_1,2021-05-16,0,,2021,5,16,6
Brno_1,2021-05-17,0,,2021,5,17,0
Brno_1,2021-05-18,0,,2021,5,18,1
Brno_1,2021-05-19,0,,2021,5,19,2
Brno_1,2021-05-20,0,,2021,5,20,3
Brno_1,2021-05-21,0,,2021,5,21,4
Brno_1,2021-05-22,0,,2021,5,22,5
Brno_1,2021-05-23,0,,2021,5,23,6
Brno_1,2021-05-24,0,,2021,5,24,0
Brno_1,2021-05-25,0,,2021,5,25,1
Brno_1,2021-05-26,0,,2021,5,26,2
Brno_1,2021-05-27,0,,2021,5,27,3
Brno_1,2021-05-28,0,,2021,5,28,4
Brno_1,2021-05-29,0,,2021,5,29,5
Brno_1,2021-05-30,0,,2021,5,30,6
Brno_1,2021-05-31,0,,2021,5,31,0
Brno_1,2021-06-01,0,,2021,6,1,1
Brno_1,2021-06-02,0,,2021,6,2,2
Brno_1,2021-06-03,0,,2021,6,3,3
Brno_1,2021-06-04,0,,2021,6,4,4
Brno_1,2021-06-05,0,,2021,6,5,5
Brno_1,2021-06-06,0,,2021,6,6,6
Brno_1,2021-06-07,0,,2021,6,7,0
Brno_1,2021-06-08,0,,2021,6,8,1
Brno_1,2021-06-09,0,,2021,6,9,2
Brno_1,2021-06-10,0,,2021,6,10,3
Brno_1,2021-06-11,0,,2021,6,11,4
Brno_1,2021-06-12,0,,2021,6,12,5
Brno_1,2021-06-13,0,,2021,6,13,6
Brno_1,2021-06-14,0,,2021,6,14,0
Brno_1,2021-06-15,0,,2021,6,15,1
Brno_1,2021-06-16,0,,2021,6,16,2
Brno_1,2021-06-17,0,,2021,6,17,3
Brno_1,2021-06-18,0,,2021,6,18,4
Brno_1,2021-06-19,0,,2021,6,19,5
Brno_1,2021-06-20,0,,2021,6,20,6
Brno_1,2021-06-21,0,,2021,6,21,0
Brno_1,2021-06-22,0,,2021,6,22,1
Brno_1,2021-06-23,0,,2021,6,23,2
Brno_1,2021-06-24,0,,2021,6,24,3
Brno_1,2021-06-25,0,,2021,6,25,4
Brno_1,2021-06-26,0,,2021,6,26,5
Brno_1,2021-06-27,0,,2021,6,27,6
Brno_1,2021-06-28,0,,2021,6,28,0
Brno_1,2021-06-29,0,,2021,6,29,1
Brno_1,2021-06-30,0,,2021,6,30,2
Brno_1,2021-07-01,0,,2021,7,1,3
Brno_1,2021-07-02,0,,2021,7,2,4
Brno_1,2021-07-03,0,,2021,7,3,5
Brno_1,2021-07-04,0,,2021,7,4,6
Brno_1,2021-07-05,1,Cyrila a Metodej,2021,7,5,0
Brno_1,2021-07-06,1,Jan Hus,2021,7,6,1
Brno_1,2021-07-07,0,,2021,7,7,2
Brno_1,2021-07-08,0,,2021,7,8,3
Brno_1,2021-07-09,0,,2021,7,9,4
Brno_1,2021-07-10,0,,2021,7,10,5
Brno_1,2021-07-11,0,,2021,7,11,6
Brno_1,2021-07-12,0,,2021,7,12,0
Brno_1,2021-07-13,0,,2021,7,13,1
Brno_1,2021-07-14,0,,2021,7,14,2
Brno_1,2021-07-15,0,,2021,7,15,3
Brno_1,2021-07-16,0,,2021,7,16,4
Brno_1,2021-07-17,0,,2021,7,17,5
Brno_1,2021-07-18,0,,2021,7,18,6
Brno_1,2021-07-19,0,,2021,7,19,0
Brno_1,2021-07-20,0,,2021,7,20,1
Brno_1,2021-07-21,0,,2021,7,21,2
Brno_1,2021-07-22,0,,2021,7,22,3
Brno_1,2021-07-23,0,,2021,7,23,4
Brno_1,2021-07-24,0,,2021,7,24,5
Brno_1,2021-07-25,0,,2021,7,25,6
Brno_1,2021-07-26,0,,2021,7,26,0
Brno_1,2021-07-27,0,,2021,7,27,1
Brno_1,2021-07-28,0,,2021,7,28,2
Brno_1,2021-07-29,0,,2021,7,29,3
Brno_1,2021-07-30,0,,2021,7,30,4
Brno_1,2021-07-31,0,,2021,7,31,5
Brno_1,2021-08-01,0,,2021,8,1,6
Brno_1,2021-08-02,0,,2021,8,2,0
Brno_1,2021-08-03,0,,2021,8,3,1
Brno_1,2021-08-04,0,,2021,8,4,2
Brno_1,2021-08-05,0,,2021,8,5,3
Brno_1,2021-08-06,0,,2021,8,6,4
Brno_1,2021-08-07,0,,2021,8,7,5
Brno_1,2021-08-08,0,,2021,8,8,6
Brno_1,2021-08-09,0,,2021,8,9,0
Brno_1,2021-08-10,0,,2021,8,10,1
Brno_1,2021-08-11,0,,2021,8,11,2
Brno_1,2021-08-12,0,,2021,8,12,3
Brno_1,2021-08-13,0,,2021,8,13,4
Brno_1,2021-08-14,0,,2021,8,14,5
Brno_1,2021-08-15,0,,2021,8,15,6
Brno_1,2021-08-16,0,,2021,8,16,0
Brno_1,2021-08-17,0,,2021,8,17,1
Brno_1,2021-08-18,0,,2021,8,18,2
Brno_1,2021-08-19,0,,2021,8,19,3
Brno_1,2021-08-20,0,,2021,8,20,4
Brno_1,2021-08-21,0,,2021,8,21,5
Brno_1,2021-08-22,0,,2021,8,22,6
Brno_1,2021-08-23,0,,2021,8,23,0
Brno_1,2021-08-24,0,,2021,8,24,1
Brno_1,2021-08-25,0,,2021,8,25,2
Brno_1,2021-08-26,0,,2021,8,26,3
Brno_1,2021-08-27,0,,2021,8,27,4
Brno_1,2021-08-28,0,,2021,8,28,5
Brno_1,2021-08-29,0,,2021,8,29,6
Brno_1,2021-08-30,0,,2021,8,30,0
Brno_1,2021-08-31,0,,2021,8,31,1
Brno_1,2021-09-01,0,,2021,9,1,2
Brno_1,2021-09-02,0,,2021,9,2,3
Brno_1,2021-09-03,0,,2021,9,3,4
Brno_1,2021-09-04,0,,2021,9,4,5
Brno_1,2021-09-05,0,,2021,9,5,6
Brno_1,2021-09-06,0,,2021,9,6,0
Brno_1,2021-09-07,0,,2021,9,7,1
Brno_1,2021-09-08,0,,2021,9,8,2
Brno_1,2021-09-09,0,,2021,9,9,3
Brno_1,2021-09-10,0,,2021,9,10,4
Brno_1,2021-09-11,0,,2021,9,11,5
Brno_1,2021-09-12,0,,2021,9,12,6
Brno_1,2021-09-13,0,,2021,9,13,0
Brno_1,2021-09-14,0,,2021,9,14,1
Brno_1,2021-09-15,0,,2021,9,15,2
Brno_1,2021-09-16,0,,2021,9,16,3
Brno_1,2021-09-17,0,,2021,9,17,4
Brno_1,2021-09-18,0,,2021,9,18,5
Brno_1,2021-09-19,0,,2021,9,19,6
Brno_1,2021-09-20,0,,2021,9,20,0
Brno_1,2021-09-21,0,,2021,9,21,1
Brno_1,2021-09-22,0,,2021,9,22,2
Brno_1,2021-09-23,0,,2021,9,23,3
Brno_1,2021-09-24,0,,2021,9,24,4
Brno_1,2021-09-25,0,,2021,9,25,5
Brno_1,2021-09-26,0,,2021,9,26,6
Brno_1,2021-09-27,0,,2021,9,27,0
Brno_1,2021-09-28,1,Den ceske statnosti,2021,9,28,1
Brno_1,2021-09-29,0,,2021,9,29,2
Brno_1,2021-09-30,0,,2021,9,30,3
Brno_1,2021-10-01,0,,2021,10,1,4
Brno_1,2021-10-02,0,,2021,10,2,5
Brno_1,2021-10-03,0,,2021,10,3,6
Brno_1,2021-10-04,0,,2021,10,4,0
Brno_1,2021-10-05,0,,2021,10,5,1
Brno_1,2021-10-06,0,,2021,10,6,2
Brno_1,2021-10-07,0,,2021,10,7,3
Brno_1,2021-10-08,0,,2021,10,8,4
Brno_1,2021-10-09,0,,2021,10,9,5
Brno_1,2021-10-10,0,,2021,10,10,6
Brno_1,2021-10-11,0,,2021,10,11,0
Brno_1,2021-10-12,0,,2021,10,12,1
Brno_1,2021-10-13,0,,2021,10,13,2
Brno_1,2021-10-14,0,,2021,10,14,3
Brno_1,2021-10-15,0,,2021,10,15,4
Brno_1,2021-10-16,0,,2021,10,16,5
Brno_1,2021-10-17,0,,2021,10,17,6
Brno_1,2021-10-18,0,,2021,10,18,0
Brno_1,2021-10-19,0,,2021,10,19,1
Brno_1,2021-10-20,0,,2021,10,20,2
Brno_1,2021-10-21,0,,2021,10,21,3
Brno_1,2021-10-22,0,,2021,10,22,4
Brno_1,2021-10-23,0,,2021,10,23,5
Brno_1,2021-10-24,0,,2021,10,24,6
Brno_1,2021-10-25,0,,2021,10,25,0
Brno_1,2021-10-26,0,,2021,10,26,1
Brno_1,2021-10-27,0,,2021,10,27,2
Brno_1,2021-10-28,1,Den vzniku samostatneho ceskoslovenskeho statu,2021,10,28,3
Brno_1,2021-10-29,0,,2021,10,29,4
Brno_1,2021-10-30,0,,2021,10,30,5
Brno_1,2021-10-31,0,,2021,10,31,6
Brno_1,2021-11-01,0,,2021,11,1,0
Brno_1,2021-11-02,0,,2021,11,2,1
Brno_1,2021-11-03,0,,2021,11,3,2
Brno_1,2021-11-04,0,,2021,11,4,3
Brno_1,2021-11-05,0,,2021,11,5,4
Brno_1,2021-11-06,0,,2021,11,6,5
Brno_1,2021-11-07,0,,2021,11,7,6
Brno_1,2021-11-08,0,,2021,11,8,0
Brno_1,2021-11-09,0,,2021,11,9,1
Brno_1,2021-11-10,0,,2021,11,10,2
Brno_1,2021-11-11,0,,2021,11,11,3
Brno_1,2021-11-12,0,,2021,11,12,4
Brno_1,2021-11-13,0,,2021,11,13,5
Brno_1,2021-11-14,0,,2021,11,14,6
Brno_1,2021-11-15,0,,2021,11,15,0
Brno_1,2021-11-16,0,,2021,11,16,1
Brno_1,2021-11-17,1,Den boje za svobodu a demokracii,2021,11,17,2
Brno_1,2021-11-18,0,,2021,11,18,3
Brno_1,2021-11-19,0,,2021,11,19,4
Brno_1,2021-11-20,0,,2021,11,20,5
Brno_1,2021-11-21,0,,2021,11,21,6
Brno_1,2021-11-22,0,,2021,11,22,0
Brno_1,2021-11-23,0,,2021,11,23,1
Brno_1,2021-11-24,0,,2021,11,24,2
Brno_1,2021-11-25,0,,2021,11,25,3
Brno_1,2021-11-26,0,,2021,11,26,4
Brno_1,2021-11-27,0,,2021,11,27,5
Brno_1,2021-11-28,0,,2021,11,28,6
Brno_1,2021-11-29,0,,2021,11,29,0
Brno_1,2021-11-30,0,,2021,11,30,1
Brno_1,2021-12-01,0,,2021,12,1,2
Brno_1,2021-12-02,0,,2021,12,2,3
Brno_1,2021-12-03,0,,2021,12,3,4
Brno_1,2021-12-04,0,,2021,12,4,5
Brno_1,2021-12-05,0,,2021,12,5,6
Brno_1,2021-12-06,0,,2021,12,6,0
Brno_1,2021-12-07,0,,2021,12,7,1
Brno_1,2021-12-08,0,,2021,12,8,2
Brno_1,2021-12-09,0,,2021,12,9,3
Brno_1,2021-12-10,0,,2021,12,10,4
Brno_1,2021-12-11,0,,2021,12,11,5
Brno_1,2021-12-12,0,,2021,12,12,6
Brno_1,2021-12-13,0,,2021,12,13,0
Brno_1,2021-12-14,0,,2021,12,14,1
Brno_1,2021-12-15,0,,2021,12,15,2
Brno_1,2021-12-16,0,,2021,12,16,3
Brno_1,2021-12-17,0,,2021,12,17,4
Brno_1,2021-12-18,0,,2021,12,18,5
Brno_1,2021-12-19,0,,2021,12,19,6
Brno_1,2021-12-20,0,,2021,12,20,0
Brno_1,2021-12-21,0,,2021,12,21,1
Brno_1,2021-12-22,0,,2021,12,22,2
Brno_1,2021-12-23,0,,2021,12,23,3
Brno_1,2021-12-24,1,Christmas Eve,2021,12,24,4
Brno_1,2021-12-25,1,1st Christmas Day,2021,12,25,5
Brno_1,2021-12-26,1,2nd Christmas Day,2021,12,26,6
Brno_1,2021-12-27,0,,2021,12,27,0
Brno_1,2021-12-28,0,,2021,12,28,1
Brno_1,2021-12-29,0,,2021,12,29,2
Brno_1,2021-12-30,0,,2021,12,30,3
Brno_1,2021-12-31,0,,2021,12,31,4
Brno_1,2022-01-01,1,New Years Day,2022,1,1,5
Brno_1,2022-01-02,0,,2022,1,2,6
Brno_1,2022-01-03,0,,2022,1,3,0
Brno_1,2022-01-04,0,,2022,1,4,1
Brno_1,2022-01-05,0,,2022,1,5,2
Brno_1,2022-01-06,0,,2022,1,6,3
Brno_1,2022-01-07,0,,2022,1,7,4
Brno_1,2022-01-08,0,,2022,1,8,5
Brno_1,2022-01-09,0,,2022,1,9,6
Brno_1,2022-01-10,0,,2022,1,10,0
Brno_1,2022-01-11,0,,2022,1,11,1
Brno_1,2022-01-12,0,,2022,1,12,2
Brno_1,2022-01-13,0,,2022,1,13,3
Brno_1,2022-01-14,0,,2022,1,14,4
Brno_1,2022-01-15,0,,2022,1,15,5
Brno_1,2022-01-16,0,,2022,1,16,6
Brno_1,2022-01-17,0,,2022,1,17,0
Brno_1,2022-01-18,0,,2022,1,18,1
Brno_1,2022-01-19,0,,2022,1,19,2
Brno_1,2022-01-20,0,,2022,1,20,3
Brno_1,2022-01-21,0,,2022,1,21,4
Brno_1,2022-01-22,0,,2022,1,22,5
Brno_1,2022-01-23,0,,2022,1,23,6
Brno_1,2022-01-24,0,,2022,1,24,0
Brno_1,2022-01-25,0,,2022,1,25,1
Brno_1,2022-01-26,0,,2022,1,26,2
Brno_1,2022-01-27,0,,2022,1,27,3
Brno_1,2022-01-28,0,,2022,1,28,4
Brno_1,2022-01-29,0,,2022,1,29,5
Brno_1,2022-01-30,0,,2022,1,30,6
Brno_1,2022-01-31,0,,2022,1,31,0
Brno_1,2022-02-01,0,,2022,2,1,1
Brno_1,2022-02-02,0,,2022,2,2,2
Brno_1,2022-02-03,0,,2022,2,3,3
Brno_1,2022-02-04,0,,2022,2,4,4
Brno_1,2022-02-05,0,,2022,2,5,5
Brno_1,2022-02-06,0,,2022,2,6,6
Brno_1,2022-02-07,0,,2022,2,7,0
Brno_1,2022-02-08,0,,2022,2,8,1
Brno_1,2022-02-09,0,,2022,2,9,2
Brno_1,2022-02-10,0,,2022,2,10,3
Brno_1,2022-02-11,0,,2022,2,11,4
Brno_1,2022-02-12,0,,2022,2,12,5
Brno_1,2022-02-13,0,,2022,2,13,6
Brno_1,2022-02-14,0,,2022,2,14,0
Brno_1,2022-02-15,0,,2022,2,15,1
Brno_1,2022-02-16,0,,2022,2,16,2
Brno_1,2022-02-17,0,,2022,2,17,3
Brno_1,2022-02-18,0,,2022,2,18,4
Brno_1,2022-02-19,0,,2022,2,19,5
Brno_1,2022-02-20,0,,2022,2,20,6
Brno_1,2022-02-21,0,,2022,2,21,0
Brno_1,2022-02-22,0,,2022,2,22,1
Brno_1,2022-02-23,0,,2022,2,23,2
Brno_1,2022-02-24,0,,2022,2,24,3
Brno_1,2022-02-25,0,,2022,2,25,4
Brno_1,2022-02-26,0,,2022,2,26,5
Brno_1,2022-02-27,0,,2022,2,27,6
Brno_1,2022-02-28,0,,2022,2,28,0
Brno_1,2022-03-01,0,,2022,3,1,1
Brno_1,2022-03-02,0,,2022,3,2,2
Brno_1,2022-03-03,0,,2022,3,3,3
Brno_1,2022-03-04,0,,2022,3,4,4
Brno_1,2022-03-05,0,,2022,3,5,5
Brno_1,2022-03-06,0,,2022,3,6,6
Brno_1,2022-03-07,0,,2022,3,7,0
Brno_1,2022-03-08,1,International womens day,2022,3,8,1
Brno_1,2022-03-09,0,,2022,3,9,2
Brno_1,2022-03-10,0,,2022,3,10,3
Brno_1,2022-03-11,0,,2022,3,11,4
Brno_1,2022-03-12,0,,2022,3,12,5
Brno_1,2022-03-13,0,,2022,3,13,6
Brno_1,2022-03-14,0,,2022,3,14,0
Brno_1,2022-03-15,0,,2022,3,15,1
Brno_1,2022-03-16,0,,2022,3,16,2
Brno_1,2022-03-17,0,,2022,3,17,3
Brno_1,2022-03-18,0,,2022,3,18,4
Brno_1,2022-03-19,0,,2022,3,19,5
Brno_1,2022-03-20,0,,2022,3,20,6
Brno_1,2022-03-21,0,,2022,3,21,0
Brno_1,2022-03-22,0,,2022,3,22,1
Brno_1,2022-03-23,0,,2022,3,23,2
Brno_1,2022-03-24,0,,2022,3,24,3
Brno_1,2022-03-25,0,,2022,3,25,4
Brno_1,2022-03-26,0,,2022,3,26,5
Brno_1,2022-03-27,0,,2022,3,27,6
Brno_1,2022-03-28,0,,2022,3,28,0
Brno_1,2022-03-29,0,,2022,3,29,1
Brno_1,2022-03-30,0,,2022,3,30,2
Brno_1,2022-03-31,0,,2022,3,31,3
Brno_1,2022-04-01,0,,2022,4,1,4
Brno_1,2022-04-02,1,Good Friday,2022,4,2,5
Brno_1,2022-04-03,1,Good Friday,2022,4,3,6
Brno_1,2022-04-04,1,Easter Day,2022,4,4,0
Brno_1,2022-04-05,1,Easter Monday,2022,4,5,1
Brno_1,2022-04-06,0,,2022,4,6,2
Brno_1,2022-04-07,0,,2022,4,7,3
Brno_1,2022-04-08,0,,2022,4,8,4
Brno_1,2022-04-09,0,,2022,4,9,5
Brno_1,2022-04-10,0,,2022,4,10,6
Brno_1,2022-04-11,0,,2022,4,11,0
Brno_1,2022-04-12,0,,2022,4,12,1
Brno_1,2022-04-13,0,,2022,4,13,2
Brno_1,2022-04-14,0,,2022,4,14,3
Brno_1,2022-04-15,1,Good Friday,2022,4,15,4
Brno_1,2022-04-16,1,Good Friday,2022,4,16,5
Brno_1,2022-04-17,1,Easter Day,2022,4,17,6
Brno_1,2022-04-18,1,Easter Monday,2022,4,18,0
Brno_1,2022-04-19,0,,2022,4,19,1
Brno_1,2022-04-20,0,,2022,4,20,2
Brno_1,2022-04-21,0,,2022,4,21,3
Brno_1,2022-04-22,0,,2022,4,22,4
Brno_1,2022-04-23,0,,2022,4,23,5
Brno_1,2022-04-24,0,,2022,4,24,6
Brno_1,2022-04-25,0,,2022,4,25,0
Brno_1,2022-04-26,0,,2022,4,26,1
Brno_1,2022-04-27,0,,2022,4,27,2
Brno_1,2022-04-28,0,,2022,4,28,3
Brno_1,2022-04-29,0,,2022,4,29,4
Brno_1,2022-04-30,0,,2022,4,30,5
Brno_1,2022-05-01,1,Labour Day,2022,5,1,6
Brno_1,2022-05-02,0,,2022,5,2,0
Brno_1,2022-05-03,0,,2022,5,3,1
Brno_1,2022-05-04,0,,2022,5,4,2
Brno_1,2022-05-05,0,,2022,5,5,3
Brno_1,2022-05-06,0,,2022,5,6,4
Brno_1,2022-05-07,0,,2022,5,7,5
Brno_1,2022-05-08,1,Den osvobozeni,2022,5,8,6
Brno_1,2022-05-09,1,Mother's Day,2022,5,9,0
Brno_1,2022-05-10,0,,2022,5,10,1
Brno_1,2022-05-11,0,,2022,5,11,2
Brno_1,2022-05-12,0,,2022,5,12,3
Brno_1,2022-05-13,0,,2022,5,13,4
Brno_1,2022-05-14,0,,2022,5,14,5
Brno_1,2022-05-15,0,,2022,5,15,6
Brno_1,2022-05-16,0,,2022,5,16,0
Brno_1,2022-05-17,0,,2022,5,17,1
Brno_1,2022-05-18,0,,2022,5,18,2
Brno_1,2022-05-19,0,,2022,5,19,3
Brno_1,2022-05-20,0,,2022,5,20,4
Brno_1,2022-05-21,0,,2022,5,21,5
Brno_1,2022-05-22,0,,2022,5,22,6
Brno_1,2022-05-23,0,,2022,5,23,0
Brno_1,2022-05-24,0,,2022,5,24,1
Brno_1,2022-05-25,0,,2022,5,25,2
Brno_1,2022-05-26,0,,2022,5,26,3
Brno_1,2022-05-27,0,,2022,5,27,4
Brno_1,2022-05-28,0,,2022,5,28,5
Brno_1,2022-05-29,0,,2022,5,29,6
Brno_1,2022-05-30,0,,2022,5,30,0
Brno_1,2022-05-31,0,,2022,5,31,1
Brno_1,2022-06-01,0,,2022,6,1,2
Brno_1,2022-06-02,0,,2022,6,2,3
Brno_1,2022-06-03,0,,2022,6,3,4
Brno_1,2022-06-04,0,,2022,6,4,5
Brno_1,2022-06-05,0,,2022,6,5,6
Brno_1,2022-06-06,0,,2022,6,6,0
Brno_1,2022-06-07,0,,2022,6,7,1
Brno_1,2022-06-08,0,,2022,6,8,2
Brno_1,2022-06-09,0,,2022,6,9,3
Brno_1,2022-06-10,0,,2022,6,10,4
Brno_1,2022-06-11,0,,2022,6,11,5
Brno_1,2022-06-12,0,,2022,6,12,6
Brno_1,2022-06-13,0,,2022,6,13,0
Brno_1,2022-06-14,0,,2022,6,14,1
Brno_1,2022-06-15,0,,2022,6,15,2
Brno_1,2022-06-16,0,,2022,6,16,3
Brno_1,2022-06-17,0,,2022,6,17,4
Brno_1,2022-06-18,0,,2022,6,18,5
Brno_1,2022-06-19,0,,2022,6,19,6
Brno_1,2022-06-20,0,,2022,6,20,0
Brno_1,2022-06-21,0,,2022,6,21,1
Brno_1,2022-06-22,0,,2022,6,22,2
Brno_1,2022-06-23,0,,2022,6,23,3
Brno_1,2022-06-24,0,,2022,6,24,4
Brno_1,2022-06-25,0,,2022,6,25,5
Brno_1,2022-06-26,0,,2022,6,26,6
Brno_1,2022-06-27,0,,2022,6,27,0
Brno_1,2022-06-28,0,,2022,6,28,1
Brno_1,2022-06-29,0,,2022,6,29,2
Brno_1,2022-06-30,0,,2022,6,30,3
Brno_1,2022-07-01,0,,2022,7,1,4
Brno_1,2022-07-02,0,,2022,7,2,5
Brno_1,2022-07-03,0,,2022,7,3,6
Brno_1,2022-07-04,0,,2022,7,4,0
Brno_1,2022-07-05,1,Cyrila a Metodej,2022,7,5,1
Brno_1,2022-07-06,1,Jan Hus,2022,7,6,2
Brno_1,2022-07-07,0,,2022,7,7,3
Brno_1,2022-07-08,0,,2022,7,8,4
Brno_1,2022-07-09,0,,2022,7,9,5
Brno_1,2022-07-10,0,,2022,7,10,6
Brno_1,2022-07-11,0,,2022,7,11,0
Brno_1,2022-07-12,0,,2022,7,12,1
Brno_1,2022-07-13,0,,2022,7,13,2
Brno_1,2022-07-14,0,,2022,7,14,3
Brno_1,2022-07-15,0,,2022,7,15,4
Brno_1,2022-07-16,0,,2022,7,16,5
Brno_1,2022-07-17,0,,2022,7,17,6
Brno_1,2022-07-18,0,,2022,7,18,0
Brno_1,2022-07-19,0,,2022,7,19,1
Brno_1,2022-07-20,0,,2022,7,20,2
Brno_1,2022-07-21,0,,2022,7,21,3
Brno_1,2022-07-22,0,,2022,7,22,4
Brno_1,2022-07-23,0,,2022,7,23,5
Brno_1,2022-07-24,0,,2022,7,24,6
Brno_1,2022-07-25,0,,2022,7,25,0
Brno_1,2022-07-26,0,,2022,7,26,1
Brno_1,2022-07-27,0,,2022,7,27,2
Brno_1,2022-07-28,0,,2022,7,28,3
Brno_1,2022-07-29,0,,2022,7,29,4
Brno_1,2022-07-30,0,,2022,7,30,5
Brno_1,2022-07-31,0,,2022,7,31,6
Brno_1,2022-08-01,0,,2022,8,1,0
Brno_1,2022-08-02,0,,2022,8,2,1
Brno_1,2022-08-03,0,,2022,8,3,2
Brno_1,2022-08-04,0,,2022,8,4,3
Brno_1,2022-08-05,0,,2022,8,5,4
Brno_1,2022-08-06,0,,2022,8,6,5
Brno_1,2022-08-07,0,,2022,8,7,6
Brno_1,2022-08-08,0,,2022,8,8,0
Brno_1,2022-08-09,0,,2022,8,9,1
Brno_1,2022-08-10,0,,2022,8,10,2
Brno_1,2022-08-11,0,,2022,8,11,3
Brno_1,2022-08-12,0,,2022,8,12,4
Brno_1,2022-08-13,0,,2022,8,13,5
Brno_1,2022-08-14,0,,2022,8,14,6
Brno_1,2022-08-15,0,,2022,8,15,0
Brno_1,2022-08-16,0,,2022,8,16,1
Brno_1,2022-08-17,0,,2022,8,17,2
Brno_1,2022-08-18,0,,2022,8,18,3
Brno_1,2022-08-19,0,,2022,8,19,4
Brno_1,2022-08-20,0,,2022,8,20,5
Brno_1,2022-08-21,0,,2022,8,21,6
Brno_1,2022-08-22,0,,2022,8,22,0
Brno_1,2022-08-23,0,,2022,8,23,1
Brno_1,2022-08-24,0,,2022,8,24,2
Brno_1,2022-08-25,0,,2022,8,25,3
Brno_1,2022-08-26,0,,2022,8,26,4
Brno_1,2022-08-27,0,,2022,8,27,5
Brno_1,2022-08-28,0,,2022,8,28,6
Brno_1,2022-08-29,0,,2022,8,29,0
Brno_1,2022-08-30,0,,2022,8,30,1
Brno_1,2022-08-31,0,,2022,8,31,2
Brno_1,2022-09-01,0,,2022,9,1,3
Brno_1,2022-09-02,0,,2022,9,2,4
Brno_1,2022-09-03,0,,2022,9,3,5
Brno_1,2022-09-04,0,,2022,9,4,6
Brno_1,2022-09-05,0,,2022,9,5,0
Brno_1,2022-09-06,0,,2022,9,6,1
Brno_1,2022-09-07,0,,2022,9,7,2
Brno_1,2022-09-08,0,,2022,9,8,3
Brno_1,2022-09-09,0,,2022,9,9,4
Brno_1,2022-09-10,0,,2022,9,10,5
Brno_1,2022-09-11,0,,2022,9,11,6
Brno_1,2022-09-12,0,,2022,9,12,0
Brno_1,2022-09-13,0,,2022,9,13,1
Brno_1,2022-09-14,0,,2022,9,14,2
Brno_1,2022-09-15,0,,2022,9,15,3
Brno_1,2022-09-16,0,,2022,9,16,4
Brno_1,2022-09-17,0,,2022,9,17,5
Brno_1,2022-09-18,0,,2022,9,18,6
Brno_1,2022-09-19,0,,2022,9,19,0
Brno_1,2022-09-20,0,,2022,9,20,1
Brno_1,2022-09-21,0,,2022,9,21,2
Brno_1,2022-09-22,0,,2022,9,22,3
Brno_1,2022-09-23,0,,2022,9,23,4
Brno_1,2022-09-24,0,,2022,9,24,5
Brno_1,2022-09-25,0,,2022,9,25,6
Brno_1,2022-09-26,0,,2022,9,26,0
Brno_1,2022-09-27,0,,2022,9,27,1
Brno_1,2022-09-28,1,Den ceske statnosti,2022,9,28,2
Brno_1,2022-09-29,0,,2022,9,29,3
Brno_1,2022-09-30,0,,2022,9,30,4
Brno_1,2022-10-01,0,,2022,10,1,5
Brno_1,2022-10-02,0,,2022,10,2,6
Brno_1,2022-10-03,0,,2022,10,3,0
Brno_1,2022-10-04,0,,2022,10,4,1
Brno_1,2022-10-05,0,,2022,10,5,2
Brno_1,2022-10-06,0,,2022,10,6,3
Brno_1,2022-10-07,0,,2022,10,7,4
Brno_1,2022-10-08,0,,2022,10,8,5
Brno_1,2022-10-09,0,,2022,10,9,6
Brno_1,2022-10-10,0,,2022,10,10,0
Brno_1,2022-10-11,0,,2022,10,11,1
Brno_1,2022-10-12,0,,2022,10,12,2
Brno_1,2022-10-13,0,,2022,10,13,3
Brno_1,2022-10-14,0,,2022,10,14,4
Brno_1,2022-10-15,0,,2022,10,15,5
Brno_1,2022-10-16,0,,2022,10,16,6
Brno_1,2022-10-17,0,,2022,10,17,0
Brno_1,2022-10-18,0,,2022,10,18,1
Brno_1,2022-10-19,0,,2022,10,19,2
Brno_1,2022-10-20,0,,2022,10,20,3
Brno_1,2022-10-21,0,,2022,10,21,4
Brno_1,2022-10-22,0,,2022,10,22,5
Brno_1,2022-10-23,0,,2022,10,23,6
Brno_1,2022-10-24,0,,2022,10,24,0
Brno_1,2022-10-25,0,,2022,10,25,1
Brno_1,2022-10-26,0,,2022,10,26,2
Brno_1,2022-10-27,0,,2022,10,27,3
Brno_1,2022-10-28,1,Den vzniku samostatneho ceskoslovenskeho statu,2022,10,28,4
Brno_1,2022-10-29,0,,2022,10,29,5
Brno_1,2022-10-30,0,,2022,10,30,6
Brno_1,2022-10-31,0,,2022,10,31,0
Brno_1,2022-11-01,0,,2022,11,1,1
Brno_1,2022-11-02,0,,2022,11,2,2
Brno_1,2022-11-03,0,,2022,11,3,3
Brno_1,2022-11-04,0,,2022,11,4,4
Brno_1,2022-11-05,0,,2022,11,5,5
Brno_1,2022-11-06,0,,2022,11,6,6
Brno_1,2022-11-07,0,,2022,11,7,0
Brno_1,2022-11-08,0,,2022,11,8,1
Brno_1,2022-11-09,0,,2022,11,9,2
Brno_1,2022-11-10,0,,2022,11,10,3
Brno_1,2022-11-11,0,,2022,11,11,4
Brno_1,2022-11-12,0,,2022,11,12,5
Brno_1,2022-11-13,0,,2022,11,13,6
Brno_1,2022-11-14,0,,2022,11,14,0
Brno_1,2022-11-15,0,,2022,11,15,1
Brno_1,2022-11-16,0,,2022,11,16,2
Brno_1,2022-11-17,1,Den boje za svobodu a demokracii,2022,11,17,3
Brno_1,2022-11-18,0,,2022,11,18,4
Brno_1,2022-11-19,0,,2022,11,19,5
Brno_1,2022-11-20,0,,2022,11,20,6
Brno_1,2022-11-21,0,,2022,11,21,0
Brno_1,2022-11-22,0,,2022,11,22,1
Brno_1,2022-11-23,0,,2022,11,23,2
Brno_1,2022-11-24,0,,2022,11,24,3
Brno_1,2022-11-25,0,,2022,11,25,4
Brno_1,2022-11-26,0,,2022,11,26,5
Brno_1,2022-11-27,0,,2022,11,27,6
Brno_1,2022-11-28,0,,2022,11,28,0
Brno_1,2022-11-29,0,,2022,11,29,1
Brno_1,2022-11-30,0,,2022,11,30,2
Brno_1,2022-12-01,0,,2022,12,1,3
Brno_1,2022-12-02,0,,2022,12,2,4
Brno_1,2022-12-03,0,,2022,12,3,5
Brno_1,2022-12-04,0,,2022,12,4,6
Brno_1,2022-12-05,0,,2022,12,5,0
Brno_1,2022-12-06,0,,2022,12,6,1
Brno_1,2022-12-07,0,,2022,12,7,2
Brno_1,2022-12-08,0,,2022,12,8,3
Brno_1,2022-12-09,0,,2022,12,9,4
Brno_1,2022-12-10,0,,2022,12,10,5
Brno_1,2022-12-11,0,,2022,12,11,6
Brno_1,2022-12-12,0,,2022,12,12,0
Brno_1,2022-12-13,0,,2022,12,13,1
Brno_1,2022-12-14,0,,2022,12,14,2
Brno_1,2022-12-15,0,,2022,12,15,3
Brno_1,2022-12-16,0,,2022,12,16,4
Brno_1,2022-12-17,0,,2022,12,17,5
Brno_1,2022-12-18,0,,2022,12,18,6
Brno_1,2022-12-19,0,,2022,12,19,0
Brno_1,2022-12-20,0,,2022,12,20,1
Brno_1,2022-12-21,0,,2022,12,21,2
Brno_1,2022-12-22,0,,2022,12,22,3
Brno_1,2022-12-23,0,,2022,12,23,4
Brno_1,2022-12-24,1,Christmas Eve,2022,12,24,5
Brno_1,2022-12-25,1,1st Christmas Day,2022,12,25,6
Brno_1,2022-12-26,1,2nd Christmas Day,2022,12,26,0
Brno_1,2022-12-27,0,,2022,12,27,1
Brno_1,2022-12-28,0,,2022,12,28,2
Brno_1,2022-12-29,0,,2022,12,29,3
Brno_1,2022-12-30,0,,2022,12,30,4
Brno_1,2022-12-31,0,,2022,12,31,5
Brno_1,2023-01-01,1,New Years Day,2023,1,1,6
Brno_1,2023-01-02,0,,2023,1,2,0
Brno_1,2023-01-03,0,,2023,1,3,1
Brno_1,2023-01-04,0,,2023,1,4,2
Brno_1,2023-01-05,0,,2023,1,5,3
Brno_1,2023-01-06,0,,2023,1,6,4
Brno_1,2023-01-07,0,,2023,1,7,5
Brno_1,2023-01-08,0,,2023,1,8,6
Brno_1,2023-01-09,0,,2023,1,9,0
Brno_1,2023-01-10,0,,2023,1,10,1
Brno_1,2023-01-11,0,,2023,1,11,2
Brno_1,2023-01-12,0,,2023,1,12,3
Brno_1,2023-01-13,0,,2023,1,13,4
Brno_1,2023-01-14,0,,2023,1,14,5
Brno_1,2023-01-15,0,,2023,1,15,6
Brno_1,2023-01-16,0,,2023,1,16,0
Brno_1,2023-01-17,0,,2023,1,17,1
Brno_1,2023-01-18,0,,2023,1,18,2
Brno_1,2023-01-19,0,,2023,1,19,3
Brno_1,2023-01-20,0,,2023,1,20,4
Brno_1,2023-01-21,0,,2023,1,21,5
Brno_1,2023-01-22,0,,2023,1,22,6
Brno_1,2023-01-23,0,,2023,1,23,0
Brno_1,2023-01-24,0,,2023,1,24,1
Brno_1,2023-01-25,0,,2023,1,25,2
Brno_1,2023-01-26,0,,2023,1,26,3
Brno_1,2023-01-27,0,,2023,1,27,4
Brno_1,2023-01-28,0,,2023,1,28,5
Brno_1,2023-01-29,0,,2023,1,29,6
Brno_1,2023-01-30,0,,2023,1,30,0
Brno_1,2023-01-31,0,,2023,1,31,1
Brno_1,2023-02-01,0,,2023,2,1,2
Brno_1,2023-02-02,0,,2023,2,2,3
Brno_1,2023-02-03,0,,2023,2,3,4
Brno_1,2023-02-04,0,,2023,2,4,5
Brno_1,2023-02-05,0,,2023,2,5,6
Brno_1,2023-02-06,0,,2023,2,6,0
Brno_1,2023-02-07,0,,2023,2,7,1
Brno_1,2023-02-08,0,,2023,2,8,2
Brno_1,2023-02-09,0,,2023,2,9,3
Brno_1,2023-02-10,0,,2023,2,10,4
Brno_1,2023-02-11,0,,2023,2,11,5
Brno_1,2023-02-12,0,,2023,2,12,6
Brno_1,2023-02-13,0,,2023,2,13,0
Brno_1,2023-02-14,0,,2023,2,14,1
Brno_1,2023-02-15,0,,2023,2,15,2
Brno_1,2023-02-16,0,,2023,2,16,3
Brno_1,2023-02-17,0,,2023,2,17,4
Brno_1,2023-02-18,0,,2023,2,18,5
Brno_1,2023-02-19,0,,2023,2,19,6
Brno_1,2023-02-20,0,,2023,2,20,0
Brno_1,2023-02-21,0,,2023,2,21,1
Brno_1,2023-02-22,0,,2023,2,22,2
Brno_1,2023-02-23,0,,2023,2,23,3
Brno_1,2023-02-24,0,,2023,2,24,4
Brno_1,2023-02-25,0,,2023,2,25,5
Brno_1,2023-02-26,0,,2023,2,26,6
Brno_1,2023-02-27,0,,2023,2,27,0
Brno_1,2023-02-28,0,,2023,2,28,1
Brno_1,2023-03-01,0,,2023,3,1,2
Brno_1,2023-03-02,0,,2023,3,2,3
Brno_1,2023-03-03,0,,2023,3,3,4
Brno_1,2023-03-04,0,,2023,3,4,5
Brno_1,2023-03-05,0,,2023,3,5,6
Brno_1,2023-03-06,0,,2023,3,6,0
Brno_1,2023-03-07,0,,2023,3,7,1
Brno_1,2023-03-08,1,International womens day,2023,3,8,2
Brno_1,2023-03-09,0,,2023,3,9,3
Brno_1,2023-03-10,0,,2023,3,10,4
Brno_1,2023-03-11,0,,2023,3,11,5
Brno_1,2023-03-12,0,,2023,3,12,6
Brno_1,2023-03-13,0,,2023,3,13,0
Brno_1,2023-03-14,0,,2023,3,14,1
Brno_1,2023-03-15,0,,2023,3,15,2
Brno_1,2023-03-16,0,,2023,3,16,3
Brno_1,2023-03-17,0,,2023,3,17,4
Brno_1,2023-03-18,0,,2023,3,18,5
Brno_1,2023-03-19,0,,2023,3,19,6
Brno_1,2023-03-20,0,,2023,3,20,0
Brno_1,2023-03-21,0,,2023,3,21,1
Brno_1,2023-03-22,0,,2023,3,22,2
Brno_1,2023-03-23,0,,2023,3,23,3
Brno_1,2023-03-24,0,,2023,3,24,4
Brno_1,2023-03-25,0,,2023,3,25,5
Brno_1,2023-03-26,0,,2023,3,26,6
Brno_1,2023-03-27,0,,2023,3,27,0
Brno_1,2023-03-28,0,,2023,3,28,1
Brno_1,2023-03-29,0,,2023,3,29,2
Brno_1,2023-03-30,0,,2023,3,30,3
Brno_1,2023-03-31,0,,2023,3,31,4
Brno_1,2023-04-01,0,,2023,4,1,5
Brno_1,2023-04-02,0,,2023,4,2,6
Brno_1,2023-04-03,0,,2023,4,3,0
Brno_1,2023-04-04,0,,2023,4,4,1
Brno_1,2023-04-05,0,,2023,4,5,2
Brno_1,2023-04-06,0,,2023,4,6,3
Brno_1,2023-04-07,1,Good Friday,2023,4,7,4
Brno_1,2023-04-08,1,Good Friday,2023,4,8,5
Brno_1,2023-04-09,1,Easter Day,2023,4,9,6
Brno_1,2023-04-10,1,Easter Monday,2023,4,10,0
Brno_1,2023-04-11,0,,2023,4,11,1
Brno_1,2023-04-12,0,,2023,4,12,2
Brno_1,2023-04-13,0,,2023,4,13,3
Brno_1,2023-04-14,0,,2023,4,14,4
Brno_1,2023-04-15,1,Good Friday,2023,4,15,5
Brno_1,2023-04-16,1,Good Friday,2023,4,16,6
Brno_1,2023-04-17,1,Easter Day,2023,4,17,0
Brno_1,2023-04-18,1,Easter Monday,2023,4,18,1
Brno_1,2023-04-19,0,,2023,4,19,2
Brno_1,2023-04-20,0,,2023,4,20,3
Brno_1,2023-04-21,0,,2023,4,21,4
Brno_1,2023-04-22,0,,2023,4,22,5
Brno_1,2023-04-23,0,,2023,4,23,6
Brno_1,2023-04-24,0,,2023,4,24,0
Brno_1,2023-04-25,0,,2023,4,25,1
Brno_1,2023-04-26,0,,2023,4,26,2
Brno_1,2023-04-27,0,,2023,4,27,3
Brno_1,2023-04-28,0,,2023,4,28,4
Brno_1,2023-04-29,0,,2023,4,29,5
Brno_1,2023-04-30,0,,2023,4,30,6
Brno_1,2023-05-01,1,Labour Day,2023,5,1,0
Brno_1,2023-05-02,0,,2023,5,2,1
Brno_1,2023-05-03,0,,2023,5,3,2
Brno_1,2023-05-04,0,,2023,5,4,3
Brno_1,2023-05-05,0,,2023,5,5,4
Brno_1,2023-05-06,0,,2023,5,6,5
Brno_1,2023-05-07,0,,2023,5,7,6
Brno_1,2023-05-08,1,Mother's Day,2023,5,8,0
Brno_1,2023-05-09,0,,2023,5,9,1
Brno_1,2023-05-10,0,,2023,5,10,2
Brno_1,2023-05-11,0,,2023,5,11,3
Brno_1,2023-05-12,0,,2023,5,12,4
Brno_1,2023-05-13,0,,2023,5,13,5
Brno_1,2023-05-14,1,Mother's Day,2023,5,14,6
Brno_1,2023-05-15,0,,2023,5,15,0
Brno_1,2023-05-16,0,,2023,5,16,1
Brno_1,2023-05-17,0,,2023,5,17,2
Brno_1,2023-05-18,0,,2023,5,18,3
Brno_1,2023-05-19,0,,2023,5,19,4
Brno_1,2023-05-20,0,,2023,5,20,5
Brno_1,2023-05-21,0,,2023,5,21,6
Brno_1,2023-05-22,0,,2023,5,22,0
Brno_1,2023-05-23,0,,2023,5,23,1
Brno_1,2023-05-24,0,,2023,5,24,2
Brno_1,2023-05-25,0,,2023,5,25,3
Brno_1,2023-05-26,0,,2023,5,26,4
Brno_1,2023-05-27,0,,2023,5,27,5
Brno_1,2023-05-28,0,,2023,5,28,6
Brno_1,2023-05-29,0,,2023,5,29,0
Brno_1,2023-05-30,0,,2023,5,30,1
Brno_1,2023-05-31,0,,2023,5,31,2
Brno_1,2023-06-01,0,,2023,6,1,3
Brno_1,2023-06-02,0,,2023,6,2,4
Brno_1,2023-06-03,0,,2023,6,3,5
Brno_1,2023-06-04,0,,2023,6,4,6
Brno_1,2023-06-05,0,,2023,6,5,0
Brno_1,2023-06-06,0,,2023,6,6,1
Brno_1,2023-06-07,0,,2023,6,7,2
Brno_1,2023-06-08,0,,2023,6,8,3
Brno_1,2023-06-09,0,,2023,6,9,4
Brno_1,2023-06-10,0,,2023,6,10,5
Brno_1,2023-06-11,0,,2023,6,11,6
Brno_1,2023-06-12,0,,2023,6,12,0
Brno_1,2023-06-13,0,,2023,6,13,1
Brno_1,2023-06-14,0,,2023,6,14,2
Brno_1,2023-06-15,0,,2023,6,15,3
Brno_1,2023-06-16,0,,2023,6,16,4
Brno_1,2023-06-17,0,,2023,6,17,5
Brno_1,2023-06-18,0,,2023,6,18,6
Brno_1,2023-06-19,0,,2023,6,19,0
Brno_1,2023-06-20,0,,2023,6,20,1
Brno_1,2023-06-21,0,,2023,6,21,2
Brno_1,2023-06-22,0,,2023,6,22,3
Brno_1,2023-06-23,0,,2023,6,23,4
Brno_1,2023-06-24,0,,2023,6,24,5
Brno_1,2023-06-25,0,,2023,6,25,6
Brno_1,2023-06-26,0,,2023,6,26,0
Brno_1,2023-06-27,0,,2023,6,27,1
Brno_1,2023-06-28,0,,2023,6,28,2
Brno_1,2023-06-29,0,,2023,6,29,3
Brno_1,2023-06-30,0,,2023,6,30,4
Brno_1,2023-07-01,0,,2023,7,1,5
Brno_1,2023-07-02,0,,2023,7,2,6
Brno_1,2023-07-03,0,,2023,7,3,0
Brno_1,2023-07-04,0,,2023,7,4,1
Brno_1,2023-07-05,1,Cyrila a Metodej,2023,7,5,2
Brno_1,2023-07-06,1,Jan Hus,2023,7,6,3
Brno_1,2023-07-07,0,,2023,7,7,4
Brno_1,2023-07-08,0,,2023,7,8,5
Brno_1,2023-07-09,0,,2023,7,9,6
Brno_1,2023-07-10,0,,2023,7,10,0
Brno_1,2023-07-11,0,,2023,7,11,1
Brno_1,2023-07-12,0,,2023,7,12,2
Brno_1,2023-07-13,0,,2023,7,13,3
Brno_1,2023-07-14,0,,2023,7,14,4
Brno_1,2023-07-15,0,,2023,7,15,5
Brno_1,2023-07-16,0,,2023,7,16,6
Brno_1,2023-07-17,0,,2023,7,17,0
Brno_1,2023-07-18,0,,2023,7,18,1
Brno_1,2023-07-19,0,,2023,7,19,2
Brno_1,2023-07-20,0,,2023,7,20,3
Brno_1,2023-07-21,0,,2023,7,21,4
Brno_1,2023-07-22,0,,2023,7,22,5
Brno_1,2023-07-23,0,,2023,7,23,6
Brno_1,2023-07-24,0,,2023,7,24,0
Brno_1,2023-07-25,0,,2023,7,25,1
Brno_1,2023-07-26,0,,2023,7,26,2
Brno_1,2023-07-27,0,,2023,7,27,3
Brno_1,2023-07-28,0,,2023,7,28,4
Brno_1,2023-07-29,0,,2023,7,29,5
Brno_1,2023-07-30,0,,2023,7,30,6
Brno_1,2023-07-31,0,,2023,7,31,0
Brno_1,2023-08-01,0,,2023,8,1,1
Brno_1,2023-08-02,0,,2023,8,2,2
Brno_1,2023-08-03,0,,2023,8,3,3
Brno_1,2023-08-04,0,,2023,8,4,4
Brno_1,2023-08-05,0,,2023,8,5,5
Brno_1,2023-08-06,0,,2023,8,6,6
Brno_1,2023-08-07,0,,2023,8,7,0
Brno_1,2023-08-08,0,,2023,8,8,1
Brno_1,2023-08-09,0,,2023,8,9,2
Brno_1,2023-08-10,0,,2023,8,10,3
Brno_1,2023-08-11,0,,2023,8,11,4
Brno_1,2023-08-12,0,,2023,8,12,5
Brno_1,2023-08-13,0,,2023,8,13,6
Brno_1,2023-08-14,0,,2023,8,14,0
Brno_1,2023-08-15,0,,2023,8,15,1
Brno_1,2023-08-16,0,,2023,8,16,2
Brno_1,2023-08-17,0,,2023,8,17,3
Brno_1,2023-08-18,0,,2023,8,18,4
Brno_1,2023-08-19,0,,2023,8,19,5
Brno_1,2023-08-20,0,,2023,8,20,6
Brno_1,2023-08-21,0,,2023,8,21,0
Brno_1,2023-08-22,0,,2023,8,22,1
Brno_1,2023-08-23,0,,2023,8,23,2
Brno_1,2023-08-24,0,,2023,8,24,3
Brno_1,2023-08-25,0,,2023,8,25,4
Brno_1,2023-08-26,0,,2023,8,26,5
Brno_1,2023-08-27,0,,2023,8,27,6
Brno_1,2023-08-28,0,,2023,8,28,0
Brno_1,2023-08-29,0,,2023,8,29,1
Brno_1,2023-08-30,0,,2023,8,30,2
Brno_1,2023-08-31,0,,2023,8,31,3
Brno_1,2023-09-01,0,,2023,9,1,4
Brno_1,2023-09-02,0,,2023,9,2,5
Brno_1,2023-09-03,0,,2023,9,3,6
Brno_1,2023-09-04,0,,2023,9,4,0
Brno_1,2023-09-05,0,,2023,9,5,1
Brno_1,2023-09-06,0,,2023,9,6,2
Brno_1,2023-09-07,0,,2023,9,7,3
Brno_1,2023-09-08,0,,2023,9,8,4
Brno_1,2023-09-09,0,,2023,9,9,5
Brno_1,2023-09-10,0,,2023,9,10,6
Brno_1,2023-09-11,0,,2023,9,11,0
Brno_1,2023-09-12,0,,2023,9,12,1
Brno_1,2023-09-13,0,,2023,9,13,2
Brno_1,2023-09-14,0,,2023,9,14,3
Brno_1,2023-09-15,0,,2023,9,15,4
Brno_1,2023-09-16,0,,2023,9,16,5
Brno_1,2023-09-17,0,,2023,9,17,6
Brno_1,2023-09-18,0,,2023,9,18,0
Brno_1,2023-09-19,0,,2023,9,19,1
Brno_1,2023-09-20,0,,2023,9,20,2
Brno_1,2023-09-21,0,,2023,9,21,3
Brno_1,2023-09-22,0,,2023,9,22,4
Brno_1,2023-09-23,0,,2023,9,23,5
Brno_1,2023-09-24,0,,2023,9,24,6
Brno_1,2023-09-25,0,,2023,9,25,0
Brno_1,2023-09-26,0,,2023,9,26,1
Brno_1,2023-09-27,0,,2023,9,27,2
Brno_1,2023-09-28,1,Den ceske statnosti,2023,9,28,3
Brno_1,2023-09-29,0,,2023,9,29,4
Brno_1,2023-09-30,0,,2023,9,30,5
Brno_1,2023-10-01,0,,2023,10,1,6
Brno_1,2023-10-02,0,,2023,10,2,0
Brno_1,2023-10-03,0,,2023,10,3,1
Brno_1,2023-10-04,0,,2023,10,4,2
Brno_1,2023-10-05,0,,2023,10,5,3
Brno_1,2023-10-06,0,,2023,10,6,4
Brno_1,2023-10-07,0,,2023,10,7,5
Brno_1,2023-10-08,0,,2023,10,8,6
Brno_1,2023-10-09,0,,2023,10,9,0
Brno_1,2023-10-10,0,,2023,10,10,1
Brno_1,2023-10-11,0,,2023,10,11,2
Brno_1,2023-10-12,0,,2023,10,12,3
Brno_1,2023-10-13,0,,2023,10,13,4
Brno_1,2023-10-14,0,,2023,10,14,5
Brno_1,2023-10-15,0,,2023,10,15,6
Brno_1,2023-10-16,0,,2023,10,16,0
Brno_1,2023-10-17,0,,2023,10,17,1
Brno_1,2023-10-18,0,,2023,10,18,2
Brno_1,2023-10-19,0,,2023,10,19,3
Brno_1,2023-10-20,0,,2023,10,20,4
Brno_1,2023-10-21,0,,2023,10,21,5
Brno_1,2023-10-22,0,,2023,10,22,6
Brno_1,2023-10-23,0,,2023,10,23,0
Brno_1,2023-10-24,0,,2023,10,24,1
Brno_1,2023-10-25,0,,2023,10,25,2
Brno_1,2023-10-26,0,,2023,10,26,3
Brno_1,2023-10-27,0,,2023,10,27,4
Brno_1,2023-10-28,1,Den vzniku samostatneho ceskoslovenskeho statu,2023,10,28,5
Brno_1,2023-10-29,0,,2023,10,29,6
Brno_1,2023-10-30,0,,2023,10,30,0
Brno_1,2023-10-31,0,,2023,10,31,1
Brno_1,2023-11-01,0,,2023,11,1,2
Brno_1,2023-11-02,0,,2023,11,2,3
Brno_1,2023-11-03,0,,2023,11,3,4
Brno_1,2023-11-04,0,,2023,11,4,5
Brno_1,2023-11-05,0,,2023,11,5,6
Brno_1,2023-11-06,0,,2023,11,6,0
Brno_1,2023-11-07,0,,2023,11,7,1
Brno_1,2023-11-08,0,,2023,11,8,2
Brno_1,2023-11-09,0,,2023,11,9,3
Brno_1,2023-11-10,0,,2023,11,10,4
Brno_1,2023-11-11,0,,2023,11,11,5
Brno_1,2023-11-12,0,,2023,11,12,6
Brno_1,2023-11-13,0,,2023,11,13,0
Brno_1,2023-11-14,0,,2023,11,14,1
Brno_1,2023-11-15,0,,2023,11,15,2
Brno_1,2023-11-16,0,,2023,11,16,3
Brno_1,2023-11-17,1,Den boje za svobodu a demokracii,2023,11,17,4
Brno_1,2023-11-18,0,,2023,11,18,5
Brno_1,2023-11-19,0,,2023,11,19,6
Brno_1,2023-11-20,0,,2023,11,20,0
Brno_1,2023-11-21,0,,2023,11,21,1
Brno_1,2023-11-22,0,,2023,11,22,2
Brno_1,2023-11-23,0,,2023,11,23,3
Brno_1,2023-11-24,0,,2023,11,24,4
Brno_1,2023-11-25,0,,2023,11,25,5
Brno_1,2023-11-26,0,,2023,11,26,6
Brno_1,2023-11-27,0,,2023,11,27,0
Brno_1,2023-11-28,0,,2023,11,28,1
Brno_1,2023-11-29,0,,2023,11,29,2
Brno_1,2023-11-30,0,,2023,11,30,3
Brno_1,2023-12-01,0,,2023,12,1,4
Brno_1,2023-12-02,0,,2023,12,2,5
Brno_1,2023-12-03,0,,2023,12,3,6
Brno_1,2023-12-04,0,,2023,12,4,0
Brno_1,2023-12-05,0,,2023,12,5,1
Brno_1,2023-12-06,0,,2023,12,6,2
Brno_1,2023-12-07,0,,2023,12,7,3
Brno_1,2023-12-08,0,,2023,12,8,4
Brno_1,2023-12-09,0,,2023,12,9,5
Brno_1,2023-12-10,0,,2023,12,10,6
Brno_1,2023-12-11,0,,2023,12,11,0
Brno_1,2023-12-12,0,,2023,12,12,1
Brno_1,2023-12-13,0,,2023,12,13,2
Brno_1,2023-12-14,0,,2023,12,14,3
Brno_1,2023-12-15,0,,2023,12,15,4
Brno_1,2023-12-16,0,,2023,12,16,5
Brno_1,2023-12-17,0,,2023,12,17,6
Brno_1,2023-12-18,0,,2023,12,18,0
Brno_1,2023-12-19,0,,2023,12,19,1
Brno_1,2023-12-20,0,,2023,12,20,2
Brno_1,2023-12-21,0,,2023,12,21,3
Brno_1,2023-12-22,0,,2023,12,22,4
Brno_1,2023-12-23,0,,2023,12,23,5
Brno_1,2023-12-24,1,Christmas Eve,2023,12,24,6
Brno_1,2023-12-25,1,1st Christmas Day,2023,12,25,0
Brno_1,2023-12-26,1,2nd Christmas Day,2023,12,26,1
Brno_1,2023-12-27,0,,2023,12,27,2
Brno_1,2023-12-28,0,,2023,12,28,3
Brno_1,2023-12-29,0,,2023,12,29,4
Brno_1,2023-12-30,0,,2023,12,30,5
Brno_1,2023-12-31,0,,2023,12,31,6
Brno_1,2024-01-01,1,New Years Day,2024,1,1,0
Brno_1,2024-01-02,0,,2024,1,2,1
Brno_1,2024-01-03,0,,2024,1,3,2
Brno_1,2024-01-04,0,,2024,1,4,3
Brno_1,2024-01-05,0,,2024,1,5,4
Brno_1,2024-01-06,0,,2024,1,6,5
Brno_1,2024-01-07,0,,2024,1,7,6
Brno_1,2024-01-08,0,,2024,1,8,0
Brno_1,2024-01-09,0,,2024,1,9,1
Brno_1,2024-01-10,0,,2024,1,10,2
Brno_1,2024-01-11,0,,2024,1,11,3
Brno_1,2024-01-12,0,,2024,1,12,4
Brno_1,2024-01-13,0,,2024,1,13,5
Brno_1,2024-01-14,0,,2024,1,14,6
Brno_1,2024-01-15,0,,2024,1,15,0
Brno_1,2024-01-16,0,,2024,1,16,1
Brno_1,2024-01-17,0,,2024,1,17,2
Brno_1,2024-01-18,0,,2024,1,18,3
Brno_1,2024-01-19,0,,2024,1,19,4
Brno_1,2024-01-20,0,,2024,1,20,5
Brno_1,2024-01-21,0,,2024,1,21,6
Brno_1,2024-01-22,0,,2024,1,22,0
Brno_1,2024-01-23,0,,2024,1,23,1
Brno_1,2024-01-24,0,,2024,1,24,2
Brno_1,2024-01-25,0,,2024,1,25,3
Brno_1,2024-01-26,0,,2024,1,26,4
Brno_1,2024-01-27,0,,2024,1,27,5
Brno_1,2024-01-28,0,,2024,1,28,6
Brno_1,2024-01-29,0,,2024,1,29,0
Brno_1,2024-01-30,0,,2024,1,30,1
Brno_1,2024-01-31,0,,2024,1,31,2
Brno_1,2024-02-01,0,,2024,2,1,3
Brno_1,2024-02-02,0,,2024,2,2,4
Brno_1,2024-02-03,0,,2024,2,3,5
Brno_1,2024-02-04,0,,2024,2,4,6
Brno_1,2024-02-05,0,,2024,2,5,0
Brno_1,2024-02-06,0,,2024,2,6,1
Brno_1,2024-02-07,0,,2024,2,7,2
Brno_1,2024-02-08,0,,2024,2,8,3
Brno_1,2024-02-09,0,,2024,2,9,4
Brno_1,2024-02-10,0,,2024,2,10,5
Brno_1,2024-02-11,0,,2024,2,11,6
Brno_1,2024-02-12,0,,2024,2,12,0
Brno_1,2024-02-13,0,,2024,2,13,1
Brno_1,2024-02-14,0,,2024,2,14,2
Brno_1,2024-02-15,0,,2024,2,15,3
Brno_1,2024-02-16,0,,2024,2,16,4
Brno_1,2024-02-17,0,,2024,2,17,5
Brno_1,2024-02-18,0,,2024,2,18,6
Brno_1,2024-02-19,0,,2024,2,19,0
Brno_1,2024-02-20,0,,2024,2,20,1
Brno_1,2024-02-21,0,,2024,2,21,2
Brno_1,2024-02-22,0,,2024,2,22,3
Brno_1,2024-02-23,0,,2024,2,23,4
Brno_1,2024-02-24,0,,2024,2,24,5
Brno_1,2024-02-25,0,,2024,2,25,6
Brno_1,2024-02-26,0,,2024,2,26,0
Brno_1,2024-02-27,0,,2024,2,27,1
Brno_1,2024-02-28,0,,2024,2,28,2
Brno_1,2024-02-29,0,,2024,2,29,3
Brno_1,2024-03-01,0,,2024,3,1,4
Brno_1,2024-03-02,0,,2024,3,2,5
Brno_1,2024-03-03,0,,2024,3,3,6
Brno_1,2024-03-04,0,,2024,3,4,0
Brno_1,2024-03-05,0,,2024,3,5,1
Brno_1,2024-03-06,0,,2024,3,6,2
Brno_1,2024-03-07,0,,2024,3,7,3
Brno_1,2024-03-08,1,International womens day,2024,3,8,4
Brno_1,2024-03-09,0,,2024,3,9,5
Brno_1,2024-03-10,0,,2024,3,10,6
Brno_1,2024-03-11,0,,2024,3,11,0
Brno_1,2024-03-12,0,,2024,3,12,1
Brno_1,2024-03-13,0,,2024,3,13,2
Brno_1,2024-03-14,0,,2024,3,14,3
Brno_1,2024-03-15,0,,2024,3,15,4
Brno_1,2024-03-16,0,,2024,3,16,5
Brno_1,2024-03-17,0,,2024,3,17,6
Brno_1,2024-03-18,0,,2024,3,18,0
Brno_1,2024-03-19,0,,2024,3,19,1
Brno_1,2024-03-20,0,,2024,3,20,2
Brno_1,2024-03-21,0,,2024,3,21,3
Brno_1,2024-03-22,0,,2024,3,22,4
Brno_1,2024-03-23,0,,2024,3,23,5
Brno_1,2024-03-24,0,,2024,3,24,6
Brno_1,2024-03-25,0,,2024,3,25,0
Brno_1,2024-03-26,0,,2024,3,26,1
Brno_1,2024-03-27,0,,2024,3,27,2
Brno_1,2024-03-28,0,,2024,3,28,3
Brno_1,2024-03-29,1,Good Friday,2024,3,29,4
Brno_1,2024-03-30,1,,2024,3,30,5
Brno_1,2024-03-31,1,Easter Day,2024,3,31,6
Brno_1,2024-04-01,1,Easter Monday,2024,4,1,0
Brno_1,2024-04-02,0,,2024,4,2,1
Brno_1,2024-04-03,0,,2024,4,3,2
Brno_1,2024-04-04,0,,2024,4,4,3
Brno_1,2024-04-05,0,,2024,4,5,4
Brno_1,2024-04-06,0,,2024,4,6,5
Brno_1,2024-04-07,1,Good Friday,2024,4,7,6
Brno_1,2024-04-08,1,Good Friday,2024,4,8,0
Brno_1,2024-04-09,1,Easter Day,2024,4,9,1
Brno_1,2024-04-10,1,Easter Monday,2024,4,10,2
Brno_1,2024-04-11,0,,2024,4,11,3
Brno_1,2024-04-12,0,,2024,4,12,4
Brno_1,2024-04-13,0,,2024,4,13,5
Brno_1,2024-04-14,0,,2024,4,14,6
Brno_1,2024-04-15,0,,2024,4,15,0
Brno_1,2024-04-16,0,,2024,4,16,1
Brno_1,2024-04-17,0,,2024,4,17,2
Brno_1,2024-04-18,0,,2024,4,18,3
Brno_1,2024-04-19,0,,2024,4,19,4
Brno_1,2024-04-20,0,,2024,4,20,5
Brno_1,2024-04-21,0,,2024,4,21,6
Brno_1,2024-04-22,0,,2024,4,22,0
Brno_1,2024-04-23,0,,2024,4,23,1
Brno_1,2024-04-24,0,,2024,4,24,2
Brno_1,2024-04-25,0,,2024,4,25,3
Brno_1,2024-04-26,0,,2024,4,26,4
Brno_1,2024-04-27,0,,2024,4,27,5
Brno_1,2024-04-28,0,,2024,4,28,6
Brno_1,2024-04-29,0,,2024,4,29,0
Brno_1,2024-04-30,0,,2024,4,30,1
Brno_1,2024-05-01,1,Labour Day,2024,5,1,2
Brno_1,2024-05-02,0,,2024,5,2,3
Brno_1,2024-05-03,0,,2024,5,3,4
Brno_1,2024-05-04,0,,2024,5,4,5
Brno_1,2024-05-05,0,,2024,5,5,6
Brno_1,2024-05-06,0,,2024,5,6,0
Brno_1,2024-05-07,0,,2024,5,7,1
Brno_1,2024-05-08,1,Den osvobozeni,2024,5,8,2
Brno_1,2024-05-09,0,,2024,5,9,3
Brno_1,2024-05-10,0,,2024,5,10,4
Brno_1,2024-05-11,0,,2024,5,11,5
Brno_1,2024-05-12,1,Mother's Day,2024,5,12,6
Brno_1,2024-05-13,0,,2024,5,13,0
Brno_1,2024-05-14,1,Mother's Day,2024,5,14,1
Brno_1,2024-05-15,0,,2024,5,15,2
Brno_1,2024-05-16,0,,2024,5,16,3
Brno_1,2024-05-17,0,,2024,5,17,4
Brno_1,2024-05-18,0,,2024,5,18,5
Brno_1,2024-05-19,0,,2024,5,19,6
Brno_1,2024-05-20,0,,2024,5,20,0
Brno_1,2024-05-21,0,,2024,5,21,1
Brno_1,2024-05-22,0,,2024,5,22,2
Brno_1,2024-05-23,0,,2024,5,23,3
Brno_1,2024-05-24,0,,2024,5,24,4
Brno_1,2024-05-25,0,,2024,5,25,5
Brno_1,2024-05-26,0,,2024,5,26,6
Brno_1,2024-05-27,0,,2024,5,27,0
Brno_1,2024-05-28,0,,2024,5,28,1
Brno_1,2024-05-29,0,,2024,5,29,2
Brno_1,2024-05-30,0,,2024,5,30,3
Brno_1,2024-05-31,0,,2024,5,31,4
Brno_1,2024-06-01,0,,2024,6,1,5
Brno_1,2024-06-02,0,,2024,6,2,6
Brno_1,2024-06-03,0,,2024,6,3,0
Brno_1,2024-06-04,0,,2024,6,4,1
Brno_1,2024-06-05,0,,2024,6,5,2
Brno_1,2024-06-06,0,,2024,6,6,3
Brno_1,2024-06-07,0,,2024,6,7,4
Brno_1,2024-06-08,0,,2024,6,8,5
Brno_1,2024-06-09,0,,2024,6,9,6
Brno_1,2024-06-10,0,,2024,6,10,0
Brno_1,2024-06-11,0,,2024,6,11,1
Brno_1,2024-06-12,0,,2024,6,12,2
Brno_1,2024-06-13,0,,2024,6,13,3
Brno_1,2024-06-14,0,,2024,6,14,4
Brno_1,2024-06-15,0,,2024,6,15,5
Brno_1,2024-06-16,0,,2024,6,16,6
Brno_1,2024-06-17,0,,2024,6,17,0
Brno_1,2024-06-18,0,,2024,6,18,1
Brno_1,2024-06-19,0,,2024,6,19,2
Brno_1,2024-06-20,0,,2024,6,20,3
Brno_1,2024-06-21,0,,2024,6,21,4
Brno_1,2024-06-22,0,,2024,6,22,5
Brno_1,2024-06-23,0,,2024,6,23,6
Brno_1,2024-06-24,0,,2024,6,24,0
Brno_1,2024-06-25,0,,2024,6,25,1
Brno_1,2024-06-26,0,,2024,6,26,2
Brno_1,2024-06-27,0,,2024,6,27,3
Brno_1,2024-06-28,0,,2024,6,28,4
Brno_1,2024-06-29,0,,2024,6,29,5
Brno_1,2024-06-30,0,,2024,6,30,6
Brno_1,2024-07-01,0,,2024,7,1,0
Brno_1,2024-07-02,0,,2024,7,2,1
Brno_1,2024-07-03,0,,2024,7,3,2
Brno_1,2024-07-04,0,,2024,7,4,3
Brno_1,2024-07-05,1,Cyrila a Metodej,2024,7,5,4
Brno_1,2024-07-06,1,Jan Hus,2024,7,6,5
Brno_1,2024-07-07,0,,2024,7,7,6
Brno_1,2024-07-08,0,,2024,7,8,0
Brno_1,2024-07-09,0,,2024,7,9,1
Brno_1,2024-07-10,0,,2024,7,10,2
Brno_1,2024-07-11,0,,2024,7,11,3
Brno_1,2024-07-12,0,,2024,7,12,4
Brno_1,2024-07-13,0,,2024,7,13,5
Brno_1,2024-07-14,0,,2024,7,14,6
Brno_1,2024-07-15,0,,2024,7,15,0
Brno_1,2024-07-16,0,,2024,7,16,1
Brno_1,2024-07-17,0,,2024,7,17,2
Brno_1,2024-07-18,0,,2024,7,18,3
Brno_1,2024-07-19,0,,2024,7,19,4
Brno_1,2024-07-20,0,,2024,7,20,5
Brno_1,2024-07-21,0,,2024,7,21,6
Brno_1,2024-07-22,0,,2024,7,22,0
Brno_1,2024-07-23,0,,2024,7,23,1
Brno_1,2024-07-24,0,,2024,7,24,2
Brno_1,2024-07-25,0,,2024,7,25,3
Brno_1,2024-07-26,0,,2024,7,26,4
Brno_1,2024-07-27,0,,2024,7,27,5
Brno_1,2024-07-28,0,,2024,7,28,6
Brno_1,2024-07-29,0,,2024,7,29,0
Brno_1,2024-07-30,0,,2024,7,30,1
Brno_1,2024-07-31,0,,2024,7,31,2
Brno_1,2024-08-01,0,,2024,8,1,3
Brno_1,2024-08-02,0,,2024,8,2,4
Brno_1,2024-08-03,0,,2024,8,3,5
Brno_1,2024-08-04,0,,2024,8,4,6
Brno_1,2024-08-05,0,,2024,8,5,0
Brno_1,2024-08-06,0,,2024,8,6,1
Brno_1,2024-08-07,0,,2024,8,7,2
Brno_1,2024-08-08,0,,2024,8,8,3
Brno_1,2024-08-09,0,,2024,8,9,4
Brno_1,2024-08-10,0,,2024,8,10,5
Brno_1,2024-08-11,0,,2024,8,11,6
Brno_1,2024-08-12,0,,2024,8,12,0
Brno_1,2024-08-13,0,,2024,8,13,1
Brno_1,2024-08-14,0,,2024,8,14,2
Brno_1,2024-08-15,0,,2024,8,15,3
Brno_1,2024-08-16,0,,2024,8,16,4
Brno_1,2024-08-17,0,,2024,8,17,5
Brno_1,2024-08-18,0,,2024,8,18,6
Brno_1,2024-08-19,0,,2024,8,19,0
Brno_1,2024-08-20,0,,2024,8,20,1
Brno_1,2024-08-21,0,,2024,8,21,2
Brno_1,2024-08-22,0,,2024,8,22,3
Brno_1,2024-08-23,0,,2024,8,23,4
Brno_1,2024-08-24,0,,2024,8,24,5
Brno_1,2024-08-25,0,,2024,8,25,6
Brno_1,2024-08-26,0,,2024,8,26,0
Brno_1,2024-08-27,0,,2024,8,27,1
Brno_1,2024-08-28,0,,2024,8,28,2
Brno_1,2024-08-29,0,,2024,8,29,3
Brno_1,2024-08-30,0,,2024,8,30,4
Brno_1,2024-08-31,0,,2024,8,31,5
Brno_1,2024-09-01,0,,2024,9,1,6
Brno_1,2024-09-02,0,,2024,9,2,0
Brno_1,2024-09-03,0,,2024,9,3,1
Brno_1,2024-09-04,0,,2024,9,4,2
Brno_1,2024-09-05,0,,2024,9,5,3
Brno_1,2024-09-06,0,,2024,9,6,4
Brno_1,2024-09-07,0,,2024,9,7,5
Brno_1,2024-09-08,0,,2024,9,8,6
Brno_1,2024-09-09,0,,2024,9,9,0
Brno_1,2024-09-10,0,,2024,9,10,1
Brno_1,2024-09-11,0,,2024,9,11,2
Brno_1,2024-09-12,0,,2024,9,12,3
Brno_1,2024-09-13,0,,2024,9,13,4
Brno_1,2024-09-14,0,,2024,9,14,5
Brno_1,2024-09-15,0,,2024,9,15,6
Brno_1,2024-09-16,0,,2024,9,16,0
Brno_1,2024-09-17,0,,2024,9,17,1
Brno_1,2024-09-18,0,,2024,9,18,2
Brno_1,2024-09-19,0,,2024,9,19,3
Brno_1,2024-09-20,0,,2024,9,20,4
Brno_1,2024-09-21,0,,2024,9,21,5
Brno_1,2024-09-22,0,,2024,9,22,6
Brno_1,2024-09-23,0,,2024,9,23,0
Brno_1,2024-09-24,0,,2024,9,24,1
Brno_1,2024-09-25,0,,2024,9,25,2
Brno_1,2024-09-26,0,,2024,9,26,3
Brno_1,2024-09-27,0,,2024,9,27,4
Brno_1,2024-09-28,1,Den ceske statnosti,2024,9,28,5
Brno_1,2024-09-29,0,,2024,9,29,6
Brno_1,2024-09-30,0,,2024,9,30,0
Brno_1,2024-10-01,0,,2024,10,1,1
Brno_1,2024-10-02,0,,2024,10,2,2
Brno_1,2024-10-03,0,,2024,10,3,3
Brno_1,2024-10-04,0,,2024,10,4,4
Brno_1,2024-10-05,0,,2024,10,5,5
Brno_1,2024-10-06,0,,2024,10,6,6
Brno_1,2024-10-07,0,,2024,10,7,0
Brno_1,2024-10-08,0,,2024,10,8,1
Brno_1,2024-10-09,0,,2024,10,9,2
Brno_1,2024-10-10,0,,2024,10,10,3
Brno_1,2024-10-11,0,,2024,10,11,4
Brno_1,2024-10-12,0,,2024,10,12,5
Brno_1,2024-10-13,0,,2024,10,13,6
Brno_1,2024-10-14,0,,2024,10,14,0
Brno_1,2024-10-15,0,,2024,10,15,1
Brno_1,2024-10-16,0,,2024,10,16,2
Brno_1,2024-10-17,0,,2024,10,17,3
Brno_1,2024-10-18,0,,2024,10,18,4
Brno_1,2024-10-19,0,,2024,10,19,5
Brno_1,2024-10-20,0,,2024,10,20,6
Brno_1,2024-10-21,0,,2024,10,21,0
Brno_1,2024-10-22,0,,2024,10,22,1
Brno_1,2024-10-23,0,,2024,10,23,2
Brno_1,2024-10-24,0,,2024,10,24,3
Brno_1,2024-10-25,0,,2024,10,25,4
Brno_1,2024-10-26,0,,2024,10,26,5
Brno_1,2024-10-27,0,,2024,10,27,6
Brno_1,2024-10-28,1,Den vzniku samostatneho ceskoslovenskeho statu,2024,10,28,0
Brno_1,2024-10-29,0,,2024,10,29,1
Brno_1,2024-10-30,0,,2024,10,30,2
Brno_1,2024-10-31,0,,2024,10,31,3
Brno_1,2024-11-01,0,,2024,11,1,4
Brno_1,2024-11-02,0,,2024,11,2,5
Brno_1,2024-11-03,0,,2024,11,3,6
Brno_1,2024-11-04,0,,2024,11,4,0
Brno_1,2024-11-05,0,,2024,11,5,1
Brno_1,2024-11-06,0,,2024,11,6,2
Brno_1,2024-11-07,0,,2024,11,7,3
Brno_1,2024-11-08,0,,2024,11,8,4
Brno_1,2024-11-09,0,,2024,11,9,5
Brno_1,2024-11-10,0,,2024,11,10,6
Brno_1,2024-11-11,0,,2024,11,11,0
Brno_1,2024-11-12,0,,2024,11,12,1
Brno_1,2024-11-13,0,,2024,11,13,2
Brno_1,2024-11-14,0,,2024,11,14,3
Brno_1,2024-11-15,0,,2024,11,15,4
Brno_1,2024-11-16,0,,2024,11,16,5
Brno_1,2024-11-17,1,Den boje za svobodu a demokracii,2024,11,17,6
Brno_1,2024-11-18,0,,2024,11,18,0
Brno_1,2024-11-19,0,,2024,11,19,1
Brno_1,2024-11-20,0,,2024,11,20,2
Brno_1,2024-11-21,0,,2024,11,21,3
Brno_1,2024-11-22,0,,2024,11,22,4
Brno_1,2024-11-23,0,,2024,11,23,5
Brno_1,2024-11-24,0,,2024,11,24,6
Brno_1,2024-11-25,0,,2024,11,25,0
Brno_1,2024-11-26,0,,2024,11,26,1
Brno_1,2024-11-27,0,,2024,11,27,2
Brno_1,2024-11-28,0,,2024,11,28,3
Brno_1,2024-11-29,0,,2024,11,29,4
Brno_1,2024-11-30,0,,2024,11,30,5
Brno_1,2024-12-01,0,,2024,12,1,6
Brno_1,2024-12-02,0,,2024,12,2,0
Brno_1,2024-12-03,0,,2024,12,3,1
Brno_1,2024-12-04,0,,2024,12,4,2
Brno_1,2024-12-05,0,,2024,12,5,3
Brno_1,2024-12-06,0,,2024,12,6,4
Brno_1,2024-12-07,0,,2024,12,7,5
Brno_1,2024-12-08,0,,2024,12,8,6
Brno_1,2024-12-09,0,,2024,12,9,0
Brno_1,2024-12-10,0,,2024,12,10,1
Brno_1,2024-12-11,0,,2024,12,11,2
Brno_1,2024-12-12,0,,2024,12,12,3
Brno_1,2024-12-13,0,,2024,12,13,4
Brno_1,2024-12-14,0,,2024,12,14,5
Brno_1,2024-12-15,0,,2024,12,15,6
Brno_1,2024-12-16,0,,2024,12,16,0
Brno_1,2024-12-17,0,,2024,12,17,1
Brno_1,2024-12-18,0,,2024,12,18,2
Brno_1,2024-12-19,0,,2024,12,19,3
Brno_1,2024-12-20,0,,2024,12,20,4
Brno_1,2024-12-21,0,,2024,12,21,5
Brno_1,2024-12-22,0,,2024,12,22,6
Brno_1,2024-12-23,0,,2024,12,23,0
Brno_1,2024-12-24,1,Christmas Eve,2024,12,24,1
Brno_1,2024-12-25,1,1st Christmas Day,2024,12,25,2
Brno_1,2024-12-26,1,2nd Christmas Day,2024,12,26,3
Brno_1,2024-12-27,0,,2024,12,27,4
Brno_1,2024-12-28,0,,2024,12,28,5
Brno_1,2024-12-29,0,,2024,12,29,6
Brno_1,2024-12-30,0,,2024,12,30,0
Brno_1,2024-12-31,0,,2024,12,31,1
Budapest_1,2016-01-01,1,New Years Day,2016,1,1,4
Budapest_1,2016-01-02,0,,2016,1,2,5
Budapest_1,2016-01-03,0,,2016,1,3,6
Budapest_1,2016-01-04,0,,2016,1,4,0
Budapest_1,2016-01-05,0,,2016,1,5,1
Budapest_1,2016-01-06,0,,2016,1,6,2
Budapest_1,2016-01-07,0,,2016,1,7,3
Budapest_1,2016-01-08,0,,2016,1,8,4
Budapest_1,2016-01-09,0,,2016,1,9,5
Budapest_1,2016-01-10,0,,2016,1,10,6
Budapest_1,2016-01-11,0,,2016,1,11,0
Budapest_1,2016-01-12,0,,2016,1,12,1
Budapest_1,2016-01-13,0,,2016,1,13,2
Budapest_1,2016-01-14,0,,2016,1,14,3
Budapest_1,2016-01-15,0,,2016,1,15,4
Budapest_1,2016-01-16,0,,2016,1,16,5
Budapest_1,2016-01-17,0,,2016,1,17,6
Budapest_1,2016-01-18,0,,2016,1,18,0
Budapest_1,2016-01-19,0,,2016,1,19,1
Budapest_1,2016-01-20,0,,2016,1,20,2
Budapest_1,2016-01-21,0,,2016,1,21,3
Budapest_1,2016-01-22,0,,2016,1,22,4
Budapest_1,2016-01-23,0,,2016,1,23,5
Budapest_1,2016-01-24,0,,2016,1,24,6
Budapest_1,2016-01-25,0,,2016,1,25,0
Budapest_1,2016-01-26,0,,2016,1,26,1
Budapest_1,2016-01-27,0,,2016,1,27,2
Budapest_1,2016-01-28,0,,2016,1,28,3
Budapest_1,2016-01-29,0,,2016,1,29,4
Budapest_1,2016-01-30,0,,2016,1,30,5
Budapest_1,2016-01-31,0,,2016,1,31,6
Budapest_1,2016-02-01,1,Memorial Day of the Republic,2016,2,1,0
Budapest_1,2016-02-02,0,,2016,2,2,1
Budapest_1,2016-02-03,0,,2016,2,3,2
Budapest_1,2016-02-04,0,,2016,2,4,3
Budapest_1,2016-02-05,0,,2016,2,5,4
Budapest_1,2016-02-06,0,,2016,2,6,5
Budapest_1,2016-02-07,0,,2016,2,7,6
Budapest_1,2016-02-08,0,,2016,2,8,0
Budapest_1,2016-02-09,0,,2016,2,9,1
Budapest_1,2016-02-10,0,,2016,2,10,2
Budapest_1,2016-02-11,0,,2016,2,11,3
Budapest_1,2016-02-12,0,,2016,2,12,4
Budapest_1,2016-02-13,0,,2016,2,13,5
Budapest_1,2016-02-14,0,,2016,2,14,6
Budapest_1,2016-02-15,0,,2016,2,15,0
Budapest_1,2016-02-16,0,,2016,2,16,1
Budapest_1,2016-02-17,0,,2016,2,17,2
Budapest_1,2016-02-18,0,,2016,2,18,3
Budapest_1,2016-02-19,0,,2016,2,19,4
Budapest_1,2016-02-20,0,,2016,2,20,5
Budapest_1,2016-02-21,0,,2016,2,21,6
Budapest_1,2016-02-22,0,,2016,2,22,0
Budapest_1,2016-02-23,0,,2016,2,23,1
Budapest_1,2016-02-24,0,,2016,2,24,2
Budapest_1,2016-02-25,1,Memorial Day for the Victims of the Communist Dictatorships,2016,2,25,3
Budapest_1,2016-02-26,0,,2016,2,26,4
Budapest_1,2016-02-27,0,,2016,2,27,5
Budapest_1,2016-02-28,0,,2016,2,28,6
Budapest_1,2016-02-29,0,,2016,2,29,0
Budapest_1,2016-03-01,0,,2016,3,1,1
Budapest_1,2016-03-02,0,,2016,3,2,2
Budapest_1,2016-03-03,0,,2016,3,3,3
Budapest_1,2016-03-04,0,,2016,3,4,4
Budapest_1,2016-03-05,0,,2016,3,5,5
Budapest_1,2016-03-06,0,,2016,3,6,6
Budapest_1,2016-03-07,0,,2016,3,7,0
Budapest_1,2016-03-08,1,International womens day,2016,3,8,1
Budapest_1,2016-03-09,0,,2016,3,9,2
Budapest_1,2016-03-10,0,,2016,3,10,3
Budapest_1,2016-03-11,0,,2016,3,11,4
Budapest_1,2016-03-12,0,,2016,3,12,5
Budapest_1,2016-03-13,0,,2016,3,13,6
Budapest_1,2016-03-14,0,,2016,3,14,0
Budapest_1,2016-03-15,1,Memorial Day for the Victims of the Holocaust,2016,3,15,1
Budapest_1,2016-03-16,0,,2016,3,16,2
Budapest_1,2016-03-17,0,,2016,3,17,3
Budapest_1,2016-03-18,0,,2016,3,18,4
Budapest_1,2016-03-19,0,,2016,3,19,5
Budapest_1,2016-03-20,0,,2016,3,20,6
Budapest_1,2016-03-21,0,,2016,3,21,0
Budapest_1,2016-03-22,0,,2016,3,22,1
Budapest_1,2016-03-23,0,,2016,3,23,2
Budapest_1,2016-03-24,0,,2016,3,24,3
Budapest_1,2016-03-25,1,Good Friday,2016,3,25,4
Budapest_1,2016-03-26,1,,2016,3,26,5
Budapest_1,2016-03-27,1,Easter Day,2016,3,27,6
Budapest_1,2016-03-28,1,Easter Monday,2016,3,28,0
Budapest_1,2016-03-29,0,,2016,3,29,1
Budapest_1,2016-03-30,0,,2016,3,30,2
Budapest_1,2016-03-31,0,,2016,3,31,3
Budapest_1,2016-04-01,0,,2016,4,1,4
Budapest_1,2016-04-02,0,,2016,4,2,5
Budapest_1,2016-04-03,0,,2016,4,3,6
Budapest_1,2016-04-04,0,,2016,4,4,0
Budapest_1,2016-04-05,0,,2016,4,5,1
Budapest_1,2016-04-06,0,,2016,4,6,2
Budapest_1,2016-04-07,0,,2016,4,7,3
Budapest_1,2016-04-08,0,,2016,4,8,4
Budapest_1,2016-04-09,0,,2016,4,9,5
Budapest_1,2016-04-10,0,,2016,4,10,6
Budapest_1,2016-04-11,0,,2016,4,11,0
Budapest_1,2016-04-12,0,,2016,4,12,1
Budapest_1,2016-04-13,0,,2016,4,13,2
Budapest_1,2016-04-14,0,,2016,4,14,3
Budapest_1,2016-04-15,0,,2016,4,15,4
Budapest_1,2016-04-16,1,Memorial Day for the Victims of the Holocaust,2016,4,16,5
Budapest_1,2016-04-17,0,,2016,4,17,6
Budapest_1,2016-04-18,0,,2016,4,18,0
Budapest_1,2016-04-19,0,,2016,4,19,1
Budapest_1,2016-04-20,0,,2016,4,20,2
Budapest_1,2016-04-21,0,,2016,4,21,3
Budapest_1,2016-04-22,0,,2016,4,22,4
Budapest_1,2016-04-23,0,,2016,4,23,5
Budapest_1,2016-04-24,0,,2016,4,24,6
Budapest_1,2016-04-25,0,,2016,4,25,0
Budapest_1,2016-04-26,0,,2016,4,26,1
Budapest_1,2016-04-27,0,,2016,4,27,2
Budapest_1,2016-04-28,0,,2016,4,28,3
Budapest_1,2016-04-29,0,,2016,4,29,4
Budapest_1,2016-04-30,0,,2016,4,30,5
Budapest_1,2016-05-01,1,Labour Day,2016,5,1,6
Budapest_1,2016-05-02,0,,2016,5,2,0
Budapest_1,2016-05-03,0,,2016,5,3,1
Budapest_1,2016-05-04,0,,2016,5,4,2
Budapest_1,2016-05-05,0,,2016,5,5,3
Budapest_1,2016-05-06,0,,2016,5,6,4
Budapest_1,2016-05-07,0,,2016,5,7,5
Budapest_1,2016-05-08,1,Mother's Day,2016,5,8,6
Budapest_1,2016-05-09,0,,2016,5,9,0
Budapest_1,2016-05-10,0,,2016,5,10,1
Budapest_1,2016-05-11,0,,2016,5,11,2
Budapest_1,2016-05-12,0,,2016,5,12,3
Budapest_1,2016-05-13,0,,2016,5,13,4
Budapest_1,2016-05-14,0,,2016,5,14,5
Budapest_1,2016-05-15,1,Whit sunday,2016,5,15,6
Budapest_1,2016-05-16,1,Whit monday,2016,5,16,0
Budapest_1,2016-05-17,0,,2016,5,17,1
Budapest_1,2016-05-18,0,,2016,5,18,2
Budapest_1,2016-05-19,0,,2016,5,19,3
Budapest_1,2016-05-20,0,,2016,5,20,4
Budapest_1,2016-05-21,1,National Defense Day,2016,5,21,5
Budapest_1,2016-05-22,0,,2016,5,22,6
Budapest_1,2016-05-23,0,,2016,5,23,0
Budapest_1,2016-05-24,0,,2016,5,24,1
Budapest_1,2016-05-25,0,,2016,5,25,2
Budapest_1,2016-05-26,0,,2016,5,26,3
Budapest_1,2016-05-27,0,,2016,5,27,4
Budapest_1,2016-05-28,0,,2016,5,28,5
Budapest_1,2016-05-29,0,,2016,5,29,6
Budapest_1,2016-05-30,0,,2016,5,30,0
Budapest_1,2016-05-31,0,,2016,5,31,1
Budapest_1,2016-06-01,0,,2016,6,1,2
Budapest_1,2016-06-02,0,,2016,6,2,3
Budapest_1,2016-06-03,0,,2016,6,3,4
Budapest_1,2016-06-04,1,Day of National Unity,2016,6,4,5
Budapest_1,2016-06-05,0,,2016,6,5,6
Budapest_1,2016-06-06,0,,2016,6,6,0
Budapest_1,2016-06-07,0,,2016,6,7,1
Budapest_1,2016-06-08,0,,2016,6,8,2
Budapest_1,2016-06-09,0,,2016,6,9,3
Budapest_1,2016-06-10,0,,2016,6,10,4
Budapest_1,2016-06-11,0,,2016,6,11,5
Budapest_1,2016-06-12,0,,2016,6,12,6
Budapest_1,2016-06-13,0,,2016,6,13,0
Budapest_1,2016-06-14,0,,2016,6,14,1
Budapest_1,2016-06-15,0,,2016,6,15,2
Budapest_1,2016-06-16,0,,2016,6,16,3
Budapest_1,2016-06-17,0,,2016,6,17,4
Budapest_1,2016-06-18,0,,2016,6,18,5
Budapest_1,2016-06-19,1,Independent Hungary Day,2016,6,19,6
Budapest_1,2016-06-20,0,,2016,6,20,0
Budapest_1,2016-06-21,0,,2016,6,21,1
Budapest_1,2016-06-22,0,,2016,6,22,2
Budapest_1,2016-06-23,0,,2016,6,23,3
Budapest_1,2016-06-24,0,,2016,6,24,4
Budapest_1,2016-06-25,0,,2016,6,25,5
Budapest_1,2016-06-26,0,,2016,6,26,6
Budapest_1,2016-06-27,0,,2016,6,27,0
Budapest_1,2016-06-28,0,,2016,6,28,1
Budapest_1,2016-06-29,0,,2016,6,29,2
Budapest_1,2016-06-30,0,,2016,6,30,3
Budapest_1,2016-07-01,0,,2016,7,1,4
Budapest_1,2016-07-02,0,,2016,7,2,5
Budapest_1,2016-07-03,0,,2016,7,3,6
Budapest_1,2016-07-04,0,,2016,7,4,0
Budapest_1,2016-07-05,0,,2016,7,5,1
Budapest_1,2016-07-06,0,,2016,7,6,2
Budapest_1,2016-07-07,0,,2016,7,7,3
Budapest_1,2016-07-08,0,,2016,7,8,4
Budapest_1,2016-07-09,0,,2016,7,9,5
Budapest_1,2016-07-10,0,,2016,7,10,6
Budapest_1,2016-07-11,0,,2016,7,11,0
Budapest_1,2016-07-12,0,,2016,7,12,1
Budapest_1,2016-07-13,0,,2016,7,13,2
Budapest_1,2016-07-14,0,,2016,7,14,3
Budapest_1,2016-07-15,0,,2016,7,15,4
Budapest_1,2016-07-16,0,,2016,7,16,5
Budapest_1,2016-07-17,0,,2016,7,17,6
Budapest_1,2016-07-18,0,,2016,7,18,0
Budapest_1,2016-07-19,0,,2016,7,19,1
Budapest_1,2016-07-20,0,,2016,7,20,2
Budapest_1,2016-07-21,0,,2016,7,21,3
Budapest_1,2016-07-22,0,,2016,7,22,4
Budapest_1,2016-07-23,0,,2016,7,23,5
Budapest_1,2016-07-24,0,,2016,7,24,6
Budapest_1,2016-07-25,0,,2016,7,25,0
Budapest_1,2016-07-26,0,,2016,7,26,1
Budapest_1,2016-07-27,0,,2016,7,27,2
Budapest_1,2016-07-28,0,,2016,7,28,3
Budapest_1,2016-07-29,0,,2016,7,29,4
Budapest_1,2016-07-30,0,,2016,7,30,5
Budapest_1,2016-07-31,0,,2016,7,31,6
Budapest_1,2016-08-01,0,,2016,8,1,0
Budapest_1,2016-08-02,0,,2016,8,2,1
Budapest_1,2016-08-03,0,,2016,8,3,2
Budapest_1,2016-08-04,0,,2016,8,4,3
Budapest_1,2016-08-05,0,,2016,8,5,4
Budapest_1,2016-08-06,0,,2016,8,6,5
Budapest_1,2016-08-07,0,,2016,8,7,6
Budapest_1,2016-08-08,0,,2016,8,8,0
Budapest_1,2016-08-09,0,,2016,8,9,1
Budapest_1,2016-08-10,0,,2016,8,10,2
Budapest_1,2016-08-11,0,,2016,8,11,3
Budapest_1,2016-08-12,0,,2016,8,12,4
Budapest_1,2016-08-13,0,,2016,8,13,5
Budapest_1,2016-08-14,0,,2016,8,14,6
Budapest_1,2016-08-15,0,,2016,8,15,0
Budapest_1,2016-08-16,0,,2016,8,16,1
Budapest_1,2016-08-17,0,,2016,8,17,2
Budapest_1,2016-08-18,0,,2016,8,18,3
Budapest_1,2016-08-19,0,,2016,8,19,4
Budapest_1,2016-08-20,1,State Foundation Day,2016,8,20,5
Budapest_1,2016-08-21,0,,2016,8,21,6
Budapest_1,2016-08-22,0,,2016,8,22,0
Budapest_1,2016-08-23,0,,2016,8,23,1
Budapest_1,2016-08-24,0,,2016,8,24,2
Budapest_1,2016-08-25,0,,2016,8,25,3
Budapest_1,2016-08-26,0,,2016,8,26,4
Budapest_1,2016-08-27,0,,2016,8,27,5
Budapest_1,2016-08-28,0,,2016,8,28,6
Budapest_1,2016-08-29,0,,2016,8,29,0
Budapest_1,2016-08-30,0,,2016,8,30,1
Budapest_1,2016-08-31,0,,2016,8,31,2
Budapest_1,2016-09-01,0,,2016,9,1,3
Budapest_1,2016-09-02,0,,2016,9,2,4
Budapest_1,2016-09-03,0,,2016,9,3,5
Budapest_1,2016-09-04,0,,2016,9,4,6
Budapest_1,2016-09-05,0,,2016,9,5,0
Budapest_1,2016-09-06,0,,2016,9,6,1
Budapest_1,2016-09-07,0,,2016,9,7,2
Budapest_1,2016-09-08,0,,2016,9,8,3
Budapest_1,2016-09-09,0,,2016,9,9,4
Budapest_1,2016-09-10,0,,2016,9,10,5
Budapest_1,2016-09-11,0,,2016,9,11,6
Budapest_1,2016-09-12,0,,2016,9,12,0
Budapest_1,2016-09-13,0,,2016,9,13,1
Budapest_1,2016-09-14,0,,2016,9,14,2
Budapest_1,2016-09-15,0,,2016,9,15,3
Budapest_1,2016-09-16,0,,2016,9,16,4
Budapest_1,2016-09-17,0,,2016,9,17,5
Budapest_1,2016-09-18,0,,2016,9,18,6
Budapest_1,2016-09-19,0,,2016,9,19,0
Budapest_1,2016-09-20,0,,2016,9,20,1
Budapest_1,2016-09-21,0,,2016,9,21,2
Budapest_1,2016-09-22,0,,2016,9,22,3
Budapest_1,2016-09-23,0,,2016,9,23,4
Budapest_1,2016-09-24,0,,2016,9,24,5
Budapest_1,2016-09-25,0,,2016,9,25,6
Budapest_1,2016-09-26,0,,2016,9,26,0
Budapest_1,2016-09-27,0,,2016,9,27,1
Budapest_1,2016-09-28,0,,2016,9,28,2
Budapest_1,2016-09-29,0,,2016,9,29,3
Budapest_1,2016-09-30,0,,2016,9,30,4
Budapest_1,2016-10-01,0,,2016,10,1,5
Budapest_1,2016-10-02,0,,2016,10,2,6
Budapest_1,2016-10-03,0,,2016,10,3,0
Budapest_1,2016-10-04,0,,2016,10,4,1
Budapest_1,2016-10-05,0,,2016,10,5,2
Budapest_1,2016-10-06,1,Memorial Day for the Martyrs of Arad,2016,10,6,3
Budapest_1,2016-10-07,0,,2016,10,7,4
Budapest_1,2016-10-08,0,,2016,10,8,5
Budapest_1,2016-10-09,0,,2016,10,9,6
Budapest_1,2016-10-10,0,,2016,10,10,0
Budapest_1,2016-10-11,0,,2016,10,11,1
Budapest_1,2016-10-12,0,,2016,10,12,2
Budapest_1,2016-10-13,0,,2016,10,13,3
Budapest_1,2016-10-14,0,,2016,10,14,4
Budapest_1,2016-10-15,0,,2016,10,15,5
Budapest_1,2016-10-16,0,,2016,10,16,6
Budapest_1,2016-10-17,0,,2016,10,17,0
Budapest_1,2016-10-18,0,,2016,10,18,1
Budapest_1,2016-10-19,0,,2016,10,19,2
Budapest_1,2016-10-20,0,,2016,10,20,3
Budapest_1,2016-10-21,0,,2016,10,21,4
Budapest_1,2016-10-22,0,,2016,10,22,5
Budapest_1,2016-10-23,1,Memorial day of the 1956 Revolution,2016,10,23,6
Budapest_1,2016-10-24,0,,2016,10,24,0
Budapest_1,2016-10-25,0,,2016,10,25,1
Budapest_1,2016-10-26,0,,2016,10,26,2
Budapest_1,2016-10-27,0,,2016,10,27,3
Budapest_1,2016-10-28,0,,2016,10,28,4
Budapest_1,2016-10-29,0,,2016,10,29,5
Budapest_1,2016-10-30,0,,2016,10,30,6
Budapest_1,2016-10-31,0,,2016,10,31,0
Budapest_1,2016-11-01,1,All Saints Day,2016,11,1,1
Budapest_1,2016-11-02,0,,2016,11,2,2
Budapest_1,2016-11-03,0,,2016,11,3,3
Budapest_1,2016-11-04,0,,2016,11,4,4
Budapest_1,2016-11-05,0,,2016,11,5,5
Budapest_1,2016-11-06,0,,2016,11,6,6
Budapest_1,2016-11-07,0,,2016,11,7,0
Budapest_1,2016-11-08,0,,2016,11,8,1
Budapest_1,2016-11-09,0,,2016,11,9,2
Budapest_1,2016-11-10,0,,2016,11,10,3
Budapest_1,2016-11-11,0,,2016,11,11,4
Budapest_1,2016-11-12,0,,2016,11,12,5
Budapest_1,2016-11-13,0,,2016,11,13,6
Budapest_1,2016-11-14,0,,2016,11,14,0
Budapest_1,2016-11-15,0,,2016,11,15,1
Budapest_1,2016-11-16,0,,2016,11,16,2
Budapest_1,2016-11-17,0,,2016,11,17,3
Budapest_1,2016-11-18,0,,2016,11,18,4
Budapest_1,2016-11-19,0,,2016,11,19,5
Budapest_1,2016-11-20,0,,2016,11,20,6
Budapest_1,2016-11-21,0,,2016,11,21,0
Budapest_1,2016-11-22,0,,2016,11,22,1
Budapest_1,2016-11-23,0,,2016,11,23,2
Budapest_1,2016-11-24,0,,2016,11,24,3
Budapest_1,2016-11-25,0,,2016,11,25,4
Budapest_1,2016-11-26,0,,2016,11,26,5
Budapest_1,2016-11-27,0,,2016,11,27,6
Budapest_1,2016-11-28,0,,2016,11,28,0
Budapest_1,2016-11-29,0,,2016,11,29,1
Budapest_1,2016-11-30,0,,2016,11,30,2
Budapest_1,2016-12-01,0,,2016,12,1,3
Budapest_1,2016-12-02,0,,2016,12,2,4
Budapest_1,2016-12-03,0,,2016,12,3,5
Budapest_1,2016-12-04,0,,2016,12,4,6
Budapest_1,2016-12-05,0,,2016,12,5,0
Budapest_1,2016-12-06,0,,2016,12,6,1
Budapest_1,2016-12-07,0,,2016,12,7,2
Budapest_1,2016-12-08,0,,2016,12,8,3
Budapest_1,2016-12-09,0,,2016,12,9,4
Budapest_1,2016-12-10,0,,2016,12,10,5
Budapest_1,2016-12-11,0,,2016,12,11,6
Budapest_1,2016-12-12,0,,2016,12,12,0
Budapest_1,2016-12-13,0,,2016,12,13,1
Budapest_1,2016-12-14,0,,2016,12,14,2
Budapest_1,2016-12-15,0,,2016,12,15,3
Budapest_1,2016-12-16,0,,2016,12,16,4
Budapest_1,2016-12-17,0,,2016,12,17,5
Budapest_1,2016-12-18,0,,2016,12,18,6
Budapest_1,2016-12-19,0,,2016,12,19,0
Budapest_1,2016-12-20,0,,2016,12,20,1
Budapest_1,2016-12-21,0,,2016,12,21,2
Budapest_1,2016-12-22,0,,2016,12,22,3
Budapest_1,2016-12-23,0,,2016,12,23,4
Budapest_1,2016-12-24,1,Christmas Eve,2016,12,24,5
Budapest_1,2016-12-25,1,1st Christmas Day,2016,12,25,6
Budapest_1,2016-12-26,1,2nd Christmas Day,2016,12,26,0
Budapest_1,2016-12-27,0,,2016,12,27,1
Budapest_1,2016-12-28,0,,2016,12,28,2
Budapest_1,2016-12-29,0,,2016,12,29,3
Budapest_1,2016-12-30,0,,2016,12,30,4
Budapest_1,2016-12-31,0,,2016,12,31,5
Budapest_1,2017-01-01,1,New Years Day,2017,1,1,6
Budapest_1,2017-01-02,0,,2017,1,2,0
Budapest_1,2017-01-03,0,,2017,1,3,1
Budapest_1,2017-01-04,0,,2017,1,4,2
Budapest_1,2017-01-05,0,,2017,1,5,3
Budapest_1,2017-01-06,0,,2017,1,6,4
Budapest_1,2017-01-07,0,,2017,1,7,5
Budapest_1,2017-01-08,0,,2017,1,8,6
Budapest_1,2017-01-09,0,,2017,1,9,0
Budapest_1,2017-01-10,0,,2017,1,10,1
Budapest_1,2017-01-11,0,,2017,1,11,2
Budapest_1,2017-01-12,0,,2017,1,12,3
Budapest_1,2017-01-13,0,,2017,1,13,4
Budapest_1,2017-01-14,0,,2017,1,14,5
Budapest_1,2017-01-15,0,,2017,1,15,6
Budapest_1,2017-01-16,0,,2017,1,16,0
Budapest_1,2017-01-17,0,,2017,1,17,1
Budapest_1,2017-01-18,0,,2017,1,18,2
Budapest_1,2017-01-19,0,,2017,1,19,3
Budapest_1,2017-01-20,0,,2017,1,20,4
Budapest_1,2017-01-21,0,,2017,1,21,5
Budapest_1,2017-01-22,0,,2017,1,22,6
Budapest_1,2017-01-23,0,,2017,1,23,0
Budapest_1,2017-01-24,0,,2017,1,24,1
Budapest_1,2017-01-25,0,,2017,1,25,2
Budapest_1,2017-01-26,0,,2017,1,26,3
Budapest_1,2017-01-27,0,,2017,1,27,4
Budapest_1,2017-01-28,0,,2017,1,28,5
Budapest_1,2017-01-29,0,,2017,1,29,6
Budapest_1,2017-01-30,0,,2017,1,30,0
Budapest_1,2017-01-31,0,,2017,1,31,1
Budapest_1,2017-02-01,1,Memorial Day of the Republic,2017,2,1,2
Budapest_1,2017-02-02,0,,2017,2,2,3
Budapest_1,2017-02-03,0,,2017,2,3,4
Budapest_1,2017-02-04,0,,2017,2,4,5
Budapest_1,2017-02-05,0,,2017,2,5,6
Budapest_1,2017-02-06,0,,2017,2,6,0
Budapest_1,2017-02-07,0,,2017,2,7,1
Budapest_1,2017-02-08,0,,2017,2,8,2
Budapest_1,2017-02-09,0,,2017,2,9,3
Budapest_1,2017-02-10,0,,2017,2,10,4
Budapest_1,2017-02-11,0,,2017,2,11,5
Budapest_1,2017-02-12,0,,2017,2,12,6
Budapest_1,2017-02-13,0,,2017,2,13,0
Budapest_1,2017-02-14,0,,2017,2,14,1
Budapest_1,2017-02-15,0,,2017,2,15,2
Budapest_1,2017-02-16,0,,2017,2,16,3
Budapest_1,2017-02-17,0,,2017,2,17,4
Budapest_1,2017-02-18,0,,2017,2,18,5
Budapest_1,2017-02-19,0,,2017,2,19,6
Budapest_1,2017-02-20,0,,2017,2,20,0
Budapest_1,2017-02-21,0,,2017,2,21,1
Budapest_1,2017-02-22,0,,2017,2,22,2
Budapest_1,2017-02-23,0,,2017,2,23,3
Budapest_1,2017-02-24,0,,2017,2,24,4
Budapest_1,2017-02-25,1,Memorial Day for the Victims of the Communist Dictatorships,2017,2,25,5
Budapest_1,2017-02-26,0,,2017,2,26,6
Budapest_1,2017-02-27,0,,2017,2,27,0
Budapest_1,2017-02-28,0,,2017,2,28,1
Budapest_1,2017-03-01,0,,2017,3,1,2
Budapest_1,2017-03-02,0,,2017,3,2,3
Budapest_1,2017-03-03,0,,2017,3,3,4
Budapest_1,2017-03-04,0,,2017,3,4,5
Budapest_1,2017-03-05,0,,2017,3,5,6
Budapest_1,2017-03-06,0,,2017,3,6,0
Budapest_1,2017-03-07,0,,2017,3,7,1
Budapest_1,2017-03-08,1,International womens day,2017,3,8,2
Budapest_1,2017-03-09,0,,2017,3,9,3
Budapest_1,2017-03-10,0,,2017,3,10,4
Budapest_1,2017-03-11,0,,2017,3,11,5
Budapest_1,2017-03-12,0,,2017,3,12,6
Budapest_1,2017-03-13,0,,2017,3,13,0
Budapest_1,2017-03-14,0,,2017,3,14,1
Budapest_1,2017-03-15,1,Memorial Day for the Victims of the Holocaust,2017,3,15,2
Budapest_1,2017-03-16,0,,2017,3,16,3
Budapest_1,2017-03-17,0,,2017,3,17,4
Budapest_1,2017-03-18,0,,2017,3,18,5
Budapest_1,2017-03-19,0,,2017,3,19,6
Budapest_1,2017-03-20,0,,2017,3,20,0
Budapest_1,2017-03-21,0,,2017,3,21,1
Budapest_1,2017-03-22,0,,2017,3,22,2
Budapest_1,2017-03-23,0,,2017,3,23,3
Budapest_1,2017-03-24,0,,2017,3,24,4
Budapest_1,2017-03-25,1,Good Friday,2017,3,25,5
Budapest_1,2017-03-26,0,,2017,3,26,6
Budapest_1,2017-03-27,1,Easter Day,2017,3,27,0
Budapest_1,2017-03-28,1,Easter Monday,2017,3,28,1
Budapest_1,2017-03-29,0,,2017,3,29,2
Budapest_1,2017-03-30,0,,2017,3,30,3
Budapest_1,2017-03-31,0,,2017,3,31,4
Budapest_1,2017-04-01,0,,2017,4,1,5
Budapest_1,2017-04-02,0,,2017,4,2,6
Budapest_1,2017-04-03,0,,2017,4,3,0
Budapest_1,2017-04-04,0,,2017,4,4,1
Budapest_1,2017-04-05,0,,2017,4,5,2
Budapest_1,2017-04-06,0,,2017,4,6,3
Budapest_1,2017-04-07,0,,2017,4,7,4
Budapest_1,2017-04-08,0,,2017,4,8,5
Budapest_1,2017-04-09,0,,2017,4,9,6
Budapest_1,2017-04-10,0,,2017,4,10,0
Budapest_1,2017-04-11,0,,2017,4,11,1
Budapest_1,2017-04-12,0,,2017,4,12,2
Budapest_1,2017-04-13,0,,2017,4,13,3
Budapest_1,2017-04-14,1,Good Friday,2017,4,14,4
Budapest_1,2017-04-15,1,,2017,4,15,5
Budapest_1,2017-04-16,1,Memorial Day for the Victims of the Holocaust,2017,4,16,6
Budapest_1,2017-04-17,1,Easter Monday,2017,4,17,0
Budapest_1,2017-04-18,0,,2017,4,18,1
Budapest_1,2017-04-19,0,,2017,4,19,2
Budapest_1,2017-04-20,0,,2017,4,20,3
Budapest_1,2017-04-21,0,,2017,4,21,4
Budapest_1,2017-04-22,0,,2017,4,22,5
Budapest_1,2017-04-23,0,,2017,4,23,6
Budapest_1,2017-04-24,0,,2017,4,24,0
Budapest_1,2017-04-25,0,,2017,4,25,1
Budapest_1,2017-04-26,0,,2017,4,26,2
Budapest_1,2017-04-27,0,,2017,4,27,3
Budapest_1,2017-04-28,0,,2017,4,28,4
Budapest_1,2017-04-29,0,,2017,4,29,5
Budapest_1,2017-04-30,0,,2017,4,30,6
Budapest_1,2017-05-01,1,Labour Day,2017,5,1,0
Budapest_1,2017-05-02,0,,2017,5,2,1
Budapest_1,2017-05-03,0,,2017,5,3,2
Budapest_1,2017-05-04,0,,2017,5,4,3
Budapest_1,2017-05-05,0,,2017,5,5,4
Budapest_1,2017-05-06,0,,2017,5,6,5
Budapest_1,2017-05-07,0,,2017,5,7,6
Budapest_1,2017-05-08,1,Mother's Day,2017,5,8,0
Budapest_1,2017-05-09,0,,2017,5,9,1
Budapest_1,2017-05-10,0,,2017,5,10,2
Budapest_1,2017-05-11,0,,2017,5,11,3
Budapest_1,2017-05-12,0,,2017,5,12,4
Budapest_1,2017-05-13,0,,2017,5,13,5
Budapest_1,2017-05-14,1,Mother's Day,2017,5,14,6
Budapest_1,2017-05-15,1,Whit sunday,2017,5,15,0
Budapest_1,2017-05-16,1,Whit monday,2017,5,16,1
Budapest_1,2017-05-17,0,,2017,5,17,2
Budapest_1,2017-05-18,0,,2017,5,18,3
Budapest_1,2017-05-19,0,,2017,5,19,4
Budapest_1,2017-05-20,0,,2017,5,20,5
Budapest_1,2017-05-21,1,National Defense Day,2017,5,21,6
Budapest_1,2017-05-22,0,,2017,5,22,0
Budapest_1,2017-05-23,0,,2017,5,23,1
Budapest_1,2017-05-24,0,,2017,5,24,2
Budapest_1,2017-05-25,0,,2017,5,25,3
Budapest_1,2017-05-26,0,,2017,5,26,4
Budapest_1,2017-05-27,0,,2017,5,27,5
Budapest_1,2017-05-28,0,,2017,5,28,6
Budapest_1,2017-05-29,0,,2017,5,29,0
Budapest_1,2017-05-30,0,,2017,5,30,1
Budapest_1,2017-05-31,0,,2017,5,31,2
Budapest_1,2017-06-01,0,,2017,6,1,3
Budapest_1,2017-06-02,0,,2017,6,2,4
Budapest_1,2017-06-03,0,,2017,6,3,5
Budapest_1,2017-06-04,1,Day of National Unity,2017,6,4,6
Budapest_1,2017-06-05,1,Whit monday,2017,6,5,0
Budapest_1,2017-06-06,0,,2017,6,6,1
Budapest_1,2017-06-07,0,,2017,6,7,2
Budapest_1,2017-06-08,0,,2017,6,8,3
Budapest_1,2017-06-09,0,,2017,6,9,4
Budapest_1,2017-06-10,0,,2017,6,10,5
Budapest_1,2017-06-11,0,,2017,6,11,6
Budapest_1,2017-06-12,0,,2017,6,12,0
Budapest_1,2017-06-13,0,,2017,6,13,1
Budapest_1,2017-06-14,0,,2017,6,14,2
Budapest_1,2017-06-15,0,,2017,6,15,3
Budapest_1,2017-06-16,0,,2017,6,16,4
Budapest_1,2017-06-17,0,,2017,6,17,5
Budapest_1,2017-06-18,0,,2017,6,18,6
Budapest_1,2017-06-19,1,Independent Hungary Day,2017,6,19,0
Budapest_1,2017-06-20,0,,2017,6,20,1
Budapest_1,2017-06-21,0,,2017,6,21,2
Budapest_1,2017-06-22,0,,2017,6,22,3
Budapest_1,2017-06-23,0,,2017,6,23,4
Budapest_1,2017-06-24,0,,2017,6,24,5
Budapest_1,2017-06-25,0,,2017,6,25,6
Budapest_1,2017-06-26,0,,2017,6,26,0
Budapest_1,2017-06-27,0,,2017,6,27,1
Budapest_1,2017-06-28,0,,2017,6,28,2
Budapest_1,2017-06-29,0,,2017,6,29,3
Budapest_1,2017-06-30,0,,2017,6,30,4
Budapest_1,2017-07-01,0,,2017,7,1,5
Budapest_1,2017-07-02,0,,2017,7,2,6
Budapest_1,2017-07-03,0,,2017,7,3,0
Budapest_1,2017-07-04,0,,2017,7,4,1
Budapest_1,2017-07-05,0,,2017,7,5,2
Budapest_1,2017-07-06,0,,2017,7,6,3
Budapest_1,2017-07-07,0,,2017,7,7,4
Budapest_1,2017-07-08,0,,2017,7,8,5
Budapest_1,2017-07-09,0,,2017,7,9,6
Budapest_1,2017-07-10,0,,2017,7,10,0
Budapest_1,2017-07-11,0,,2017,7,11,1
Budapest_1,2017-07-12,0,,2017,7,12,2
Budapest_1,2017-07-13,0,,2017,7,13,3
Budapest_1,2017-07-14,0,,2017,7,14,4
Budapest_1,2017-07-15,0,,2017,7,15,5
Budapest_1,2017-07-16,0,,2017,7,16,6
Budapest_1,2017-07-17,0,,2017,7,17,0
Budapest_1,2017-07-18,0,,2017,7,18,1
Budapest_1,2017-07-19,0,,2017,7,19,2
Budapest_1,2017-07-20,0,,2017,7,20,3
Budapest_1,2017-07-21,0,,2017,7,21,4
Budapest_1,2017-07-22,0,,2017,7,22,5
Budapest_1,2017-07-23,0,,2017,7,23,6
Budapest_1,2017-07-24,0,,2017,7,24,0
Budapest_1,2017-07-25,0,,2017,7,25,1
Budapest_1,2017-07-26,0,,2017,7,26,2
Budapest_1,2017-07-27,0,,2017,7,27,3
Budapest_1,2017-07-28,0,,2017,7,28,4
Budapest_1,2017-07-29,0,,2017,7,29,5
Budapest_1,2017-07-30,0,,2017,7,30,6
Budapest_1,2017-07-31,0,,2017,7,31,0
Budapest_1,2017-08-01,0,,2017,8,1,1
Budapest_1,2017-08-02,0,,2017,8,2,2
Budapest_1,2017-08-03,0,,2017,8,3,3
Budapest_1,2017-08-04,0,,2017,8,4,4
Budapest_1,2017-08-05,0,,2017,8,5,5
Budapest_1,2017-08-06,0,,2017,8,6,6
Budapest_1,2017-08-07,0,,2017,8,7,0
Budapest_1,2017-08-08,0,,2017,8,8,1
Budapest_1,2017-08-09,0,,2017,8,9,2
Budapest_1,2017-08-10,0,,2017,8,10,3
Budapest_1,2017-08-11,0,,2017,8,11,4
Budapest_1,2017-08-12,0,,2017,8,12,5
Budapest_1,2017-08-13,0,,2017,8,13,6
Budapest_1,2017-08-14,0,,2017,8,14,0
Budapest_1,2017-08-15,0,,2017,8,15,1
Budapest_1,2017-08-16,0,,2017,8,16,2
Budapest_1,2017-08-17,0,,2017,8,17,3
Budapest_1,2017-08-18,0,,2017,8,18,4
Budapest_1,2017-08-19,0,,2017,8,19,5
Budapest_1,2017-08-20,1,State Foundation Day,2017,8,20,6
Budapest_1,2017-08-21,0,,2017,8,21,0
Budapest_1,2017-08-22,0,,2017,8,22,1
Budapest_1,2017-08-23,0,,2017,8,23,2
Budapest_1,2017-08-24,0,,2017,8,24,3
Budapest_1,2017-08-25,0,,2017,8,25,4
Budapest_1,2017-08-26,0,,2017,8,26,5
Budapest_1,2017-08-27,0,,2017,8,27,6
Budapest_1,2017-08-28,0,,2017,8,28,0
Budapest_1,2017-08-29,0,,2017,8,29,1
Budapest_1,2017-08-30,0,,2017,8,30,2
Budapest_1,2017-08-31,0,,2017,8,31,3
Budapest_1,2017-09-01,0,,2017,9,1,4
Budapest_1,2017-09-02,0,,2017,9,2,5
Budapest_1,2017-09-03,0,,2017,9,3,6
Budapest_1,2017-09-04,0,,2017,9,4,0
Budapest_1,2017-09-05,0,,2017,9,5,1
Budapest_1,2017-09-06,0,,2017,9,6,2
Budapest_1,2017-09-07,0,,2017,9,7,3
Budapest_1,2017-09-08,0,,2017,9,8,4
Budapest_1,2017-09-09,0,,2017,9,9,5
Budapest_1,2017-09-10,0,,2017,9,10,6
Budapest_1,2017-09-11,0,,2017,9,11,0
Budapest_1,2017-09-12,0,,2017,9,12,1
Budapest_1,2017-09-13,0,,2017,9,13,2
Budapest_1,2017-09-14,0,,2017,9,14,3
Budapest_1,2017-09-15,0,,2017,9,15,4
Budapest_1,2017-09-16,0,,2017,9,16,5
Budapest_1,2017-09-17,0,,2017,9,17,6
Budapest_1,2017-09-18,0,,2017,9,18,0
Budapest_1,2017-09-19,0,,2017,9,19,1
Budapest_1,2017-09-20,0,,2017,9,20,2
Budapest_1,2017-09-21,0,,2017,9,21,3
Budapest_1,2017-09-22,0,,2017,9,22,4
Budapest_1,2017-09-23,0,,2017,9,23,5
Budapest_1,2017-09-24,0,,2017,9,24,6
Budapest_1,2017-09-25,0,,2017,9,25,0
Budapest_1,2017-09-26,0,,2017,9,26,1
Budapest_1,2017-09-27,0,,2017,9,27,2
Budapest_1,2017-09-28,0,,2017,9,28,3
Budapest_1,2017-09-29,0,,2017,9,29,4
Budapest_1,2017-09-30,0,,2017,9,30,5
Budapest_1,2017-10-01,0,,2017,10,1,6
Budapest_1,2017-10-02,0,,2017,10,2,0
Budapest_1,2017-10-03,0,,2017,10,3,1
Budapest_1,2017-10-04,0,,2017,10,4,2
Budapest_1,2017-10-05,0,,2017,10,5,3
Budapest_1,2017-10-06,1,Memorial Day for the Martyrs of Arad,2017,10,6,4
Budapest_1,2017-10-07,0,,2017,10,7,5
Budapest_1,2017-10-08,0,,2017,10,8,6
Budapest_1,2017-10-09,0,,2017,10,9,0
Budapest_1,2017-10-10,0,,2017,10,10,1
Budapest_1,2017-10-11,0,,2017,10,11,2
Budapest_1,2017-10-12,0,,2017,10,12,3
Budapest_1,2017-10-13,0,,2017,10,13,4
Budapest_1,2017-10-14,0,,2017,10,14,5
Budapest_1,2017-10-15,0,,2017,10,15,6
Budapest_1,2017-10-16,0,,2017,10,16,0
Budapest_1,2017-10-17,0,,2017,10,17,1
Budapest_1,2017-10-18,0,,2017,10,18,2
Budapest_1,2017-10-19,0,,2017,10,19,3
Budapest_1,2017-10-20,0,,2017,10,20,4
Budapest_1,2017-10-21,0,,2017,10,21,5
Budapest_1,2017-10-22,0,,2017,10,22,6
Budapest_1,2017-10-23,1,Memorial day of the 1956 Revolution,2017,10,23,0
Budapest_1,2017-10-24,0,,2017,10,24,1
Budapest_1,2017-10-25,0,,2017,10,25,2
Budapest_1,2017-10-26,0,,2017,10,26,3
Budapest_1,2017-10-27,0,,2017,10,27,4
Budapest_1,2017-10-28,0,,2017,10,28,5
Budapest_1,2017-10-29,0,,2017,10,29,6
Budapest_1,2017-10-30,0,,2017,10,30,0
Budapest_1,2017-10-31,0,,2017,10,31,1
Budapest_1,2017-11-01,1,All Saints Day,2017,11,1,2
Budapest_1,2017-11-02,0,,2017,11,2,3
Budapest_1,2017-11-03,0,,2017,11,3,4
Budapest_1,2017-11-04,0,,2017,11,4,5
Budapest_1,2017-11-05,0,,2017,11,5,6
Budapest_1,2017-11-06,0,,2017,11,6,0
Budapest_1,2017-11-07,0,,2017,11,7,1
Budapest_1,2017-11-08,0,,2017,11,8,2
Budapest_1,2017-11-09,0,,2017,11,9,3
Budapest_1,2017-11-10,0,,2017,11,10,4
Budapest_1,2017-11-11,0,,2017,11,11,5
Budapest_1,2017-11-12,0,,2017,11,12,6
Budapest_1,2017-11-13,0,,2017,11,13,0
Budapest_1,2017-11-14,0,,2017,11,14,1
Budapest_1,2017-11-15,0,,2017,11,15,2
Budapest_1,2017-11-16,0,,2017,11,16,3
Budapest_1,2017-11-17,0,,2017,11,17,4
Budapest_1,2017-11-18,0,,2017,11,18,5
Budapest_1,2017-11-19,0,,2017,11,19,6
Budapest_1,2017-11-20,0,,2017,11,20,0
Budapest_1,2017-11-21,0,,2017,11,21,1
Budapest_1,2017-11-22,0,,2017,11,22,2
Budapest_1,2017-11-23,0,,2017,11,23,3
Budapest_1,2017-11-24,0,,2017,11,24,4
Budapest_1,2017-11-25,0,,2017,11,25,5
Budapest_1,2017-11-26,0,,2017,11,26,6
Budapest_1,2017-11-27,0,,2017,11,27,0
Budapest_1,2017-11-28,0,,2017,11,28,1
Budapest_1,2017-11-29,0,,2017,11,29,2
Budapest_1,2017-11-30,0,,2017,11,30,3
Budapest_1,2017-12-01,0,,2017,12,1,4
Budapest_1,2017-12-02,0,,2017,12,2,5
Budapest_1,2017-12-03,0,,2017,12,3,6
Budapest_1,2017-12-04,0,,2017,12,4,0
Budapest_1,2017-12-05,0,,2017,12,5,1
Budapest_1,2017-12-06,0,,2017,12,6,2
Budapest_1,2017-12-07,0,,2017,12,7,3
Budapest_1,2017-12-08,0,,2017,12,8,4
Budapest_1,2017-12-09,0,,2017,12,9,5
Budapest_1,2017-12-10,0,,2017,12,10,6
Budapest_1,2017-12-11,0,,2017,12,11,0
Budapest_1,2017-12-12,0,,2017,12,12,1
Budapest_1,2017-12-13,0,,2017,12,13,2
Budapest_1,2017-12-14,0,,2017,12,14,3
Budapest_1,2017-12-15,0,,2017,12,15,4
Budapest_1,2017-12-16,0,,2017,12,16,5
Budapest_1,2017-12-17,0,,2017,12,17,6
Budapest_1,2017-12-18,0,,2017,12,18,0
Budapest_1,2017-12-19,0,,2017,12,19,1
Budapest_1,2017-12-20,0,,2017,12,20,2
Budapest_1,2017-12-21,0,,2017,12,21,3
Budapest_1,2017-12-22,0,,2017,12,22,4
Budapest_1,2017-12-23,0,,2017,12,23,5
Budapest_1,2017-12-24,1,Christmas Eve,2017,12,24,6
Budapest_1,2017-12-25,1,1st Christmas Day,2017,12,25,0
Budapest_1,2017-12-26,1,2nd Christmas Day,2017,12,26,1
Budapest_1,2017-12-27,0,,2017,12,27,2
Budapest_1,2017-12-28,0,,2017,12,28,3
Budapest_1,2017-12-29,0,,2017,12,29,4
Budapest_1,2017-12-30,0,,2017,12,30,5
Budapest_1,2017-12-31,0,,2017,12,31,6
Budapest_1,2018-01-01,1,New Years Day,2018,1,1,0
Budapest_1,2018-01-02,0,,2018,1,2,1
Budapest_1,2018-01-03,0,,2018,1,3,2
Budapest_1,2018-01-04,0,,2018,1,4,3
Budapest_1,2018-01-05,0,,2018,1,5,4
Budapest_1,2018-01-06,0,,2018,1,6,5
Budapest_1,2018-01-07,0,,2018,1,7,6
Budapest_1,2018-01-08,0,,2018,1,8,0
Budapest_1,2018-01-09,0,,2018,1,9,1
Budapest_1,2018-01-10,0,,2018,1,10,2
Budapest_1,2018-01-11,0,,2018,1,11,3
Budapest_1,2018-01-12,0,,2018,1,12,4
Budapest_1,2018-01-13,0,,2018,1,13,5
Budapest_1,2018-01-14,0,,2018,1,14,6
Budapest_1,2018-01-15,0,,2018,1,15,0
Budapest_1,2018-01-16,0,,2018,1,16,1
Budapest_1,2018-01-17,0,,2018,1,17,2
Budapest_1,2018-01-18,0,,2018,1,18,3
Budapest_1,2018-01-19,0,,2018,1,19,4
Budapest_1,2018-01-20,0,,2018,1,20,5
Budapest_1,2018-01-21,0,,2018,1,21,6
Budapest_1,2018-01-22,0,,2018,1,22,0
Budapest_1,2018-01-23,0,,2018,1,23,1
Budapest_1,2018-01-24,0,,2018,1,24,2
Budapest_1,2018-01-25,0,,2018,1,25,3
Budapest_1,2018-01-26,0,,2018,1,26,4
Budapest_1,2018-01-27,0,,2018,1,27,5
Budapest_1,2018-01-28,0,,2018,1,28,6
Budapest_1,2018-01-29,0,,2018,1,29,0
Budapest_1,2018-01-30,0,,2018,1,30,1
Budapest_1,2018-01-31,0,,2018,1,31,2
Budapest_1,2018-02-01,1,Memorial Day of the Republic,2018,2,1,3
Budapest_1,2018-02-02,0,,2018,2,2,4
Budapest_1,2018-02-03,0,,2018,2,3,5
Budapest_1,2018-02-04,0,,2018,2,4,6
Budapest_1,2018-02-05,0,,2018,2,5,0
Budapest_1,2018-02-06,0,,2018,2,6,1
Budapest_1,2018-02-07,0,,2018,2,7,2
Budapest_1,2018-02-08,0,,2018,2,8,3
Budapest_1,2018-02-09,0,,2018,2,9,4
Budapest_1,2018-02-10,0,,2018,2,10,5
Budapest_1,2018-02-11,0,,2018,2,11,6
Budapest_1,2018-02-12,0,,2018,2,12,0
Budapest_1,2018-02-13,0,,2018,2,13,1
Budapest_1,2018-02-14,0,,2018,2,14,2
Budapest_1,2018-02-15,0,,2018,2,15,3
Budapest_1,2018-02-16,0,,2018,2,16,4
Budapest_1,2018-02-17,0,,2018,2,17,5
Budapest_1,2018-02-18,0,,2018,2,18,6
Budapest_1,2018-02-19,0,,2018,2,19,0
Budapest_1,2018-02-20,0,,2018,2,20,1
Budapest_1,2018-02-21,0,,2018,2,21,2
Budapest_1,2018-02-22,0,,2018,2,22,3
Budapest_1,2018-02-23,0,,2018,2,23,4
Budapest_1,2018-02-24,0,,2018,2,24,5
Budapest_1,2018-02-25,1,Memorial Day for the Victims of the Communist Dictatorships,2018,2,25,6
Budapest_1,2018-02-26,0,,2018,2,26,0
Budapest_1,2018-02-27,0,,2018,2,27,1
Budapest_1,2018-02-28,0,,2018,2,28,2
Budapest_1,2018-03-01,0,,2018,3,1,3
Budapest_1,2018-03-02,0,,2018,3,2,4
Budapest_1,2018-03-03,0,,2018,3,3,5
Budapest_1,2018-03-04,0,,2018,3,4,6
Budapest_1,2018-03-05,0,,2018,3,5,0
Budapest_1,2018-03-06,0,,2018,3,6,1
Budapest_1,2018-03-07,0,,2018,3,7,2
Budapest_1,2018-03-08,1,International womens day,2018,3,8,3
Budapest_1,2018-03-09,0,,2018,3,9,4
Budapest_1,2018-03-10,0,,2018,3,10,5
Budapest_1,2018-03-11,0,,2018,3,11,6
Budapest_1,2018-03-12,0,,2018,3,12,0
Budapest_1,2018-03-13,0,,2018,3,13,1
Budapest_1,2018-03-14,0,,2018,3,14,2
Budapest_1,2018-03-15,1,Memorial Day for the Victims of the Holocaust,2018,3,15,3
Budapest_1,2018-03-16,0,,2018,3,16,4
Budapest_1,2018-03-17,0,,2018,3,17,5
Budapest_1,2018-03-18,0,,2018,3,18,6
Budapest_1,2018-03-19,0,,2018,3,19,0
Budapest_1,2018-03-20,0,,2018,3,20,1
Budapest_1,2018-03-21,0,,2018,3,21,2
Budapest_1,2018-03-22,0,,2018,3,22,3
Budapest_1,2018-03-23,0,,2018,3,23,4
Budapest_1,2018-03-24,0,,2018,3,24,5
Budapest_1,2018-03-25,0,,2018,3,25,6
Budapest_1,2018-03-26,0,,2018,3,26,0
Budapest_1,2018-03-27,0,,2018,3,27,1
Budapest_1,2018-03-28,0,,2018,3,28,2
Budapest_1,2018-03-29,0,,2018,3,29,3
Budapest_1,2018-03-30,1,Good Friday,2018,3,30,4
Budapest_1,2018-03-31,1,,2018,3,31,5
Budapest_1,2018-04-01,1,Easter Day,2018,4,1,6
Budapest_1,2018-04-02,1,Easter Monday,2018,4,2,0
Budapest_1,2018-04-03,0,,2018,4,3,1
Budapest_1,2018-04-04,0,,2018,4,4,2
Budapest_1,2018-04-05,0,,2018,4,5,3
Budapest_1,2018-04-06,0,,2018,4,6,4
Budapest_1,2018-04-07,0,,2018,4,7,5
Budapest_1,2018-04-08,0,,2018,4,8,6
Budapest_1,2018-04-09,0,,2018,4,9,0
Budapest_1,2018-04-10,0,,2018,4,10,1
Budapest_1,2018-04-11,0,,2018,4,11,2
Budapest_1,2018-04-12,0,,2018,4,12,3
Budapest_1,2018-04-13,0,,2018,4,13,4
Budapest_1,2018-04-14,1,Good Friday,2018,4,14,5
Budapest_1,2018-04-15,0,,2018,4,15,6
Budapest_1,2018-04-16,1,Easter Day,2018,4,16,0
Budapest_1,2018-04-17,1,Easter Monday,2018,4,17,1
Budapest_1,2018-04-18,0,,2018,4,18,2
Budapest_1,2018-04-19,0,,2018,4,19,3
Budapest_1,2018-04-20,0,,2018,4,20,4
Budapest_1,2018-04-21,0,,2018,4,21,5
Budapest_1,2018-04-22,0,,2018,4,22,6
Budapest_1,2018-04-23,0,,2018,4,23,0
Budapest_1,2018-04-24,0,,2018,4,24,1
Budapest_1,2018-04-25,0,,2018,4,25,2
Budapest_1,2018-04-26,0,,2018,4,26,3
Budapest_1,2018-04-27,0,,2018,4,27,4
Budapest_1,2018-04-28,0,,2018,4,28,5
Budapest_1,2018-04-29,0,,2018,4,29,6
Budapest_1,2018-04-30,0,,2018,4,30,0
Budapest_1,2018-05-01,1,Labour Day,2018,5,1,1
Budapest_1,2018-05-02,0,,2018,5,2,2
Budapest_1,2018-05-03,0,,2018,5,3,3
Budapest_1,2018-05-04,0,,2018,5,4,4
Budapest_1,2018-05-05,0,,2018,5,5,5
Budapest_1,2018-05-06,0,,2018,5,6,6
Budapest_1,2018-05-07,0,,2018,5,7,0
Budapest_1,2018-05-08,0,,2018,5,8,1
Budapest_1,2018-05-09,0,,2018,5,9,2
Budapest_1,2018-05-10,0,,2018,5,10,3
Budapest_1,2018-05-11,0,,2018,5,11,4
Budapest_1,2018-05-12,0,,2018,5,12,5
Budapest_1,2018-05-13,1,Mother's Day,2018,5,13,6
Budapest_1,2018-05-14,1,Mother's Day,2018,5,14,0
Budapest_1,2018-05-15,0,,2018,5,15,1
Budapest_1,2018-05-16,0,,2018,5,16,2
Budapest_1,2018-05-17,0,,2018,5,17,3
Budapest_1,2018-05-18,0,,2018,5,18,4
Budapest_1,2018-05-19,0,,2018,5,19,5
Budapest_1,2018-05-20,1,Whit sunday,2018,5,20,6
Budapest_1,2018-05-21,1,National Defense Day,2018,5,21,0
Budapest_1,2018-05-22,0,,2018,5,22,1
Budapest_1,2018-05-23,0,,2018,5,23,2
Budapest_1,2018-05-24,0,,2018,5,24,3
Budapest_1,2018-05-25,0,,2018,5,25,4
Budapest_1,2018-05-26,0,,2018,5,26,5
Budapest_1,2018-05-27,0,,2018,5,27,6
Budapest_1,2018-05-28,0,,2018,5,28,0
Budapest_1,2018-05-29,0,,2018,5,29,1
Budapest_1,2018-05-30,0,,2018,5,30,2
Budapest_1,2018-05-31,0,,2018,5,31,3
Budapest_1,2018-06-01,0,,2018,6,1,4
Budapest_1,2018-06-02,0,,2018,6,2,5
Budapest_1,2018-06-03,0,,2018,6,3,6
Budapest_1,2018-06-04,1,Whit sunday,2018,6,4,0
Budapest_1,2018-06-05,1,Whit monday,2018,6,5,1
Budapest_1,2018-06-06,0,,2018,6,6,2
Budapest_1,2018-06-07,0,,2018,6,7,3
Budapest_1,2018-06-08,0,,2018,6,8,4
Budapest_1,2018-06-09,0,,2018,6,9,5
Budapest_1,2018-06-10,0,,2018,6,10,6
Budapest_1,2018-06-11,0,,2018,6,11,0
Budapest_1,2018-06-12,0,,2018,6,12,1
Budapest_1,2018-06-13,0,,2018,6,13,2
Budapest_1,2018-06-14,0,,2018,6,14,3
Budapest_1,2018-06-15,0,,2018,6,15,4
Budapest_1,2018-06-16,0,,2018,6,16,5
Budapest_1,2018-06-17,0,,2018,6,17,6
Budapest_1,2018-06-18,0,,2018,6,18,0
Budapest_1,2018-06-19,1,Independent Hungary Day,2018,6,19,1
Budapest_1,2018-06-20,0,,2018,6,20,2
Budapest_1,2018-06-21,0,,2018,6,21,3
Budapest_1,2018-06-22,0,,2018,6,22,4
Budapest_1,2018-06-23,0,,2018,6,23,5
Budapest_1,2018-06-24,0,,2018,6,24,6
Budapest_1,2018-06-25,0,,2018,6,25,0
Budapest_1,2018-06-26,0,,2018,6,26,1
Budapest_1,2018-06-27,0,,2018,6,27,2
Budapest_1,2018-06-28,0,,2018,6,28,3
Budapest_1,2018-06-29,0,,2018,6,29,4
Budapest_1,2018-06-30,0,,2018,6,30,5
Budapest_1,2018-07-01,0,,2018,7,1,6
Budapest_1,2018-07-02,0,,2018,7,2,0
Budapest_1,2018-07-03,0,,2018,7,3,1
Budapest_1,2018-07-04,0,,2018,7,4,2
Budapest_1,2018-07-05,0,,2018,7,5,3
Budapest_1,2018-07-06,0,,2018,7,6,4
Budapest_1,2018-07-07,0,,2018,7,7,5
Budapest_1,2018-07-08,0,,2018,7,8,6
Budapest_1,2018-07-09,0,,2018,7,9,0
Budapest_1,2018-07-10,0,,2018,7,10,1
Budapest_1,2018-07-11,0,,2018,7,11,2
Budapest_1,2018-07-12,0,,2018,7,12,3
Budapest_1,2018-07-13,0,,2018,7,13,4
Budapest_1,2018-07-14,0,,2018,7,14,5
Budapest_1,2018-07-15,0,,2018,7,15,6
Budapest_1,2018-07-16,0,,2018,7,16,0
Budapest_1,2018-07-17,0,,2018,7,17,1
Budapest_1,2018-07-18,0,,2018,7,18,2
Budapest_1,2018-07-19,0,,2018,7,19,3
Budapest_1,2018-07-20,0,,2018,7,20,4
Budapest_1,2018-07-21,0,,2018,7,21,5
Budapest_1,2018-07-22,0,,2018,7,22,6
Budapest_1,2018-07-23,0,,2018,7,23,0
Budapest_1,2018-07-24,0,,2018,7,24,1
Budapest_1,2018-07-25,0,,2018,7,25,2
Budapest_1,2018-07-26,0,,2018,7,26,3
Budapest_1,2018-07-27,0,,2018,7,27,4
Budapest_1,2018-07-28,0,,2018,7,28,5
Budapest_1,2018-07-29,0,,2018,7,29,6
Budapest_1,2018-07-30,0,,2018,7,30,0
Budapest_1,2018-07-31,0,,2018,7,31,1
Budapest_1,2018-08-01,0,,2018,8,1,2
Budapest_1,2018-08-02,0,,2018,8,2,3
Budapest_1,2018-08-03,0,,2018,8,3,4
Budapest_1,2018-08-04,0,,2018,8,4,5
Budapest_1,2018-08-05,0,,2018,8,5,6
Budapest_1,2018-08-06,0,,2018,8,6,0
Budapest_1,2018-08-07,0,,2018,8,7,1
Budapest_1,2018-08-08,0,,2018,8,8,2
Budapest_1,2018-08-09,0,,2018,8,9,3
Budapest_1,2018-08-10,0,,2018,8,10,4
Budapest_1,2018-08-11,0,,2018,8,11,5
Budapest_1,2018-08-12,0,,2018,8,12,6
Budapest_1,2018-08-13,0,,2018,8,13,0
Budapest_1,2018-08-14,0,,2018,8,14,1
Budapest_1,2018-08-15,0,,2018,8,15,2
Budapest_1,2018-08-16,0,,2018,8,16,3
Budapest_1,2018-08-17,0,,2018,8,17,4
Budapest_1,2018-08-18,0,,2018,8,18,5
Budapest_1,2018-08-19,0,,2018,8,19,6
Budapest_1,2018-08-20,1,State Foundation Day,2018,8,20,0
Budapest_1,2018-08-21,0,,2018,8,21,1
Budapest_1,2018-08-22,0,,2018,8,22,2
Budapest_1,2018-08-23,0,,2018,8,23,3
Budapest_1,2018-08-24,0,,2018,8,24,4
Budapest_1,2018-08-25,0,,2018,8,25,5
Budapest_1,2018-08-26,0,,2018,8,26,6
Budapest_1,2018-08-27,0,,2018,8,27,0
Budapest_1,2018-08-28,0,,2018,8,28,1
Budapest_1,2018-08-29,0,,2018,8,29,2
Budapest_1,2018-08-30,0,,2018,8,30,3
Budapest_1,2018-08-31,0,,2018,8,31,4
Budapest_1,2018-09-01,0,,2018,9,1,5
Budapest_1,2018-09-02,0,,2018,9,2,6
Budapest_1,2018-09-03,0,,2018,9,3,0
Budapest_1,2018-09-04,0,,2018,9,4,1
Budapest_1,2018-09-05,0,,2018,9,5,2
Budapest_1,2018-09-06,0,,2018,9,6,3
Budapest_1,2018-09-07,0,,2018,9,7,4
Budapest_1,2018-09-08,0,,2018,9,8,5
Budapest_1,2018-09-09,0,,2018,9,9,6
Budapest_1,2018-09-10,0,,2018,9,10,0
Budapest_1,2018-09-11,0,,2018,9,11,1
Budapest_1,2018-09-12,0,,2018,9,12,2
Budapest_1,2018-09-13,0,,2018,9,13,3
Budapest_1,2018-09-14,0,,2018,9,14,4
Budapest_1,2018-09-15,0,,2018,9,15,5
Budapest_1,2018-09-16,0,,2018,9,16,6
Budapest_1,2018-09-17,0,,2018,9,17,0
Budapest_1,2018-09-18,0,,2018,9,18,1
Budapest_1,2018-09-19,0,,2018,9,19,2
Budapest_1,2018-09-20,0,,2018,9,20,3
Budapest_1,2018-09-21,0,,2018,9,21,4
Budapest_1,2018-09-22,0,,2018,9,22,5
Budapest_1,2018-09-23,0,,2018,9,23,6
Budapest_1,2018-09-24,0,,2018,9,24,0
Budapest_1,2018-09-25,0,,2018,9,25,1
Budapest_1,2018-09-26,0,,2018,9,26,2
Budapest_1,2018-09-27,0,,2018,9,27,3
Budapest_1,2018-09-28,0,,2018,9,28,4
Budapest_1,2018-09-29,0,,2018,9,29,5
Budapest_1,2018-09-30,0,,2018,9,30,6
Budapest_1,2018-10-01,0,,2018,10,1,0
Budapest_1,2018-10-02,0,,2018,10,2,1
Budapest_1,2018-10-03,0,,2018,10,3,2
Budapest_1,2018-10-04,0,,2018,10,4,3
Budapest_1,2018-10-05,0,,2018,10,5,4
Budapest_1,2018-10-06,1,Memorial Day for the Martyrs of Arad,2018,10,6,5
Budapest_1,2018-10-07,0,,2018,10,7,6
Budapest_1,2018-10-08,0,,2018,10,8,0
Budapest_1,2018-10-09,0,,2018,10,9,1
Budapest_1,2018-10-10,0,,2018,10,10,2
Budapest_1,2018-10-11,0,,2018,10,11,3
Budapest_1,2018-10-12,0,,2018,10,12,4
Budapest_1,2018-10-13,0,,2018,10,13,5
Budapest_1,2018-10-14,0,,2018,10,14,6
Budapest_1,2018-10-15,0,,2018,10,15,0
Budapest_1,2018-10-16,0,,2018,10,16,1
Budapest_1,2018-10-17,0,,2018,10,17,2
Budapest_1,2018-10-18,0,,2018,10,18,3
Budapest_1,2018-10-19,0,,2018,10,19,4
Budapest_1,2018-10-20,0,,2018,10,20,5
Budapest_1,2018-10-21,0,,2018,10,21,6
Budapest_1,2018-10-22,0,,2018,10,22,0
Budapest_1,2018-10-23,1,Memorial day of the 1956 Revolution,2018,10,23,1
Budapest_1,2018-10-24,0,,2018,10,24,2
Budapest_1,2018-10-25,0,,2018,10,25,3
Budapest_1,2018-10-26,0,,2018,10,26,4
Budapest_1,2018-10-27,0,,2018,10,27,5
Budapest_1,2018-10-28,0,,2018,10,28,6
Budapest_1,2018-10-29,0,,2018,10,29,0
Budapest_1,2018-10-30,0,,2018,10,30,1
Budapest_1,2018-10-31,0,,2018,10,31,2
Budapest_1,2018-11-01,1,All Saints Day,2018,11,1,3
Budapest_1,2018-11-02,0,,2018,11,2,4
Budapest_1,2018-11-03,0,,2018,11,3,5
Budapest_1,2018-11-04,0,,2018,11,4,6
Budapest_1,2018-11-05,0,,2018,11,5,0
Budapest_1,2018-11-06,0,,2018,11,6,1
Budapest_1,2018-11-07,0,,2018,11,7,2
Budapest_1,2018-11-08,0,,2018,11,8,3
Budapest_1,2018-11-09,0,,2018,11,9,4
Budapest_1,2018-11-10,0,,2018,11,10,5
Budapest_1,2018-11-11,0,,2018,11,11,6
Budapest_1,2018-11-12,0,,2018,11,12,0
Budapest_1,2018-11-13,0,,2018,11,13,1
Budapest_1,2018-11-14,0,,2018,11,14,2
Budapest_1,2018-11-15,0,,2018,11,15,3
Budapest_1,2018-11-16,0,,2018,11,16,4
Budapest_1,2018-11-17,0,,2018,11,17,5
Budapest_1,2018-11-18,0,,2018,11,18,6
Budapest_1,2018-11-19,0,,2018,11,19,0
Budapest_1,2018-11-20,0,,2018,11,20,1
Budapest_1,2018-11-21,0,,2018,11,21,2
Budapest_1,2018-11-22,0,,2018,11,22,3
Budapest_1,2018-11-23,0,,2018,11,23,4
Budapest_1,2018-11-24,0,,2018,11,24,5
Budapest_1,2018-11-25,0,,2018,11,25,6
Budapest_1,2018-11-26,0,,2018,11,26,0
Budapest_1,2018-11-27,0,,2018,11,27,1
Budapest_1,2018-11-28,0,,2018,11,28,2
Budapest_1,2018-11-29,0,,2018,11,29,3
Budapest_1,2018-11-30,0,,2018,11,30,4
Budapest_1,2018-12-01,0,,2018,12,1,5
Budapest_1,2018-12-02,0,,2018,12,2,6
Budapest_1,2018-12-03,0,,2018,12,3,0
Budapest_1,2018-12-04,0,,2018,12,4,1
Budapest_1,2018-12-05,0,,2018,12,5,2
Budapest_1,2018-12-06,0,,2018,12,6,3
Budapest_1,2018-12-07,0,,2018,12,7,4
Budapest_1,2018-12-08,0,,2018,12,8,5
Budapest_1,2018-12-09,0,,2018,12,9,6
Budapest_1,2018-12-10,0,,2018,12,10,0
Budapest_1,2018-12-11,0,,2018,12,11,1
Budapest_1,2018-12-12,0,,2018,12,12,2
Budapest_1,2018-12-13,0,,2018,12,13,3
Budapest_1,2018-12-14,0,,2018,12,14,4
Budapest_1,2018-12-15,0,,2018,12,15,5
Budapest_1,2018-12-16,0,,2018,12,16,6
Budapest_1,2018-12-17,0,,2018,12,17,0
Budapest_1,2018-12-18,0,,2018,12,18,1
Budapest_1,2018-12-19,0,,2018,12,19,2
Budapest_1,2018-12-20,0,,2018,12,20,3
Budapest_1,2018-12-21,0,,2018,12,21,4
Budapest_1,2018-12-22,0,,2018,12,22,5
Budapest_1,2018-12-23,0,,2018,12,23,6
Budapest_1,2018-12-24,1,Christmas Eve,2018,12,24,0
Budapest_1,2018-12-25,1,1st Christmas Day,2018,12,25,1
Budapest_1,2018-12-26,1,2nd Christmas Day,2018,12,26,2
Budapest_1,2018-12-27,0,,2018,12,27,3
Budapest_1,2018-12-28,0,,2018,12,28,4
Budapest_1,2018-12-29,0,,2018,12,29,5
Budapest_1,2018-12-30,0,,2018,12,30,6
Budapest_1,2018-12-31,0,,2018,12,31,0
Budapest_1,2019-01-01,1,New Years Day,2019,1,1,1
Budapest_1,2019-01-02,0,,2019,1,2,2
Budapest_1,2019-01-03,0,,2019,1,3,3
Budapest_1,2019-01-04,0,,2019,1,4,4
Budapest_1,2019-01-05,0,,2019,1,5,5
Budapest_1,2019-01-06,0,,2019,1,6,6
Budapest_1,2019-01-07,0,,2019,1,7,0
Budapest_1,2019-01-08,0,,2019,1,8,1
Budapest_1,2019-01-09,0,,2019,1,9,2
Budapest_1,2019-01-10,0,,2019,1,10,3
Budapest_1,2019-01-11,0,,2019,1,11,4
Budapest_1,2019-01-12,0,,2019,1,12,5
Budapest_1,2019-01-13,0,,2019,1,13,6
Budapest_1,2019-01-14,0,,2019,1,14,0
Budapest_1,2019-01-15,0,,2019,1,15,1
Budapest_1,2019-01-16,0,,2019,1,16,2
Budapest_1,2019-01-17,0,,2019,1,17,3
Budapest_1,2019-01-18,0,,2019,1,18,4
Budapest_1,2019-01-19,0,,2019,1,19,5
Budapest_1,2019-01-20,0,,2019,1,20,6
Budapest_1,2019-01-21,0,,2019,1,21,0
Budapest_1,2019-01-22,0,,2019,1,22,1
Budapest_1,2019-01-23,0,,2019,1,23,2
Budapest_1,2019-01-24,0,,2019,1,24,3
Budapest_1,2019-01-25,0,,2019,1,25,4
Budapest_1,2019-01-26,0,,2019,1,26,5
Budapest_1,2019-01-27,0,,2019,1,27,6
Budapest_1,2019-01-28,0,,2019,1,28,0
Budapest_1,2019-01-29,0,,2019,1,29,1
Budapest_1,2019-01-30,0,,2019,1,30,2
Budapest_1,2019-01-31,0,,2019,1,31,3
Budapest_1,2019-02-01,1,Memorial Day of the Republic,2019,2,1,4
Budapest_1,2019-02-02,0,,2019,2,2,5
Budapest_1,2019-02-03,0,,2019,2,3,6
Budapest_1,2019-02-04,0,,2019,2,4,0
Budapest_1,2019-02-05,0,,2019,2,5,1
Budapest_1,2019-02-06,0,,2019,2,6,2
Budapest_1,2019-02-07,0,,2019,2,7,3
Budapest_1,2019-02-08,0,,2019,2,8,4
Budapest_1,2019-02-09,0,,2019,2,9,5
Budapest_1,2019-02-10,0,,2019,2,10,6
Budapest_1,2019-02-11,0,,2019,2,11,0
Budapest_1,2019-02-12,0,,2019,2,12,1
Budapest_1,2019-02-13,0,,2019,2,13,2
Budapest_1,2019-02-14,0,,2019,2,14,3
Budapest_1,2019-02-15,0,,2019,2,15,4
Budapest_1,2019-02-16,0,,2019,2,16,5
Budapest_1,2019-02-17,0,,2019,2,17,6
Budapest_1,2019-02-18,0,,2019,2,18,0
Budapest_1,2019-02-19,0,,2019,2,19,1
Budapest_1,2019-02-20,0,,2019,2,20,2
Budapest_1,2019-02-21,0,,2019,2,21,3
Budapest_1,2019-02-22,0,,2019,2,22,4
Budapest_1,2019-02-23,0,,2019,2,23,5
Budapest_1,2019-02-24,0,,2019,2,24,6
Budapest_1,2019-02-25,1,Memorial Day for the Victims of the Communist Dictatorships,2019,2,25,0
Budapest_1,2019-02-26,0,,2019,2,26,1
Budapest_1,2019-02-27,0,,2019,2,27,2
Budapest_1,2019-02-28,0,,2019,2,28,3
Budapest_1,2019-03-01,0,,2019,3,1,4
Budapest_1,2019-03-02,0,,2019,3,2,5
Budapest_1,2019-03-03,0,,2019,3,3,6
Budapest_1,2019-03-04,0,,2019,3,4,0
Budapest_1,2019-03-05,0,,2019,3,5,1
Budapest_1,2019-03-06,0,,2019,3,6,2
Budapest_1,2019-03-07,0,,2019,3,7,3
Budapest_1,2019-03-08,1,International womens day,2019,3,8,4
Budapest_1,2019-03-09,0,,2019,3,9,5
Budapest_1,2019-03-10,0,,2019,3,10,6
Budapest_1,2019-03-11,0,,2019,3,11,0
Budapest_1,2019-03-12,0,,2019,3,12,1
Budapest_1,2019-03-13,0,,2019,3,13,2
Budapest_1,2019-03-14,0,,2019,3,14,3
Budapest_1,2019-03-15,1,Memorial Day for the Victims of the Holocaust,2019,3,15,4
Budapest_1,2019-03-16,0,,2019,3,16,5
Budapest_1,2019-03-17,0,,2019,3,17,6
Budapest_1,2019-03-18,0,,2019,3,18,0
Budapest_1,2019-03-19,0,,2019,3,19,1
Budapest_1,2019-03-20,0,,2019,3,20,2
Budapest_1,2019-03-21,0,,2019,3,21,3
Budapest_1,2019-03-22,0,,2019,3,22,4
Budapest_1,2019-03-23,0,,2019,3,23,5
Budapest_1,2019-03-24,0,,2019,3,24,6
Budapest_1,2019-03-25,0,,2019,3,25,0
Budapest_1,2019-03-26,0,,2019,3,26,1
Budapest_1,2019-03-27,0,,2019,3,27,2
Budapest_1,2019-03-28,0,,2019,3,28,3
Budapest_1,2019-03-29,0,,2019,3,29,4
Budapest_1,2019-03-30,1,Good Friday,2019,3,30,5
Budapest_1,2019-03-31,0,,2019,3,31,6
Budapest_1,2019-04-01,1,Easter Day,2019,4,1,0
Budapest_1,2019-04-02,1,Easter Monday,2019,4,2,1
Budapest_1,2019-04-03,0,,2019,4,3,2
Budapest_1,2019-04-04,0,,2019,4,4,3
Budapest_1,2019-04-05,0,,2019,4,5,4
Budapest_1,2019-04-06,0,,2019,4,6,5
Budapest_1,2019-04-07,0,,2019,4,7,6
Budapest_1,2019-04-08,0,,2019,4,8,0
Budapest_1,2019-04-09,0,,2019,4,9,1
Budapest_1,2019-04-10,0,,2019,4,10,2
Budapest_1,2019-04-11,0,,2019,4,11,3
Budapest_1,2019-04-12,0,,2019,4,12,4
Budapest_1,2019-04-13,0,,2019,4,13,5
Budapest_1,2019-04-14,0,,2019,4,14,6
Budapest_1,2019-04-15,0,,2019,4,15,0
Budapest_1,2019-04-16,1,Memorial Day for the Victims of the Holocaust,2019,4,16,1
Budapest_1,2019-04-17,0,,2019,4,17,2
Budapest_1,2019-04-18,0,,2019,4,18,3
Budapest_1,2019-04-19,1,Good Friday,2019,4,19,4
Budapest_1,2019-04-20,1,Good Friday,2019,4,20,5
Budapest_1,2019-04-21,1,Easter Day,2019,4,21,6
Budapest_1,2019-04-22,1,Easter Monday,2019,4,22,0
Budapest_1,2019-04-23,0,,2019,4,23,1
Budapest_1,2019-04-24,0,,2019,4,24,2
Budapest_1,2019-04-25,0,,2019,4,25,3
Budapest_1,2019-04-26,0,,2019,4,26,4
Budapest_1,2019-04-27,0,,2019,4,27,5
Budapest_1,2019-04-28,0,,2019,4,28,6
Budapest_1,2019-04-29,0,,2019,4,29,0
Budapest_1,2019-04-30,0,,2019,4,30,1
Budapest_1,2019-05-01,1,Labour Day,2019,5,1,2
Budapest_1,2019-05-02,0,,2019,5,2,3
Budapest_1,2019-05-03,0,,2019,5,3,4
Budapest_1,2019-05-04,0,,2019,5,4,5
Budapest_1,2019-05-05,0,,2019,5,5,6
Budapest_1,2019-05-06,0,,2019,5,6,0
Budapest_1,2019-05-07,0,,2019,5,7,1
Budapest_1,2019-05-08,0,,2019,5,8,2
Budapest_1,2019-05-09,0,,2019,5,9,3
Budapest_1,2019-05-10,0,,2019,5,10,4
Budapest_1,2019-05-11,0,,2019,5,11,5
Budapest_1,2019-05-12,1,Mother's Day,2019,5,12,6
Budapest_1,2019-05-13,1,Mother's Day,2019,5,13,0
Budapest_1,2019-05-14,0,,2019,5,14,1
Budapest_1,2019-05-15,0,,2019,5,15,2
Budapest_1,2019-05-16,0,,2019,5,16,3
Budapest_1,2019-05-17,0,,2019,5,17,4
Budapest_1,2019-05-18,0,,2019,5,18,5
Budapest_1,2019-05-19,0,,2019,5,19,6
Budapest_1,2019-05-20,1,Whit sunday,2019,5,20,0
Budapest_1,2019-05-21,1,Whit monday,2019,5,21,1
Budapest_1,2019-05-22,0,,2019,5,22,2
Budapest_1,2019-05-23,0,,2019,5,23,3
Budapest_1,2019-05-24,0,,2019,5,24,4
Budapest_1,2019-05-25,0,,2019,5,25,5
Budapest_1,2019-05-26,0,,2019,5,26,6
Budapest_1,2019-05-27,0,,2019,5,27,0
Budapest_1,2019-05-28,0,,2019,5,28,1
Budapest_1,2019-05-29,0,,2019,5,29,2
Budapest_1,2019-05-30,0,,2019,5,30,3
Budapest_1,2019-05-31,0,,2019,5,31,4
Budapest_1,2019-06-01,0,,2019,6,1,5
Budapest_1,2019-06-02,0,,2019,6,2,6
Budapest_1,2019-06-03,0,,2019,6,3,0
Budapest_1,2019-06-04,1,Day of National Unity,2019,6,4,1
Budapest_1,2019-06-05,0,,2019,6,5,2
Budapest_1,2019-06-06,0,,2019,6,6,3
Budapest_1,2019-06-07,0,,2019,6,7,4
Budapest_1,2019-06-08,0,,2019,6,8,5
Budapest_1,2019-06-09,1,Whit sunday,2019,6,9,6
Budapest_1,2019-06-10,1,Whit monday,2019,6,10,0
Budapest_1,2019-06-11,0,,2019,6,11,1
Budapest_1,2019-06-12,0,,2019,6,12,2
Budapest_1,2019-06-13,0,,2019,6,13,3
Budapest_1,2019-06-14,0,,2019,6,14,4
Budapest_1,2019-06-15,0,,2019,6,15,5
Budapest_1,2019-06-16,0,,2019,6,16,6
Budapest_1,2019-06-17,0,,2019,6,17,0
Budapest_1,2019-06-18,0,,2019,6,18,1
Budapest_1,2019-06-19,1,Independent Hungary Day,2019,6,19,2
Budapest_1,2019-06-20,0,,2019,6,20,3
Budapest_1,2019-06-21,0,,2019,6,21,4
Budapest_1,2019-06-22,0,,2019,6,22,5
Budapest_1,2019-06-23,0,,2019,6,23,6
Budapest_1,2019-06-24,0,,2019,6,24,0
Budapest_1,2019-06-25,0,,2019,6,25,1
Budapest_1,2019-06-26,0,,2019,6,26,2
Budapest_1,2019-06-27,0,,2019,6,27,3
Budapest_1,2019-06-28,0,,2019,6,28,4
Budapest_1,2019-06-29,0,,2019,6,29,5
Budapest_1,2019-06-30,0,,2019,6,30,6
Budapest_1,2019-07-01,0,,2019,7,1,0
Budapest_1,2019-07-02,0,,2019,7,2,1
Budapest_1,2019-07-03,0,,2019,7,3,2
Budapest_1,2019-07-04,0,,2019,7,4,3
Budapest_1,2019-07-05,0,,2019,7,5,4
Budapest_1,2019-07-06,0,,2019,7,6,5
Budapest_1,2019-07-07,0,,2019,7,7,6
Budapest_1,2019-07-08,0,,2019,7,8,0
Budapest_1,2019-07-09,0,,2019,7,9,1
Budapest_1,2019-07-10,0,,2019,7,10,2
Budapest_1,2019-07-11,0,,2019,7,11,3
Budapest_1,2019-07-12,0,,2019,7,12,4
Budapest_1,2019-07-13,0,,2019,7,13,5
Budapest_1,2019-07-14,0,,2019,7,14,6
Budapest_1,2019-07-15,0,,2019,7,15,0
Budapest_1,2019-07-16,0,,2019,7,16,1
Budapest_1,2019-07-17,0,,2019,7,17,2
Budapest_1,2019-07-18,0,,2019,7,18,3
Budapest_1,2019-07-19,0,,2019,7,19,4
Budapest_1,2019-07-20,0,,2019,7,20,5
Budapest_1,2019-07-21,0,,2019,7,21,6
Budapest_1,2019-07-22,0,,2019,7,22,0
Budapest_1,2019-07-23,0,,2019,7,23,1
Budapest_1,2019-07-24,0,,2019,7,24,2
Budapest_1,2019-07-25,0,,2019,7,25,3
Budapest_1,2019-07-26,0,,2019,7,26,4
Budapest_1,2019-07-27,0,,2019,7,27,5
Budapest_1,2019-07-28,0,,2019,7,28,6
Budapest_1,2019-07-29,0,,2019,7,29,0
Budapest_1,2019-07-30,0,,2019,7,30,1
Budapest_1,2019-07-31,0,,2019,7,31,2
Budapest_1,2019-08-01,0,,2019,8,1,3
Budapest_1,2019-08-02,0,,2019,8,2,4
Budapest_1,2019-08-03,0,,2019,8,3,5
Budapest_1,2019-08-04,0,,2019,8,4,6
Budapest_1,2019-08-05,0,,2019,8,5,0
Budapest_1,2019-08-06,0,,2019,8,6,1
Budapest_1,2019-08-07,0,,2019,8,7,2
Budapest_1,2019-08-08,0,,2019,8,8,3
Budapest_1,2019-08-09,0,,2019,8,9,4
Budapest_1,2019-08-10,0,,2019,8,10,5
Budapest_1,2019-08-11,0,,2019,8,11,6
Budapest_1,2019-08-12,0,,2019,8,12,0
Budapest_1,2019-08-13,0,,2019,8,13,1
Budapest_1,2019-08-14,0,,2019,8,14,2
Budapest_1,2019-08-15,0,,2019,8,15,3
Budapest_1,2019-08-16,0,,2019,8,16,4
Budapest_1,2019-08-17,0,,2019,8,17,5
Budapest_1,2019-08-18,0,,2019,8,18,6
Budapest_1,2019-08-19,1,Hungary National Day Holiday,2019,8,19,0
Budapest_1,2019-08-20,1,State Foundation Day,2019,8,20,1
Budapest_1,2019-08-21,0,,2019,8,21,2
Budapest_1,2019-08-22,0,,2019,8,22,3
Budapest_1,2019-08-23,0,,2019,8,23,4
Budapest_1,2019-08-24,0,,2019,8,24,5
Budapest_1,2019-08-25,0,,2019,8,25,6
Budapest_1,2019-08-26,0,,2019,8,26,0
Budapest_1,2019-08-27,0,,2019,8,27,1
Budapest_1,2019-08-28,0,,2019,8,28,2
Budapest_1,2019-08-29,0,,2019,8,29,3
Budapest_1,2019-08-30,0,,2019,8,30,4
Budapest_1,2019-08-31,0,,2019,8,31,5
Budapest_1,2019-09-01,0,,2019,9,1,6
Budapest_1,2019-09-02,0,,2019,9,2,0
Budapest_1,2019-09-03,0,,2019,9,3,1
Budapest_1,2019-09-04,0,,2019,9,4,2
Budapest_1,2019-09-05,0,,2019,9,5,3
Budapest_1,2019-09-06,0,,2019,9,6,4
Budapest_1,2019-09-07,0,,2019,9,7,5
Budapest_1,2019-09-08,0,,2019,9,8,6
Budapest_1,2019-09-09,0,,2019,9,9,0
Budapest_1,2019-09-10,0,,2019,9,10,1
Budapest_1,2019-09-11,0,,2019,9,11,2
Budapest_1,2019-09-12,0,,2019,9,12,3
Budapest_1,2019-09-13,0,,2019,9,13,4
Budapest_1,2019-09-14,0,,2019,9,14,5
Budapest_1,2019-09-15,0,,2019,9,15,6
Budapest_1,2019-09-16,0,,2019,9,16,0
Budapest_1,2019-09-17,0,,2019,9,17,1
Budapest_1,2019-09-18,0,,2019,9,18,2
Budapest_1,2019-09-19,0,,2019,9,19,3
Budapest_1,2019-09-20,0,,2019,9,20,4
Budapest_1,2019-09-21,0,,2019,9,21,5
Budapest_1,2019-09-22,0,,2019,9,22,6
Budapest_1,2019-09-23,0,,2019,9,23,0
Budapest_1,2019-09-24,0,,2019,9,24,1
Budapest_1,2019-09-25,0,,2019,9,25,2
Budapest_1,2019-09-26,0,,2019,9,26,3
Budapest_1,2019-09-27,0,,2019,9,27,4
Budapest_1,2019-09-28,0,,2019,9,28,5
Budapest_1,2019-09-29,0,,2019,9,29,6
Budapest_1,2019-09-30,0,,2019,9,30,0
Budapest_1,2019-10-01,0,,2019,10,1,1
Budapest_1,2019-10-02,0,,2019,10,2,2
Budapest_1,2019-10-03,0,,2019,10,3,3
Budapest_1,2019-10-04,0,,2019,10,4,4
Budapest_1,2019-10-05,0,,2019,10,5,5
Budapest_1,2019-10-06,1,Memorial Day for the Martyrs of Arad,2019,10,6,6
Budapest_1,2019-10-07,0,,2019,10,7,0
Budapest_1,2019-10-08,0,,2019,10,8,1
Budapest_1,2019-10-09,0,,2019,10,9,2
Budapest_1,2019-10-10,0,,2019,10,10,3
Budapest_1,2019-10-11,0,,2019,10,11,4
Budapest_1,2019-10-12,0,,2019,10,12,5
Budapest_1,2019-10-13,0,,2019,10,13,6
Budapest_1,2019-10-14,0,,2019,10,14,0
Budapest_1,2019-10-15,0,,2019,10,15,1
Budapest_1,2019-10-16,0,,2019,10,16,2
Budapest_1,2019-10-17,0,,2019,10,17,3
Budapest_1,2019-10-18,0,,2019,10,18,4
Budapest_1,2019-10-19,0,,2019,10,19,5
Budapest_1,2019-10-20,0,,2019,10,20,6
Budapest_1,2019-10-21,0,,2019,10,21,0
Budapest_1,2019-10-22,0,,2019,10,22,1
Budapest_1,2019-10-23,1,Memorial day of the 1956 Revolution,2019,10,23,2
Budapest_1,2019-10-24,0,,2019,10,24,3
Budapest_1,2019-10-25,0,,2019,10,25,4
Budapest_1,2019-10-26,0,,2019,10,26,5
Budapest_1,2019-10-27,0,,2019,10,27,6
Budapest_1,2019-10-28,0,,2019,10,28,0
Budapest_1,2019-10-29,0,,2019,10,29,1
Budapest_1,2019-10-30,0,,2019,10,30,2
Budapest_1,2019-10-31,0,,2019,10,31,3
Budapest_1,2019-11-01,1,All Saints Day,2019,11,1,4
Budapest_1,2019-11-02,0,,2019,11,2,5
Budapest_1,2019-11-03,0,,2019,11,3,6
Budapest_1,2019-11-04,0,,2019,11,4,0
Budapest_1,2019-11-05,0,,2019,11,5,1
Budapest_1,2019-11-06,0,,2019,11,6,2
Budapest_1,2019-11-07,0,,2019,11,7,3
Budapest_1,2019-11-08,0,,2019,11,8,4
Budapest_1,2019-11-09,0,,2019,11,9,5
Budapest_1,2019-11-10,0,,2019,11,10,6
Budapest_1,2019-11-11,0,,2019,11,11,0
Budapest_1,2019-11-12,0,,2019,11,12,1
Budapest_1,2019-11-13,0,,2019,11,13,2
Budapest_1,2019-11-14,0,,2019,11,14,3
Budapest_1,2019-11-15,0,,2019,11,15,4
Budapest_1,2019-11-16,0,,2019,11,16,5
Budapest_1,2019-11-17,0,,2019,11,17,6
Budapest_1,2019-11-18,0,,2019,11,18,0
Budapest_1,2019-11-19,0,,2019,11,19,1
Budapest_1,2019-11-20,0,,2019,11,20,2
Budapest_1,2019-11-21,0,,2019,11,21,3
Budapest_1,2019-11-22,0,,2019,11,22,4
Budapest_1,2019-11-23,0,,2019,11,23,5
Budapest_1,2019-11-24,0,,2019,11,24,6
Budapest_1,2019-11-25,0,,2019,11,25,0
Budapest_1,2019-11-26,0,,2019,11,26,1
Budapest_1,2019-11-27,0,,2019,11,27,2
Budapest_1,2019-11-28,0,,2019,11,28,3
Budapest_1,2019-11-29,0,,2019,11,29,4
Budapest_1,2019-11-30,0,,2019,11,30,5
Budapest_1,2019-12-01,0,,2019,12,1,6
Budapest_1,2019-12-02,0,,2019,12,2,0
Budapest_1,2019-12-03,0,,2019,12,3,1
Budapest_1,2019-12-04,0,,2019,12,4,2
Budapest_1,2019-12-05,0,,2019,12,5,3
Budapest_1,2019-12-06,0,,2019,12,6,4
Budapest_1,2019-12-07,0,,2019,12,7,5
Budapest_1,2019-12-08,0,,2019,12,8,6
Budapest_1,2019-12-09,0,,2019,12,9,0
Budapest_1,2019-12-10,0,,2019,12,10,1
Budapest_1,2019-12-11,0,,2019,12,11,2
Budapest_1,2019-12-12,0,,2019,12,12,3
Budapest_1,2019-12-13,0,,2019,12,13,4
Budapest_1,2019-12-14,0,,2019,12,14,5
Budapest_1,2019-12-15,0,,2019,12,15,6
Budapest_1,2019-12-16,0,,2019,12,16,0
Budapest_1,2019-12-17,0,,2019,12,17,1
Budapest_1,2019-12-18,0,,2019,12,18,2
Budapest_1,2019-12-19,0,,2019,12,19,3
Budapest_1,2019-12-20,0,,2019,12,20,4
Budapest_1,2019-12-21,0,,2019,12,21,5
Budapest_1,2019-12-22,0,,2019,12,22,6
Budapest_1,2019-12-23,0,,2019,12,23,0
Budapest_1,2019-12-24,1,Christmas Eve,2019,12,24,1
Budapest_1,2019-12-25,1,1st Christmas Day,2019,12,25,2
Budapest_1,2019-12-26,1,2nd Christmas Day,2019,12,26,3
Budapest_1,2019-12-27,1,Christmas Holiday,2019,12,27,4
Budapest_1,2019-12-28,0,,2019,12,28,5
Budapest_1,2019-12-29,0,,2019,12,29,6
Budapest_1,2019-12-30,0,,2019,12,30,0
Budapest_1,2019-12-31,0,,2019,12,31,1
Budapest_1,2020-01-01,1,New Years Day,2020,1,1,2
Budapest_1,2020-01-02,0,,2020,1,2,3
Budapest_1,2020-01-03,0,,2020,1,3,4
Budapest_1,2020-01-04,0,,2020,1,4,5
Budapest_1,2020-01-05,0,,2020,1,5,6
Budapest_1,2020-01-06,0,,2020,1,6,0
Budapest_1,2020-01-07,0,,2020,1,7,1
Budapest_1,2020-01-08,0,,2020,1,8,2
Budapest_1,2020-01-09,0,,2020,1,9,3
Budapest_1,2020-01-10,0,,2020,1,10,4
Budapest_1,2020-01-11,0,,2020,1,11,5
Budapest_1,2020-01-12,0,,2020,1,12,6
Budapest_1,2020-01-13,0,,2020,1,13,0
Budapest_1,2020-01-14,0,,2020,1,14,1
Budapest_1,2020-01-15,0,,2020,1,15,2
Budapest_1,2020-01-16,0,,2020,1,16,3
Budapest_1,2020-01-17,0,,2020,1,17,4
Budapest_1,2020-01-18,0,,2020,1,18,5
Budapest_1,2020-01-19,0,,2020,1,19,6
Budapest_1,2020-01-20,0,,2020,1,20,0
Budapest_1,2020-01-21,0,,2020,1,21,1
Budapest_1,2020-01-22,0,,2020,1,22,2
Budapest_1,2020-01-23,0,,2020,1,23,3
Budapest_1,2020-01-24,0,,2020,1,24,4
Budapest_1,2020-01-25,0,,2020,1,25,5
Budapest_1,2020-01-26,0,,2020,1,26,6
Budapest_1,2020-01-27,0,,2020,1,27,0
Budapest_1,2020-01-28,0,,2020,1,28,1
Budapest_1,2020-01-29,0,,2020,1,29,2
Budapest_1,2020-01-30,0,,2020,1,30,3
Budapest_1,2020-01-31,0,,2020,1,31,4
Budapest_1,2020-02-01,1,Memorial Day of the Republic,2020,2,1,5
Budapest_1,2020-02-02,0,,2020,2,2,6
Budapest_1,2020-02-03,0,,2020,2,3,0
Budapest_1,2020-02-04,0,,2020,2,4,1
Budapest_1,2020-02-05,0,,2020,2,5,2
Budapest_1,2020-02-06,0,,2020,2,6,3
Budapest_1,2020-02-07,0,,2020,2,7,4
Budapest_1,2020-02-08,0,,2020,2,8,5
Budapest_1,2020-02-09,0,,2020,2,9,6
Budapest_1,2020-02-10,0,,2020,2,10,0
Budapest_1,2020-02-11,0,,2020,2,11,1
Budapest_1,2020-02-12,0,,2020,2,12,2
Budapest_1,2020-02-13,0,,2020,2,13,3
Budapest_1,2020-02-14,0,,2020,2,14,4
Budapest_1,2020-02-15,0,,2020,2,15,5
Budapest_1,2020-02-16,0,,2020,2,16,6
Budapest_1,2020-02-17,0,,2020,2,17,0
Budapest_1,2020-02-18,0,,2020,2,18,1
Budapest_1,2020-02-19,0,,2020,2,19,2
Budapest_1,2020-02-20,0,,2020,2,20,3
Budapest_1,2020-02-21,0,,2020,2,21,4
Budapest_1,2020-02-22,0,,2020,2,22,5
Budapest_1,2020-02-23,0,,2020,2,23,6
Budapest_1,2020-02-24,0,,2020,2,24,0
Budapest_1,2020-02-25,1,Memorial Day for the Victims of the Communist Dictatorships,2020,2,25,1
Budapest_1,2020-02-26,0,,2020,2,26,2
Budapest_1,2020-02-27,0,,2020,2,27,3
Budapest_1,2020-02-28,0,,2020,2,28,4
Budapest_1,2020-02-29,0,,2020,2,29,5
Budapest_1,2020-03-01,0,,2020,3,1,6
Budapest_1,2020-03-02,0,,2020,3,2,0
Budapest_1,2020-03-03,0,,2020,3,3,1
Budapest_1,2020-03-04,0,,2020,3,4,2
Budapest_1,2020-03-05,0,,2020,3,5,3
Budapest_1,2020-03-06,0,,2020,3,6,4
Budapest_1,2020-03-07,0,,2020,3,7,5
Budapest_1,2020-03-08,1,International womens day,2020,3,8,6
Budapest_1,2020-03-09,0,,2020,3,9,0
Budapest_1,2020-03-10,0,,2020,3,10,1
Budapest_1,2020-03-11,0,,2020,3,11,2
Budapest_1,2020-03-12,0,,2020,3,12,3
Budapest_1,2020-03-13,0,,2020,3,13,4
Budapest_1,2020-03-14,0,,2020,3,14,5
Budapest_1,2020-03-15,1,Memorial Day for the Victims of the Holocaust,2020,3,15,6
Budapest_1,2020-03-16,0,,2020,3,16,0
Budapest_1,2020-03-17,0,,2020,3,17,1
Budapest_1,2020-03-18,0,,2020,3,18,2
Budapest_1,2020-03-19,0,,2020,3,19,3
Budapest_1,2020-03-20,0,,2020,3,20,4
Budapest_1,2020-03-21,0,,2020,3,21,5
Budapest_1,2020-03-22,0,,2020,3,22,6
Budapest_1,2020-03-23,0,,2020,3,23,0
Budapest_1,2020-03-24,0,,2020,3,24,1
Budapest_1,2020-03-25,0,,2020,3,25,2
Budapest_1,2020-03-26,0,,2020,3,26,3
Budapest_1,2020-03-27,0,,2020,3,27,4
Budapest_1,2020-03-28,0,,2020,3,28,5
Budapest_1,2020-03-29,0,,2020,3,29,6
Budapest_1,2020-03-30,0,,2020,3,30,0
Budapest_1,2020-03-31,0,,2020,3,31,1
Budapest_1,2020-04-01,0,,2020,4,1,2
Budapest_1,2020-04-02,0,,2020,4,2,3
Budapest_1,2020-04-03,0,,2020,4,3,4
Budapest_1,2020-04-04,0,,2020,4,4,5
Budapest_1,2020-04-05,0,,2020,4,5,6
Budapest_1,2020-04-06,0,,2020,4,6,0
Budapest_1,2020-04-07,0,,2020,4,7,1
Budapest_1,2020-04-08,0,,2020,4,8,2
Budapest_1,2020-04-09,0,,2020,4,9,3
Budapest_1,2020-04-10,1,Good Friday,2020,4,10,4
Budapest_1,2020-04-11,1,Good Friday,2020,4,11,5
Budapest_1,2020-04-12,1,Easter Day,2020,4,12,6
Budapest_1,2020-04-13,1,Easter Monday,2020,4,13,0
Budapest_1,2020-04-14,0,,2020,4,14,1
Budapest_1,2020-04-15,0,,2020,4,15,2
Budapest_1,2020-04-16,1,Memorial Day for the Victims of the Holocaust,2020,4,16,3
Budapest_1,2020-04-17,0,,2020,4,17,4
Budapest_1,2020-04-18,0,,2020,4,18,5
Budapest_1,2020-04-19,1,Good Friday,2020,4,19,6
Budapest_1,2020-04-20,1,Good Friday,2020,4,20,0
Budapest_1,2020-04-21,1,Easter Day,2020,4,21,1
Budapest_1,2020-04-22,1,Easter Monday,2020,4,22,2
Budapest_1,2020-04-23,0,,2020,4,23,3
Budapest_1,2020-04-24,0,,2020,4,24,4
Budapest_1,2020-04-25,0,,2020,4,25,5
Budapest_1,2020-04-26,0,,2020,4,26,6
Budapest_1,2020-04-27,0,,2020,4,27,0
Budapest_1,2020-04-28,0,,2020,4,28,1
Budapest_1,2020-04-29,0,,2020,4,29,2
Budapest_1,2020-04-30,0,,2020,4,30,3
Budapest_1,2020-05-01,1,Labour Day,2020,5,1,4
Budapest_1,2020-05-02,0,,2020,5,2,5
Budapest_1,2020-05-03,0,,2020,5,3,6
Budapest_1,2020-05-04,0,,2020,5,4,0
Budapest_1,2020-05-05,0,,2020,5,5,1
Budapest_1,2020-05-06,0,,2020,5,6,2
Budapest_1,2020-05-07,0,,2020,5,7,3
Budapest_1,2020-05-08,0,,2020,5,8,4
Budapest_1,2020-05-09,0,,2020,5,9,5
Budapest_1,2020-05-10,1,Mother's Day,2020,5,10,6
Budapest_1,2020-05-11,0,,2020,5,11,0
Budapest_1,2020-05-12,1,Mother's Day,2020,5,12,1
Budapest_1,2020-05-13,0,,2020,5,13,2
Budapest_1,2020-05-14,0,,2020,5,14,3
Budapest_1,2020-05-15,0,,2020,5,15,4
Budapest_1,2020-05-16,0,,2020,5,16,5
Budapest_1,2020-05-17,0,,2020,5,17,6
Budapest_1,2020-05-18,0,,2020,5,18,0
Budapest_1,2020-05-19,0,,2020,5,19,1
Budapest_1,2020-05-20,0,,2020,5,20,2
Budapest_1,2020-05-21,1,National Defense Day,2020,5,21,3
Budapest_1,2020-05-22,0,,2020,5,22,4
Budapest_1,2020-05-23,0,,2020,5,23,5
Budapest_1,2020-05-24,0,,2020,5,24,6
Budapest_1,2020-05-25,0,,2020,5,25,0
Budapest_1,2020-05-26,0,,2020,5,26,1
Budapest_1,2020-05-27,0,,2020,5,27,2
Budapest_1,2020-05-28,0,,2020,5,28,3
Budapest_1,2020-05-29,0,,2020,5,29,4
Budapest_1,2020-05-30,0,,2020,5,30,5
Budapest_1,2020-05-31,1,Whit sunday,2020,5,31,6
Budapest_1,2020-06-01,1,Whit monday,2020,6,1,0
Budapest_1,2020-06-02,0,,2020,6,2,1
Budapest_1,2020-06-03,0,,2020,6,3,2
Budapest_1,2020-06-04,1,Day of National Unity,2020,6,4,3
Budapest_1,2020-06-05,0,,2020,6,5,4
Budapest_1,2020-06-06,0,,2020,6,6,5
Budapest_1,2020-06-07,0,,2020,6,7,6
Budapest_1,2020-06-08,0,,2020,6,8,0
Budapest_1,2020-06-09,1,Whit sunday,2020,6,9,1
Budapest_1,2020-06-10,1,Whit monday,2020,6,10,2
Budapest_1,2020-06-11,0,,2020,6,11,3
Budapest_1,2020-06-12,0,,2020,6,12,4
Budapest_1,2020-06-13,0,,2020,6,13,5
Budapest_1,2020-06-14,0,,2020,6,14,6
Budapest_1,2020-06-15,0,,2020,6,15,0
Budapest_1,2020-06-16,0,,2020,6,16,1
Budapest_1,2020-06-17,0,,2020,6,17,2
Budapest_1,2020-06-18,0,,2020,6,18,3
Budapest_1,2020-06-19,1,Independent Hungary Day,2020,6,19,4
Budapest_1,2020-06-20,0,,2020,6,20,5
Budapest_1,2020-06-21,0,,2020,6,21,6
Budapest_1,2020-06-22,0,,2020,6,22,0
Budapest_1,2020-06-23,0,,2020,6,23,1
Budapest_1,2020-06-24,0,,2020,6,24,2
Budapest_1,2020-06-25,0,,2020,6,25,3
Budapest_1,2020-06-26,0,,2020,6,26,4
Budapest_1,2020-06-27,0,,2020,6,27,5
Budapest_1,2020-06-28,0,,2020,6,28,6
Budapest_1,2020-06-29,0,,2020,6,29,0
Budapest_1,2020-06-30,0,,2020,6,30,1
Budapest_1,2020-07-01,0,,2020,7,1,2
Budapest_1,2020-07-02,0,,2020,7,2,3
Budapest_1,2020-07-03,0,,2020,7,3,4
Budapest_1,2020-07-04,0,,2020,7,4,5
Budapest_1,2020-07-05,0,,2020,7,5,6
Budapest_1,2020-07-06,0,,2020,7,6,0
Budapest_1,2020-07-07,0,,2020,7,7,1
Budapest_1,2020-07-08,0,,2020,7,8,2
Budapest_1,2020-07-09,0,,2020,7,9,3
Budapest_1,2020-07-10,0,,2020,7,10,4
Budapest_1,2020-07-11,0,,2020,7,11,5
Budapest_1,2020-07-12,0,,2020,7,12,6
Budapest_1,2020-07-13,0,,2020,7,13,0
Budapest_1,2020-07-14,0,,2020,7,14,1
Budapest_1,2020-07-15,0,,2020,7,15,2
Budapest_1,2020-07-16,0,,2020,7,16,3
Budapest_1,2020-07-17,0,,2020,7,17,4
Budapest_1,2020-07-18,0,,2020,7,18,5
Budapest_1,2020-07-19,0,,2020,7,19,6
Budapest_1,2020-07-20,0,,2020,7,20,0
Budapest_1,2020-07-21,0,,2020,7,21,1
Budapest_1,2020-07-22,0,,2020,7,22,2
Budapest_1,2020-07-23,0,,2020,7,23,3
Budapest_1,2020-07-24,0,,2020,7,24,4
Budapest_1,2020-07-25,0,,2020,7,25,5
Budapest_1,2020-07-26,0,,2020,7,26,6
Budapest_1,2020-07-27,0,,2020,7,27,0
Budapest_1,2020-07-28,0,,2020,7,28,1
Budapest_1,2020-07-29,0,,2020,7,29,2
Budapest_1,2020-07-30,0,,2020,7,30,3
Budapest_1,2020-07-31,0,,2020,7,31,4
Budapest_1,2020-08-01,0,,2020,8,1,5
Budapest_1,2020-08-02,0,,2020,8,2,6
Budapest_1,2020-08-03,0,,2020,8,3,0
Budapest_1,2020-08-04,0,,2020,8,4,1
Budapest_1,2020-08-05,0,,2020,8,5,2
Budapest_1,2020-08-06,0,,2020,8,6,3
Budapest_1,2020-08-07,0,,2020,8,7,4
Budapest_1,2020-08-08,0,,2020,8,8,5
Budapest_1,2020-08-09,0,,2020,8,9,6
Budapest_1,2020-08-10,0,,2020,8,10,0
Budapest_1,2020-08-11,0,,2020,8,11,1
Budapest_1,2020-08-12,0,,2020,8,12,2
Budapest_1,2020-08-13,0,,2020,8,13,3
Budapest_1,2020-08-14,0,,2020,8,14,4
Budapest_1,2020-08-15,0,,2020,8,15,5
Budapest_1,2020-08-16,0,,2020,8,16,6
Budapest_1,2020-08-17,0,,2020,8,17,0
Budapest_1,2020-08-18,0,,2020,8,18,1
Budapest_1,2020-08-19,1,Hungary National Day Holiday,2020,8,19,2
Budapest_1,2020-08-20,1,State Foundation Day,2020,8,20,3
Budapest_1,2020-08-21,1,Hungary National Day Holiday,2020,8,21,4
Budapest_1,2020-08-22,0,,2020,8,22,5
Budapest_1,2020-08-23,0,,2020,8,23,6
Budapest_1,2020-08-24,0,,2020,8,24,0
Budapest_1,2020-08-25,0,,2020,8,25,1
Budapest_1,2020-08-26,0,,2020,8,26,2
Budapest_1,2020-08-27,0,,2020,8,27,3
Budapest_1,2020-08-28,0,,2020,8,28,4
Budapest_1,2020-08-29,0,,2020,8,29,5
Budapest_1,2020-08-30,0,,2020,8,30,6
Budapest_1,2020-08-31,0,,2020,8,31,0
Budapest_1,2020-09-01,0,,2020,9,1,1
Budapest_1,2020-09-02,0,,2020,9,2,2
Budapest_1,2020-09-03,0,,2020,9,3,3
Budapest_1,2020-09-04,0,,2020,9,4,4
Budapest_1,2020-09-05,0,,2020,9,5,5
Budapest_1,2020-09-06,0,,2020,9,6,6
Budapest_1,2020-09-07,0,,2020,9,7,0
Budapest_1,2020-09-08,0,,2020,9,8,1
Budapest_1,2020-09-09,0,,2020,9,9,2
Budapest_1,2020-09-10,0,,2020,9,10,3
Budapest_1,2020-09-11,0,,2020,9,11,4
Budapest_1,2020-09-12,0,,2020,9,12,5
Budapest_1,2020-09-13,0,,2020,9,13,6
Budapest_1,2020-09-14,0,,2020,9,14,0
Budapest_1,2020-09-15,0,,2020,9,15,1
Budapest_1,2020-09-16,0,,2020,9,16,2
Budapest_1,2020-09-17,0,,2020,9,17,3
Budapest_1,2020-09-18,0,,2020,9,18,4
Budapest_1,2020-09-19,0,,2020,9,19,5
Budapest_1,2020-09-20,0,,2020,9,20,6
Budapest_1,2020-09-21,0,,2020,9,21,0
Budapest_1,2020-09-22,0,,2020,9,22,1
Budapest_1,2020-09-23,0,,2020,9,23,2
Budapest_1,2020-09-24,0,,2020,9,24,3
Budapest_1,2020-09-25,0,,2020,9,25,4
Budapest_1,2020-09-26,0,,2020,9,26,5
Budapest_1,2020-09-27,0,,2020,9,27,6
Budapest_1,2020-09-28,0,,2020,9,28,0
Budapest_1,2020-09-29,0,,2020,9,29,1
Budapest_1,2020-09-30,0,,2020,9,30,2
Budapest_1,2020-10-01,0,,2020,10,1,3
Budapest_1,2020-10-02,0,,2020,10,2,4
Budapest_1,2020-10-03,0,,2020,10,3,5
Budapest_1,2020-10-04,0,,2020,10,4,6
Budapest_1,2020-10-05,0,,2020,10,5,0
Budapest_1,2020-10-06,1,Memorial Day for the Martyrs of Arad,2020,10,6,1
Budapest_1,2020-10-07,0,,2020,10,7,2
Budapest_1,2020-10-08,0,,2020,10,8,3
Budapest_1,2020-10-09,0,,2020,10,9,4
Budapest_1,2020-10-10,0,,2020,10,10,5
Budapest_1,2020-10-11,0,,2020,10,11,6
Budapest_1,2020-10-12,0,,2020,10,12,0
Budapest_1,2020-10-13,0,,2020,10,13,1
Budapest_1,2020-10-14,0,,2020,10,14,2
Budapest_1,2020-10-15,0,,2020,10,15,3
Budapest_1,2020-10-16,0,,2020,10,16,4
Budapest_1,2020-10-17,0,,2020,10,17,5
Budapest_1,2020-10-18,0,,2020,10,18,6
Budapest_1,2020-10-19,0,,2020,10,19,0
Budapest_1,2020-10-20,0,,2020,10,20,1
Budapest_1,2020-10-21,0,,2020,10,21,2
Budapest_1,2020-10-22,0,,2020,10,22,3
Budapest_1,2020-10-23,1,Memorial day of the 1956 Revolution,2020,10,23,4
Budapest_1,2020-10-24,0,,2020,10,24,5
Budapest_1,2020-10-25,0,,2020,10,25,6
Budapest_1,2020-10-26,0,,2020,10,26,0
Budapest_1,2020-10-27,0,,2020,10,27,1
Budapest_1,2020-10-28,0,,2020,10,28,2
Budapest_1,2020-10-29,0,,2020,10,29,3
Budapest_1,2020-10-30,0,,2020,10,30,4
Budapest_1,2020-10-31,0,,2020,10,31,5
Budapest_1,2020-11-01,1,All Saints Day,2020,11,1,6
Budapest_1,2020-11-02,0,,2020,11,2,0
Budapest_1,2020-11-03,0,,2020,11,3,1
Budapest_1,2020-11-04,0,,2020,11,4,2
Budapest_1,2020-11-05,0,,2020,11,5,3
Budapest_1,2020-11-06,0,,2020,11,6,4
Budapest_1,2020-11-07,0,,2020,11,7,5
Budapest_1,2020-11-08,0,,2020,11,8,6
Budapest_1,2020-11-09,0,,2020,11,9,0
Budapest_1,2020-11-10,0,,2020,11,10,1
Budapest_1,2020-11-11,0,,2020,11,11,2
Budapest_1,2020-11-12,0,,2020,11,12,3
Budapest_1,2020-11-13,0,,2020,11,13,4
Budapest_1,2020-11-14,0,,2020,11,14,5
Budapest_1,2020-11-15,0,,2020,11,15,6
Budapest_1,2020-11-16,0,,2020,11,16,0
Budapest_1,2020-11-17,0,,2020,11,17,1
Budapest_1,2020-11-18,0,,2020,11,18,2
Budapest_1,2020-11-19,0,,2020,11,19,3
Budapest_1,2020-11-20,0,,2020,11,20,4
Budapest_1,2020-11-21,0,,2020,11,21,5
Budapest_1,2020-11-22,0,,2020,11,22,6
Budapest_1,2020-11-23,0,,2020,11,23,0
Budapest_1,2020-11-24,0,,2020,11,24,1
Budapest_1,2020-11-25,0,,2020,11,25,2
Budapest_1,2020-11-26,0,,2020,11,26,3
Budapest_1,2020-11-27,0,,2020,11,27,4
Budapest_1,2020-11-28,0,,2020,11,28,5
Budapest_1,2020-11-29,0,,2020,11,29,6
Budapest_1,2020-11-30,0,,2020,11,30,0
Budapest_1,2020-12-01,0,,2020,12,1,1
Budapest_1,2020-12-02,0,,2020,12,2,2
Budapest_1,2020-12-03,0,,2020,12,3,3
Budapest_1,2020-12-04,0,,2020,12,4,4
Budapest_1,2020-12-05,0,,2020,12,5,5
Budapest_1,2020-12-06,0,,2020,12,6,6
Budapest_1,2020-12-07,0,,2020,12,7,0
Budapest_1,2020-12-08,0,,2020,12,8,1
Budapest_1,2020-12-09,0,,2020,12,9,2
Budapest_1,2020-12-10,0,,2020,12,10,3
Budapest_1,2020-12-11,0,,2020,12,11,4
Budapest_1,2020-12-12,0,,2020,12,12,5
Budapest_1,2020-12-13,0,,2020,12,13,6
Budapest_1,2020-12-14,0,,2020,12,14,0
Budapest_1,2020-12-15,0,,2020,12,15,1
Budapest_1,2020-12-16,0,,2020,12,16,2
Budapest_1,2020-12-17,0,,2020,12,17,3
Budapest_1,2020-12-18,0,,2020,12,18,4
Budapest_1,2020-12-19,0,,2020,12,19,5
Budapest_1,2020-12-20,0,,2020,12,20,6
Budapest_1,2020-12-21,0,,2020,12,21,0
Budapest_1,2020-12-22,0,,2020,12,22,1
Budapest_1,2020-12-23,0,,2020,12,23,2
Budapest_1,2020-12-24,1,Christmas Eve,2020,12,24,3
Budapest_1,2020-12-25,1,1st Christmas Day,2020,12,25,4
Budapest_1,2020-12-26,1,2nd Christmas Day,2020,12,26,5
Budapest_1,2020-12-27,1,Christmas Holiday,2020,12,27,6
Budapest_1,2020-12-28,0,,2020,12,28,0
Budapest_1,2020-12-29,0,,2020,12,29,1
Budapest_1,2020-12-30,0,,2020,12,30,2
Budapest_1,2020-12-31,0,,2020,12,31,3
Budapest_1,2021-01-01,1,New Years Day,2021,1,1,4
Budapest_1,2021-01-02,0,,2021,1,2,5
Budapest_1,2021-01-03,0,,2021,1,3,6
Budapest_1,2021-01-04,0,,2021,1,4,0
Budapest_1,2021-01-05,0,,2021,1,5,1
Budapest_1,2021-01-06,0,,2021,1,6,2
Budapest_1,2021-01-07,0,,2021,1,7,3
Budapest_1,2021-01-08,0,,2021,1,8,4
Budapest_1,2021-01-09,0,,2021,1,9,5
Budapest_1,2021-01-10,0,,2021,1,10,6
Budapest_1,2021-01-11,0,,2021,1,11,0
Budapest_1,2021-01-12,0,,2021,1,12,1
Budapest_1,2021-01-13,0,,2021,1,13,2
Budapest_1,2021-01-14,0,,2021,1,14,3
Budapest_1,2021-01-15,0,,2021,1,15,4
Budapest_1,2021-01-16,0,,2021,1,16,5
Budapest_1,2021-01-17,0,,2021,1,17,6
Budapest_1,2021-01-18,0,,2021,1,18,0
Budapest_1,2021-01-19,0,,2021,1,19,1
Budapest_1,2021-01-20,0,,2021,1,20,2
Budapest_1,2021-01-21,0,,2021,1,21,3
Budapest_1,2021-01-22,0,,2021,1,22,4
Budapest_1,2021-01-23,0,,2021,1,23,5
Budapest_1,2021-01-24,0,,2021,1,24,6
Budapest_1,2021-01-25,0,,2021,1,25,0
Budapest_1,2021-01-26,0,,2021,1,26,1
Budapest_1,2021-01-27,0,,2021,1,27,2
Budapest_1,2021-01-28,0,,2021,1,28,3
Budapest_1,2021-01-29,0,,2021,1,29,4
Budapest_1,2021-01-30,0,,2021,1,30,5
Budapest_1,2021-01-31,0,,2021,1,31,6
Budapest_1,2021-02-01,1,Memorial Day of the Republic,2021,2,1,0
Budapest_1,2021-02-02,0,,2021,2,2,1
Budapest_1,2021-02-03,0,,2021,2,3,2
Budapest_1,2021-02-04,0,,2021,2,4,3
Budapest_1,2021-02-05,0,,2021,2,5,4
Budapest_1,2021-02-06,0,,2021,2,6,5
Budapest_1,2021-02-07,0,,2021,2,7,6
Budapest_1,2021-02-08,0,,2021,2,8,0
Budapest_1,2021-02-09,0,,2021,2,9,1
Budapest_1,2021-02-10,0,,2021,2,10,2
Budapest_1,2021-02-11,0,,2021,2,11,3
Budapest_1,2021-02-12,0,,2021,2,12,4
Budapest_1,2021-02-13,0,,2021,2,13,5
Budapest_1,2021-02-14,0,,2021,2,14,6
Budapest_1,2021-02-15,0,,2021,2,15,0
Budapest_1,2021-02-16,0,,2021,2,16,1
Budapest_1,2021-02-17,0,,2021,2,17,2
Budapest_1,2021-02-18,0,,2021,2,18,3
Budapest_1,2021-02-19,0,,2021,2,19,4
Budapest_1,2021-02-20,0,,2021,2,20,5
Budapest_1,2021-02-21,0,,2021,2,21,6
Budapest_1,2021-02-22,0,,2021,2,22,0
Budapest_1,2021-02-23,0,,2021,2,23,1
Budapest_1,2021-02-24,0,,2021,2,24,2
Budapest_1,2021-02-25,1,Memorial Day for the Victims of the Communist Dictatorships,2021,2,25,3
Budapest_1,2021-02-26,0,,2021,2,26,4
Budapest_1,2021-02-27,0,,2021,2,27,5
Budapest_1,2021-02-28,0,,2021,2,28,6
Budapest_1,2021-03-01,0,,2021,3,1,0
Budapest_1,2021-03-02,0,,2021,3,2,1
Budapest_1,2021-03-03,0,,2021,3,3,2
Budapest_1,2021-03-04,0,,2021,3,4,3
Budapest_1,2021-03-05,0,,2021,3,5,4
Budapest_1,2021-03-06,0,,2021,3,6,5
Budapest_1,2021-03-07,0,,2021,3,7,6
Budapest_1,2021-03-08,1,International womens day,2021,3,8,0
Budapest_1,2021-03-09,0,,2021,3,9,1
Budapest_1,2021-03-10,0,,2021,3,10,2
Budapest_1,2021-03-11,0,,2021,3,11,3
Budapest_1,2021-03-12,0,,2021,3,12,4
Budapest_1,2021-03-13,0,,2021,3,13,5
Budapest_1,2021-03-14,0,,2021,3,14,6
Budapest_1,2021-03-15,1,Memorial Day for the Victims of the Holocaust,2021,3,15,0
Budapest_1,2021-03-16,0,,2021,3,16,1
Budapest_1,2021-03-17,0,,2021,3,17,2
Budapest_1,2021-03-18,0,,2021,3,18,3
Budapest_1,2021-03-19,0,,2021,3,19,4
Budapest_1,2021-03-20,0,,2021,3,20,5
Budapest_1,2021-03-21,0,,2021,3,21,6
Budapest_1,2021-03-22,0,,2021,3,22,0
Budapest_1,2021-03-23,0,,2021,3,23,1
Budapest_1,2021-03-24,0,,2021,3,24,2
Budapest_1,2021-03-25,0,,2021,3,25,3
Budapest_1,2021-03-26,0,,2021,3,26,4
Budapest_1,2021-03-27,0,,2021,3,27,5
Budapest_1,2021-03-28,0,,2021,3,28,6
Budapest_1,2021-03-29,0,,2021,3,29,0
Budapest_1,2021-03-30,0,,2021,3,30,1
Budapest_1,2021-03-31,0,,2021,3,31,2
Budapest_1,2021-04-01,0,,2021,4,1,3
Budapest_1,2021-04-02,1,Good Friday,2021,4,2,4
Budapest_1,2021-04-03,1,Good Friday,2021,4,3,5
Budapest_1,2021-04-04,1,Easter Day,2021,4,4,6
Budapest_1,2021-04-05,1,Easter Monday,2021,4,5,0
Budapest_1,2021-04-06,0,,2021,4,6,1
Budapest_1,2021-04-07,0,,2021,4,7,2
Budapest_1,2021-04-08,0,,2021,4,8,3
Budapest_1,2021-04-09,0,,2021,4,9,4
Budapest_1,2021-04-10,1,Good Friday,2021,4,10,5
Budapest_1,2021-04-11,1,Good Friday,2021,4,11,6
Budapest_1,2021-04-12,1,Easter Day,2021,4,12,0
Budapest_1,2021-04-13,1,Easter Monday,2021,4,13,1
Budapest_1,2021-04-14,0,,2021,4,14,2
Budapest_1,2021-04-15,0,,2021,4,15,3
Budapest_1,2021-04-16,1,Memorial Day for the Victims of the Holocaust,2021,4,16,4
Budapest_1,2021-04-17,0,,2021,4,17,5
Budapest_1,2021-04-18,0,,2021,4,18,6
Budapest_1,2021-04-19,0,,2021,4,19,0
Budapest_1,2021-04-20,0,,2021,4,20,1
Budapest_1,2021-04-21,0,,2021,4,21,2
Budapest_1,2021-04-22,0,,2021,4,22,3
Budapest_1,2021-04-23,0,,2021,4,23,4
Budapest_1,2021-04-24,0,,2021,4,24,5
Budapest_1,2021-04-25,0,,2021,4,25,6
Budapest_1,2021-04-26,0,,2021,4,26,0
Budapest_1,2021-04-27,0,,2021,4,27,1
Budapest_1,2021-04-28,0,,2021,4,28,2
Budapest_1,2021-04-29,0,,2021,4,29,3
Budapest_1,2021-04-30,0,,2021,4,30,4
Budapest_1,2021-05-01,1,Labour Day,2021,5,1,5
Budapest_1,2021-05-02,0,,2021,5,2,6
Budapest_1,2021-05-03,0,,2021,5,3,0
Budapest_1,2021-05-04,0,,2021,5,4,1
Budapest_1,2021-05-05,0,,2021,5,5,2
Budapest_1,2021-05-06,0,,2021,5,6,3
Budapest_1,2021-05-07,0,,2021,5,7,4
Budapest_1,2021-05-08,0,,2021,5,8,5
Budapest_1,2021-05-09,1,Mother's Day,2021,5,9,6
Budapest_1,2021-05-10,1,Mother's Day,2021,5,10,0
Budapest_1,2021-05-11,0,,2021,5,11,1
Budapest_1,2021-05-12,0,,2021,5,12,2
Budapest_1,2021-05-13,0,,2021,5,13,3
Budapest_1,2021-05-14,0,,2021,5,14,4
Budapest_1,2021-05-15,0,,2021,5,15,5
Budapest_1,2021-05-16,0,,2021,5,16,6
Budapest_1,2021-05-17,0,,2021,5,17,0
Budapest_1,2021-05-18,0,,2021,5,18,1
Budapest_1,2021-05-19,0,,2021,5,19,2
Budapest_1,2021-05-20,0,,2021,5,20,3
Budapest_1,2021-05-21,1,National Defense Day,2021,5,21,4
Budapest_1,2021-05-22,0,,2021,5,22,5
Budapest_1,2021-05-23,1,Whit sunday,2021,5,23,6
Budapest_1,2021-05-24,1,Whit monday,2021,5,24,0
Budapest_1,2021-05-25,0,,2021,5,25,1
Budapest_1,2021-05-26,0,,2021,5,26,2
Budapest_1,2021-05-27,0,,2021,5,27,3
Budapest_1,2021-05-28,0,,2021,5,28,4
Budapest_1,2021-05-29,0,,2021,5,29,5
Budapest_1,2021-05-30,0,,2021,5,30,6
Budapest_1,2021-05-31,1,Whit sunday,2021,5,31,0
Budapest_1,2021-06-01,1,Whit monday,2021,6,1,1
Budapest_1,2021-06-02,0,,2021,6,2,2
Budapest_1,2021-06-03,0,,2021,6,3,3
Budapest_1,2021-06-04,1,Day of National Unity,2021,6,4,4
Budapest_1,2021-06-05,0,,2021,6,5,5
Budapest_1,2021-06-06,0,,2021,6,6,6
Budapest_1,2021-06-07,0,,2021,6,7,0
Budapest_1,2021-06-08,0,,2021,6,8,1
Budapest_1,2021-06-09,0,,2021,6,9,2
Budapest_1,2021-06-10,0,,2021,6,10,3
Budapest_1,2021-06-11,0,,2021,6,11,4
Budapest_1,2021-06-12,0,,2021,6,12,5
Budapest_1,2021-06-13,0,,2021,6,13,6
Budapest_1,2021-06-14,0,,2021,6,14,0
Budapest_1,2021-06-15,0,,2021,6,15,1
Budapest_1,2021-06-16,0,,2021,6,16,2
Budapest_1,2021-06-17,0,,2021,6,17,3
Budapest_1,2021-06-18,0,,2021,6,18,4
Budapest_1,2021-06-19,1,Independent Hungary Day,2021,6,19,5
Budapest_1,2021-06-20,0,,2021,6,20,6
Budapest_1,2021-06-21,0,,2021,6,21,0
Budapest_1,2021-06-22,0,,2021,6,22,1
Budapest_1,2021-06-23,0,,2021,6,23,2
Budapest_1,2021-06-24,0,,2021,6,24,3
Budapest_1,2021-06-25,0,,2021,6,25,4
Budapest_1,2021-06-26,0,,2021,6,26,5
Budapest_1,2021-06-27,0,,2021,6,27,6
Budapest_1,2021-06-28,0,,2021,6,28,0
Budapest_1,2021-06-29,0,,2021,6,29,1
Budapest_1,2021-06-30,0,,2021,6,30,2
Budapest_1,2021-07-01,0,,2021,7,1,3
Budapest_1,2021-07-02,0,,2021,7,2,4
Budapest_1,2021-07-03,0,,2021,7,3,5
Budapest_1,2021-07-04,0,,2021,7,4,6
Budapest_1,2021-07-05,0,,2021,7,5,0
Budapest_1,2021-07-06,0,,2021,7,6,1
Budapest_1,2021-07-07,0,,2021,7,7,2
Budapest_1,2021-07-08,0,,2021,7,8,3
Budapest_1,2021-07-09,0,,2021,7,9,4
Budapest_1,2021-07-10,0,,2021,7,10,5
Budapest_1,2021-07-11,0,,2021,7,11,6
Budapest_1,2021-07-12,0,,2021,7,12,0
Budapest_1,2021-07-13,0,,2021,7,13,1
Budapest_1,2021-07-14,0,,2021,7,14,2
Budapest_1,2021-07-15,0,,2021,7,15,3
Budapest_1,2021-07-16,0,,2021,7,16,4
Budapest_1,2021-07-17,0,,2021,7,17,5
Budapest_1,2021-07-18,0,,2021,7,18,6
Budapest_1,2021-07-19,0,,2021,7,19,0
Budapest_1,2021-07-20,0,,2021,7,20,1
Budapest_1,2021-07-21,0,,2021,7,21,2
Budapest_1,2021-07-22,0,,2021,7,22,3
Budapest_1,2021-07-23,0,,2021,7,23,4
Budapest_1,2021-07-24,0,,2021,7,24,5
Budapest_1,2021-07-25,0,,2021,7,25,6
Budapest_1,2021-07-26,0,,2021,7,26,0
Budapest_1,2021-07-27,0,,2021,7,27,1
Budapest_1,2021-07-28,0,,2021,7,28,2
Budapest_1,2021-07-29,0,,2021,7,29,3
Budapest_1,2021-07-30,0,,2021,7,30,4
Budapest_1,2021-07-31,0,,2021,7,31,5
Budapest_1,2021-08-01,0,,2021,8,1,6
Budapest_1,2021-08-02,0,,2021,8,2,0
Budapest_1,2021-08-03,0,,2021,8,3,1
Budapest_1,2021-08-04,0,,2021,8,4,2
Budapest_1,2021-08-05,0,,2021,8,5,3
Budapest_1,2021-08-06,0,,2021,8,6,4
Budapest_1,2021-08-07,0,,2021,8,7,5
Budapest_1,2021-08-08,0,,2021,8,8,6
Budapest_1,2021-08-09,0,,2021,8,9,0
Budapest_1,2021-08-10,0,,2021,8,10,1
Budapest_1,2021-08-11,0,,2021,8,11,2
Budapest_1,2021-08-12,0,,2021,8,12,3
Budapest_1,2021-08-13,0,,2021,8,13,4
Budapest_1,2021-08-14,0,,2021,8,14,5
Budapest_1,2021-08-15,0,,2021,8,15,6
Budapest_1,2021-08-16,0,,2021,8,16,0
Budapest_1,2021-08-17,0,,2021,8,17,1
Budapest_1,2021-08-18,0,,2021,8,18,2
Budapest_1,2021-08-19,0,,2021,8,19,3
Budapest_1,2021-08-20,1,State Foundation Day,2021,8,20,4
Budapest_1,2021-08-21,1,Hungary National Day Holiday,2021,8,21,5
Budapest_1,2021-08-22,0,,2021,8,22,6
Budapest_1,2021-08-23,0,,2021,8,23,0
Budapest_1,2021-08-24,0,,2021,8,24,1
Budapest_1,2021-08-25,0,,2021,8,25,2
Budapest_1,2021-08-26,0,,2021,8,26,3
Budapest_1,2021-08-27,0,,2021,8,27,4
Budapest_1,2021-08-28,0,,2021,8,28,5
Budapest_1,2021-08-29,0,,2021,8,29,6
Budapest_1,2021-08-30,0,,2021,8,30,0
Budapest_1,2021-08-31,0,,2021,8,31,1
Budapest_1,2021-09-01,0,,2021,9,1,2
Budapest_1,2021-09-02,0,,2021,9,2,3
Budapest_1,2021-09-03,0,,2021,9,3,4
Budapest_1,2021-09-04,0,,2021,9,4,5
Budapest_1,2021-09-05,0,,2021,9,5,6
Budapest_1,2021-09-06,0,,2021,9,6,0
Budapest_1,2021-09-07,0,,2021,9,7,1
Budapest_1,2021-09-08,0,,2021,9,8,2
Budapest_1,2021-09-09,0,,2021,9,9,3
Budapest_1,2021-09-10,0,,2021,9,10,4
Budapest_1,2021-09-11,0,,2021,9,11,5
Budapest_1,2021-09-12,0,,2021,9,12,6
Budapest_1,2021-09-13,0,,2021,9,13,0
Budapest_1,2021-09-14,0,,2021,9,14,1
Budapest_1,2021-09-15,0,,2021,9,15,2
Budapest_1,2021-09-16,0,,2021,9,16,3
Budapest_1,2021-09-17,0,,2021,9,17,4
Budapest_1,2021-09-18,0,,2021,9,18,5
Budapest_1,2021-09-19,0,,2021,9,19,6
Budapest_1,2021-09-20,0,,2021,9,20,0
Budapest_1,2021-09-21,0,,2021,9,21,1
Budapest_1,2021-09-22,0,,2021,9,22,2
Budapest_1,2021-09-23,0,,2021,9,23,3
Budapest_1,2021-09-24,0,,2021,9,24,4
Budapest_1,2021-09-25,0,,2021,9,25,5
Budapest_1,2021-09-26,0,,2021,9,26,6
Budapest_1,2021-09-27,0,,2021,9,27,0
Budapest_1,2021-09-28,0,,2021,9,28,1
Budapest_1,2021-09-29,0,,2021,9,29,2
Budapest_1,2021-09-30,0,,2021,9,30,3
Budapest_1,2021-10-01,0,,2021,10,1,4
Budapest_1,2021-10-02,0,,2021,10,2,5
Budapest_1,2021-10-03,0,,2021,10,3,6
Budapest_1,2021-10-04,0,,2021,10,4,0
Budapest_1,2021-10-05,0,,2021,10,5,1
Budapest_1,2021-10-06,1,Memorial Day for the Martyrs of Arad,2021,10,6,2
Budapest_1,2021-10-07,0,,2021,10,7,3
Budapest_1,2021-10-08,0,,2021,10,8,4
Budapest_1,2021-10-09,0,,2021,10,9,5
Budapest_1,2021-10-10,0,,2021,10,10,6
Budapest_1,2021-10-11,0,,2021,10,11,0
Budapest_1,2021-10-12,0,,2021,10,12,1
Budapest_1,2021-10-13,0,,2021,10,13,2
Budapest_1,2021-10-14,0,,2021,10,14,3
Budapest_1,2021-10-15,0,,2021,10,15,4
Budapest_1,2021-10-16,0,,2021,10,16,5
Budapest_1,2021-10-17,0,,2021,10,17,6
Budapest_1,2021-10-18,0,,2021,10,18,0
Budapest_1,2021-10-19,0,,2021,10,19,1
Budapest_1,2021-10-20,0,,2021,10,20,2
Budapest_1,2021-10-21,0,,2021,10,21,3
Budapest_1,2021-10-22,0,,2021,10,22,4
Budapest_1,2021-10-23,1,Memorial day of the 1956 Revolution,2021,10,23,5
Budapest_1,2021-10-24,0,,2021,10,24,6
Budapest_1,2021-10-25,0,,2021,10,25,0
Budapest_1,2021-10-26,0,,2021,10,26,1
Budapest_1,2021-10-27,0,,2021,10,27,2
Budapest_1,2021-10-28,0,,2021,10,28,3
Budapest_1,2021-10-29,0,,2021,10,29,4
Budapest_1,2021-10-30,0,,2021,10,30,5
Budapest_1,2021-10-31,0,,2021,10,31,6
Budapest_1,2021-11-01,1,All Saints Day,2021,11,1,0
Budapest_1,2021-11-02,0,,2021,11,2,1
Budapest_1,2021-11-03,0,,2021,11,3,2
Budapest_1,2021-11-04,0,,2021,11,4,3
Budapest_1,2021-11-05,0,,2021,11,5,4
Budapest_1,2021-11-06,0,,2021,11,6,5
Budapest_1,2021-11-07,0,,2021,11,7,6
Budapest_1,2021-11-08,0,,2021,11,8,0
Budapest_1,2021-11-09,0,,2021,11,9,1
Budapest_1,2021-11-10,0,,2021,11,10,2
Budapest_1,2021-11-11,0,,2021,11,11,3
Budapest_1,2021-11-12,0,,2021,11,12,4
Budapest_1,2021-11-13,0,,2021,11,13,5
Budapest_1,2021-11-14,0,,2021,11,14,6
Budapest_1,2021-11-15,0,,2021,11,15,0
Budapest_1,2021-11-16,0,,2021,11,16,1
Budapest_1,2021-11-17,0,,2021,11,17,2
Budapest_1,2021-11-18,0,,2021,11,18,3
Budapest_1,2021-11-19,0,,2021,11,19,4
Budapest_1,2021-11-20,0,,2021,11,20,5
Budapest_1,2021-11-21,0,,2021,11,21,6
Budapest_1,2021-11-22,0,,2021,11,22,0
Budapest_1,2021-11-23,0,,2021,11,23,1
Budapest_1,2021-11-24,0,,2021,11,24,2
Budapest_1,2021-11-25,0,,2021,11,25,3
Budapest_1,2021-11-26,0,,2021,11,26,4
Budapest_1,2021-11-27,0,,2021,11,27,5
Budapest_1,2021-11-28,0,,2021,11,28,6
Budapest_1,2021-11-29,0,,2021,11,29,0
Budapest_1,2021-11-30,0,,2021,11,30,1
Budapest_1,2021-12-01,0,,2021,12,1,2
Budapest_1,2021-12-02,0,,2021,12,2,3
Budapest_1,2021-12-03,0,,2021,12,3,4
Budapest_1,2021-12-04,0,,2021,12,4,5
Budapest_1,2021-12-05,0,,2021,12,5,6
Budapest_1,2021-12-06,0,,2021,12,6,0
Budapest_1,2021-12-07,0,,2021,12,7,1
Budapest_1,2021-12-08,0,,2021,12,8,2
Budapest_1,2021-12-09,0,,2021,12,9,3
Budapest_1,2021-12-10,0,,2021,12,10,4
Budapest_1,2021-12-11,0,,2021,12,11,5
Budapest_1,2021-12-12,0,,2021,12,12,6
Budapest_1,2021-12-13,0,,2021,12,13,0
Budapest_1,2021-12-14,0,,2021,12,14,1
Budapest_1,2021-12-15,0,,2021,12,15,2
Budapest_1,2021-12-16,0,,2021,12,16,3
Budapest_1,2021-12-17,0,,2021,12,17,4
Budapest_1,2021-12-18,0,,2021,12,18,5
Budapest_1,2021-12-19,0,,2021,12,19,6
Budapest_1,2021-12-20,0,,2021,12,20,0
Budapest_1,2021-12-21,0,,2021,12,21,1
Budapest_1,2021-12-22,0,,2021,12,22,2
Budapest_1,2021-12-23,0,,2021,12,23,3
Budapest_1,2021-12-24,1,Christmas Eve,2021,12,24,4
Budapest_1,2021-12-25,1,1st Christmas Day,2021,12,25,5
Budapest_1,2021-12-26,1,2nd Christmas Day,2021,12,26,6
Budapest_1,2021-12-27,0,,2021,12,27,0
Budapest_1,2021-12-28,0,,2021,12,28,1
Budapest_1,2021-12-29,0,,2021,12,29,2
Budapest_1,2021-12-30,0,,2021,12,30,3
Budapest_1,2021-12-31,0,,2021,12,31,4
Budapest_1,2022-01-01,1,New Years Day,2022,1,1,5
Budapest_1,2022-01-02,0,,2022,1,2,6
Budapest_1,2022-01-03,0,,2022,1,3,0
Budapest_1,2022-01-04,0,,2022,1,4,1
Budapest_1,2022-01-05,0,,2022,1,5,2
Budapest_1,2022-01-06,0,,2022,1,6,3
Budapest_1,2022-01-07,0,,2022,1,7,4
Budapest_1,2022-01-08,0,,2022,1,8,5
Budapest_1,2022-01-09,0,,2022,1,9,6
Budapest_1,2022-01-10,0,,2022,1,10,0
Budapest_1,2022-01-11,0,,2022,1,11,1
Budapest_1,2022-01-12,0,,2022,1,12,2
Budapest_1,2022-01-13,0,,2022,1,13,3
Budapest_1,2022-01-14,0,,2022,1,14,4
Budapest_1,2022-01-15,0,,2022,1,15,5
Budapest_1,2022-01-16,0,,2022,1,16,6
Budapest_1,2022-01-17,0,,2022,1,17,0
Budapest_1,2022-01-18,0,,2022,1,18,1
Budapest_1,2022-01-19,0,,2022,1,19,2
Budapest_1,2022-01-20,0,,2022,1,20,3
Budapest_1,2022-01-21,0,,2022,1,21,4
Budapest_1,2022-01-22,0,,2022,1,22,5
Budapest_1,2022-01-23,0,,2022,1,23,6
Budapest_1,2022-01-24,0,,2022,1,24,0
Budapest_1,2022-01-25,0,,2022,1,25,1
Budapest_1,2022-01-26,0,,2022,1,26,2
Budapest_1,2022-01-27,0,,2022,1,27,3
Budapest_1,2022-01-28,0,,2022,1,28,4
Budapest_1,2022-01-29,0,,2022,1,29,5
Budapest_1,2022-01-30,0,,2022,1,30,6
Budapest_1,2022-01-31,0,,2022,1,31,0
Budapest_1,2022-02-01,1,Memorial Day of the Republic,2022,2,1,1
Budapest_1,2022-02-02,0,,2022,2,2,2
Budapest_1,2022-02-03,0,,2022,2,3,3
Budapest_1,2022-02-04,0,,2022,2,4,4
Budapest_1,2022-02-05,0,,2022,2,5,5
Budapest_1,2022-02-06,0,,2022,2,6,6
Budapest_1,2022-02-07,0,,2022,2,7,0
Budapest_1,2022-02-08,0,,2022,2,8,1
Budapest_1,2022-02-09,0,,2022,2,9,2
Budapest_1,2022-02-10,0,,2022,2,10,3
Budapest_1,2022-02-11,0,,2022,2,11,4
Budapest_1,2022-02-12,0,,2022,2,12,5
Budapest_1,2022-02-13,0,,2022,2,13,6
Budapest_1,2022-02-14,0,,2022,2,14,0
Budapest_1,2022-02-15,0,,2022,2,15,1
Budapest_1,2022-02-16,0,,2022,2,16,2
Budapest_1,2022-02-17,0,,2022,2,17,3
Budapest_1,2022-02-18,0,,2022,2,18,4
Budapest_1,2022-02-19,0,,2022,2,19,5
Budapest_1,2022-02-20,0,,2022,2,20,6
Budapest_1,2022-02-21,0,,2022,2,21,0
Budapest_1,2022-02-22,0,,2022,2,22,1
Budapest_1,2022-02-23,0,,2022,2,23,2
Budapest_1,2022-02-24,0,,2022,2,24,3
Budapest_1,2022-02-25,1,Memorial Day for the Victims of the Communist Dictatorships,2022,2,25,4
Budapest_1,2022-02-26,0,,2022,2,26,5
Budapest_1,2022-02-27,0,,2022,2,27,6
Budapest_1,2022-02-28,0,,2022,2,28,0
Budapest_1,2022-03-01,0,,2022,3,1,1
Budapest_1,2022-03-02,0,,2022,3,2,2
Budapest_1,2022-03-03,0,,2022,3,3,3
Budapest_1,2022-03-04,0,,2022,3,4,4
Budapest_1,2022-03-05,0,,2022,3,5,5
Budapest_1,2022-03-06,0,,2022,3,6,6
Budapest_1,2022-03-07,0,,2022,3,7,0
Budapest_1,2022-03-08,1,International womens day,2022,3,8,1
Budapest_1,2022-03-09,0,,2022,3,9,2
Budapest_1,2022-03-10,0,,2022,3,10,3
Budapest_1,2022-03-11,0,,2022,3,11,4
Budapest_1,2022-03-12,0,,2022,3,12,5
Budapest_1,2022-03-13,0,,2022,3,13,6
Budapest_1,2022-03-14,1,1848 Revolution Memorial Day (Extra holiday),2022,3,14,0
Budapest_1,2022-03-15,1,Memorial Day for the Victims of the Holocaust,2022,3,15,1
Budapest_1,2022-03-16,0,,2022,3,16,2
Budapest_1,2022-03-17,0,,2022,3,17,3
Budapest_1,2022-03-18,0,,2022,3,18,4
Budapest_1,2022-03-19,0,,2022,3,19,5
Budapest_1,2022-03-20,0,,2022,3,20,6
Budapest_1,2022-03-21,0,,2022,3,21,0
Budapest_1,2022-03-22,0,,2022,3,22,1
Budapest_1,2022-03-23,0,,2022,3,23,2
Budapest_1,2022-03-24,0,,2022,3,24,3
Budapest_1,2022-03-25,0,,2022,3,25,4
Budapest_1,2022-03-26,0,,2022,3,26,5
Budapest_1,2022-03-27,0,,2022,3,27,6
Budapest_1,2022-03-28,0,,2022,3,28,0
Budapest_1,2022-03-29,0,,2022,3,29,1
Budapest_1,2022-03-30,0,,2022,3,30,2
Budapest_1,2022-03-31,0,,2022,3,31,3
Budapest_1,2022-04-01,0,,2022,4,1,4
Budapest_1,2022-04-02,1,Good Friday,2022,4,2,5
Budapest_1,2022-04-03,1,Good Friday,2022,4,3,6
Budapest_1,2022-04-04,1,Easter Day,2022,4,4,0
Budapest_1,2022-04-05,1,Easter Monday,2022,4,5,1
Budapest_1,2022-04-06,0,,2022,4,6,2
Budapest_1,2022-04-07,0,,2022,4,7,3
Budapest_1,2022-04-08,0,,2022,4,8,4
Budapest_1,2022-04-09,0,,2022,4,9,5
Budapest_1,2022-04-10,0,,2022,4,10,6
Budapest_1,2022-04-11,0,,2022,4,11,0
Budapest_1,2022-04-12,0,,2022,4,12,1
Budapest_1,2022-04-13,0,,2022,4,13,2
Budapest_1,2022-04-14,0,,2022,4,14,3
Budapest_1,2022-04-15,1,Good Friday,2022,4,15,4
Budapest_1,2022-04-16,1,Memorial Day for the Victims of the Holocaust,2022,4,16,5
Budapest_1,2022-04-17,1,Good Friday,2022,4,17,6
Budapest_1,2022-04-18,1,Easter Monday,2022,4,18,0
Budapest_1,2022-04-19,0,,2022,4,19,1
Budapest_1,2022-04-20,0,,2022,4,20,2
Budapest_1,2022-04-21,0,,2022,4,21,3
Budapest_1,2022-04-22,0,,2022,4,22,4
Budapest_1,2022-04-23,0,,2022,4,23,5
Budapest_1,2022-04-24,0,,2022,4,24,6
Budapest_1,2022-04-25,0,,2022,4,25,0
Budapest_1,2022-04-26,0,,2022,4,26,1
Budapest_1,2022-04-27,0,,2022,4,27,2
Budapest_1,2022-04-28,0,,2022,4,28,3
Budapest_1,2022-04-29,0,,2022,4,29,4
Budapest_1,2022-04-30,0,,2022,4,30,5
Budapest_1,2022-05-01,1,Labour Day,2022,5,1,6
Budapest_1,2022-05-02,0,,2022,5,2,0
Budapest_1,2022-05-03,0,,2022,5,3,1
Budapest_1,2022-05-04,0,,2022,5,4,2
Budapest_1,2022-05-05,0,,2022,5,5,3
Budapest_1,2022-05-06,0,,2022,5,6,4
Budapest_1,2022-05-07,0,,2022,5,7,5
Budapest_1,2022-05-08,1,Mother's Day,2022,5,8,6
Budapest_1,2022-05-09,1,Mother's Day,2022,5,9,0
Budapest_1,2022-05-10,0,,2022,5,10,1
Budapest_1,2022-05-11,0,,2022,5,11,2
Budapest_1,2022-05-12,0,,2022,5,12,3
Budapest_1,2022-05-13,0,,2022,5,13,4
Budapest_1,2022-05-14,0,,2022,5,14,5
Budapest_1,2022-05-15,0,,2022,5,15,6
Budapest_1,2022-05-16,0,,2022,5,16,0
Budapest_1,2022-05-17,0,,2022,5,17,1
Budapest_1,2022-05-18,0,,2022,5,18,2
Budapest_1,2022-05-19,0,,2022,5,19,3
Budapest_1,2022-05-20,0,,2022,5,20,4
Budapest_1,2022-05-21,1,National Defense Day,2022,5,21,5
Budapest_1,2022-05-22,0,,2022,5,22,6
Budapest_1,2022-05-23,1,Whit sunday,2022,5,23,0
Budapest_1,2022-05-24,1,Whit monday,2022,5,24,1
Budapest_1,2022-05-25,0,,2022,5,25,2
Budapest_1,2022-05-26,0,,2022,5,26,3
Budapest_1,2022-05-27,0,,2022,5,27,4
Budapest_1,2022-05-28,0,,2022,5,28,5
Budapest_1,2022-05-29,0,,2022,5,29,6
Budapest_1,2022-05-30,0,,2022,5,30,0
Budapest_1,2022-05-31,0,,2022,5,31,1
Budapest_1,2022-06-01,0,,2022,6,1,2
Budapest_1,2022-06-02,0,,2022,6,2,3
Budapest_1,2022-06-03,0,,2022,6,3,4
Budapest_1,2022-06-04,1,Day of National Unity,2022,6,4,5
Budapest_1,2022-06-05,1,Whit sunday,2022,6,5,6
Budapest_1,2022-06-06,1,Whit monday,2022,6,6,0
Budapest_1,2022-06-07,0,,2022,6,7,1
Budapest_1,2022-06-08,0,,2022,6,8,2
Budapest_1,2022-06-09,0,,2022,6,9,3
Budapest_1,2022-06-10,0,,2022,6,10,4
Budapest_1,2022-06-11,0,,2022,6,11,5
Budapest_1,2022-06-12,0,,2022,6,12,6
Budapest_1,2022-06-13,0,,2022,6,13,0
Budapest_1,2022-06-14,0,,2022,6,14,1
Budapest_1,2022-06-15,0,,2022,6,15,2
Budapest_1,2022-06-16,0,,2022,6,16,3
Budapest_1,2022-06-17,0,,2022,6,17,4
Budapest_1,2022-06-18,0,,2022,6,18,5
Budapest_1,2022-06-19,1,Independent Hungary Day,2022,6,19,6
Budapest_1,2022-06-20,0,,2022,6,20,0
Budapest_1,2022-06-21,0,,2022,6,21,1
Budapest_1,2022-06-22,0,,2022,6,22,2
Budapest_1,2022-06-23,0,,2022,6,23,3
Budapest_1,2022-06-24,0,,2022,6,24,4
Budapest_1,2022-06-25,0,,2022,6,25,5
Budapest_1,2022-06-26,0,,2022,6,26,6
Budapest_1,2022-06-27,0,,2022,6,27,0
Budapest_1,2022-06-28,0,,2022,6,28,1
Budapest_1,2022-06-29,0,,2022,6,29,2
Budapest_1,2022-06-30,0,,2022,6,30,3
Budapest_1,2022-07-01,0,,2022,7,1,4
Budapest_1,2022-07-02,0,,2022,7,2,5
Budapest_1,2022-07-03,0,,2022,7,3,6
Budapest_1,2022-07-04,0,,2022,7,4,0
Budapest_1,2022-07-05,0,,2022,7,5,1
Budapest_1,2022-07-06,0,,2022,7,6,2
Budapest_1,2022-07-07,0,,2022,7,7,3
Budapest_1,2022-07-08,0,,2022,7,8,4
Budapest_1,2022-07-09,0,,2022,7,9,5
Budapest_1,2022-07-10,0,,2022,7,10,6
Budapest_1,2022-07-11,0,,2022,7,11,0
Budapest_1,2022-07-12,0,,2022,7,12,1
Budapest_1,2022-07-13,0,,2022,7,13,2
Budapest_1,2022-07-14,0,,2022,7,14,3
Budapest_1,2022-07-15,0,,2022,7,15,4
Budapest_1,2022-07-16,0,,2022,7,16,5
Budapest_1,2022-07-17,0,,2022,7,17,6
Budapest_1,2022-07-18,0,,2022,7,18,0
Budapest_1,2022-07-19,0,,2022,7,19,1
Budapest_1,2022-07-20,0,,2022,7,20,2
Budapest_1,2022-07-21,0,,2022,7,21,3
Budapest_1,2022-07-22,0,,2022,7,22,4
Budapest_1,2022-07-23,0,,2022,7,23,5
Budapest_1,2022-07-24,0,,2022,7,24,6
Budapest_1,2022-07-25,0,,2022,7,25,0
Budapest_1,2022-07-26,0,,2022,7,26,1
Budapest_1,2022-07-27,0,,2022,7,27,2
Budapest_1,2022-07-28,0,,2022,7,28,3
Budapest_1,2022-07-29,0,,2022,7,29,4
Budapest_1,2022-07-30,0,,2022,7,30,5
Budapest_1,2022-07-31,0,,2022,7,31,6
Budapest_1,2022-08-01,0,,2022,8,1,0
Budapest_1,2022-08-02,0,,2022,8,2,1
Budapest_1,2022-08-03,0,,2022,8,3,2
Budapest_1,2022-08-04,0,,2022,8,4,3
Budapest_1,2022-08-05,0,,2022,8,5,4
Budapest_1,2022-08-06,0,,2022,8,6,5
Budapest_1,2022-08-07,0,,2022,8,7,6
Budapest_1,2022-08-08,0,,2022,8,8,0
Budapest_1,2022-08-09,0,,2022,8,9,1
Budapest_1,2022-08-10,0,,2022,8,10,2
Budapest_1,2022-08-11,0,,2022,8,11,3
Budapest_1,2022-08-12,0,,2022,8,12,4
Budapest_1,2022-08-13,0,,2022,8,13,5
Budapest_1,2022-08-14,0,,2022,8,14,6
Budapest_1,2022-08-15,0,,2022,8,15,0
Budapest_1,2022-08-16,0,,2022,8,16,1
Budapest_1,2022-08-17,0,,2022,8,17,2
Budapest_1,2022-08-18,0,,2022,8,18,3
Budapest_1,2022-08-19,0,,2022,8,19,4
Budapest_1,2022-08-20,1,State Foundation Day,2022,8,20,5
Budapest_1,2022-08-21,0,,2022,8,21,6
Budapest_1,2022-08-22,0,,2022,8,22,0
Budapest_1,2022-08-23,0,,2022,8,23,1
Budapest_1,2022-08-24,0,,2022,8,24,2
Budapest_1,2022-08-25,0,,2022,8,25,3
Budapest_1,2022-08-26,0,,2022,8,26,4
Budapest_1,2022-08-27,0,,2022,8,27,5
Budapest_1,2022-08-28,0,,2022,8,28,6
Budapest_1,2022-08-29,0,,2022,8,29,0
Budapest_1,2022-08-30,0,,2022,8,30,1
Budapest_1,2022-08-31,0,,2022,8,31,2
Budapest_1,2022-09-01,0,,2022,9,1,3
Budapest_1,2022-09-02,0,,2022,9,2,4
Budapest_1,2022-09-03,0,,2022,9,3,5
Budapest_1,2022-09-04,0,,2022,9,4,6
Budapest_1,2022-09-05,0,,2022,9,5,0
Budapest_1,2022-09-06,0,,2022,9,6,1
Budapest_1,2022-09-07,0,,2022,9,7,2
Budapest_1,2022-09-08,0,,2022,9,8,3
Budapest_1,2022-09-09,0,,2022,9,9,4
Budapest_1,2022-09-10,0,,2022,9,10,5
Budapest_1,2022-09-11,0,,2022,9,11,6
Budapest_1,2022-09-12,0,,2022,9,12,0
Budapest_1,2022-09-13,0,,2022,9,13,1
Budapest_1,2022-09-14,0,,2022,9,14,2
Budapest_1,2022-09-15,0,,2022,9,15,3
Budapest_1,2022-09-16,0,,2022,9,16,4
Budapest_1,2022-09-17,0,,2022,9,17,5
Budapest_1,2022-09-18,0,,2022,9,18,6
Budapest_1,2022-09-19,0,,2022,9,19,0
Budapest_1,2022-09-20,0,,2022,9,20,1
Budapest_1,2022-09-21,0,,2022,9,21,2
Budapest_1,2022-09-22,0,,2022,9,22,3
Budapest_1,2022-09-23,0,,2022,9,23,4
Budapest_1,2022-09-24,0,,2022,9,24,5
Budapest_1,2022-09-25,0,,2022,9,25,6
Budapest_1,2022-09-26,0,,2022,9,26,0
Budapest_1,2022-09-27,0,,2022,9,27,1
Budapest_1,2022-09-28,0,,2022,9,28,2
Budapest_1,2022-09-29,0,,2022,9,29,3
Budapest_1,2022-09-30,0,,2022,9,30,4
Budapest_1,2022-10-01,0,,2022,10,1,5
Budapest_1,2022-10-02,0,,2022,10,2,6
Budapest_1,2022-10-03,0,,2022,10,3,0
Budapest_1,2022-10-04,0,,2022,10,4,1
Budapest_1,2022-10-05,0,,2022,10,5,2
Budapest_1,2022-10-06,1,Memorial Day for the Martyrs of Arad,2022,10,6,3
Budapest_1,2022-10-07,0,,2022,10,7,4
Budapest_1,2022-10-08,0,,2022,10,8,5
Budapest_1,2022-10-09,0,,2022,10,9,6
Budapest_1,2022-10-10,0,,2022,10,10,0
Budapest_1,2022-10-11,0,,2022,10,11,1
Budapest_1,2022-10-12,0,,2022,10,12,2
Budapest_1,2022-10-13,0,,2022,10,13,3
Budapest_1,2022-10-14,0,,2022,10,14,4
Budapest_1,2022-10-15,0,,2022,10,15,5
Budapest_1,2022-10-16,0,,2022,10,16,6
Budapest_1,2022-10-17,0,,2022,10,17,0
Budapest_1,2022-10-18,0,,2022,10,18,1
Budapest_1,2022-10-19,0,,2022,10,19,2
Budapest_1,2022-10-20,0,,2022,10,20,3
Budapest_1,2022-10-21,0,,2022,10,21,4
Budapest_1,2022-10-22,0,,2022,10,22,5
Budapest_1,2022-10-23,1,Memorial day of the 1956 Revolution,2022,10,23,6
Budapest_1,2022-10-24,0,,2022,10,24,0
Budapest_1,2022-10-25,0,,2022,10,25,1
Budapest_1,2022-10-26,0,,2022,10,26,2
Budapest_1,2022-10-27,0,,2022,10,27,3
Budapest_1,2022-10-28,0,,2022,10,28,4
Budapest_1,2022-10-29,0,,2022,10,29,5
Budapest_1,2022-10-30,0,,2022,10,30,6
Budapest_1,2022-10-31,1,All Saints' Day Holiday,2022,10,31,0
Budapest_1,2022-11-01,1,All Saints Day,2022,11,1,1
Budapest_1,2022-11-02,0,,2022,11,2,2
Budapest_1,2022-11-03,0,,2022,11,3,3
Budapest_1,2022-11-04,0,,2022,11,4,4
Budapest_1,2022-11-05,0,,2022,11,5,5
Budapest_1,2022-11-06,0,,2022,11,6,6
Budapest_1,2022-11-07,0,,2022,11,7,0
Budapest_1,2022-11-08,0,,2022,11,8,1
Budapest_1,2022-11-09,0,,2022,11,9,2
Budapest_1,2022-11-10,0,,2022,11,10,3
Budapest_1,2022-11-11,0,,2022,11,11,4
Budapest_1,2022-11-12,0,,2022,11,12,5
Budapest_1,2022-11-13,0,,2022,11,13,6
Budapest_1,2022-11-14,0,,2022,11,14,0
Budapest_1,2022-11-15,0,,2022,11,15,1
Budapest_1,2022-11-16,0,,2022,11,16,2
Budapest_1,2022-11-17,0,,2022,11,17,3
Budapest_1,2022-11-18,0,,2022,11,18,4
Budapest_1,2022-11-19,0,,2022,11,19,5
Budapest_1,2022-11-20,0,,2022,11,20,6
Budapest_1,2022-11-21,0,,2022,11,21,0
Budapest_1,2022-11-22,0,,2022,11,22,1
Budapest_1,2022-11-23,0,,2022,11,23,2
Budapest_1,2022-11-24,0,,2022,11,24,3
Budapest_1,2022-11-25,0,,2022,11,25,4
Budapest_1,2022-11-26,0,,2022,11,26,5
Budapest_1,2022-11-27,0,,2022,11,27,6
Budapest_1,2022-11-28,0,,2022,11,28,0
Budapest_1,2022-11-29,0,,2022,11,29,1
Budapest_1,2022-11-30,0,,2022,11,30,2
Budapest_1,2022-12-01,0,,2022,12,1,3
Budapest_1,2022-12-02,0,,2022,12,2,4
Budapest_1,2022-12-03,0,,2022,12,3,5
Budapest_1,2022-12-04,0,,2022,12,4,6
Budapest_1,2022-12-05,0,,2022,12,5,0
Budapest_1,2022-12-06,0,,2022,12,6,1
Budapest_1,2022-12-07,0,,2022,12,7,2
Budapest_1,2022-12-08,0,,2022,12,8,3
Budapest_1,2022-12-09,0,,2022,12,9,4
Budapest_1,2022-12-10,0,,2022,12,10,5
Budapest_1,2022-12-11,0,,2022,12,11,6
Budapest_1,2022-12-12,0,,2022,12,12,0
Budapest_1,2022-12-13,0,,2022,12,13,1
Budapest_1,2022-12-14,0,,2022,12,14,2
Budapest_1,2022-12-15,0,,2022,12,15,3
Budapest_1,2022-12-16,0,,2022,12,16,4
Budapest_1,2022-12-17,0,,2022,12,17,5
Budapest_1,2022-12-18,0,,2022,12,18,6
Budapest_1,2022-12-19,0,,2022,12,19,0
Budapest_1,2022-12-20,0,,2022,12,20,1
Budapest_1,2022-12-21,0,,2022,12,21,2
Budapest_1,2022-12-22,0,,2022,12,22,3
Budapest_1,2022-12-23,0,,2022,12,23,4
Budapest_1,2022-12-24,1,Christmas Eve,2022,12,24,5
Budapest_1,2022-12-25,1,1st Christmas Day,2022,12,25,6
Budapest_1,2022-12-26,1,2nd Christmas Day,2022,12,26,0
Budapest_1,2022-12-27,0,,2022,12,27,1
Budapest_1,2022-12-28,0,,2022,12,28,2
Budapest_1,2022-12-29,0,,2022,12,29,3
Budapest_1,2022-12-30,0,,2022,12,30,4
Budapest_1,2022-12-31,0,,2022,12,31,5
Budapest_1,2023-01-01,1,New Years Day,2023,1,1,6
Budapest_1,2023-01-02,0,,2023,1,2,0
Budapest_1,2023-01-03,0,,2023,1,3,1
Budapest_1,2023-01-04,0,,2023,1,4,2
Budapest_1,2023-01-05,0,,2023,1,5,3
Budapest_1,2023-01-06,0,,2023,1,6,4
Budapest_1,2023-01-07,0,,2023,1,7,5
Budapest_1,2023-01-08,0,,2023,1,8,6
Budapest_1,2023-01-09,0,,2023,1,9,0
Budapest_1,2023-01-10,0,,2023,1,10,1
Budapest_1,2023-01-11,0,,2023,1,11,2
Budapest_1,2023-01-12,0,,2023,1,12,3
Budapest_1,2023-01-13,0,,2023,1,13,4
Budapest_1,2023-01-14,0,,2023,1,14,5
Budapest_1,2023-01-15,0,,2023,1,15,6
Budapest_1,2023-01-16,0,,2023,1,16,0
Budapest_1,2023-01-17,0,,2023,1,17,1
Budapest_1,2023-01-18,0,,2023,1,18,2
Budapest_1,2023-01-19,0,,2023,1,19,3
Budapest_1,2023-01-20,0,,2023,1,20,4
Budapest_1,2023-01-21,0,,2023,1,21,5
Budapest_1,2023-01-22,0,,2023,1,22,6
Budapest_1,2023-01-23,0,,2023,1,23,0
Budapest_1,2023-01-24,0,,2023,1,24,1
Budapest_1,2023-01-25,0,,2023,1,25,2
Budapest_1,2023-01-26,0,,2023,1,26,3
Budapest_1,2023-01-27,0,,2023,1,27,4
Budapest_1,2023-01-28,0,,2023,1,28,5
Budapest_1,2023-01-29,0,,2023,1,29,6
Budapest_1,2023-01-30,0,,2023,1,30,0
Budapest_1,2023-01-31,0,,2023,1,31,1
Budapest_1,2023-02-01,1,Memorial Day of the Republic,2023,2,1,2
Budapest_1,2023-02-02,0,,2023,2,2,3
Budapest_1,2023-02-03,0,,2023,2,3,4
Budapest_1,2023-02-04,0,,2023,2,4,5
Budapest_1,2023-02-05,0,,2023,2,5,6
Budapest_1,2023-02-06,0,,2023,2,6,0
Budapest_1,2023-02-07,0,,2023,2,7,1
Budapest_1,2023-02-08,0,,2023,2,8,2
Budapest_1,2023-02-09,0,,2023,2,9,3
Budapest_1,2023-02-10,0,,2023,2,10,4
Budapest_1,2023-02-11,0,,2023,2,11,5
Budapest_1,2023-02-12,0,,2023,2,12,6
Budapest_1,2023-02-13,0,,2023,2,13,0
Budapest_1,2023-02-14,0,,2023,2,14,1
Budapest_1,2023-02-15,0,,2023,2,15,2
Budapest_1,2023-02-16,0,,2023,2,16,3
Budapest_1,2023-02-17,0,,2023,2,17,4
Budapest_1,2023-02-18,0,,2023,2,18,5
Budapest_1,2023-02-19,0,,2023,2,19,6
Budapest_1,2023-02-20,0,,2023,2,20,0
Budapest_1,2023-02-21,0,,2023,2,21,1
Budapest_1,2023-02-22,0,,2023,2,22,2
Budapest_1,2023-02-23,0,,2023,2,23,3
Budapest_1,2023-02-24,0,,2023,2,24,4
Budapest_1,2023-02-25,1,Memorial Day for the Victims of the Communist Dictatorships,2023,2,25,5
Budapest_1,2023-02-26,0,,2023,2,26,6
Budapest_1,2023-02-27,0,,2023,2,27,0
Budapest_1,2023-02-28,0,,2023,2,28,1
Budapest_1,2023-03-01,0,,2023,3,1,2
Budapest_1,2023-03-02,0,,2023,3,2,3
Budapest_1,2023-03-03,0,,2023,3,3,4
Budapest_1,2023-03-04,0,,2023,3,4,5
Budapest_1,2023-03-05,0,,2023,3,5,6
Budapest_1,2023-03-06,0,,2023,3,6,0
Budapest_1,2023-03-07,0,,2023,3,7,1
Budapest_1,2023-03-08,1,International womens day,2023,3,8,2
Budapest_1,2023-03-09,0,,2023,3,9,3
Budapest_1,2023-03-10,0,,2023,3,10,4
Budapest_1,2023-03-11,0,,2023,3,11,5
Budapest_1,2023-03-12,0,,2023,3,12,6
Budapest_1,2023-03-13,0,,2023,3,13,0
Budapest_1,2023-03-14,1,1848 Revolution Memorial Day (Extra holiday),2023,3,14,1
Budapest_1,2023-03-15,1,Memorial Day for the Victims of the Holocaust,2023,3,15,2
Budapest_1,2023-03-16,0,,2023,3,16,3
Budapest_1,2023-03-17,0,,2023,3,17,4
Budapest_1,2023-03-18,0,,2023,3,18,5
Budapest_1,2023-03-19,0,,2023,3,19,6
Budapest_1,2023-03-20,0,,2023,3,20,0
Budapest_1,2023-03-21,0,,2023,3,21,1
Budapest_1,2023-03-22,0,,2023,3,22,2
Budapest_1,2023-03-23,0,,2023,3,23,3
Budapest_1,2023-03-24,0,,2023,3,24,4
Budapest_1,2023-03-25,0,,2023,3,25,5
Budapest_1,2023-03-26,0,,2023,3,26,6
Budapest_1,2023-03-27,0,,2023,3,27,0
Budapest_1,2023-03-28,0,,2023,3,28,1
Budapest_1,2023-03-29,0,,2023,3,29,2
Budapest_1,2023-03-30,0,,2023,3,30,3
Budapest_1,2023-03-31,0,,2023,3,31,4
Budapest_1,2023-04-01,0,,2023,4,1,5
Budapest_1,2023-04-02,0,,2023,4,2,6
Budapest_1,2023-04-03,0,,2023,4,3,0
Budapest_1,2023-04-04,0,,2023,4,4,1
Budapest_1,2023-04-05,0,,2023,4,5,2
Budapest_1,2023-04-06,0,,2023,4,6,3
Budapest_1,2023-04-07,1,Good Friday,2023,4,7,4
Budapest_1,2023-04-08,1,Good Friday,2023,4,8,5
Budapest_1,2023-04-09,1,Easter Day,2023,4,9,6
Budapest_1,2023-04-10,1,Easter Monday,2023,4,10,0
Budapest_1,2023-04-11,0,,2023,4,11,1
Budapest_1,2023-04-12,0,,2023,4,12,2
Budapest_1,2023-04-13,0,,2023,4,13,3
Budapest_1,2023-04-14,0,,2023,4,14,4
Budapest_1,2023-04-15,1,Good Friday,2023,4,15,5
Budapest_1,2023-04-16,1,Memorial Day for the Victims of the Holocaust,2023,4,16,6
Budapest_1,2023-04-17,1,Good Friday,2023,4,17,0
Budapest_1,2023-04-18,1,Easter Monday,2023,4,18,1
Budapest_1,2023-04-19,0,,2023,4,19,2
Budapest_1,2023-04-20,0,,2023,4,20,3
Budapest_1,2023-04-21,0,,2023,4,21,4
Budapest_1,2023-04-22,0,,2023,4,22,5
Budapest_1,2023-04-23,0,,2023,4,23,6
Budapest_1,2023-04-24,0,,2023,4,24,0
Budapest_1,2023-04-25,0,,2023,4,25,1
Budapest_1,2023-04-26,0,,2023,4,26,2
Budapest_1,2023-04-27,0,,2023,4,27,3
Budapest_1,2023-04-28,0,,2023,4,28,4
Budapest_1,2023-04-29,0,,2023,4,29,5
Budapest_1,2023-04-30,0,,2023,4,30,6
Budapest_1,2023-05-01,1,Labour Day,2023,5,1,0
Budapest_1,2023-05-02,0,,2023,5,2,1
Budapest_1,2023-05-03,0,,2023,5,3,2
Budapest_1,2023-05-04,0,,2023,5,4,3
Budapest_1,2023-05-05,0,,2023,5,5,4
Budapest_1,2023-05-06,0,,2023,5,6,5
Budapest_1,2023-05-07,0,,2023,5,7,6
Budapest_1,2023-05-08,1,Mother's Day,2023,5,8,0
Budapest_1,2023-05-09,0,,2023,5,9,1
Budapest_1,2023-05-10,0,,2023,5,10,2
Budapest_1,2023-05-11,0,,2023,5,11,3
Budapest_1,2023-05-12,0,,2023,5,12,4
Budapest_1,2023-05-13,0,,2023,5,13,5
Budapest_1,2023-05-14,1,Mother's Day,2023,5,14,6
Budapest_1,2023-05-15,0,,2023,5,15,0
Budapest_1,2023-05-16,0,,2023,5,16,1
Budapest_1,2023-05-17,0,,2023,5,17,2
Budapest_1,2023-05-18,0,,2023,5,18,3
Budapest_1,2023-05-19,0,,2023,5,19,4
Budapest_1,2023-05-20,0,,2023,5,20,5
Budapest_1,2023-05-21,1,National Defense Day,2023,5,21,6
Budapest_1,2023-05-22,0,,2023,5,22,0
Budapest_1,2023-05-23,0,,2023,5,23,1
Budapest_1,2023-05-24,0,,2023,5,24,2
Budapest_1,2023-05-25,0,,2023,5,25,3
Budapest_1,2023-05-26,0,,2023,5,26,4
Budapest_1,2023-05-27,0,,2023,5,27,5
Budapest_1,2023-05-28,1,Whit sunday,2023,5,28,6
Budapest_1,2023-05-29,1,Whit monday,2023,5,29,0
Budapest_1,2023-05-30,0,,2023,5,30,1
Budapest_1,2023-05-31,0,,2023,5,31,2
Budapest_1,2023-06-01,0,,2023,6,1,3
Budapest_1,2023-06-02,0,,2023,6,2,4
Budapest_1,2023-06-03,0,,2023,6,3,5
Budapest_1,2023-06-04,1,Day of National Unity,2023,6,4,6
Budapest_1,2023-06-05,1,Whit sunday,2023,6,5,0
Budapest_1,2023-06-06,1,Whit monday,2023,6,6,1
Budapest_1,2023-06-07,0,,2023,6,7,2
Budapest_1,2023-06-08,0,,2023,6,8,3
Budapest_1,2023-06-09,0,,2023,6,9,4
Budapest_1,2023-06-10,0,,2023,6,10,5
Budapest_1,2023-06-11,0,,2023,6,11,6
Budapest_1,2023-06-12,0,,2023,6,12,0
Budapest_1,2023-06-13,0,,2023,6,13,1
Budapest_1,2023-06-14,0,,2023,6,14,2
Budapest_1,2023-06-15,0,,2023,6,15,3
Budapest_1,2023-06-16,0,,2023,6,16,4
Budapest_1,2023-06-17,0,,2023,6,17,5
Budapest_1,2023-06-18,0,,2023,6,18,6
Budapest_1,2023-06-19,1,Independent Hungary Day,2023,6,19,0
Budapest_1,2023-06-20,0,,2023,6,20,1
Budapest_1,2023-06-21,0,,2023,6,21,2
Budapest_1,2023-06-22,0,,2023,6,22,3
Budapest_1,2023-06-23,0,,2023,6,23,4
Budapest_1,2023-06-24,0,,2023,6,24,5
Budapest_1,2023-06-25,0,,2023,6,25,6
Budapest_1,2023-06-26,0,,2023,6,26,0
Budapest_1,2023-06-27,0,,2023,6,27,1
Budapest_1,2023-06-28,0,,2023,6,28,2
Budapest_1,2023-06-29,0,,2023,6,29,3
Budapest_1,2023-06-30,0,,2023,6,30,4
Budapest_1,2023-07-01,0,,2023,7,1,5
Budapest_1,2023-07-02,0,,2023,7,2,6
Budapest_1,2023-07-03,0,,2023,7,3,0
Budapest_1,2023-07-04,0,,2023,7,4,1
Budapest_1,2023-07-05,0,,2023,7,5,2
Budapest_1,2023-07-06,0,,2023,7,6,3
Budapest_1,2023-07-07,0,,2023,7,7,4
Budapest_1,2023-07-08,0,,2023,7,8,5
Budapest_1,2023-07-09,0,,2023,7,9,6
Budapest_1,2023-07-10,0,,2023,7,10,0
Budapest_1,2023-07-11,0,,2023,7,11,1
Budapest_1,2023-07-12,0,,2023,7,12,2
Budapest_1,2023-07-13,0,,2023,7,13,3
Budapest_1,2023-07-14,0,,2023,7,14,4
Budapest_1,2023-07-15,0,,2023,7,15,5
Budapest_1,2023-07-16,0,,2023,7,16,6
Budapest_1,2023-07-17,0,,2023,7,17,0
Budapest_1,2023-07-18,0,,2023,7,18,1
Budapest_1,2023-07-19,0,,2023,7,19,2
Budapest_1,2023-07-20,0,,2023,7,20,3
Budapest_1,2023-07-21,0,,2023,7,21,4
Budapest_1,2023-07-22,0,,2023,7,22,5
Budapest_1,2023-07-23,0,,2023,7,23,6
Budapest_1,2023-07-24,0,,2023,7,24,0
Budapest_1,2023-07-25,0,,2023,7,25,1
Budapest_1,2023-07-26,0,,2023,7,26,2
Budapest_1,2023-07-27,0,,2023,7,27,3
Budapest_1,2023-07-28,0,,2023,7,28,4
Budapest_1,2023-07-29,0,,2023,7,29,5
Budapest_1,2023-07-30,0,,2023,7,30,6
Budapest_1,2023-07-31,0,,2023,7,31,0
Budapest_1,2023-08-01,0,,2023,8,1,1
Budapest_1,2023-08-02,0,,2023,8,2,2
Budapest_1,2023-08-03,0,,2023,8,3,3
Budapest_1,2023-08-04,0,,2023,8,4,4
Budapest_1,2023-08-05,0,,2023,8,5,5
Budapest_1,2023-08-06,0,,2023,8,6,6
Budapest_1,2023-08-07,0,,2023,8,7,0
Budapest_1,2023-08-08,0,,2023,8,8,1
Budapest_1,2023-08-09,0,,2023,8,9,2
Budapest_1,2023-08-10,0,,2023,8,10,3
Budapest_1,2023-08-11,0,,2023,8,11,4
Budapest_1,2023-08-12,0,,2023,8,12,5
Budapest_1,2023-08-13,0,,2023,8,13,6
Budapest_1,2023-08-14,0,,2023,8,14,0
Budapest_1,2023-08-15,0,,2023,8,15,1
Budapest_1,2023-08-16,0,,2023,8,16,2
Budapest_1,2023-08-17,0,,2023,8,17,3
Budapest_1,2023-08-18,0,,2023,8,18,4
Budapest_1,2023-08-19,0,,2023,8,19,5
Budapest_1,2023-08-20,1,State Foundation Day,2023,8,20,6
Budapest_1,2023-08-21,0,,2023,8,21,0
Budapest_1,2023-08-22,0,,2023,8,22,1
Budapest_1,2023-08-23,0,,2023,8,23,2
Budapest_1,2023-08-24,0,,2023,8,24,3
Budapest_1,2023-08-25,0,,2023,8,25,4
Budapest_1,2023-08-26,0,,2023,8,26,5
Budapest_1,2023-08-27,0,,2023,8,27,6
Budapest_1,2023-08-28,0,,2023,8,28,0
Budapest_1,2023-08-29,0,,2023,8,29,1
Budapest_1,2023-08-30,0,,2023,8,30,2
Budapest_1,2023-08-31,0,,2023,8,31,3
Budapest_1,2023-09-01,0,,2023,9,1,4
Budapest_1,2023-09-02,0,,2023,9,2,5
Budapest_1,2023-09-03,0,,2023,9,3,6
Budapest_1,2023-09-04,0,,2023,9,4,0
Budapest_1,2023-09-05,0,,2023,9,5,1
Budapest_1,2023-09-06,0,,2023,9,6,2
Budapest_1,2023-09-07,0,,2023,9,7,3
Budapest_1,2023-09-08,0,,2023,9,8,4
Budapest_1,2023-09-09,0,,2023,9,9,5
Budapest_1,2023-09-10,0,,2023,9,10,6
Budapest_1,2023-09-11,0,,2023,9,11,0
Budapest_1,2023-09-12,0,,2023,9,12,1
Budapest_1,2023-09-13,0,,2023,9,13,2
Budapest_1,2023-09-14,0,,2023,9,14,3
Budapest_1,2023-09-15,0,,2023,9,15,4
Budapest_1,2023-09-16,0,,2023,9,16,5
Budapest_1,2023-09-17,0,,2023,9,17,6
Budapest_1,2023-09-18,0,,2023,9,18,0
Budapest_1,2023-09-19,0,,2023,9,19,1
Budapest_1,2023-09-20,0,,2023,9,20,2
Budapest_1,2023-09-21,0,,2023,9,21,3
Budapest_1,2023-09-22,0,,2023,9,22,4
Budapest_1,2023-09-23,0,,2023,9,23,5
Budapest_1,2023-09-24,0,,2023,9,24,6
Budapest_1,2023-09-25,0,,2023,9,25,0
Budapest_1,2023-09-26,0,,2023,9,26,1
Budapest_1,2023-09-27,0,,2023,9,27,2
Budapest_1,2023-09-28,0,,2023,9,28,3
Budapest_1,2023-09-29,0,,2023,9,29,4
Budapest_1,2023-09-30,0,,2023,9,30,5
Budapest_1,2023-10-01,0,,2023,10,1,6
Budapest_1,2023-10-02,0,,2023,10,2,0
Budapest_1,2023-10-03,0,,2023,10,3,1
Budapest_1,2023-10-04,0,,2023,10,4,2
Budapest_1,2023-10-05,0,,2023,10,5,3
Budapest_1,2023-10-06,1,Memorial Day for the Martyrs of Arad,2023,10,6,4
Budapest_1,2023-10-07,0,,2023,10,7,5
Budapest_1,2023-10-08,0,,2023,10,8,6
Budapest_1,2023-10-09,0,,2023,10,9,0
Budapest_1,2023-10-10,0,,2023,10,10,1
Budapest_1,2023-10-11,0,,2023,10,11,2
Budapest_1,2023-10-12,0,,2023,10,12,3
Budapest_1,2023-10-13,0,,2023,10,13,4
Budapest_1,2023-10-14,0,,2023,10,14,5
Budapest_1,2023-10-15,0,,2023,10,15,6
Budapest_1,2023-10-16,0,,2023,10,16,0
Budapest_1,2023-10-17,0,,2023,10,17,1
Budapest_1,2023-10-18,0,,2023,10,18,2
Budapest_1,2023-10-19,0,,2023,10,19,3
Budapest_1,2023-10-20,0,,2023,10,20,4
Budapest_1,2023-10-21,0,,2023,10,21,5
Budapest_1,2023-10-22,0,,2023,10,22,6
Budapest_1,2023-10-23,1,Memorial day of the 1956 Revolution,2023,10,23,0
Budapest_1,2023-10-24,0,,2023,10,24,1
Budapest_1,2023-10-25,0,,2023,10,25,2
Budapest_1,2023-10-26,0,,2023,10,26,3
Budapest_1,2023-10-27,0,,2023,10,27,4
Budapest_1,2023-10-28,0,,2023,10,28,5
Budapest_1,2023-10-29,0,,2023,10,29,6
Budapest_1,2023-10-30,0,,2023,10,30,0
Budapest_1,2023-10-31,1,All Saints' Day Holiday,2023,10,31,1
Budapest_1,2023-11-01,1,All Saints Day,2023,11,1,2
Budapest_1,2023-11-02,0,,2023,11,2,3
Budapest_1,2023-11-03,0,,2023,11,3,4
Budapest_1,2023-11-04,0,,2023,11,4,5
Budapest_1,2023-11-05,0,,2023,11,5,6
Budapest_1,2023-11-06,0,,2023,11,6,0
Budapest_1,2023-11-07,0,,2023,11,7,1
Budapest_1,2023-11-08,0,,2023,11,8,2
Budapest_1,2023-11-09,0,,2023,11,9,3
Budapest_1,2023-11-10,0,,2023,11,10,4
Budapest_1,2023-11-11,0,,2023,11,11,5
Budapest_1,2023-11-12,0,,2023,11,12,6
Budapest_1,2023-11-13,0,,2023,11,13,0
Budapest_1,2023-11-14,0,,2023,11,14,1
Budapest_1,2023-11-15,0,,2023,11,15,2
Budapest_1,2023-11-16,0,,2023,11,16,3
Budapest_1,2023-11-17,0,,2023,11,17,4
Budapest_1,2023-11-18,0,,2023,11,18,5
Budapest_1,2023-11-19,0,,2023,11,19,6
Budapest_1,2023-11-20,0,,2023,11,20,0
Budapest_1,2023-11-21,0,,2023,11,21,1
Budapest_1,2023-11-22,0,,2023,11,22,2
Budapest_1,2023-11-23,0,,2023,11,23,3
Budapest_1,2023-11-24,0,,2023,11,24,4
Budapest_1,2023-11-25,0,,2023,11,25,5
Budapest_1,2023-11-26,0,,2023,11,26,6
Budapest_1,2023-11-27,0,,2023,11,27,0
Budapest_1,2023-11-28,0,,2023,11,28,1
Budapest_1,2023-11-29,0,,2023,11,29,2
Budapest_1,2023-11-30,0,,2023,11,30,3
Budapest_1,2023-12-01,0,,2023,12,1,4
Budapest_1,2023-12-02,0,,2023,12,2,5
Budapest_1,2023-12-03,0,,2023,12,3,6
Budapest_1,2023-12-04,0,,2023,12,4,0
Budapest_1,2023-12-05,0,,2023,12,5,1
Budapest_1,2023-12-06,0,,2023,12,6,2
Budapest_1,2023-12-07,0,,2023,12,7,3
Budapest_1,2023-12-08,0,,2023,12,8,4
Budapest_1,2023-12-09,0,,2023,12,9,5
Budapest_1,2023-12-10,0,,2023,12,10,6
Budapest_1,2023-12-11,0,,2023,12,11,0
Budapest_1,2023-12-12,0,,2023,12,12,1
Budapest_1,2023-12-13,0,,2023,12,13,2
Budapest_1,2023-12-14,0,,2023,12,14,3
Budapest_1,2023-12-15,0,,2023,12,15,4
Budapest_1,2023-12-16,0,,2023,12,16,5
Budapest_1,2023-12-17,0,,2023,12,17,6
Budapest_1,2023-12-18,0,,2023,12,18,0
Budapest_1,2023-12-19,0,,2023,12,19,1
Budapest_1,2023-12-20,0,,2023,12,20,2
Budapest_1,2023-12-21,0,,2023,12,21,3
Budapest_1,2023-12-22,0,,2023,12,22,4
Budapest_1,2023-12-23,0,,2023,12,23,5
Budapest_1,2023-12-24,1,Christmas Eve,2023,12,24,6
Budapest_1,2023-12-25,1,1st Christmas Day,2023,12,25,0
Budapest_1,2023-12-26,1,2nd Christmas Day,2023,12,26,1
Budapest_1,2023-12-27,0,,2023,12,27,2
Budapest_1,2023-12-28,0,,2023,12,28,3
Budapest_1,2023-12-29,0,,2023,12,29,4
Budapest_1,2023-12-30,0,,2023,12,30,5
Budapest_1,2023-12-31,0,,2023,12,31,6
Budapest_1,2024-01-01,1,New Years Day,2024,1,1,0
Budapest_1,2024-01-02,0,,2024,1,2,1
Budapest_1,2024-01-03,0,,2024,1,3,2
Budapest_1,2024-01-04,0,,2024,1,4,3
Budapest_1,2024-01-05,0,,2024,1,5,4
Budapest_1,2024-01-06,0,,2024,1,6,5
Budapest_1,2024-01-07,0,,2024,1,7,6
Budapest_1,2024-01-08,0,,2024,1,8,0
Budapest_1,2024-01-09,0,,2024,1,9,1
Budapest_1,2024-01-10,0,,2024,1,10,2
Budapest_1,2024-01-11,0,,2024,1,11,3
Budapest_1,2024-01-12,0,,2024,1,12,4
Budapest_1,2024-01-13,0,,2024,1,13,5
Budapest_1,2024-01-14,0,,2024,1,14,6
Budapest_1,2024-01-15,0,,2024,1,15,0
Budapest_1,2024-01-16,0,,2024,1,16,1
Budapest_1,2024-01-17,0,,2024,1,17,2
Budapest_1,2024-01-18,0,,2024,1,18,3
Budapest_1,2024-01-19,0,,2024,1,19,4
Budapest_1,2024-01-20,0,,2024,1,20,5
Budapest_1,2024-01-21,0,,2024,1,21,6
Budapest_1,2024-01-22,0,,2024,1,22,0
Budapest_1,2024-01-23,0,,2024,1,23,1
Budapest_1,2024-01-24,0,,2024,1,24,2
Budapest_1,2024-01-25,0,,2024,1,25,3
Budapest_1,2024-01-26,0,,2024,1,26,4
Budapest_1,2024-01-27,0,,2024,1,27,5
Budapest_1,2024-01-28,0,,2024,1,28,6
Budapest_1,2024-01-29,0,,2024,1,29,0
Budapest_1,2024-01-30,0,,2024,1,30,1
Budapest_1,2024-01-31,0,,2024,1,31,2
Budapest_1,2024-02-01,1,Memorial Day of the Republic,2024,2,1,3
Budapest_1,2024-02-02,0,,2024,2,2,4
Budapest_1,2024-02-03,0,,2024,2,3,5
Budapest_1,2024-02-04,0,,2024,2,4,6
Budapest_1,2024-02-05,0,,2024,2,5,0
Budapest_1,2024-02-06,0,,2024,2,6,1
Budapest_1,2024-02-07,0,,2024,2,7,2
Budapest_1,2024-02-08,0,,2024,2,8,3
Budapest_1,2024-02-09,0,,2024,2,9,4
Budapest_1,2024-02-10,0,,2024,2,10,5
Budapest_1,2024-02-11,0,,2024,2,11,6
Budapest_1,2024-02-12,0,,2024,2,12,0
Budapest_1,2024-02-13,0,,2024,2,13,1
Budapest_1,2024-02-14,0,,2024,2,14,2
Budapest_1,2024-02-15,0,,2024,2,15,3
Budapest_1,2024-02-16,0,,2024,2,16,4
Budapest_1,2024-02-17,0,,2024,2,17,5
Budapest_1,2024-02-18,0,,2024,2,18,6
Budapest_1,2024-02-19,0,,2024,2,19,0
Budapest_1,2024-02-20,0,,2024,2,20,1
Budapest_1,2024-02-21,0,,2024,2,21,2
Budapest_1,2024-02-22,0,,2024,2,22,3
Budapest_1,2024-02-23,0,,2024,2,23,4
Budapest_1,2024-02-24,0,,2024,2,24,5
Budapest_1,2024-02-25,1,Memorial Day for the Victims of the Communist Dictatorships,2024,2,25,6
Budapest_1,2024-02-26,0,,2024,2,26,0
Budapest_1,2024-02-27,0,,2024,2,27,1
Budapest_1,2024-02-28,0,,2024,2,28,2
Budapest_1,2024-02-29,0,,2024,2,29,3
Budapest_1,2024-03-01,0,,2024,3,1,4
Budapest_1,2024-03-02,0,,2024,3,2,5
Budapest_1,2024-03-03,0,,2024,3,3,6
Budapest_1,2024-03-04,0,,2024,3,4,0
Budapest_1,2024-03-05,0,,2024,3,5,1
Budapest_1,2024-03-06,0,,2024,3,6,2
Budapest_1,2024-03-07,0,,2024,3,7,3
Budapest_1,2024-03-08,1,International womens day,2024,3,8,4
Budapest_1,2024-03-09,0,,2024,3,9,5
Budapest_1,2024-03-10,0,,2024,3,10,6
Budapest_1,2024-03-11,0,,2024,3,11,0
Budapest_1,2024-03-12,0,,2024,3,12,1
Budapest_1,2024-03-13,0,,2024,3,13,2
Budapest_1,2024-03-14,0,,2024,3,14,3
Budapest_1,2024-03-15,1,Memorial Day for the Victims of the Holocaust,2024,3,15,4
Budapest_1,2024-03-16,0,,2024,3,16,5
Budapest_1,2024-03-17,0,,2024,3,17,6
Budapest_1,2024-03-18,0,,2024,3,18,0
Budapest_1,2024-03-19,0,,2024,3,19,1
Budapest_1,2024-03-20,0,,2024,3,20,2
Budapest_1,2024-03-21,0,,2024,3,21,3
Budapest_1,2024-03-22,0,,2024,3,22,4
Budapest_1,2024-03-23,0,,2024,3,23,5
Budapest_1,2024-03-24,0,,2024,3,24,6
Budapest_1,2024-03-25,0,,2024,3,25,0
Budapest_1,2024-03-26,0,,2024,3,26,1
Budapest_1,2024-03-27,0,,2024,3,27,2
Budapest_1,2024-03-28,0,,2024,3,28,3
Budapest_1,2024-03-29,1,Good Friday,2024,3,29,4
Budapest_1,2024-03-30,1,,2024,3,30,5
Budapest_1,2024-03-31,1,Easter Day,2024,3,31,6
Budapest_1,2024-04-01,1,Easter Monday,2024,4,1,0
Budapest_1,2024-04-02,0,,2024,4,2,1
Budapest_1,2024-04-03,0,,2024,4,3,2
Budapest_1,2024-04-04,0,,2024,4,4,3
Budapest_1,2024-04-05,0,,2024,4,5,4
Budapest_1,2024-04-06,0,,2024,4,6,5
Budapest_1,2024-04-07,1,Good Friday,2024,4,7,6
Budapest_1,2024-04-08,1,Good Friday,2024,4,8,0
Budapest_1,2024-04-09,1,Easter Day,2024,4,9,1
Budapest_1,2024-04-10,1,Easter Monday,2024,4,10,2
Budapest_1,2024-04-11,0,,2024,4,11,3
Budapest_1,2024-04-12,0,,2024,4,12,4
Budapest_1,2024-04-13,0,,2024,4,13,5
Budapest_1,2024-04-14,0,,2024,4,14,6
Budapest_1,2024-04-15,0,,2024,4,15,0
Budapest_1,2024-04-16,1,Memorial Day for the Victims of the Holocaust,2024,4,16,1
Budapest_1,2024-04-17,0,,2024,4,17,2
Budapest_1,2024-04-18,0,,2024,4,18,3
Budapest_1,2024-04-19,0,,2024,4,19,4
Budapest_1,2024-04-20,0,,2024,4,20,5
Budapest_1,2024-04-21,0,,2024,4,21,6
Budapest_1,2024-04-22,0,,2024,4,22,0
Budapest_1,2024-04-23,0,,2024,4,23,1
Budapest_1,2024-04-24,0,,2024,4,24,2
Budapest_1,2024-04-25,0,,2024,4,25,3
Budapest_1,2024-04-26,0,,2024,4,26,4
Budapest_1,2024-04-27,0,,2024,4,27,5
Budapest_1,2024-04-28,0,,2024,4,28,6
Budapest_1,2024-04-29,0,,2024,4,29,0
Budapest_1,2024-04-30,0,,2024,4,30,1
Budapest_1,2024-05-01,1,Labour Day,2024,5,1,2
Budapest_1,2024-05-02,0,,2024,5,2,3
Budapest_1,2024-05-03,0,,2024,5,3,4
Budapest_1,2024-05-04,0,,2024,5,4,5
Budapest_1,2024-05-05,0,,2024,5,5,6
Budapest_1,2024-05-06,0,,2024,5,6,0
Budapest_1,2024-05-07,0,,2024,5,7,1
Budapest_1,2024-05-08,0,,2024,5,8,2
Budapest_1,2024-05-09,0,,2024,5,9,3
Budapest_1,2024-05-10,0,,2024,5,10,4
Budapest_1,2024-05-11,0,,2024,5,11,5
Budapest_1,2024-05-12,1,Mother's Day,2024,5,12,6
Budapest_1,2024-05-13,0,,2024,5,13,0
Budapest_1,2024-05-14,1,Mother's Day,2024,5,14,1
Budapest_1,2024-05-15,0,,2024,5,15,2
Budapest_1,2024-05-16,0,,2024,5,16,3
Budapest_1,2024-05-17,0,,2024,5,17,4
Budapest_1,2024-05-18,0,,2024,5,18,5
Budapest_1,2024-05-19,1,Whit sunday,2024,5,19,6
Budapest_1,2024-05-20,1,Whit monday,2024,5,20,0
Budapest_1,2024-05-21,1,National Defense Day,2024,5,21,1
Budapest_1,2024-05-22,0,,2024,5,22,2
Budapest_1,2024-05-23,0,,2024,5,23,3
Budapest_1,2024-05-24,0,,2024,5,24,4
Budapest_1,2024-05-25,0,,2024,5,25,5
Budapest_1,2024-05-26,0,,2024,5,26,6
Budapest_1,2024-05-27,0,,2024,5,27,0
Budapest_1,2024-05-28,1,Whit sunday,2024,5,28,1
Budapest_1,2024-05-29,1,Whit monday,2024,5,29,2
Budapest_1,2024-05-30,0,,2024,5,30,3
Budapest_1,2024-05-31,0,,2024,5,31,4
Budapest_1,2024-06-01,0,,2024,6,1,5
Budapest_1,2024-06-02,0,,2024,6,2,6
Budapest_1,2024-06-03,0,,2024,6,3,0
Budapest_1,2024-06-04,1,Day of National Unity,2024,6,4,1
Budapest_1,2024-06-05,0,,2024,6,5,2
Budapest_1,2024-06-06,0,,2024,6,6,3
Budapest_1,2024-06-07,0,,2024,6,7,4
Budapest_1,2024-06-08,0,,2024,6,8,5
Budapest_1,2024-06-09,0,,2024,6,9,6
Budapest_1,2024-06-10,0,,2024,6,10,0
Budapest_1,2024-06-11,0,,2024,6,11,1
Budapest_1,2024-06-12,0,,2024,6,12,2
Budapest_1,2024-06-13,0,,2024,6,13,3
Budapest_1,2024-06-14,0,,2024,6,14,4
Budapest_1,2024-06-15,0,,2024,6,15,5
Budapest_1,2024-06-16,0,,2024,6,16,6
Budapest_1,2024-06-17,0,,2024,6,17,0
Budapest_1,2024-06-18,0,,2024,6,18,1
Budapest_1,2024-06-19,1,Independent Hungary Day,2024,6,19,2
Budapest_1,2024-06-20,0,,2024,6,20,3
Budapest_1,2024-06-21,0,,2024,6,21,4
Budapest_1,2024-06-22,0,,2024,6,22,5
Budapest_1,2024-06-23,0,,2024,6,23,6
Budapest_1,2024-06-24,0,,2024,6,24,0
Budapest_1,2024-06-25,0,,2024,6,25,1
Budapest_1,2024-06-26,0,,2024,6,26,2
Budapest_1,2024-06-27,0,,2024,6,27,3
Budapest_1,2024-06-28,0,,2024,6,28,4
Budapest_1,2024-06-29,0,,2024,6,29,5
Budapest_1,2024-06-30,0,,2024,6,30,6
Budapest_1,2024-07-01,0,,2024,7,1,0
Budapest_1,2024-07-02,0,,2024,7,2,1
Budapest_1,2024-07-03,0,,2024,7,3,2
Budapest_1,2024-07-04,0,,2024,7,4,3
Budapest_1,2024-07-05,0,,2024,7,5,4
Budapest_1,2024-07-06,0,,2024,7,6,5
Budapest_1,2024-07-07,0,,2024,7,7,6
Budapest_1,2024-07-08,0,,2024,7,8,0
Budapest_1,2024-07-09,0,,2024,7,9,1
Budapest_1,2024-07-10,0,,2024,7,10,2
Budapest_1,2024-07-11,0,,2024,7,11,3
Budapest_1,2024-07-12,0,,2024,7,12,4
Budapest_1,2024-07-13,0,,2024,7,13,5
Budapest_1,2024-07-14,0,,2024,7,14,6
Budapest_1,2024-07-15,0,,2024,7,15,0
Budapest_1,2024-07-16,0,,2024,7,16,1
Budapest_1,2024-07-17,0,,2024,7,17,2
Budapest_1,2024-07-18,0,,2024,7,18,3
Budapest_1,2024-07-19,0,,2024,7,19,4
Budapest_1,2024-07-20,0,,2024,7,20,5
Budapest_1,2024-07-21,0,,2024,7,21,6
Budapest_1,2024-07-22,0,,2024,7,22,0
Budapest_1,2024-07-23,0,,2024,7,23,1
Budapest_1,2024-07-24,0,,2024,7,24,2
Budapest_1,2024-07-25,0,,2024,7,25,3
Budapest_1,2024-07-26,0,,2024,7,26,4
Budapest_1,2024-07-27,0,,2024,7,27,5
Budapest_1,2024-07-28,0,,2024,7,28,6
Budapest_1,2024-07-29,0,,2024,7,29,0
Budapest_1,2024-07-30,0,,2024,7,30,1
Budapest_1,2024-07-31,0,,2024,7,31,2
Budapest_1,2024-08-01,0,,2024,8,1,3
Budapest_1,2024-08-02,0,,2024,8,2,4
Budapest_1,2024-08-03,0,,2024,8,3,5
Budapest_1,2024-08-04,0,,2024,8,4,6
Budapest_1,2024-08-05,0,,2024,8,5,0
Budapest_1,2024-08-06,0,,2024,8,6,1
Budapest_1,2024-08-07,0,,2024,8,7,2
Budapest_1,2024-08-08,0,,2024,8,8,3
Budapest_1,2024-08-09,0,,2024,8,9,4
Budapest_1,2024-08-10,0,,2024,8,10,5
Budapest_1,2024-08-11,0,,2024,8,11,6
Budapest_1,2024-08-12,0,,2024,8,12,0
Budapest_1,2024-08-13,0,,2024,8,13,1
Budapest_1,2024-08-14,0,,2024,8,14,2
Budapest_1,2024-08-15,0,,2024,8,15,3
Budapest_1,2024-08-16,0,,2024,8,16,4
Budapest_1,2024-08-17,0,,2024,8,17,5
Budapest_1,2024-08-18,0,,2024,8,18,6
Budapest_1,2024-08-19,0,,2024,8,19,0
Budapest_1,2024-08-20,1,State Foundation Day,2024,8,20,1
Budapest_1,2024-08-21,0,,2024,8,21,2
Budapest_1,2024-08-22,0,,2024,8,22,3
Budapest_1,2024-08-23,0,,2024,8,23,4
Budapest_1,2024-08-24,0,,2024,8,24,5
Budapest_1,2024-08-25,0,,2024,8,25,6
Budapest_1,2024-08-26,0,,2024,8,26,0
Budapest_1,2024-08-27,0,,2024,8,27,1
Budapest_1,2024-08-28,0,,2024,8,28,2
Budapest_1,2024-08-29,0,,2024,8,29,3
Budapest_1,2024-08-30,0,,2024,8,30,4
Budapest_1,2024-08-31,0,,2024,8,31,5
Budapest_1,2024-09-01,0,,2024,9,1,6
Budapest_1,2024-09-02,0,,2024,9,2,0
Budapest_1,2024-09-03,0,,2024,9,3,1
Budapest_1,2024-09-04,0,,2024,9,4,2
Budapest_1,2024-09-05,0,,2024,9,5,3
Budapest_1,2024-09-06,0,,2024,9,6,4
Budapest_1,2024-09-07,0,,2024,9,7,5
Budapest_1,2024-09-08,0,,2024,9,8,6
Budapest_1,2024-09-09,0,,2024,9,9,0
Budapest_1,2024-09-10,0,,2024,9,10,1
Budapest_1,2024-09-11,0,,2024,9,11,2
Budapest_1,2024-09-12,0,,2024,9,12,3
Budapest_1,2024-09-13,0,,2024,9,13,4
Budapest_1,2024-09-14,0,,2024,9,14,5
Budapest_1,2024-09-15,0,,2024,9,15,6
Budapest_1,2024-09-16,0,,2024,9,16,0
Budapest_1,2024-09-17,0,,2024,9,17,1
Budapest_1,2024-09-18,0,,2024,9,18,2
Budapest_1,2024-09-19,0,,2024,9,19,3
Budapest_1,2024-09-20,0,,2024,9,20,4
Budapest_1,2024-09-21,0,,2024,9,21,5
Budapest_1,2024-09-22,0,,2024,9,22,6
Budapest_1,2024-09-23,0,,2024,9,23,0
Budapest_1,2024-09-24,0,,2024,9,24,1
Budapest_1,2024-09-25,0,,2024,9,25,2
Budapest_1,2024-09-26,0,,2024,9,26,3
Budapest_1,2024-09-27,0,,2024,9,27,4
Budapest_1,2024-09-28,0,,2024,9,28,5
Budapest_1,2024-09-29,0,,2024,9,29,6
Budapest_1,2024-09-30,0,,2024,9,30,0
Budapest_1,2024-10-01,0,,2024,10,1,1
Budapest_1,2024-10-02,0,,2024,10,2,2
Budapest_1,2024-10-03,0,,2024,10,3,3
Budapest_1,2024-10-04,0,,2024,10,4,4
Budapest_1,2024-10-05,0,,2024,10,5,5
Budapest_1,2024-10-06,1,Memorial Day for the Martyrs of Arad,2024,10,6,6
Budapest_1,2024-10-07,0,,2024,10,7,0
Budapest_1,2024-10-08,0,,2024,10,8,1
Budapest_1,2024-10-09,0,,2024,10,9,2
Budapest_1,2024-10-10,0,,2024,10,10,3
Budapest_1,2024-10-11,0,,2024,10,11,4
Budapest_1,2024-10-12,0,,2024,10,12,5
Budapest_1,2024-10-13,0,,2024,10,13,6
Budapest_1,2024-10-14,0,,2024,10,14,0
Budapest_1,2024-10-15,0,,2024,10,15,1
Budapest_1,2024-10-16,0,,2024,10,16,2
Budapest_1,2024-10-17,0,,2024,10,17,3
Budapest_1,2024-10-18,0,,2024,10,18,4
Budapest_1,2024-10-19,0,,2024,10,19,5
Budapest_1,2024-10-20,0,,2024,10,20,6
Budapest_1,2024-10-21,0,,2024,10,21,0
Budapest_1,2024-10-22,0,,2024,10,22,1
Budapest_1,2024-10-23,1,Memorial day of the 1956 Revolution,2024,10,23,2
Budapest_1,2024-10-24,0,,2024,10,24,3
Budapest_1,2024-10-25,0,,2024,10,25,4
Budapest_1,2024-10-26,0,,2024,10,26,5
Budapest_1,2024-10-27,0,,2024,10,27,6
Budapest_1,2024-10-28,0,,2024,10,28,0
Budapest_1,2024-10-29,0,,2024,10,29,1
Budapest_1,2024-10-30,0,,2024,10,30,2
Budapest_1,2024-10-31,0,,2024,10,31,3
Budapest_1,2024-11-01,1,All Saints Day,2024,11,1,4
Budapest_1,2024-11-02,0,,2024,11,2,5
Budapest_1,2024-11-03,0,,2024,11,3,6
Budapest_1,2024-11-04,0,,2024,11,4,0
Budapest_1,2024-11-05,0,,2024,11,5,1
Budapest_1,2024-11-06,0,,2024,11,6,2
Budapest_1,2024-11-07,0,,2024,11,7,3
Budapest_1,2024-11-08,0,,2024,11,8,4
Budapest_1,2024-11-09,0,,2024,11,9,5
Budapest_1,2024-11-10,0,,2024,11,10,6
Budapest_1,2024-11-11,0,,2024,11,11,0
Budapest_1,2024-11-12,0,,2024,11,12,1
Budapest_1,2024-11-13,0,,2024,11,13,2
Budapest_1,2024-11-14,0,,2024,11,14,3
Budapest_1,2024-11-15,0,,2024,11,15,4
Budapest_1,2024-11-16,0,,2024,11,16,5
Budapest_1,2024-11-17,0,,2024,11,17,6
Budapest_1,2024-11-18,0,,2024,11,18,0
Budapest_1,2024-11-19,0,,2024,11,19,1
Budapest_1,2024-11-20,0,,2024,11,20,2
Budapest_1,2024-11-21,0,,2024,11,21,3
Budapest_1,2024-11-22,0,,2024,11,22,4
Budapest_1,2024-11-23,0,,2024,11,23,5
Budapest_1,2024-11-24,0,,2024,11,24,6
Budapest_1,2024-11-25,0,,2024,11,25,0
Budapest_1,2024-11-26,0,,2024,11,26,1
Budapest_1,2024-11-27,0,,2024,11,27,2
Budapest_1,2024-11-28,0,,2024,11,28,3
Budapest_1,2024-11-29,0,,2024,11,29,4
Budapest_1,2024-11-30,0,,2024,11,30,5
Budapest_1,2024-12-01,0,,2024,12,1,6
Budapest_1,2024-12-02,0,,2024,12,2,0
Budapest_1,2024-12-03,0,,2024,12,3,1
Budapest_1,2024-12-04,0,,2024,12,4,2
Budapest_1,2024-12-05,0,,2024,12,5,3
Budapest_1,2024-12-06,0,,2024,12,6,4
Budapest_1,2024-12-07,0,,2024,12,7,5
Budapest_1,2024-12-08,0,,2024,12,8,6
Budapest_1,2024-12-09,0,,2024,12,9,0
Budapest_1,2024-12-10,0,,2024,12,10,1
Budapest_1,2024-12-11,0,,2024,12,11,2
Budapest_1,2024-12-12,0,,2024,12,12,3
Budapest_1,2024-12-13,0,,2024,12,13,4
Budapest_1,2024-12-14,0,,2024,12,14,5
Budapest_1,2024-12-15,0,,2024,12,15,6
Budapest_1,2024-12-16,0,,2024,12,16,0
Budapest_1,2024-12-17,0,,2024,12,17,1
Budapest_1,2024-12-18,0,,2024,12,18,2
Budapest_1,2024-12-19,0,,2024,12,19,3
Budapest_1,2024-12-20,0,,2024,12,20,4
Budapest_1,2024-12-21,0,,2024,12,21,5
Budapest_1,2024-12-22,0,,2024,12,22,6
Budapest_1,2024-12-23,0,,2024,12,23,0
Budapest_1,2024-12-24,1,Christmas Eve,2024,12,24,1
Budapest_1,2024-12-25,1,1st Christmas Day,2024,12,25,2
Budapest_1,2024-12-26,1,2nd Christmas Day,2024,12,26,3
Budapest_1,2024-12-27,0,,2024,12,27,4
Budapest_1,2024-12-28,0,,2024,12,28,5
Budapest_1,2024-12-29,0,,2024,12,29,6
Budapest_1,2024-12-30,0,,2024,12,30,0
Budapest_1,2024-12-31,0,,2024,12,31,1
Frankfurt_1,2016-01-01,1,New Years Day,2016,1,1,4
Frankfurt_1,2016-01-02,0,,2016,1,2,5
Frankfurt_1,2016-01-03,0,,2016,1,3,6
Frankfurt_1,2016-01-04,0,,2016,1,4,0
Frankfurt_1,2016-01-05,0,,2016,1,5,1
Frankfurt_1,2016-01-06,0,,2016,1,6,2
Frankfurt_1,2016-01-07,0,,2016,1,7,3
Frankfurt_1,2016-01-08,0,,2016,1,8,4
Frankfurt_1,2016-01-09,0,,2016,1,9,5
Frankfurt_1,2016-01-10,0,,2016,1,10,6
Frankfurt_1,2016-01-11,0,,2016,1,11,0
Frankfurt_1,2016-01-12,0,,2016,1,12,1
Frankfurt_1,2016-01-13,0,,2016,1,13,2
Frankfurt_1,2016-01-14,0,,2016,1,14,3
Frankfurt_1,2016-01-15,0,,2016,1,15,4
Frankfurt_1,2016-01-16,0,,2016,1,16,5
Frankfurt_1,2016-01-17,0,,2016,1,17,6
Frankfurt_1,2016-01-18,0,,2016,1,18,0
Frankfurt_1,2016-01-19,0,,2016,1,19,1
Frankfurt_1,2016-01-20,0,,2016,1,20,2
Frankfurt_1,2016-01-21,0,,2016,1,21,3
Frankfurt_1,2016-01-22,0,,2016,1,22,4
Frankfurt_1,2016-01-23,0,,2016,1,23,5
Frankfurt_1,2016-01-24,0,,2016,1,24,6
Frankfurt_1,2016-01-25,0,,2016,1,25,0
Frankfurt_1,2016-01-26,0,,2016,1,26,1
Frankfurt_1,2016-01-27,0,,2016,1,27,2
Frankfurt_1,2016-01-28,0,,2016,1,28,3
Frankfurt_1,2016-01-29,0,,2016,1,29,4
Frankfurt_1,2016-01-30,0,,2016,1,30,5
Frankfurt_1,2016-01-31,0,,2016,1,31,6
Frankfurt_1,2016-02-01,0,,2016,2,1,0
Frankfurt_1,2016-02-02,0,,2016,2,2,1
Frankfurt_1,2016-02-03,0,,2016,2,3,2
Frankfurt_1,2016-02-04,0,,2016,2,4,3
Frankfurt_1,2016-02-05,0,,2016,2,5,4
Frankfurt_1,2016-02-06,0,,2016,2,6,5
Frankfurt_1,2016-02-07,0,,2016,2,7,6
Frankfurt_1,2016-02-08,0,,2016,2,8,0
Frankfurt_1,2016-02-09,0,,2016,2,9,1
Frankfurt_1,2016-02-10,0,,2016,2,10,2
Frankfurt_1,2016-02-11,0,,2016,2,11,3
Frankfurt_1,2016-02-12,0,,2016,2,12,4
Frankfurt_1,2016-02-13,0,,2016,2,13,5
Frankfurt_1,2016-02-14,0,,2016,2,14,6
Frankfurt_1,2016-02-15,0,,2016,2,15,0
Frankfurt_1,2016-02-16,0,,2016,2,16,1
Frankfurt_1,2016-02-17,0,,2016,2,17,2
Frankfurt_1,2016-02-18,0,,2016,2,18,3
Frankfurt_1,2016-02-19,0,,2016,2,19,4
Frankfurt_1,2016-02-20,0,,2016,2,20,5
Frankfurt_1,2016-02-21,0,,2016,2,21,6
Frankfurt_1,2016-02-22,0,,2016,2,22,0
Frankfurt_1,2016-02-23,0,,2016,2,23,1
Frankfurt_1,2016-02-24,0,,2016,2,24,2
Frankfurt_1,2016-02-25,0,,2016,2,25,3
Frankfurt_1,2016-02-26,0,,2016,2,26,4
Frankfurt_1,2016-02-27,0,,2016,2,27,5
Frankfurt_1,2016-02-28,0,,2016,2,28,6
Frankfurt_1,2016-02-29,0,,2016,2,29,0
Frankfurt_1,2016-03-01,0,,2016,3,1,1
Frankfurt_1,2016-03-02,0,,2016,3,2,2
Frankfurt_1,2016-03-03,0,,2016,3,3,3
Frankfurt_1,2016-03-04,0,,2016,3,4,4
Frankfurt_1,2016-03-05,0,,2016,3,5,5
Frankfurt_1,2016-03-06,0,,2016,3,6,6
Frankfurt_1,2016-03-07,0,,2016,3,7,0
Frankfurt_1,2016-03-08,1,International womens day,2016,3,8,1
Frankfurt_1,2016-03-09,0,,2016,3,9,2
Frankfurt_1,2016-03-10,0,,2016,3,10,3
Frankfurt_1,2016-03-11,0,,2016,3,11,4
Frankfurt_1,2016-03-12,0,,2016,3,12,5
Frankfurt_1,2016-03-13,0,,2016,3,13,6
Frankfurt_1,2016-03-14,0,,2016,3,14,0
Frankfurt_1,2016-03-15,0,,2016,3,15,1
Frankfurt_1,2016-03-16,0,,2016,3,16,2
Frankfurt_1,2016-03-17,0,,2016,3,17,3
Frankfurt_1,2016-03-18,0,,2016,3,18,4
Frankfurt_1,2016-03-19,0,,2016,3,19,5
Frankfurt_1,2016-03-20,0,,2016,3,20,6
Frankfurt_1,2016-03-21,0,,2016,3,21,0
Frankfurt_1,2016-03-22,0,,2016,3,22,1
Frankfurt_1,2016-03-23,0,,2016,3,23,2
Frankfurt_1,2016-03-24,0,,2016,3,24,3
Frankfurt_1,2016-03-25,1,Good Friday,2016,3,25,4
Frankfurt_1,2016-03-26,1,Holy Saturday,2016,3,26,5
Frankfurt_1,2016-03-27,1,Easter Sunday,2016,3,27,6
Frankfurt_1,2016-03-28,1,Easter Monday,2016,3,28,0
Frankfurt_1,2016-03-29,0,,2016,3,29,1
Frankfurt_1,2016-03-30,0,,2016,3,30,2
Frankfurt_1,2016-03-31,0,,2016,3,31,3
Frankfurt_1,2016-04-01,0,,2016,4,1,4
Frankfurt_1,2016-04-02,0,,2016,4,2,5
Frankfurt_1,2016-04-03,0,,2016,4,3,6
Frankfurt_1,2016-04-04,0,,2016,4,4,0
Frankfurt_1,2016-04-05,0,,2016,4,5,1
Frankfurt_1,2016-04-06,0,,2016,4,6,2
Frankfurt_1,2016-04-07,0,,2016,4,7,3
Frankfurt_1,2016-04-08,0,,2016,4,8,4
Frankfurt_1,2016-04-09,0,,2016,4,9,5
Frankfurt_1,2016-04-10,0,,2016,4,10,6
Frankfurt_1,2016-04-11,0,,2016,4,11,0
Frankfurt_1,2016-04-12,0,,2016,4,12,1
Frankfurt_1,2016-04-13,0,,2016,4,13,2
Frankfurt_1,2016-04-14,0,,2016,4,14,3
Frankfurt_1,2016-04-15,0,,2016,4,15,4
Frankfurt_1,2016-04-16,0,,2016,4,16,5
Frankfurt_1,2016-04-17,0,,2016,4,17,6
Frankfurt_1,2016-04-18,0,,2016,4,18,0
Frankfurt_1,2016-04-19,0,,2016,4,19,1
Frankfurt_1,2016-04-20,0,,2016,4,20,2
Frankfurt_1,2016-04-21,0,,2016,4,21,3
Frankfurt_1,2016-04-22,0,,2016,4,22,4
Frankfurt_1,2016-04-23,0,,2016,4,23,5
Frankfurt_1,2016-04-24,0,,2016,4,24,6
Frankfurt_1,2016-04-25,0,,2016,4,25,0
Frankfurt_1,2016-04-26,0,,2016,4,26,1
Frankfurt_1,2016-04-27,0,,2016,4,27,2
Frankfurt_1,2016-04-28,0,,2016,4,28,3
Frankfurt_1,2016-04-29,0,,2016,4,29,4
Frankfurt_1,2016-04-30,0,,2016,4,30,5
Frankfurt_1,2016-05-01,1,Labour Day,2016,5,1,6
Frankfurt_1,2016-05-02,0,,2016,5,2,0
Frankfurt_1,2016-05-03,0,,2016,5,3,1
Frankfurt_1,2016-05-04,0,,2016,5,4,2
Frankfurt_1,2016-05-05,1,Ascension day,2016,5,5,3
Frankfurt_1,2016-05-06,0,,2016,5,6,4
Frankfurt_1,2016-05-07,0,,2016,5,7,5
Frankfurt_1,2016-05-08,1,Mother's Day,2016,5,8,6
Frankfurt_1,2016-05-09,0,,2016,5,9,0
Frankfurt_1,2016-05-10,0,,2016,5,10,1
Frankfurt_1,2016-05-11,0,,2016,5,11,2
Frankfurt_1,2016-05-12,0,,2016,5,12,3
Frankfurt_1,2016-05-13,0,,2016,5,13,4
Frankfurt_1,2016-05-14,0,,2016,5,14,5
Frankfurt_1,2016-05-15,1,Whit sunday,2016,5,15,6
Frankfurt_1,2016-05-16,1,Whit monday,2016,5,16,0
Frankfurt_1,2016-05-17,0,,2016,5,17,1
Frankfurt_1,2016-05-18,0,,2016,5,18,2
Frankfurt_1,2016-05-19,0,,2016,5,19,3
Frankfurt_1,2016-05-20,0,,2016,5,20,4
Frankfurt_1,2016-05-21,0,,2016,5,21,5
Frankfurt_1,2016-05-22,0,,2016,5,22,6
Frankfurt_1,2016-05-23,0,,2016,5,23,0
Frankfurt_1,2016-05-24,0,,2016,5,24,1
Frankfurt_1,2016-05-25,0,,2016,5,25,2
Frankfurt_1,2016-05-26,1,Corpus Christi,2016,5,26,3
Frankfurt_1,2016-05-27,0,,2016,5,27,4
Frankfurt_1,2016-05-28,0,,2016,5,28,5
Frankfurt_1,2016-05-29,0,,2016,5,29,6
Frankfurt_1,2016-05-30,0,,2016,5,30,0
Frankfurt_1,2016-05-31,0,,2016,5,31,1
Frankfurt_1,2016-06-01,0,,2016,6,1,2
Frankfurt_1,2016-06-02,0,,2016,6,2,3
Frankfurt_1,2016-06-03,0,,2016,6,3,4
Frankfurt_1,2016-06-04,0,,2016,6,4,5
Frankfurt_1,2016-06-05,0,,2016,6,5,6
Frankfurt_1,2016-06-06,0,,2016,6,6,0
Frankfurt_1,2016-06-07,0,,2016,6,7,1
Frankfurt_1,2016-06-08,0,,2016,6,8,2
Frankfurt_1,2016-06-09,0,,2016,6,9,3
Frankfurt_1,2016-06-10,0,,2016,6,10,4
Frankfurt_1,2016-06-11,0,,2016,6,11,5
Frankfurt_1,2016-06-12,0,,2016,6,12,6
Frankfurt_1,2016-06-13,0,,2016,6,13,0
Frankfurt_1,2016-06-14,0,,2016,6,14,1
Frankfurt_1,2016-06-15,0,,2016,6,15,2
Frankfurt_1,2016-06-16,0,,2016,6,16,3
Frankfurt_1,2016-06-17,0,,2016,6,17,4
Frankfurt_1,2016-06-18,0,,2016,6,18,5
Frankfurt_1,2016-06-19,0,,2016,6,19,6
Frankfurt_1,2016-06-20,0,,2016,6,20,0
Frankfurt_1,2016-06-21,0,,2016,6,21,1
Frankfurt_1,2016-06-22,0,,2016,6,22,2
Frankfurt_1,2016-06-23,0,,2016,6,23,3
Frankfurt_1,2016-06-24,0,,2016,6,24,4
Frankfurt_1,2016-06-25,0,,2016,6,25,5
Frankfurt_1,2016-06-26,0,,2016,6,26,6
Frankfurt_1,2016-06-27,0,,2016,6,27,0
Frankfurt_1,2016-06-28,0,,2016,6,28,1
Frankfurt_1,2016-06-29,0,,2016,6,29,2
Frankfurt_1,2016-06-30,0,,2016,6,30,3
Frankfurt_1,2016-07-01,0,,2016,7,1,4
Frankfurt_1,2016-07-02,0,,2016,7,2,5
Frankfurt_1,2016-07-03,0,,2016,7,3,6
Frankfurt_1,2016-07-04,0,,2016,7,4,0
Frankfurt_1,2016-07-05,0,,2016,7,5,1
Frankfurt_1,2016-07-06,0,,2016,7,6,2
Frankfurt_1,2016-07-07,0,,2016,7,7,3
Frankfurt_1,2016-07-08,0,,2016,7,8,4
Frankfurt_1,2016-07-09,0,,2016,7,9,5
Frankfurt_1,2016-07-10,0,,2016,7,10,6
Frankfurt_1,2016-07-11,0,,2016,7,11,0
Frankfurt_1,2016-07-12,0,,2016,7,12,1
Frankfurt_1,2016-07-13,0,,2016,7,13,2
Frankfurt_1,2016-07-14,0,,2016,7,14,3
Frankfurt_1,2016-07-15,0,,2016,7,15,4
Frankfurt_1,2016-07-16,0,,2016,7,16,5
Frankfurt_1,2016-07-17,0,,2016,7,17,6
Frankfurt_1,2016-07-18,0,,2016,7,18,0
Frankfurt_1,2016-07-19,0,,2016,7,19,1
Frankfurt_1,2016-07-20,0,,2016,7,20,2
Frankfurt_1,2016-07-21,0,,2016,7,21,3
Frankfurt_1,2016-07-22,0,,2016,7,22,4
Frankfurt_1,2016-07-23,0,,2016,7,23,5
Frankfurt_1,2016-07-24,0,,2016,7,24,6
Frankfurt_1,2016-07-25,0,,2016,7,25,0
Frankfurt_1,2016-07-26,0,,2016,7,26,1
Frankfurt_1,2016-07-27,0,,2016,7,27,2
Frankfurt_1,2016-07-28,0,,2016,7,28,3
Frankfurt_1,2016-07-29,0,,2016,7,29,4
Frankfurt_1,2016-07-30,0,,2016,7,30,5
Frankfurt_1,2016-07-31,0,,2016,7,31,6
Frankfurt_1,2016-08-01,0,,2016,8,1,0
Frankfurt_1,2016-08-02,0,,2016,8,2,1
Frankfurt_1,2016-08-03,0,,2016,8,3,2
Frankfurt_1,2016-08-04,0,,2016,8,4,3
Frankfurt_1,2016-08-05,0,,2016,8,5,4
Frankfurt_1,2016-08-06,0,,2016,8,6,5
Frankfurt_1,2016-08-07,0,,2016,8,7,6
Frankfurt_1,2016-08-08,0,,2016,8,8,0
Frankfurt_1,2016-08-09,0,,2016,8,9,1
Frankfurt_1,2016-08-10,0,,2016,8,10,2
Frankfurt_1,2016-08-11,0,,2016,8,11,3
Frankfurt_1,2016-08-12,0,,2016,8,12,4
Frankfurt_1,2016-08-13,0,,2016,8,13,5
Frankfurt_1,2016-08-14,0,,2016,8,14,6
Frankfurt_1,2016-08-15,0,,2016,8,15,0
Frankfurt_1,2016-08-16,0,,2016,8,16,1
Frankfurt_1,2016-08-17,0,,2016,8,17,2
Frankfurt_1,2016-08-18,0,,2016,8,18,3
Frankfurt_1,2016-08-19,0,,2016,8,19,4
Frankfurt_1,2016-08-20,0,,2016,8,20,5
Frankfurt_1,2016-08-21,0,,2016,8,21,6
Frankfurt_1,2016-08-22,0,,2016,8,22,0
Frankfurt_1,2016-08-23,0,,2016,8,23,1
Frankfurt_1,2016-08-24,0,,2016,8,24,2
Frankfurt_1,2016-08-25,0,,2016,8,25,3
Frankfurt_1,2016-08-26,0,,2016,8,26,4
Frankfurt_1,2016-08-27,0,,2016,8,27,5
Frankfurt_1,2016-08-28,0,,2016,8,28,6
Frankfurt_1,2016-08-29,0,,2016,8,29,0
Frankfurt_1,2016-08-30,0,,2016,8,30,1
Frankfurt_1,2016-08-31,0,,2016,8,31,2
Frankfurt_1,2016-09-01,0,,2016,9,1,3
Frankfurt_1,2016-09-02,0,,2016,9,2,4
Frankfurt_1,2016-09-03,0,,2016,9,3,5
Frankfurt_1,2016-09-04,0,,2016,9,4,6
Frankfurt_1,2016-09-05,0,,2016,9,5,0
Frankfurt_1,2016-09-06,0,,2016,9,6,1
Frankfurt_1,2016-09-07,0,,2016,9,7,2
Frankfurt_1,2016-09-08,0,,2016,9,8,3
Frankfurt_1,2016-09-09,0,,2016,9,9,4
Frankfurt_1,2016-09-10,0,,2016,9,10,5
Frankfurt_1,2016-09-11,0,,2016,9,11,6
Frankfurt_1,2016-09-12,0,,2016,9,12,0
Frankfurt_1,2016-09-13,0,,2016,9,13,1
Frankfurt_1,2016-09-14,0,,2016,9,14,2
Frankfurt_1,2016-09-15,0,,2016,9,15,3
Frankfurt_1,2016-09-16,0,,2016,9,16,4
Frankfurt_1,2016-09-17,0,,2016,9,17,5
Frankfurt_1,2016-09-18,0,,2016,9,18,6
Frankfurt_1,2016-09-19,0,,2016,9,19,0
Frankfurt_1,2016-09-20,0,,2016,9,20,1
Frankfurt_1,2016-09-21,0,,2016,9,21,2
Frankfurt_1,2016-09-22,0,,2016,9,22,3
Frankfurt_1,2016-09-23,0,,2016,9,23,4
Frankfurt_1,2016-09-24,0,,2016,9,24,5
Frankfurt_1,2016-09-25,0,,2016,9,25,6
Frankfurt_1,2016-09-26,0,,2016,9,26,0
Frankfurt_1,2016-09-27,0,,2016,9,27,1
Frankfurt_1,2016-09-28,0,,2016,9,28,2
Frankfurt_1,2016-09-29,0,,2016,9,29,3
Frankfurt_1,2016-09-30,0,,2016,9,30,4
Frankfurt_1,2016-10-01,0,,2016,10,1,5
Frankfurt_1,2016-10-02,0,,2016,10,2,6
Frankfurt_1,2016-10-03,1,German Unity Day,2016,10,3,0
Frankfurt_1,2016-10-04,0,,2016,10,4,1
Frankfurt_1,2016-10-05,0,,2016,10,5,2
Frankfurt_1,2016-10-06,0,,2016,10,6,3
Frankfurt_1,2016-10-07,0,,2016,10,7,4
Frankfurt_1,2016-10-08,0,,2016,10,8,5
Frankfurt_1,2016-10-09,0,,2016,10,9,6
Frankfurt_1,2016-10-10,0,,2016,10,10,0
Frankfurt_1,2016-10-11,0,,2016,10,11,1
Frankfurt_1,2016-10-12,0,,2016,10,12,2
Frankfurt_1,2016-10-13,0,,2016,10,13,3
Frankfurt_1,2016-10-14,0,,2016,10,14,4
Frankfurt_1,2016-10-15,0,,2016,10,15,5
Frankfurt_1,2016-10-16,0,,2016,10,16,6
Frankfurt_1,2016-10-17,0,,2016,10,17,0
Frankfurt_1,2016-10-18,0,,2016,10,18,1
Frankfurt_1,2016-10-19,0,,2016,10,19,2
Frankfurt_1,2016-10-20,0,,2016,10,20,3
Frankfurt_1,2016-10-21,0,,2016,10,21,4
Frankfurt_1,2016-10-22,0,,2016,10,22,5
Frankfurt_1,2016-10-23,0,,2016,10,23,6
Frankfurt_1,2016-10-24,0,,2016,10,24,0
Frankfurt_1,2016-10-25,0,,2016,10,25,1
Frankfurt_1,2016-10-26,0,,2016,10,26,2
Frankfurt_1,2016-10-27,0,,2016,10,27,3
Frankfurt_1,2016-10-28,0,,2016,10,28,4
Frankfurt_1,2016-10-29,0,,2016,10,29,5
Frankfurt_1,2016-10-30,0,,2016,10,30,6
Frankfurt_1,2016-10-31,1,Reformation Day,2016,10,31,0
Frankfurt_1,2016-11-01,0,,2016,11,1,1
Frankfurt_1,2016-11-02,0,,2016,11,2,2
Frankfurt_1,2016-11-03,0,,2016,11,3,3
Frankfurt_1,2016-11-04,0,,2016,11,4,4
Frankfurt_1,2016-11-05,0,,2016,11,5,5
Frankfurt_1,2016-11-06,0,,2016,11,6,6
Frankfurt_1,2016-11-07,0,,2016,11,7,0
Frankfurt_1,2016-11-08,0,,2016,11,8,1
Frankfurt_1,2016-11-09,0,,2016,11,9,2
Frankfurt_1,2016-11-10,0,,2016,11,10,3
Frankfurt_1,2016-11-11,0,,2016,11,11,4
Frankfurt_1,2016-11-12,0,,2016,11,12,5
Frankfurt_1,2016-11-13,0,,2016,11,13,6
Frankfurt_1,2016-11-14,0,,2016,11,14,0
Frankfurt_1,2016-11-15,0,,2016,11,15,1
Frankfurt_1,2016-11-16,0,,2016,11,16,2
Frankfurt_1,2016-11-17,0,,2016,11,17,3
Frankfurt_1,2016-11-18,0,,2016,11,18,4
Frankfurt_1,2016-11-19,0,,2016,11,19,5
Frankfurt_1,2016-11-20,0,,2016,11,20,6
Frankfurt_1,2016-11-21,0,,2016,11,21,0
Frankfurt_1,2016-11-22,0,,2016,11,22,1
Frankfurt_1,2016-11-23,0,,2016,11,23,2
Frankfurt_1,2016-11-24,0,,2016,11,24,3
Frankfurt_1,2016-11-25,0,,2016,11,25,4
Frankfurt_1,2016-11-26,0,,2016,11,26,5
Frankfurt_1,2016-11-27,0,,2016,11,27,6
Frankfurt_1,2016-11-28,0,,2016,11,28,0
Frankfurt_1,2016-11-29,0,,2016,11,29,1
Frankfurt_1,2016-11-30,0,,2016,11,30,2
Frankfurt_1,2016-12-01,0,,2016,12,1,3
Frankfurt_1,2016-12-02,0,,2016,12,2,4
Frankfurt_1,2016-12-03,0,,2016,12,3,5
Frankfurt_1,2016-12-04,0,,2016,12,4,6
Frankfurt_1,2016-12-05,0,,2016,12,5,0
Frankfurt_1,2016-12-06,0,,2016,12,6,1
Frankfurt_1,2016-12-07,0,,2016,12,7,2
Frankfurt_1,2016-12-08,0,,2016,12,8,3
Frankfurt_1,2016-12-09,0,,2016,12,9,4
Frankfurt_1,2016-12-10,0,,2016,12,10,5
Frankfurt_1,2016-12-11,0,,2016,12,11,6
Frankfurt_1,2016-12-12,0,,2016,12,12,0
Frankfurt_1,2016-12-13,0,,2016,12,13,1
Frankfurt_1,2016-12-14,0,,2016,12,14,2
Frankfurt_1,2016-12-15,0,,2016,12,15,3
Frankfurt_1,2016-12-16,0,,2016,12,16,4
Frankfurt_1,2016-12-17,0,,2016,12,17,5
Frankfurt_1,2016-12-18,0,,2016,12,18,6
Frankfurt_1,2016-12-19,0,,2016,12,19,0
Frankfurt_1,2016-12-20,0,,2016,12,20,1
Frankfurt_1,2016-12-21,0,,2016,12,21,2
Frankfurt_1,2016-12-22,0,,2016,12,22,3
Frankfurt_1,2016-12-23,0,,2016,12,23,4
Frankfurt_1,2016-12-24,1,Christmas Eve,2016,12,24,5
Frankfurt_1,2016-12-25,1,1st Christmas Day,2016,12,25,6
Frankfurt_1,2016-12-26,1,2nd Christmas Day,2016,12,26,0
Frankfurt_1,2016-12-27,0,,2016,12,27,1
Frankfurt_1,2016-12-28,0,,2016,12,28,2
Frankfurt_1,2016-12-29,0,,2016,12,29,3
Frankfurt_1,2016-12-30,0,,2016,12,30,4
Frankfurt_1,2016-12-31,0,,2016,12,31,5
Frankfurt_1,2017-01-01,1,New Years Day,2017,1,1,6
Frankfurt_1,2017-01-02,0,,2017,1,2,0
Frankfurt_1,2017-01-03,0,,2017,1,3,1
Frankfurt_1,2017-01-04,0,,2017,1,4,2
Frankfurt_1,2017-01-05,0,,2017,1,5,3
Frankfurt_1,2017-01-06,0,,2017,1,6,4
Frankfurt_1,2017-01-07,0,,2017,1,7,5
Frankfurt_1,2017-01-08,0,,2017,1,8,6
Frankfurt_1,2017-01-09,0,,2017,1,9,0
Frankfurt_1,2017-01-10,0,,2017,1,10,1
Frankfurt_1,2017-01-11,0,,2017,1,11,2
Frankfurt_1,2017-01-12,0,,2017,1,12,3
Frankfurt_1,2017-01-13,0,,2017,1,13,4
Frankfurt_1,2017-01-14,0,,2017,1,14,5
Frankfurt_1,2017-01-15,0,,2017,1,15,6
Frankfurt_1,2017-01-16,0,,2017,1,16,0
Frankfurt_1,2017-01-17,0,,2017,1,17,1
Frankfurt_1,2017-01-18,0,,2017,1,18,2
Frankfurt_1,2017-01-19,0,,2017,1,19,3
Frankfurt_1,2017-01-20,0,,2017,1,20,4
Frankfurt_1,2017-01-21,0,,2017,1,21,5
Frankfurt_1,2017-01-22,0,,2017,1,22,6
Frankfurt_1,2017-01-23,0,,2017,1,23,0
Frankfurt_1,2017-01-24,0,,2017,1,24,1
Frankfurt_1,2017-01-25,0,,2017,1,25,2
Frankfurt_1,2017-01-26,0,,2017,1,26,3
Frankfurt_1,2017-01-27,0,,2017,1,27,4
Frankfurt_1,2017-01-28,0,,2017,1,28,5
Frankfurt_1,2017-01-29,0,,2017,1,29,6
Frankfurt_1,2017-01-30,0,,2017,1,30,0
Frankfurt_1,2017-01-31,0,,2017,1,31,1
Frankfurt_1,2017-02-01,0,,2017,2,1,2
Frankfurt_1,2017-02-02,0,,2017,2,2,3
Frankfurt_1,2017-02-03,0,,2017,2,3,4
Frankfurt_1,2017-02-04,0,,2017,2,4,5
Frankfurt_1,2017-02-05,0,,2017,2,5,6
Frankfurt_1,2017-02-06,0,,2017,2,6,0
Frankfurt_1,2017-02-07,0,,2017,2,7,1
Frankfurt_1,2017-02-08,0,,2017,2,8,2
Frankfurt_1,2017-02-09,0,,2017,2,9,3
Frankfurt_1,2017-02-10,0,,2017,2,10,4
Frankfurt_1,2017-02-11,0,,2017,2,11,5
Frankfurt_1,2017-02-12,0,,2017,2,12,6
Frankfurt_1,2017-02-13,0,,2017,2,13,0
Frankfurt_1,2017-02-14,0,,2017,2,14,1
Frankfurt_1,2017-02-15,0,,2017,2,15,2
Frankfurt_1,2017-02-16,0,,2017,2,16,3
Frankfurt_1,2017-02-17,0,,2017,2,17,4
Frankfurt_1,2017-02-18,0,,2017,2,18,5
Frankfurt_1,2017-02-19,0,,2017,2,19,6
Frankfurt_1,2017-02-20,0,,2017,2,20,0
Frankfurt_1,2017-02-21,0,,2017,2,21,1
Frankfurt_1,2017-02-22,0,,2017,2,22,2
Frankfurt_1,2017-02-23,0,,2017,2,23,3
Frankfurt_1,2017-02-24,0,,2017,2,24,4
Frankfurt_1,2017-02-25,0,,2017,2,25,5
Frankfurt_1,2017-02-26,0,,2017,2,26,6
Frankfurt_1,2017-02-27,0,,2017,2,27,0
Frankfurt_1,2017-02-28,0,,2017,2,28,1
Frankfurt_1,2017-03-01,0,,2017,3,1,2
Frankfurt_1,2017-03-02,0,,2017,3,2,3
Frankfurt_1,2017-03-03,0,,2017,3,3,4
Frankfurt_1,2017-03-04,0,,2017,3,4,5
Frankfurt_1,2017-03-05,0,,2017,3,5,6
Frankfurt_1,2017-03-06,0,,2017,3,6,0
Frankfurt_1,2017-03-07,0,,2017,3,7,1
Frankfurt_1,2017-03-08,1,International womens day,2017,3,8,2
Frankfurt_1,2017-03-09,0,,2017,3,9,3
Frankfurt_1,2017-03-10,0,,2017,3,10,4
Frankfurt_1,2017-03-11,0,,2017,3,11,5
Frankfurt_1,2017-03-12,0,,2017,3,12,6
Frankfurt_1,2017-03-13,0,,2017,3,13,0
Frankfurt_1,2017-03-14,0,,2017,3,14,1
Frankfurt_1,2017-03-15,0,,2017,3,15,2
Frankfurt_1,2017-03-16,0,,2017,3,16,3
Frankfurt_1,2017-03-17,0,,2017,3,17,4
Frankfurt_1,2017-03-18,0,,2017,3,18,5
Frankfurt_1,2017-03-19,0,,2017,3,19,6
Frankfurt_1,2017-03-20,0,,2017,3,20,0
Frankfurt_1,2017-03-21,0,,2017,3,21,1
Frankfurt_1,2017-03-22,0,,2017,3,22,2
Frankfurt_1,2017-03-23,0,,2017,3,23,3
Frankfurt_1,2017-03-24,0,,2017,3,24,4
Frankfurt_1,2017-03-25,1,Good Friday,2017,3,25,5
Frankfurt_1,2017-03-26,1,Holy Saturday,2017,3,26,6
Frankfurt_1,2017-03-27,1,Easter Sunday,2017,3,27,0
Frankfurt_1,2017-03-28,1,Easter Monday,2017,3,28,1
Frankfurt_1,2017-03-29,0,,2017,3,29,2
Frankfurt_1,2017-03-30,0,,2017,3,30,3
Frankfurt_1,2017-03-31,0,,2017,3,31,4
Frankfurt_1,2017-04-01,0,,2017,4,1,5
Frankfurt_1,2017-04-02,0,,2017,4,2,6
Frankfurt_1,2017-04-03,0,,2017,4,3,0
Frankfurt_1,2017-04-04,0,,2017,4,4,1
Frankfurt_1,2017-04-05,0,,2017,4,5,2
Frankfurt_1,2017-04-06,0,,2017,4,6,3
Frankfurt_1,2017-04-07,0,,2017,4,7,4
Frankfurt_1,2017-04-08,0,,2017,4,8,5
Frankfurt_1,2017-04-09,0,,2017,4,9,6
Frankfurt_1,2017-04-10,0,,2017,4,10,0
Frankfurt_1,2017-04-11,0,,2017,4,11,1
Frankfurt_1,2017-04-12,0,,2017,4,12,2
Frankfurt_1,2017-04-13,0,,2017,4,13,3
Frankfurt_1,2017-04-14,1,Good Friday,2017,4,14,4
Frankfurt_1,2017-04-15,1,Holy Saturday,2017,4,15,5
Frankfurt_1,2017-04-16,1,Easter Sunday,2017,4,16,6
Frankfurt_1,2017-04-17,1,Easter Monday,2017,4,17,0
Frankfurt_1,2017-04-18,0,,2017,4,18,1
Frankfurt_1,2017-04-19,0,,2017,4,19,2
Frankfurt_1,2017-04-20,0,,2017,4,20,3
Frankfurt_1,2017-04-21,0,,2017,4,21,4
Frankfurt_1,2017-04-22,0,,2017,4,22,5
Frankfurt_1,2017-04-23,0,,2017,4,23,6
Frankfurt_1,2017-04-24,0,,2017,4,24,0
Frankfurt_1,2017-04-25,0,,2017,4,25,1
Frankfurt_1,2017-04-26,0,,2017,4,26,2
Frankfurt_1,2017-04-27,0,,2017,4,27,3
Frankfurt_1,2017-04-28,0,,2017,4,28,4
Frankfurt_1,2017-04-29,0,,2017,4,29,5
Frankfurt_1,2017-04-30,0,,2017,4,30,6
Frankfurt_1,2017-05-01,1,Labour Day,2017,5,1,0
Frankfurt_1,2017-05-02,0,,2017,5,2,1
Frankfurt_1,2017-05-03,0,,2017,5,3,2
Frankfurt_1,2017-05-04,0,,2017,5,4,3
Frankfurt_1,2017-05-05,1,Ascension day,2017,5,5,4
Frankfurt_1,2017-05-06,0,,2017,5,6,5
Frankfurt_1,2017-05-07,0,,2017,5,7,6
Frankfurt_1,2017-05-08,1,Mother's Day,2017,5,8,0
Frankfurt_1,2017-05-09,0,,2017,5,9,1
Frankfurt_1,2017-05-10,0,,2017,5,10,2
Frankfurt_1,2017-05-11,0,,2017,5,11,3
Frankfurt_1,2017-05-12,0,,2017,5,12,4
Frankfurt_1,2017-05-13,0,,2017,5,13,5
Frankfurt_1,2017-05-14,1,Mother's Day,2017,5,14,6
Frankfurt_1,2017-05-15,1,Whit sunday,2017,5,15,0
Frankfurt_1,2017-05-16,1,Whit monday,2017,5,16,1
Frankfurt_1,2017-05-17,0,,2017,5,17,2
Frankfurt_1,2017-05-18,0,,2017,5,18,3
Frankfurt_1,2017-05-19,0,,2017,5,19,4
Frankfurt_1,2017-05-20,0,,2017,5,20,5
Frankfurt_1,2017-05-21,0,,2017,5,21,6
Frankfurt_1,2017-05-22,0,,2017,5,22,0
Frankfurt_1,2017-05-23,0,,2017,5,23,1
Frankfurt_1,2017-05-24,0,,2017,5,24,2
Frankfurt_1,2017-05-25,1,Ascension day,2017,5,25,3
Frankfurt_1,2017-05-26,1,Corpus Christi,2017,5,26,4
Frankfurt_1,2017-05-27,0,,2017,5,27,5
Frankfurt_1,2017-05-28,0,,2017,5,28,6
Frankfurt_1,2017-05-29,0,,2017,5,29,0
Frankfurt_1,2017-05-30,0,,2017,5,30,1
Frankfurt_1,2017-05-31,0,,2017,5,31,2
Frankfurt_1,2017-06-01,0,,2017,6,1,3
Frankfurt_1,2017-06-02,0,,2017,6,2,4
Frankfurt_1,2017-06-03,0,,2017,6,3,5
Frankfurt_1,2017-06-04,1,Whit sunday,2017,6,4,6
Frankfurt_1,2017-06-05,1,Whit monday,2017,6,5,0
Frankfurt_1,2017-06-06,0,,2017,6,6,1
Frankfurt_1,2017-06-07,0,,2017,6,7,2
Frankfurt_1,2017-06-08,0,,2017,6,8,3
Frankfurt_1,2017-06-09,0,,2017,6,9,4
Frankfurt_1,2017-06-10,0,,2017,6,10,5
Frankfurt_1,2017-06-11,0,,2017,6,11,6
Frankfurt_1,2017-06-12,0,,2017,6,12,0
Frankfurt_1,2017-06-13,0,,2017,6,13,1
Frankfurt_1,2017-06-14,0,,2017,6,14,2
Frankfurt_1,2017-06-15,1,Corpus Christi,2017,6,15,3
Frankfurt_1,2017-06-16,0,,2017,6,16,4
Frankfurt_1,2017-06-17,0,,2017,6,17,5
Frankfurt_1,2017-06-18,0,,2017,6,18,6
Frankfurt_1,2017-06-19,0,,2017,6,19,0
Frankfurt_1,2017-06-20,0,,2017,6,20,1
Frankfurt_1,2017-06-21,0,,2017,6,21,2
Frankfurt_1,2017-06-22,0,,2017,6,22,3
Frankfurt_1,2017-06-23,0,,2017,6,23,4
Frankfurt_1,2017-06-24,0,,2017,6,24,5
Frankfurt_1,2017-06-25,0,,2017,6,25,6
Frankfurt_1,2017-06-26,0,,2017,6,26,0
Frankfurt_1,2017-06-27,0,,2017,6,27,1
Frankfurt_1,2017-06-28,0,,2017,6,28,2
Frankfurt_1,2017-06-29,0,,2017,6,29,3
Frankfurt_1,2017-06-30,0,,2017,6,30,4
Frankfurt_1,2017-07-01,0,,2017,7,1,5
Frankfurt_1,2017-07-02,0,,2017,7,2,6
Frankfurt_1,2017-07-03,0,,2017,7,3,0
Frankfurt_1,2017-07-04,0,,2017,7,4,1
Frankfurt_1,2017-07-05,0,,2017,7,5,2
Frankfurt_1,2017-07-06,0,,2017,7,6,3
Frankfurt_1,2017-07-07,0,,2017,7,7,4
Frankfurt_1,2017-07-08,0,,2017,7,8,5
Frankfurt_1,2017-07-09,0,,2017,7,9,6
Frankfurt_1,2017-07-10,0,,2017,7,10,0
Frankfurt_1,2017-07-11,0,,2017,7,11,1
Frankfurt_1,2017-07-12,0,,2017,7,12,2
Frankfurt_1,2017-07-13,0,,2017,7,13,3
Frankfurt_1,2017-07-14,0,,2017,7,14,4
Frankfurt_1,2017-07-15,0,,2017,7,15,5
Frankfurt_1,2017-07-16,0,,2017,7,16,6
Frankfurt_1,2017-07-17,0,,2017,7,17,0
Frankfurt_1,2017-07-18,0,,2017,7,18,1
Frankfurt_1,2017-07-19,0,,2017,7,19,2
Frankfurt_1,2017-07-20,0,,2017,7,20,3
Frankfurt_1,2017-07-21,0,,2017,7,21,4
Frankfurt_1,2017-07-22,0,,2017,7,22,5
Frankfurt_1,2017-07-23,0,,2017,7,23,6
Frankfurt_1,2017-07-24,0,,2017,7,24,0
Frankfurt_1,2017-07-25,0,,2017,7,25,1
Frankfurt_1,2017-07-26,0,,2017,7,26,2
Frankfurt_1,2017-07-27,0,,2017,7,27,3
Frankfurt_1,2017-07-28,0,,2017,7,28,4
Frankfurt_1,2017-07-29,0,,2017,7,29,5
Frankfurt_1,2017-07-30,0,,2017,7,30,6
Frankfurt_1,2017-07-31,0,,2017,7,31,0
Frankfurt_1,2017-08-01,0,,2017,8,1,1
Frankfurt_1,2017-08-02,0,,2017,8,2,2
Frankfurt_1,2017-08-03,0,,2017,8,3,3
Frankfurt_1,2017-08-04,0,,2017,8,4,4
Frankfurt_1,2017-08-05,0,,2017,8,5,5
Frankfurt_1,2017-08-06,0,,2017,8,6,6
Frankfurt_1,2017-08-07,0,,2017,8,7,0
Frankfurt_1,2017-08-08,0,,2017,8,8,1
Frankfurt_1,2017-08-09,0,,2017,8,9,2
Frankfurt_1,2017-08-10,0,,2017,8,10,3
Frankfurt_1,2017-08-11,0,,2017,8,11,4
Frankfurt_1,2017-08-12,0,,2017,8,12,5
Frankfurt_1,2017-08-13,0,,2017,8,13,6
Frankfurt_1,2017-08-14,0,,2017,8,14,0
Frankfurt_1,2017-08-15,0,,2017,8,15,1
Frankfurt_1,2017-08-16,0,,2017,8,16,2
Frankfurt_1,2017-08-17,0,,2017,8,17,3
Frankfurt_1,2017-08-18,0,,2017,8,18,4
Frankfurt_1,2017-08-19,0,,2017,8,19,5
Frankfurt_1,2017-08-20,0,,2017,8,20,6
Frankfurt_1,2017-08-21,0,,2017,8,21,0
Frankfurt_1,2017-08-22,0,,2017,8,22,1
Frankfurt_1,2017-08-23,0,,2017,8,23,2
Frankfurt_1,2017-08-24,0,,2017,8,24,3
Frankfurt_1,2017-08-25,0,,2017,8,25,4
Frankfurt_1,2017-08-26,0,,2017,8,26,5
Frankfurt_1,2017-08-27,0,,2017,8,27,6
Frankfurt_1,2017-08-28,0,,2017,8,28,0
Frankfurt_1,2017-08-29,0,,2017,8,29,1
Frankfurt_1,2017-08-30,0,,2017,8,30,2
Frankfurt_1,2017-08-31,0,,2017,8,31,3
Frankfurt_1,2017-09-01,0,,2017,9,1,4
Frankfurt_1,2017-09-02,0,,2017,9,2,5
Frankfurt_1,2017-09-03,0,,2017,9,3,6
Frankfurt_1,2017-09-04,0,,2017,9,4,0
Frankfurt_1,2017-09-05,0,,2017,9,5,1
Frankfurt_1,2017-09-06,0,,2017,9,6,2
Frankfurt_1,2017-09-07,0,,2017,9,7,3
Frankfurt_1,2017-09-08,0,,2017,9,8,4
Frankfurt_1,2017-09-09,0,,2017,9,9,5
Frankfurt_1,2017-09-10,0,,2017,9,10,6
Frankfurt_1,2017-09-11,0,,2017,9,11,0
Frankfurt_1,2017-09-12,0,,2017,9,12,1
Frankfurt_1,2017-09-13,0,,2017,9,13,2
Frankfurt_1,2017-09-14,0,,2017,9,14,3
Frankfurt_1,2017-09-15,0,,2017,9,15,4
Frankfurt_1,2017-09-16,0,,2017,9,16,5
Frankfurt_1,2017-09-17,0,,2017,9,17,6
Frankfurt_1,2017-09-18,0,,2017,9,18,0
Frankfurt_1,2017-09-19,0,,2017,9,19,1
Frankfurt_1,2017-09-20,0,,2017,9,20,2
Frankfurt_1,2017-09-21,0,,2017,9,21,3
Frankfurt_1,2017-09-22,0,,2017,9,22,4
Frankfurt_1,2017-09-23,0,,2017,9,23,5
Frankfurt_1,2017-09-24,0,,2017,9,24,6
Frankfurt_1,2017-09-25,0,,2017,9,25,0
Frankfurt_1,2017-09-26,0,,2017,9,26,1
Frankfurt_1,2017-09-27,0,,2017,9,27,2
Frankfurt_1,2017-09-28,0,,2017,9,28,3
Frankfurt_1,2017-09-29,0,,2017,9,29,4
Frankfurt_1,2017-09-30,0,,2017,9,30,5
Frankfurt_1,2017-10-01,0,,2017,10,1,6
Frankfurt_1,2017-10-02,0,,2017,10,2,0
Frankfurt_1,2017-10-03,1,German Unity Day,2017,10,3,1
Frankfurt_1,2017-10-04,0,,2017,10,4,2
Frankfurt_1,2017-10-05,0,,2017,10,5,3
Frankfurt_1,2017-10-06,0,,2017,10,6,4
Frankfurt_1,2017-10-07,0,,2017,10,7,5
Frankfurt_1,2017-10-08,0,,2017,10,8,6
Frankfurt_1,2017-10-09,0,,2017,10,9,0
Frankfurt_1,2017-10-10,0,,2017,10,10,1
Frankfurt_1,2017-10-11,0,,2017,10,11,2
Frankfurt_1,2017-10-12,0,,2017,10,12,3
Frankfurt_1,2017-10-13,0,,2017,10,13,4
Frankfurt_1,2017-10-14,0,,2017,10,14,5
Frankfurt_1,2017-10-15,0,,2017,10,15,6
Frankfurt_1,2017-10-16,0,,2017,10,16,0
Frankfurt_1,2017-10-17,0,,2017,10,17,1
Frankfurt_1,2017-10-18,0,,2017,10,18,2
Frankfurt_1,2017-10-19,0,,2017,10,19,3
Frankfurt_1,2017-10-20,0,,2017,10,20,4
Frankfurt_1,2017-10-21,0,,2017,10,21,5
Frankfurt_1,2017-10-22,0,,2017,10,22,6
Frankfurt_1,2017-10-23,0,,2017,10,23,0
Frankfurt_1,2017-10-24,0,,2017,10,24,1
Frankfurt_1,2017-10-25,0,,2017,10,25,2
Frankfurt_1,2017-10-26,0,,2017,10,26,3
Frankfurt_1,2017-10-27,0,,2017,10,27,4
Frankfurt_1,2017-10-28,0,,2017,10,28,5
Frankfurt_1,2017-10-29,0,,2017,10,29,6
Frankfurt_1,2017-10-30,0,,2017,10,30,0
Frankfurt_1,2017-10-31,1,Reformation Day,2017,10,31,1
Frankfurt_1,2017-11-01,0,,2017,11,1,2
Frankfurt_1,2017-11-02,0,,2017,11,2,3
Frankfurt_1,2017-11-03,0,,2017,11,3,4
Frankfurt_1,2017-11-04,0,,2017,11,4,5
Frankfurt_1,2017-11-05,0,,2017,11,5,6
Frankfurt_1,2017-11-06,0,,2017,11,6,0
Frankfurt_1,2017-11-07,0,,2017,11,7,1
Frankfurt_1,2017-11-08,0,,2017,11,8,2
Frankfurt_1,2017-11-09,0,,2017,11,9,3
Frankfurt_1,2017-11-10,0,,2017,11,10,4
Frankfurt_1,2017-11-11,0,,2017,11,11,5
Frankfurt_1,2017-11-12,0,,2017,11,12,6
Frankfurt_1,2017-11-13,0,,2017,11,13,0
Frankfurt_1,2017-11-14,0,,2017,11,14,1
Frankfurt_1,2017-11-15,0,,2017,11,15,2
Frankfurt_1,2017-11-16,0,,2017,11,16,3
Frankfurt_1,2017-11-17,0,,2017,11,17,4
Frankfurt_1,2017-11-18,0,,2017,11,18,5
Frankfurt_1,2017-11-19,0,,2017,11,19,6
Frankfurt_1,2017-11-20,0,,2017,11,20,0
Frankfurt_1,2017-11-21,0,,2017,11,21,1
Frankfurt_1,2017-11-22,0,,2017,11,22,2
Frankfurt_1,2017-11-23,0,,2017,11,23,3
Frankfurt_1,2017-11-24,0,,2017,11,24,4
Frankfurt_1,2017-11-25,0,,2017,11,25,5
Frankfurt_1,2017-11-26,0,,2017,11,26,6
Frankfurt_1,2017-11-27,0,,2017,11,27,0
Frankfurt_1,2017-11-28,0,,2017,11,28,1
Frankfurt_1,2017-11-29,0,,2017,11,29,2
Frankfurt_1,2017-11-30,0,,2017,11,30,3
Frankfurt_1,2017-12-01,0,,2017,12,1,4
Frankfurt_1,2017-12-02,0,,2017,12,2,5
Frankfurt_1,2017-12-03,0,,2017,12,3,6
Frankfurt_1,2017-12-04,0,,2017,12,4,0
Frankfurt_1,2017-12-05,0,,2017,12,5,1
Frankfurt_1,2017-12-06,0,,2017,12,6,2
Frankfurt_1,2017-12-07,0,,2017,12,7,3
Frankfurt_1,2017-12-08,0,,2017,12,8,4
Frankfurt_1,2017-12-09,0,,2017,12,9,5
Frankfurt_1,2017-12-10,0,,2017,12,10,6
Frankfurt_1,2017-12-11,0,,2017,12,11,0
Frankfurt_1,2017-12-12,0,,2017,12,12,1
Frankfurt_1,2017-12-13,0,,2017,12,13,2
Frankfurt_1,2017-12-14,0,,2017,12,14,3
Frankfurt_1,2017-12-15,0,,2017,12,15,4
Frankfurt_1,2017-12-16,0,,2017,12,16,5
Frankfurt_1,2017-12-17,0,,2017,12,17,6
Frankfurt_1,2017-12-18,0,,2017,12,18,0
Frankfurt_1,2017-12-19,0,,2017,12,19,1
Frankfurt_1,2017-12-20,0,,2017,12,20,2
Frankfurt_1,2017-12-21,0,,2017,12,21,3
Frankfurt_1,2017-12-22,0,,2017,12,22,4
Frankfurt_1,2017-12-23,0,,2017,12,23,5
Frankfurt_1,2017-12-24,1,Christmas Eve,2017,12,24,6
Frankfurt_1,2017-12-25,1,1st Christmas Day,2017,12,25,0
Frankfurt_1,2017-12-26,1,2nd Christmas Day,2017,12,26,1
Frankfurt_1,2017-12-27,0,,2017,12,27,2
Frankfurt_1,2017-12-28,0,,2017,12,28,3
Frankfurt_1,2017-12-29,0,,2017,12,29,4
Frankfurt_1,2017-12-30,0,,2017,12,30,5
Frankfurt_1,2017-12-31,0,,2017,12,31,6
Frankfurt_1,2018-01-01,1,New Years Day,2018,1,1,0
Frankfurt_1,2018-01-02,0,,2018,1,2,1
Frankfurt_1,2018-01-03,0,,2018,1,3,2
Frankfurt_1,2018-01-04,0,,2018,1,4,3
Frankfurt_1,2018-01-05,0,,2018,1,5,4
Frankfurt_1,2018-01-06,0,,2018,1,6,5
Frankfurt_1,2018-01-07,0,,2018,1,7,6
Frankfurt_1,2018-01-08,0,,2018,1,8,0
Frankfurt_1,2018-01-09,0,,2018,1,9,1
Frankfurt_1,2018-01-10,0,,2018,1,10,2
Frankfurt_1,2018-01-11,0,,2018,1,11,3
Frankfurt_1,2018-01-12,0,,2018,1,12,4
Frankfurt_1,2018-01-13,0,,2018,1,13,5
Frankfurt_1,2018-01-14,0,,2018,1,14,6
Frankfurt_1,2018-01-15,0,,2018,1,15,0
Frankfurt_1,2018-01-16,0,,2018,1,16,1
Frankfurt_1,2018-01-17,0,,2018,1,17,2
Frankfurt_1,2018-01-18,0,,2018,1,18,3
Frankfurt_1,2018-01-19,0,,2018,1,19,4
Frankfurt_1,2018-01-20,0,,2018,1,20,5
Frankfurt_1,2018-01-21,0,,2018,1,21,6
Frankfurt_1,2018-01-22,0,,2018,1,22,0
Frankfurt_1,2018-01-23,0,,2018,1,23,1
Frankfurt_1,2018-01-24,0,,2018,1,24,2
Frankfurt_1,2018-01-25,0,,2018,1,25,3
Frankfurt_1,2018-01-26,0,,2018,1,26,4
Frankfurt_1,2018-01-27,0,,2018,1,27,5
Frankfurt_1,2018-01-28,0,,2018,1,28,6
Frankfurt_1,2018-01-29,0,,2018,1,29,0
Frankfurt_1,2018-01-30,0,,2018,1,30,1
Frankfurt_1,2018-01-31,0,,2018,1,31,2
Frankfurt_1,2018-02-01,0,,2018,2,1,3
Frankfurt_1,2018-02-02,0,,2018,2,2,4
Frankfurt_1,2018-02-03,0,,2018,2,3,5
Frankfurt_1,2018-02-04,0,,2018,2,4,6
Frankfurt_1,2018-02-05,0,,2018,2,5,0
Frankfurt_1,2018-02-06,0,,2018,2,6,1
Frankfurt_1,2018-02-07,0,,2018,2,7,2
Frankfurt_1,2018-02-08,0,,2018,2,8,3
Frankfurt_1,2018-02-09,0,,2018,2,9,4
Frankfurt_1,2018-02-10,0,,2018,2,10,5
Frankfurt_1,2018-02-11,0,,2018,2,11,6
Frankfurt_1,2018-02-12,0,,2018,2,12,0
Frankfurt_1,2018-02-13,0,,2018,2,13,1
Frankfurt_1,2018-02-14,0,,2018,2,14,2
Frankfurt_1,2018-02-15,0,,2018,2,15,3
Frankfurt_1,2018-02-16,0,,2018,2,16,4
Frankfurt_1,2018-02-17,0,,2018,2,17,5
Frankfurt_1,2018-02-18,0,,2018,2,18,6
Frankfurt_1,2018-02-19,0,,2018,2,19,0
Frankfurt_1,2018-02-20,0,,2018,2,20,1
Frankfurt_1,2018-02-21,0,,2018,2,21,2
Frankfurt_1,2018-02-22,0,,2018,2,22,3
Frankfurt_1,2018-02-23,0,,2018,2,23,4
Frankfurt_1,2018-02-24,0,,2018,2,24,5
Frankfurt_1,2018-02-25,0,,2018,2,25,6
Frankfurt_1,2018-02-26,0,,2018,2,26,0
Frankfurt_1,2018-02-27,0,,2018,2,27,1
Frankfurt_1,2018-02-28,0,,2018,2,28,2
Frankfurt_1,2018-03-01,0,,2018,3,1,3
Frankfurt_1,2018-03-02,0,,2018,3,2,4
Frankfurt_1,2018-03-03,0,,2018,3,3,5
Frankfurt_1,2018-03-04,0,,2018,3,4,6
Frankfurt_1,2018-03-05,0,,2018,3,5,0
Frankfurt_1,2018-03-06,0,,2018,3,6,1
Frankfurt_1,2018-03-07,0,,2018,3,7,2
Frankfurt_1,2018-03-08,1,International womens day,2018,3,8,3
Frankfurt_1,2018-03-09,0,,2018,3,9,4
Frankfurt_1,2018-03-10,0,,2018,3,10,5
Frankfurt_1,2018-03-11,0,,2018,3,11,6
Frankfurt_1,2018-03-12,0,,2018,3,12,0
Frankfurt_1,2018-03-13,0,,2018,3,13,1
Frankfurt_1,2018-03-14,0,,2018,3,14,2
Frankfurt_1,2018-03-15,0,,2018,3,15,3
Frankfurt_1,2018-03-16,0,,2018,3,16,4
Frankfurt_1,2018-03-17,0,,2018,3,17,5
Frankfurt_1,2018-03-18,0,,2018,3,18,6
Frankfurt_1,2018-03-19,0,,2018,3,19,0
Frankfurt_1,2018-03-20,0,,2018,3,20,1
Frankfurt_1,2018-03-21,0,,2018,3,21,2
Frankfurt_1,2018-03-22,0,,2018,3,22,3
Frankfurt_1,2018-03-23,0,,2018,3,23,4
Frankfurt_1,2018-03-24,0,,2018,3,24,5
Frankfurt_1,2018-03-25,0,,2018,3,25,6
Frankfurt_1,2018-03-26,0,,2018,3,26,0
Frankfurt_1,2018-03-27,0,,2018,3,27,1
Frankfurt_1,2018-03-28,0,,2018,3,28,2
Frankfurt_1,2018-03-29,0,,2018,3,29,3
Frankfurt_1,2018-03-30,1,Good Friday,2018,3,30,4
Frankfurt_1,2018-03-31,1,Holy Saturday,2018,3,31,5
Frankfurt_1,2018-04-01,1,Easter Sunday,2018,4,1,6
Frankfurt_1,2018-04-02,1,Easter Monday,2018,4,2,0
Frankfurt_1,2018-04-03,0,,2018,4,3,1
Frankfurt_1,2018-04-04,0,,2018,4,4,2
Frankfurt_1,2018-04-05,0,,2018,4,5,3
Frankfurt_1,2018-04-06,0,,2018,4,6,4
Frankfurt_1,2018-04-07,0,,2018,4,7,5
Frankfurt_1,2018-04-08,0,,2018,4,8,6
Frankfurt_1,2018-04-09,0,,2018,4,9,0
Frankfurt_1,2018-04-10,0,,2018,4,10,1
Frankfurt_1,2018-04-11,0,,2018,4,11,2
Frankfurt_1,2018-04-12,0,,2018,4,12,3
Frankfurt_1,2018-04-13,0,,2018,4,13,4
Frankfurt_1,2018-04-14,1,Good Friday,2018,4,14,5
Frankfurt_1,2018-04-15,1,Holy Saturday,2018,4,15,6
Frankfurt_1,2018-04-16,1,Easter Sunday,2018,4,16,0
Frankfurt_1,2018-04-17,1,Easter Monday,2018,4,17,1
Frankfurt_1,2018-04-18,0,,2018,4,18,2
Frankfurt_1,2018-04-19,0,,2018,4,19,3
Frankfurt_1,2018-04-20,0,,2018,4,20,4
Frankfurt_1,2018-04-21,0,,2018,4,21,5
Frankfurt_1,2018-04-22,0,,2018,4,22,6
Frankfurt_1,2018-04-23,0,,2018,4,23,0
Frankfurt_1,2018-04-24,0,,2018,4,24,1
Frankfurt_1,2018-04-25,0,,2018,4,25,2
Frankfurt_1,2018-04-26,0,,2018,4,26,3
Frankfurt_1,2018-04-27,0,,2018,4,27,4
Frankfurt_1,2018-04-28,0,,2018,4,28,5
Frankfurt_1,2018-04-29,0,,2018,4,29,6
Frankfurt_1,2018-04-30,0,,2018,4,30,0
Frankfurt_1,2018-05-01,1,Labour Day,2018,5,1,1
Frankfurt_1,2018-05-02,0,,2018,5,2,2
Frankfurt_1,2018-05-03,0,,2018,5,3,3
Frankfurt_1,2018-05-04,0,,2018,5,4,4
Frankfurt_1,2018-05-05,0,,2018,5,5,5
Frankfurt_1,2018-05-06,0,,2018,5,6,6
Frankfurt_1,2018-05-07,0,,2018,5,7,0
Frankfurt_1,2018-05-08,0,,2018,5,8,1
Frankfurt_1,2018-05-09,0,,2018,5,9,2
Frankfurt_1,2018-05-10,1,Ascension day,2018,5,10,3
Frankfurt_1,2018-05-11,0,,2018,5,11,4
Frankfurt_1,2018-05-12,0,,2018,5,12,5
Frankfurt_1,2018-05-13,1,Mother's Day,2018,5,13,6
Frankfurt_1,2018-05-14,1,Mother's Day,2018,5,14,0
Frankfurt_1,2018-05-15,0,,2018,5,15,1
Frankfurt_1,2018-05-16,0,,2018,5,16,2
Frankfurt_1,2018-05-17,0,,2018,5,17,3
Frankfurt_1,2018-05-18,0,,2018,5,18,4
Frankfurt_1,2018-05-19,0,,2018,5,19,5
Frankfurt_1,2018-05-20,1,Whit sunday,2018,5,20,6
Frankfurt_1,2018-05-21,1,Whit monday,2018,5,21,0
Frankfurt_1,2018-05-22,0,,2018,5,22,1
Frankfurt_1,2018-05-23,0,,2018,5,23,2
Frankfurt_1,2018-05-24,0,,2018,5,24,3
Frankfurt_1,2018-05-25,1,Ascension day,2018,5,25,4
Frankfurt_1,2018-05-26,0,,2018,5,26,5
Frankfurt_1,2018-05-27,0,,2018,5,27,6
Frankfurt_1,2018-05-28,0,,2018,5,28,0
Frankfurt_1,2018-05-29,0,,2018,5,29,1
Frankfurt_1,2018-05-30,0,,2018,5,30,2
Frankfurt_1,2018-05-31,1,Corpus Christi,2018,5,31,3
Frankfurt_1,2018-06-01,0,,2018,6,1,4
Frankfurt_1,2018-06-02,0,,2018,6,2,5
Frankfurt_1,2018-06-03,0,,2018,6,3,6
Frankfurt_1,2018-06-04,1,Whit sunday,2018,6,4,0
Frankfurt_1,2018-06-05,1,Whit monday,2018,6,5,1
Frankfurt_1,2018-06-06,0,,2018,6,6,2
Frankfurt_1,2018-06-07,0,,2018,6,7,3
Frankfurt_1,2018-06-08,0,,2018,6,8,4
Frankfurt_1,2018-06-09,0,,2018,6,9,5
Frankfurt_1,2018-06-10,0,,2018,6,10,6
Frankfurt_1,2018-06-11,0,,2018,6,11,0
Frankfurt_1,2018-06-12,0,,2018,6,12,1
Frankfurt_1,2018-06-13,0,,2018,6,13,2
Frankfurt_1,2018-06-14,0,,2018,6,14,3
Frankfurt_1,2018-06-15,1,Corpus Christi,2018,6,15,4
Frankfurt_1,2018-06-16,0,,2018,6,16,5
Frankfurt_1,2018-06-17,0,,2018,6,17,6
Frankfurt_1,2018-06-18,0,,2018,6,18,0
Frankfurt_1,2018-06-19,0,,2018,6,19,1
Frankfurt_1,2018-06-20,0,,2018,6,20,2
Frankfurt_1,2018-06-21,0,,2018,6,21,3
Frankfurt_1,2018-06-22,0,,2018,6,22,4
Frankfurt_1,2018-06-23,0,,2018,6,23,5
Frankfurt_1,2018-06-24,0,,2018,6,24,6
Frankfurt_1,2018-06-25,0,,2018,6,25,0
Frankfurt_1,2018-06-26,0,,2018,6,26,1
Frankfurt_1,2018-06-27,0,,2018,6,27,2
Frankfurt_1,2018-06-28,0,,2018,6,28,3
Frankfurt_1,2018-06-29,0,,2018,6,29,4
Frankfurt_1,2018-06-30,0,,2018,6,30,5
Frankfurt_1,2018-07-01,0,,2018,7,1,6
Frankfurt_1,2018-07-02,0,,2018,7,2,0
Frankfurt_1,2018-07-03,0,,2018,7,3,1
Frankfurt_1,2018-07-04,0,,2018,7,4,2
Frankfurt_1,2018-07-05,0,,2018,7,5,3
Frankfurt_1,2018-07-06,0,,2018,7,6,4
Frankfurt_1,2018-07-07,0,,2018,7,7,5
Frankfurt_1,2018-07-08,0,,2018,7,8,6
Frankfurt_1,2018-07-09,0,,2018,7,9,0
Frankfurt_1,2018-07-10,0,,2018,7,10,1
Frankfurt_1,2018-07-11,0,,2018,7,11,2
Frankfurt_1,2018-07-12,0,,2018,7,12,3
Frankfurt_1,2018-07-13,0,,2018,7,13,4
Frankfurt_1,2018-07-14,0,,2018,7,14,5
Frankfurt_1,2018-07-15,0,,2018,7,15,6
Frankfurt_1,2018-07-16,0,,2018,7,16,0
Frankfurt_1,2018-07-17,0,,2018,7,17,1
Frankfurt_1,2018-07-18,0,,2018,7,18,2
Frankfurt_1,2018-07-19,0,,2018,7,19,3
Frankfurt_1,2018-07-20,0,,2018,7,20,4
Frankfurt_1,2018-07-21,0,,2018,7,21,5
Frankfurt_1,2018-07-22,0,,2018,7,22,6
Frankfurt_1,2018-07-23,0,,2018,7,23,0
Frankfurt_1,2018-07-24,0,,2018,7,24,1
Frankfurt_1,2018-07-25,0,,2018,7,25,2
Frankfurt_1,2018-07-26,0,,2018,7,26,3
Frankfurt_1,2018-07-27,0,,2018,7,27,4
Frankfurt_1,2018-07-28,0,,2018,7,28,5
Frankfurt_1,2018-07-29,0,,2018,7,29,6
Frankfurt_1,2018-07-30,0,,2018,7,30,0
Frankfurt_1,2018-07-31,0,,2018,7,31,1
Frankfurt_1,2018-08-01,0,,2018,8,1,2
Frankfurt_1,2018-08-02,0,,2018,8,2,3
Frankfurt_1,2018-08-03,0,,2018,8,3,4
Frankfurt_1,2018-08-04,0,,2018,8,4,5
Frankfurt_1,2018-08-05,0,,2018,8,5,6
Frankfurt_1,2018-08-06,0,,2018,8,6,0
Frankfurt_1,2018-08-07,0,,2018,8,7,1
Frankfurt_1,2018-08-08,0,,2018,8,8,2
Frankfurt_1,2018-08-09,0,,2018,8,9,3
Frankfurt_1,2018-08-10,0,,2018,8,10,4
Frankfurt_1,2018-08-11,0,,2018,8,11,5
Frankfurt_1,2018-08-12,0,,2018,8,12,6
Frankfurt_1,2018-08-13,0,,2018,8,13,0
Frankfurt_1,2018-08-14,0,,2018,8,14,1
Frankfurt_1,2018-08-15,0,,2018,8,15,2
Frankfurt_1,2018-08-16,0,,2018,8,16,3
Frankfurt_1,2018-08-17,0,,2018,8,17,4
Frankfurt_1,2018-08-18,0,,2018,8,18,5
Frankfurt_1,2018-08-19,0,,2018,8,19,6
Frankfurt_1,2018-08-20,0,,2018,8,20,0
Frankfurt_1,2018-08-21,0,,2018,8,21,1
Frankfurt_1,2018-08-22,0,,2018,8,22,2
Frankfurt_1,2018-08-23,0,,2018,8,23,3
Frankfurt_1,2018-08-24,0,,2018,8,24,4
Frankfurt_1,2018-08-25,0,,2018,8,25,5
Frankfurt_1,2018-08-26,0,,2018,8,26,6
Frankfurt_1,2018-08-27,0,,2018,8,27,0
Frankfurt_1,2018-08-28,0,,2018,8,28,1
Frankfurt_1,2018-08-29,0,,2018,8,29,2
Frankfurt_1,2018-08-30,0,,2018,8,30,3
Frankfurt_1,2018-08-31,0,,2018,8,31,4
Frankfurt_1,2018-09-01,0,,2018,9,1,5
Frankfurt_1,2018-09-02,0,,2018,9,2,6
Frankfurt_1,2018-09-03,0,,2018,9,3,0
Frankfurt_1,2018-09-04,0,,2018,9,4,1
Frankfurt_1,2018-09-05,0,,2018,9,5,2
Frankfurt_1,2018-09-06,0,,2018,9,6,3
Frankfurt_1,2018-09-07,0,,2018,9,7,4
Frankfurt_1,2018-09-08,0,,2018,9,8,5
Frankfurt_1,2018-09-09,0,,2018,9,9,6
Frankfurt_1,2018-09-10,0,,2018,9,10,0
Frankfurt_1,2018-09-11,0,,2018,9,11,1
Frankfurt_1,2018-09-12,0,,2018,9,12,2
Frankfurt_1,2018-09-13,0,,2018,9,13,3
Frankfurt_1,2018-09-14,0,,2018,9,14,4
Frankfurt_1,2018-09-15,0,,2018,9,15,5
Frankfurt_1,2018-09-16,0,,2018,9,16,6
Frankfurt_1,2018-09-17,0,,2018,9,17,0
Frankfurt_1,2018-09-18,0,,2018,9,18,1
Frankfurt_1,2018-09-19,0,,2018,9,19,2
Frankfurt_1,2018-09-20,0,,2018,9,20,3
Frankfurt_1,2018-09-21,0,,2018,9,21,4
Frankfurt_1,2018-09-22,0,,2018,9,22,5
Frankfurt_1,2018-09-23,0,,2018,9,23,6
Frankfurt_1,2018-09-24,0,,2018,9,24,0
Frankfurt_1,2018-09-25,0,,2018,9,25,1
Frankfurt_1,2018-09-26,0,,2018,9,26,2
Frankfurt_1,2018-09-27,0,,2018,9,27,3
Frankfurt_1,2018-09-28,0,,2018,9,28,4
Frankfurt_1,2018-09-29,0,,2018,9,29,5
Frankfurt_1,2018-09-30,0,,2018,9,30,6
Frankfurt_1,2018-10-01,0,,2018,10,1,0
Frankfurt_1,2018-10-02,0,,2018,10,2,1
Frankfurt_1,2018-10-03,1,German Unity Day,2018,10,3,2
Frankfurt_1,2018-10-04,0,,2018,10,4,3
Frankfurt_1,2018-10-05,0,,2018,10,5,4
Frankfurt_1,2018-10-06,0,,2018,10,6,5
Frankfurt_1,2018-10-07,0,,2018,10,7,6
Frankfurt_1,2018-10-08,0,,2018,10,8,0
Frankfurt_1,2018-10-09,0,,2018,10,9,1
Frankfurt_1,2018-10-10,0,,2018,10,10,2
Frankfurt_1,2018-10-11,0,,2018,10,11,3
Frankfurt_1,2018-10-12,0,,2018,10,12,4
Frankfurt_1,2018-10-13,0,,2018,10,13,5
Frankfurt_1,2018-10-14,0,,2018,10,14,6
Frankfurt_1,2018-10-15,0,,2018,10,15,0
Frankfurt_1,2018-10-16,0,,2018,10,16,1
Frankfurt_1,2018-10-17,0,,2018,10,17,2
Frankfurt_1,2018-10-18,0,,2018,10,18,3
Frankfurt_1,2018-10-19,0,,2018,10,19,4
Frankfurt_1,2018-10-20,0,,2018,10,20,5
Frankfurt_1,2018-10-21,0,,2018,10,21,6
Frankfurt_1,2018-10-22,0,,2018,10,22,0
Frankfurt_1,2018-10-23,0,,2018,10,23,1
Frankfurt_1,2018-10-24,0,,2018,10,24,2
Frankfurt_1,2018-10-25,0,,2018,10,25,3
Frankfurt_1,2018-10-26,0,,2018,10,26,4
Frankfurt_1,2018-10-27,0,,2018,10,27,5
Frankfurt_1,2018-10-28,0,,2018,10,28,6
Frankfurt_1,2018-10-29,0,,2018,10,29,0
Frankfurt_1,2018-10-30,0,,2018,10,30,1
Frankfurt_1,2018-10-31,1,Reformation Day,2018,10,31,2
Frankfurt_1,2018-11-01,0,,2018,11,1,3
Frankfurt_1,2018-11-02,0,,2018,11,2,4
Frankfurt_1,2018-11-03,0,,2018,11,3,5
Frankfurt_1,2018-11-04,0,,2018,11,4,6
Frankfurt_1,2018-11-05,0,,2018,11,5,0
Frankfurt_1,2018-11-06,0,,2018,11,6,1
Frankfurt_1,2018-11-07,0,,2018,11,7,2
Frankfurt_1,2018-11-08,0,,2018,11,8,3
Frankfurt_1,2018-11-09,0,,2018,11,9,4
Frankfurt_1,2018-11-10,0,,2018,11,10,5
Frankfurt_1,2018-11-11,0,,2018,11,11,6
Frankfurt_1,2018-11-12,0,,2018,11,12,0
Frankfurt_1,2018-11-13,0,,2018,11,13,1
Frankfurt_1,2018-11-14,0,,2018,11,14,2
Frankfurt_1,2018-11-15,0,,2018,11,15,3
Frankfurt_1,2018-11-16,0,,2018,11,16,4
Frankfurt_1,2018-11-17,0,,2018,11,17,5
Frankfurt_1,2018-11-18,0,,2018,11,18,6
Frankfurt_1,2018-11-19,0,,2018,11,19,0
Frankfurt_1,2018-11-20,0,,2018,11,20,1
Frankfurt_1,2018-11-21,0,,2018,11,21,2
Frankfurt_1,2018-11-22,0,,2018,11,22,3
Frankfurt_1,2018-11-23,0,,2018,11,23,4
Frankfurt_1,2018-11-24,0,,2018,11,24,5
Frankfurt_1,2018-11-25,0,,2018,11,25,6
Frankfurt_1,2018-11-26,0,,2018,11,26,0
Frankfurt_1,2018-11-27,0,,2018,11,27,1
Frankfurt_1,2018-11-28,0,,2018,11,28,2
Frankfurt_1,2018-11-29,0,,2018,11,29,3
Frankfurt_1,2018-11-30,0,,2018,11,30,4
Frankfurt_1,2018-12-01,0,,2018,12,1,5
Frankfurt_1,2018-12-02,0,,2018,12,2,6
Frankfurt_1,2018-12-03,0,,2018,12,3,0
Frankfurt_1,2018-12-04,0,,2018,12,4,1
Frankfurt_1,2018-12-05,0,,2018,12,5,2
Frankfurt_1,2018-12-06,0,,2018,12,6,3
Frankfurt_1,2018-12-07,0,,2018,12,7,4
Frankfurt_1,2018-12-08,0,,2018,12,8,5
Frankfurt_1,2018-12-09,0,,2018,12,9,6
Frankfurt_1,2018-12-10,0,,2018,12,10,0
Frankfurt_1,2018-12-11,0,,2018,12,11,1
Frankfurt_1,2018-12-12,0,,2018,12,12,2
Frankfurt_1,2018-12-13,0,,2018,12,13,3
Frankfurt_1,2018-12-14,0,,2018,12,14,4
Frankfurt_1,2018-12-15,0,,2018,12,15,5
Frankfurt_1,2018-12-16,0,,2018,12,16,6
Frankfurt_1,2018-12-17,0,,2018,12,17,0
Frankfurt_1,2018-12-18,0,,2018,12,18,1
Frankfurt_1,2018-12-19,0,,2018,12,19,2
Frankfurt_1,2018-12-20,0,,2018,12,20,3
Frankfurt_1,2018-12-21,0,,2018,12,21,4
Frankfurt_1,2018-12-22,0,,2018,12,22,5
Frankfurt_1,2018-12-23,0,,2018,12,23,6
Frankfurt_1,2018-12-24,1,Christmas Eve,2018,12,24,0
Frankfurt_1,2018-12-25,1,1st Christmas Day,2018,12,25,1
Frankfurt_1,2018-12-26,1,2nd Christmas Day,2018,12,26,2
Frankfurt_1,2018-12-27,0,,2018,12,27,3
Frankfurt_1,2018-12-28,0,,2018,12,28,4
Frankfurt_1,2018-12-29,0,,2018,12,29,5
Frankfurt_1,2018-12-30,0,,2018,12,30,6
Frankfurt_1,2018-12-31,0,,2018,12,31,0
Frankfurt_1,2019-01-01,1,New Years Day,2019,1,1,1
Frankfurt_1,2019-01-02,0,,2019,1,2,2
Frankfurt_1,2019-01-03,0,,2019,1,3,3
Frankfurt_1,2019-01-04,0,,2019,1,4,4
Frankfurt_1,2019-01-05,0,,2019,1,5,5
Frankfurt_1,2019-01-06,0,,2019,1,6,6
Frankfurt_1,2019-01-07,0,,2019,1,7,0
Frankfurt_1,2019-01-08,0,,2019,1,8,1
Frankfurt_1,2019-01-09,0,,2019,1,9,2
Frankfurt_1,2019-01-10,0,,2019,1,10,3
Frankfurt_1,2019-01-11,0,,2019,1,11,4
Frankfurt_1,2019-01-12,0,,2019,1,12,5
Frankfurt_1,2019-01-13,0,,2019,1,13,6
Frankfurt_1,2019-01-14,0,,2019,1,14,0
Frankfurt_1,2019-01-15,0,,2019,1,15,1
Frankfurt_1,2019-01-16,0,,2019,1,16,2
Frankfurt_1,2019-01-17,0,,2019,1,17,3
Frankfurt_1,2019-01-18,0,,2019,1,18,4
Frankfurt_1,2019-01-19,0,,2019,1,19,5
Frankfurt_1,2019-01-20,0,,2019,1,20,6
Frankfurt_1,2019-01-21,0,,2019,1,21,0
Frankfurt_1,2019-01-22,0,,2019,1,22,1
Frankfurt_1,2019-01-23,0,,2019,1,23,2
Frankfurt_1,2019-01-24,0,,2019,1,24,3
Frankfurt_1,2019-01-25,0,,2019,1,25,4
Frankfurt_1,2019-01-26,0,,2019,1,26,5
Frankfurt_1,2019-01-27,0,,2019,1,27,6
Frankfurt_1,2019-01-28,0,,2019,1,28,0
Frankfurt_1,2019-01-29,0,,2019,1,29,1
Frankfurt_1,2019-01-30,0,,2019,1,30,2
Frankfurt_1,2019-01-31,0,,2019,1,31,3
Frankfurt_1,2019-02-01,0,,2019,2,1,4
Frankfurt_1,2019-02-02,0,,2019,2,2,5
Frankfurt_1,2019-02-03,0,,2019,2,3,6
Frankfurt_1,2019-02-04,0,,2019,2,4,0
Frankfurt_1,2019-02-05,0,,2019,2,5,1
Frankfurt_1,2019-02-06,0,,2019,2,6,2
Frankfurt_1,2019-02-07,0,,2019,2,7,3
Frankfurt_1,2019-02-08,0,,2019,2,8,4
Frankfurt_1,2019-02-09,0,,2019,2,9,5
Frankfurt_1,2019-02-10,0,,2019,2,10,6
Frankfurt_1,2019-02-11,0,,2019,2,11,0
Frankfurt_1,2019-02-12,0,,2019,2,12,1
Frankfurt_1,2019-02-13,0,,2019,2,13,2
Frankfurt_1,2019-02-14,0,,2019,2,14,3
Frankfurt_1,2019-02-15,0,,2019,2,15,4
Frankfurt_1,2019-02-16,0,,2019,2,16,5
Frankfurt_1,2019-02-17,0,,2019,2,17,6
Frankfurt_1,2019-02-18,0,,2019,2,18,0
Frankfurt_1,2019-02-19,0,,2019,2,19,1
Frankfurt_1,2019-02-20,0,,2019,2,20,2
Frankfurt_1,2019-02-21,0,,2019,2,21,3
Frankfurt_1,2019-02-22,0,,2019,2,22,4
Frankfurt_1,2019-02-23,0,,2019,2,23,5
Frankfurt_1,2019-02-24,0,,2019,2,24,6
Frankfurt_1,2019-02-25,0,,2019,2,25,0
Frankfurt_1,2019-02-26,0,,2019,2,26,1
Frankfurt_1,2019-02-27,0,,2019,2,27,2
Frankfurt_1,2019-02-28,0,,2019,2,28,3
Frankfurt_1,2019-03-01,0,,2019,3,1,4
Frankfurt_1,2019-03-02,0,,2019,3,2,5
Frankfurt_1,2019-03-03,0,,2019,3,3,6
Frankfurt_1,2019-03-04,0,,2019,3,4,0
Frankfurt_1,2019-03-05,0,,2019,3,5,1
Frankfurt_1,2019-03-06,0,,2019,3,6,2
Frankfurt_1,2019-03-07,0,,2019,3,7,3
Frankfurt_1,2019-03-08,1,International womens day,2019,3,8,4
Frankfurt_1,2019-03-09,0,,2019,3,9,5
Frankfurt_1,2019-03-10,0,,2019,3,10,6
Frankfurt_1,2019-03-11,0,,2019,3,11,0
Frankfurt_1,2019-03-12,0,,2019,3,12,1
Frankfurt_1,2019-03-13,0,,2019,3,13,2
Frankfurt_1,2019-03-14,0,,2019,3,14,3
Frankfurt_1,2019-03-15,0,,2019,3,15,4
Frankfurt_1,2019-03-16,0,,2019,3,16,5
Frankfurt_1,2019-03-17,0,,2019,3,17,6
Frankfurt_1,2019-03-18,0,,2019,3,18,0
Frankfurt_1,2019-03-19,0,,2019,3,19,1
Frankfurt_1,2019-03-20,0,,2019,3,20,2
Frankfurt_1,2019-03-21,0,,2019,3,21,3
Frankfurt_1,2019-03-22,0,,2019,3,22,4
Frankfurt_1,2019-03-23,0,,2019,3,23,5
Frankfurt_1,2019-03-24,0,,2019,3,24,6
Frankfurt_1,2019-03-25,0,,2019,3,25,0
Frankfurt_1,2019-03-26,0,,2019,3,26,1
Frankfurt_1,2019-03-27,0,,2019,3,27,2
Frankfurt_1,2019-03-28,0,,2019,3,28,3
Frankfurt_1,2019-03-29,0,,2019,3,29,4
Frankfurt_1,2019-03-30,1,Good Friday,2019,3,30,5
Frankfurt_1,2019-03-31,1,Holy Saturday,2019,3,31,6
Frankfurt_1,2019-04-01,1,Easter Sunday,2019,4,1,0
Frankfurt_1,2019-04-02,1,Easter Monday,2019,4,2,1
Frankfurt_1,2019-04-03,0,,2019,4,3,2
Frankfurt_1,2019-04-04,0,,2019,4,4,3
Frankfurt_1,2019-04-05,0,,2019,4,5,4
Frankfurt_1,2019-04-06,0,,2019,4,6,5
Frankfurt_1,2019-04-07,0,,2019,4,7,6
Frankfurt_1,2019-04-08,0,,2019,4,8,0
Frankfurt_1,2019-04-09,0,,2019,4,9,1
Frankfurt_1,2019-04-10,0,,2019,4,10,2
Frankfurt_1,2019-04-11,0,,2019,4,11,3
Frankfurt_1,2019-04-12,0,,2019,4,12,4
Frankfurt_1,2019-04-13,0,,2019,4,13,5
Frankfurt_1,2019-04-14,0,,2019,4,14,6
Frankfurt_1,2019-04-15,0,,2019,4,15,0
Frankfurt_1,2019-04-16,0,,2019,4,16,1
Frankfurt_1,2019-04-17,0,,2019,4,17,2
Frankfurt_1,2019-04-18,0,,2019,4,18,3
Frankfurt_1,2019-04-19,1,Good Friday,2019,4,19,4
Frankfurt_1,2019-04-20,1,Good Friday,2019,4,20,5
Frankfurt_1,2019-04-21,1,Easter Sunday,2019,4,21,6
Frankfurt_1,2019-04-22,1,Easter Monday,2019,4,22,0
Frankfurt_1,2019-04-23,0,,2019,4,23,1
Frankfurt_1,2019-04-24,0,,2019,4,24,2
Frankfurt_1,2019-04-25,0,,2019,4,25,3
Frankfurt_1,2019-04-26,0,,2019,4,26,4
Frankfurt_1,2019-04-27,0,,2019,4,27,5
Frankfurt_1,2019-04-28,0,,2019,4,28,6
Frankfurt_1,2019-04-29,0,,2019,4,29,0
Frankfurt_1,2019-04-30,0,,2019,4,30,1
Frankfurt_1,2019-05-01,1,Labour Day,2019,5,1,2
Frankfurt_1,2019-05-02,0,,2019,5,2,3
Frankfurt_1,2019-05-03,0,,2019,5,3,4
Frankfurt_1,2019-05-04,0,,2019,5,4,5
Frankfurt_1,2019-05-05,0,,2019,5,5,6
Frankfurt_1,2019-05-06,0,,2019,5,6,0
Frankfurt_1,2019-05-07,0,,2019,5,7,1
Frankfurt_1,2019-05-08,0,,2019,5,8,2
Frankfurt_1,2019-05-09,0,,2019,5,9,3
Frankfurt_1,2019-05-10,1,Ascension day,2019,5,10,4
Frankfurt_1,2019-05-11,0,,2019,5,11,5
Frankfurt_1,2019-05-12,1,Mother's Day,2019,5,12,6
Frankfurt_1,2019-05-13,1,Mother's Day,2019,5,13,0
Frankfurt_1,2019-05-14,0,,2019,5,14,1
Frankfurt_1,2019-05-15,0,,2019,5,15,2
Frankfurt_1,2019-05-16,0,,2019,5,16,3
Frankfurt_1,2019-05-17,0,,2019,5,17,4
Frankfurt_1,2019-05-18,0,,2019,5,18,5
Frankfurt_1,2019-05-19,0,,2019,5,19,6
Frankfurt_1,2019-05-20,1,Whit sunday,2019,5,20,0
Frankfurt_1,2019-05-21,1,Whit monday,2019,5,21,1
Frankfurt_1,2019-05-22,0,,2019,5,22,2
Frankfurt_1,2019-05-23,0,,2019,5,23,3
Frankfurt_1,2019-05-24,0,,2019,5,24,4
Frankfurt_1,2019-05-25,0,,2019,5,25,5
Frankfurt_1,2019-05-26,0,,2019,5,26,6
Frankfurt_1,2019-05-27,0,,2019,5,27,0
Frankfurt_1,2019-05-28,0,,2019,5,28,1
Frankfurt_1,2019-05-29,0,,2019,5,29,2
Frankfurt_1,2019-05-30,1,Ascension day,2019,5,30,3
Frankfurt_1,2019-05-31,1,Corpus Christi,2019,5,31,4
Frankfurt_1,2019-06-01,0,,2019,6,1,5
Frankfurt_1,2019-06-02,0,,2019,6,2,6
Frankfurt_1,2019-06-03,0,,2019,6,3,0
Frankfurt_1,2019-06-04,0,,2019,6,4,1
Frankfurt_1,2019-06-05,0,,2019,6,5,2
Frankfurt_1,2019-06-06,0,,2019,6,6,3
Frankfurt_1,2019-06-07,0,,2019,6,7,4
Frankfurt_1,2019-06-08,0,,2019,6,8,5
Frankfurt_1,2019-06-09,1,Whit sunday,2019,6,9,6
Frankfurt_1,2019-06-10,1,Whit monday,2019,6,10,0
Frankfurt_1,2019-06-11,0,,2019,6,11,1
Frankfurt_1,2019-06-12,0,,2019,6,12,2
Frankfurt_1,2019-06-13,0,,2019,6,13,3
Frankfurt_1,2019-06-14,0,,2019,6,14,4
Frankfurt_1,2019-06-15,0,,2019,6,15,5
Frankfurt_1,2019-06-16,0,,2019,6,16,6
Frankfurt_1,2019-06-17,0,,2019,6,17,0
Frankfurt_1,2019-06-18,0,,2019,6,18,1
Frankfurt_1,2019-06-19,0,,2019,6,19,2
Frankfurt_1,2019-06-20,1,Corpus Christi,2019,6,20,3
Frankfurt_1,2019-06-21,0,,2019,6,21,4
Frankfurt_1,2019-06-22,0,,2019,6,22,5
Frankfurt_1,2019-06-23,0,,2019,6,23,6
Frankfurt_1,2019-06-24,0,,2019,6,24,0
Frankfurt_1,2019-06-25,0,,2019,6,25,1
Frankfurt_1,2019-06-26,0,,2019,6,26,2
Frankfurt_1,2019-06-27,0,,2019,6,27,3
Frankfurt_1,2019-06-28,0,,2019,6,28,4
Frankfurt_1,2019-06-29,0,,2019,6,29,5
Frankfurt_1,2019-06-30,0,,2019,6,30,6
Frankfurt_1,2019-07-01,0,,2019,7,1,0
Frankfurt_1,2019-07-02,0,,2019,7,2,1
Frankfurt_1,2019-07-03,0,,2019,7,3,2
Frankfurt_1,2019-07-04,0,,2019,7,4,3
Frankfurt_1,2019-07-05,0,,2019,7,5,4
Frankfurt_1,2019-07-06,0,,2019,7,6,5
Frankfurt_1,2019-07-07,0,,2019,7,7,6
Frankfurt_1,2019-07-08,0,,2019,7,8,0
Frankfurt_1,2019-07-09,0,,2019,7,9,1
Frankfurt_1,2019-07-10,0,,2019,7,10,2
Frankfurt_1,2019-07-11,0,,2019,7,11,3
Frankfurt_1,2019-07-12,0,,2019,7,12,4
Frankfurt_1,2019-07-13,0,,2019,7,13,5
Frankfurt_1,2019-07-14,0,,2019,7,14,6
Frankfurt_1,2019-07-15,0,,2019,7,15,0
Frankfurt_1,2019-07-16,0,,2019,7,16,1
Frankfurt_1,2019-07-17,0,,2019,7,17,2
Frankfurt_1,2019-07-18,0,,2019,7,18,3
Frankfurt_1,2019-07-19,0,,2019,7,19,4
Frankfurt_1,2019-07-20,0,,2019,7,20,5
Frankfurt_1,2019-07-21,0,,2019,7,21,6
Frankfurt_1,2019-07-22,0,,2019,7,22,0
Frankfurt_1,2019-07-23,0,,2019,7,23,1
Frankfurt_1,2019-07-24,0,,2019,7,24,2
Frankfurt_1,2019-07-25,0,,2019,7,25,3
Frankfurt_1,2019-07-26,0,,2019,7,26,4
Frankfurt_1,2019-07-27,0,,2019,7,27,5
Frankfurt_1,2019-07-28,0,,2019,7,28,6
Frankfurt_1,2019-07-29,0,,2019,7,29,0
Frankfurt_1,2019-07-30,0,,2019,7,30,1
Frankfurt_1,2019-07-31,0,,2019,7,31,2
Frankfurt_1,2019-08-01,0,,2019,8,1,3
Frankfurt_1,2019-08-02,0,,2019,8,2,4
Frankfurt_1,2019-08-03,0,,2019,8,3,5
Frankfurt_1,2019-08-04,0,,2019,8,4,6
Frankfurt_1,2019-08-05,0,,2019,8,5,0
Frankfurt_1,2019-08-06,0,,2019,8,6,1
Frankfurt_1,2019-08-07,0,,2019,8,7,2
Frankfurt_1,2019-08-08,0,,2019,8,8,3
Frankfurt_1,2019-08-09,0,,2019,8,9,4
Frankfurt_1,2019-08-10,0,,2019,8,10,5
Frankfurt_1,2019-08-11,0,,2019,8,11,6
Frankfurt_1,2019-08-12,0,,2019,8,12,0
Frankfurt_1,2019-08-13,0,,2019,8,13,1
Frankfurt_1,2019-08-14,0,,2019,8,14,2
Frankfurt_1,2019-08-15,0,,2019,8,15,3
Frankfurt_1,2019-08-16,0,,2019,8,16,4
Frankfurt_1,2019-08-17,0,,2019,8,17,5
Frankfurt_1,2019-08-18,0,,2019,8,18,6
Frankfurt_1,2019-08-19,0,,2019,8,19,0
Frankfurt_1,2019-08-20,0,,2019,8,20,1
Frankfurt_1,2019-08-21,0,,2019,8,21,2
Frankfurt_1,2019-08-22,0,,2019,8,22,3
Frankfurt_1,2019-08-23,0,,2019,8,23,4
Frankfurt_1,2019-08-24,0,,2019,8,24,5
Frankfurt_1,2019-08-25,0,,2019,8,25,6
Frankfurt_1,2019-08-26,0,,2019,8,26,0
Frankfurt_1,2019-08-27,0,,2019,8,27,1
Frankfurt_1,2019-08-28,0,,2019,8,28,2
Frankfurt_1,2019-08-29,0,,2019,8,29,3
Frankfurt_1,2019-08-30,0,,2019,8,30,4
Frankfurt_1,2019-08-31,0,,2019,8,31,5
Frankfurt_1,2019-09-01,0,,2019,9,1,6
Frankfurt_1,2019-09-02,0,,2019,9,2,0
Frankfurt_1,2019-09-03,0,,2019,9,3,1
Frankfurt_1,2019-09-04,0,,2019,9,4,2
Frankfurt_1,2019-09-05,0,,2019,9,5,3
Frankfurt_1,2019-09-06,0,,2019,9,6,4
Frankfurt_1,2019-09-07,0,,2019,9,7,5
Frankfurt_1,2019-09-08,0,,2019,9,8,6
Frankfurt_1,2019-09-09,0,,2019,9,9,0
Frankfurt_1,2019-09-10,0,,2019,9,10,1
Frankfurt_1,2019-09-11,0,,2019,9,11,2
Frankfurt_1,2019-09-12,0,,2019,9,12,3
Frankfurt_1,2019-09-13,0,,2019,9,13,4
Frankfurt_1,2019-09-14,0,,2019,9,14,5
Frankfurt_1,2019-09-15,0,,2019,9,15,6
Frankfurt_1,2019-09-16,0,,2019,9,16,0
Frankfurt_1,2019-09-17,0,,2019,9,17,1
Frankfurt_1,2019-09-18,0,,2019,9,18,2
Frankfurt_1,2019-09-19,0,,2019,9,19,3
Frankfurt_1,2019-09-20,0,,2019,9,20,4
Frankfurt_1,2019-09-21,0,,2019,9,21,5
Frankfurt_1,2019-09-22,0,,2019,9,22,6
Frankfurt_1,2019-09-23,0,,2019,9,23,0
Frankfurt_1,2019-09-24,0,,2019,9,24,1
Frankfurt_1,2019-09-25,0,,2019,9,25,2
Frankfurt_1,2019-09-26,0,,2019,9,26,3
Frankfurt_1,2019-09-27,0,,2019,9,27,4
Frankfurt_1,2019-09-28,0,,2019,9,28,5
Frankfurt_1,2019-09-29,0,,2019,9,29,6
Frankfurt_1,2019-09-30,0,,2019,9,30,0
Frankfurt_1,2019-10-01,0,,2019,10,1,1
Frankfurt_1,2019-10-02,0,,2019,10,2,2
Frankfurt_1,2019-10-03,1,German Unity Day,2019,10,3,3
Frankfurt_1,2019-10-04,0,,2019,10,4,4
Frankfurt_1,2019-10-05,0,,2019,10,5,5
Frankfurt_1,2019-10-06,0,,2019,10,6,6
Frankfurt_1,2019-10-07,0,,2019,10,7,0
Frankfurt_1,2019-10-08,0,,2019,10,8,1
Frankfurt_1,2019-10-09,0,,2019,10,9,2
Frankfurt_1,2019-10-10,0,,2019,10,10,3
Frankfurt_1,2019-10-11,0,,2019,10,11,4
Frankfurt_1,2019-10-12,0,,2019,10,12,5
Frankfurt_1,2019-10-13,0,,2019,10,13,6
Frankfurt_1,2019-10-14,0,,2019,10,14,0
Frankfurt_1,2019-10-15,0,,2019,10,15,1
Frankfurt_1,2019-10-16,0,,2019,10,16,2
Frankfurt_1,2019-10-17,0,,2019,10,17,3
Frankfurt_1,2019-10-18,0,,2019,10,18,4
Frankfurt_1,2019-10-19,0,,2019,10,19,5
Frankfurt_1,2019-10-20,0,,2019,10,20,6
Frankfurt_1,2019-10-21,0,,2019,10,21,0
Frankfurt_1,2019-10-22,0,,2019,10,22,1
Frankfurt_1,2019-10-23,0,,2019,10,23,2
Frankfurt_1,2019-10-24,0,,2019,10,24,3
Frankfurt_1,2019-10-25,0,,2019,10,25,4
Frankfurt_1,2019-10-26,0,,2019,10,26,5
Frankfurt_1,2019-10-27,0,,2019,10,27,6
Frankfurt_1,2019-10-28,0,,2019,10,28,0
Frankfurt_1,2019-10-29,0,,2019,10,29,1
Frankfurt_1,2019-10-30,0,,2019,10,30,2
Frankfurt_1,2019-10-31,1,Reformation Day,2019,10,31,3
Frankfurt_1,2019-11-01,0,,2019,11,1,4
Frankfurt_1,2019-11-02,0,,2019,11,2,5
Frankfurt_1,2019-11-03,0,,2019,11,3,6
Frankfurt_1,2019-11-04,0,,2019,11,4,0
Frankfurt_1,2019-11-05,0,,2019,11,5,1
Frankfurt_1,2019-11-06,0,,2019,11,6,2
Frankfurt_1,2019-11-07,0,,2019,11,7,3
Frankfurt_1,2019-11-08,0,,2019,11,8,4
Frankfurt_1,2019-11-09,0,,2019,11,9,5
Frankfurt_1,2019-11-10,0,,2019,11,10,6
Frankfurt_1,2019-11-11,0,,2019,11,11,0
Frankfurt_1,2019-11-12,0,,2019,11,12,1
Frankfurt_1,2019-11-13,0,,2019,11,13,2
Frankfurt_1,2019-11-14,0,,2019,11,14,3
Frankfurt_1,2019-11-15,0,,2019,11,15,4
Frankfurt_1,2019-11-16,0,,2019,11,16,5
Frankfurt_1,2019-11-17,0,,2019,11,17,6
Frankfurt_1,2019-11-18,0,,2019,11,18,0
Frankfurt_1,2019-11-19,0,,2019,11,19,1
Frankfurt_1,2019-11-20,0,,2019,11,20,2
Frankfurt_1,2019-11-21,0,,2019,11,21,3
Frankfurt_1,2019-11-22,0,,2019,11,22,4
Frankfurt_1,2019-11-23,0,,2019,11,23,5
Frankfurt_1,2019-11-24,0,,2019,11,24,6
Frankfurt_1,2019-11-25,0,,2019,11,25,0
Frankfurt_1,2019-11-26,0,,2019,11,26,1
Frankfurt_1,2019-11-27,0,,2019,11,27,2
Frankfurt_1,2019-11-28,0,,2019,11,28,3
Frankfurt_1,2019-11-29,0,,2019,11,29,4
Frankfurt_1,2019-11-30,0,,2019,11,30,5
Frankfurt_1,2019-12-01,0,,2019,12,1,6
Frankfurt_1,2019-12-02,0,,2019,12,2,0
Frankfurt_1,2019-12-03,0,,2019,12,3,1
Frankfurt_1,2019-12-04,0,,2019,12,4,2
Frankfurt_1,2019-12-05,0,,2019,12,5,3
Frankfurt_1,2019-12-06,0,,2019,12,6,4
Frankfurt_1,2019-12-07,0,,2019,12,7,5
Frankfurt_1,2019-12-08,0,,2019,12,8,6
Frankfurt_1,2019-12-09,0,,2019,12,9,0
Frankfurt_1,2019-12-10,0,,2019,12,10,1
Frankfurt_1,2019-12-11,0,,2019,12,11,2
Frankfurt_1,2019-12-12,0,,2019,12,12,3
Frankfurt_1,2019-12-13,0,,2019,12,13,4
Frankfurt_1,2019-12-14,0,,2019,12,14,5
Frankfurt_1,2019-12-15,0,,2019,12,15,6
Frankfurt_1,2019-12-16,0,,2019,12,16,0
Frankfurt_1,2019-12-17,0,,2019,12,17,1
Frankfurt_1,2019-12-18,0,,2019,12,18,2
Frankfurt_1,2019-12-19,0,,2019,12,19,3
Frankfurt_1,2019-12-20,0,,2019,12,20,4
Frankfurt_1,2019-12-21,0,,2019,12,21,5
Frankfurt_1,2019-12-22,0,,2019,12,22,6
Frankfurt_1,2019-12-23,0,,2019,12,23,0
Frankfurt_1,2019-12-24,1,Christmas Eve,2019,12,24,1
Frankfurt_1,2019-12-25,1,1st Christmas Day,2019,12,25,2
Frankfurt_1,2019-12-26,1,2nd Christmas Day,2019,12,26,3
Frankfurt_1,2019-12-27,0,,2019,12,27,4
Frankfurt_1,2019-12-28,0,,2019,12,28,5
Frankfurt_1,2019-12-29,0,,2019,12,29,6
Frankfurt_1,2019-12-30,0,,2019,12,30,0
Frankfurt_1,2019-12-31,0,,2019,12,31,1
Frankfurt_1,2020-01-01,1,New Years Day,2020,1,1,2
Frankfurt_1,2020-01-02,0,,2020,1,2,3
Frankfurt_1,2020-01-03,0,,2020,1,3,4
Frankfurt_1,2020-01-04,0,,2020,1,4,5
Frankfurt_1,2020-01-05,0,,2020,1,5,6
Frankfurt_1,2020-01-06,0,,2020,1,6,0
Frankfurt_1,2020-01-07,0,,2020,1,7,1
Frankfurt_1,2020-01-08,0,,2020,1,8,2
Frankfurt_1,2020-01-09,0,,2020,1,9,3
Frankfurt_1,2020-01-10,0,,2020,1,10,4
Frankfurt_1,2020-01-11,0,,2020,1,11,5
Frankfurt_1,2020-01-12,0,,2020,1,12,6
Frankfurt_1,2020-01-13,0,,2020,1,13,0
Frankfurt_1,2020-01-14,0,,2020,1,14,1
Frankfurt_1,2020-01-15,0,,2020,1,15,2
Frankfurt_1,2020-01-16,0,,2020,1,16,3
Frankfurt_1,2020-01-17,0,,2020,1,17,4
Frankfurt_1,2020-01-18,0,,2020,1,18,5
Frankfurt_1,2020-01-19,0,,2020,1,19,6
Frankfurt_1,2020-01-20,0,,2020,1,20,0
Frankfurt_1,2020-01-21,0,,2020,1,21,1
Frankfurt_1,2020-01-22,0,,2020,1,22,2
Frankfurt_1,2020-01-23,0,,2020,1,23,3
Frankfurt_1,2020-01-24,0,,2020,1,24,4
Frankfurt_1,2020-01-25,0,,2020,1,25,5
Frankfurt_1,2020-01-26,0,,2020,1,26,6
Frankfurt_1,2020-01-27,0,,2020,1,27,0
Frankfurt_1,2020-01-28,0,,2020,1,28,1
Frankfurt_1,2020-01-29,0,,2020,1,29,2
Frankfurt_1,2020-01-30,0,,2020,1,30,3
Frankfurt_1,2020-01-31,0,,2020,1,31,4
Frankfurt_1,2020-02-01,0,,2020,2,1,5
Frankfurt_1,2020-02-02,0,,2020,2,2,6
Frankfurt_1,2020-02-03,0,,2020,2,3,0
Frankfurt_1,2020-02-04,0,,2020,2,4,1
Frankfurt_1,2020-02-05,0,,2020,2,5,2
Frankfurt_1,2020-02-06,0,,2020,2,6,3
Frankfurt_1,2020-02-07,0,,2020,2,7,4
Frankfurt_1,2020-02-08,0,,2020,2,8,5
Frankfurt_1,2020-02-09,0,,2020,2,9,6
Frankfurt_1,2020-02-10,0,,2020,2,10,0
Frankfurt_1,2020-02-11,0,,2020,2,11,1
Frankfurt_1,2020-02-12,0,,2020,2,12,2
Frankfurt_1,2020-02-13,0,,2020,2,13,3
Frankfurt_1,2020-02-14,0,,2020,2,14,4
Frankfurt_1,2020-02-15,0,,2020,2,15,5
Frankfurt_1,2020-02-16,0,,2020,2,16,6
Frankfurt_1,2020-02-17,0,,2020,2,17,0
Frankfurt_1,2020-02-18,0,,2020,2,18,1
Frankfurt_1,2020-02-19,0,,2020,2,19,2
Frankfurt_1,2020-02-20,0,,2020,2,20,3
Frankfurt_1,2020-02-21,0,,2020,2,21,4
Frankfurt_1,2020-02-22,0,,2020,2,22,5
Frankfurt_1,2020-02-23,0,,2020,2,23,6
Frankfurt_1,2020-02-24,0,,2020,2,24,0
Frankfurt_1,2020-02-25,0,,2020,2,25,1
Frankfurt_1,2020-02-26,0,,2020,2,26,2
Frankfurt_1,2020-02-27,0,,2020,2,27,3
Frankfurt_1,2020-02-28,0,,2020,2,28,4
Frankfurt_1,2020-02-29,0,,2020,2,29,5
Frankfurt_1,2020-03-01,0,,2020,3,1,6
Frankfurt_1,2020-03-02,0,,2020,3,2,0
Frankfurt_1,2020-03-03,0,,2020,3,3,1
Frankfurt_1,2020-03-04,0,,2020,3,4,2
Frankfurt_1,2020-03-05,0,,2020,3,5,3
Frankfurt_1,2020-03-06,0,,2020,3,6,4
Frankfurt_1,2020-03-07,0,,2020,3,7,5
Frankfurt_1,2020-03-08,1,International womens day,2020,3,8,6
Frankfurt_1,2020-03-09,0,,2020,3,9,0
Frankfurt_1,2020-03-10,0,,2020,3,10,1
Frankfurt_1,2020-03-11,0,,2020,3,11,2
Frankfurt_1,2020-03-12,0,,2020,3,12,3
Frankfurt_1,2020-03-13,0,,2020,3,13,4
Frankfurt_1,2020-03-14,0,,2020,3,14,5
Frankfurt_1,2020-03-15,0,,2020,3,15,6
Frankfurt_1,2020-03-16,0,,2020,3,16,0
Frankfurt_1,2020-03-17,0,,2020,3,17,1
Frankfurt_1,2020-03-18,0,,2020,3,18,2
Frankfurt_1,2020-03-19,0,,2020,3,19,3
Frankfurt_1,2020-03-20,0,,2020,3,20,4
Frankfurt_1,2020-03-21,0,,2020,3,21,5
Frankfurt_1,2020-03-22,0,,2020,3,22,6
Frankfurt_1,2020-03-23,0,,2020,3,23,0
Frankfurt_1,2020-03-24,0,,2020,3,24,1
Frankfurt_1,2020-03-25,0,,2020,3,25,2
Frankfurt_1,2020-03-26,0,,2020,3,26,3
Frankfurt_1,2020-03-27,0,,2020,3,27,4
Frankfurt_1,2020-03-28,0,,2020,3,28,5
Frankfurt_1,2020-03-29,0,,2020,3,29,6
Frankfurt_1,2020-03-30,0,,2020,3,30,0
Frankfurt_1,2020-03-31,0,,2020,3,31,1
Frankfurt_1,2020-04-01,0,,2020,4,1,2
Frankfurt_1,2020-04-02,0,,2020,4,2,3
Frankfurt_1,2020-04-03,0,,2020,4,3,4
Frankfurt_1,2020-04-04,0,,2020,4,4,5
Frankfurt_1,2020-04-05,0,,2020,4,5,6
Frankfurt_1,2020-04-06,0,,2020,4,6,0
Frankfurt_1,2020-04-07,0,,2020,4,7,1
Frankfurt_1,2020-04-08,0,,2020,4,8,2
Frankfurt_1,2020-04-09,0,,2020,4,9,3
Frankfurt_1,2020-04-10,1,Good Friday,2020,4,10,4
Frankfurt_1,2020-04-11,1,Good Friday,2020,4,11,5
Frankfurt_1,2020-04-12,1,Easter Sunday,2020,4,12,6
Frankfurt_1,2020-04-13,1,Easter Monday,2020,4,13,0
Frankfurt_1,2020-04-14,0,,2020,4,14,1
Frankfurt_1,2020-04-15,0,,2020,4,15,2
Frankfurt_1,2020-04-16,0,,2020,4,16,3
Frankfurt_1,2020-04-17,0,,2020,4,17,4
Frankfurt_1,2020-04-18,0,,2020,4,18,5
Frankfurt_1,2020-04-19,1,Good Friday,2020,4,19,6
Frankfurt_1,2020-04-20,1,Good Friday,2020,4,20,0
Frankfurt_1,2020-04-21,1,Easter Sunday,2020,4,21,1
Frankfurt_1,2020-04-22,1,Easter Monday,2020,4,22,2
Frankfurt_1,2020-04-23,0,,2020,4,23,3
Frankfurt_1,2020-04-24,0,,2020,4,24,4
Frankfurt_1,2020-04-25,0,,2020,4,25,5
Frankfurt_1,2020-04-26,0,,2020,4,26,6
Frankfurt_1,2020-04-27,0,,2020,4,27,0
Frankfurt_1,2020-04-28,0,,2020,4,28,1
Frankfurt_1,2020-04-29,0,,2020,4,29,2
Frankfurt_1,2020-04-30,0,,2020,4,30,3
Frankfurt_1,2020-05-01,1,Labour Day,2020,5,1,4
Frankfurt_1,2020-05-02,0,,2020,5,2,5
Frankfurt_1,2020-05-03,0,,2020,5,3,6
Frankfurt_1,2020-05-04,0,,2020,5,4,0
Frankfurt_1,2020-05-05,0,,2020,5,5,1
Frankfurt_1,2020-05-06,0,,2020,5,6,2
Frankfurt_1,2020-05-07,0,,2020,5,7,3
Frankfurt_1,2020-05-08,0,,2020,5,8,4
Frankfurt_1,2020-05-09,0,,2020,5,9,5
Frankfurt_1,2020-05-10,0,,2020,5,10,6
Frankfurt_1,2020-05-11,0,,2020,5,11,0
Frankfurt_1,2020-05-12,1,Mother's Day,2020,5,12,1
Frankfurt_1,2020-05-13,0,,2020,5,13,2
Frankfurt_1,2020-05-14,0,,2020,5,14,3
Frankfurt_1,2020-05-15,0,,2020,5,15,4
Frankfurt_1,2020-05-16,0,,2020,5,16,5
Frankfurt_1,2020-05-17,0,,2020,5,17,6
Frankfurt_1,2020-05-18,0,,2020,5,18,0
Frankfurt_1,2020-05-19,0,,2020,5,19,1
Frankfurt_1,2020-05-20,0,,2020,5,20,2
Frankfurt_1,2020-05-21,1,Ascension day,2020,5,21,3
Frankfurt_1,2020-05-22,0,,2020,5,22,4
Frankfurt_1,2020-05-23,0,,2020,5,23,5
Frankfurt_1,2020-05-24,0,,2020,5,24,6
Frankfurt_1,2020-05-25,0,,2020,5,25,0
Frankfurt_1,2020-05-26,0,,2020,5,26,1
Frankfurt_1,2020-05-27,0,,2020,5,27,2
Frankfurt_1,2020-05-28,0,,2020,5,28,3
Frankfurt_1,2020-05-29,0,,2020,5,29,4
Frankfurt_1,2020-05-30,1,Ascension day,2020,5,30,5
Frankfurt_1,2020-05-31,1,Whit sunday,2020,5,31,6
Frankfurt_1,2020-06-01,1,Whit monday,2020,6,1,0
Frankfurt_1,2020-06-02,0,,2020,6,2,1
Frankfurt_1,2020-06-03,0,,2020,6,3,2
Frankfurt_1,2020-06-04,0,,2020,6,4,3
Frankfurt_1,2020-06-05,0,,2020,6,5,4
Frankfurt_1,2020-06-06,0,,2020,6,6,5
Frankfurt_1,2020-06-07,0,,2020,6,7,6
Frankfurt_1,2020-06-08,0,,2020,6,8,0
Frankfurt_1,2020-06-09,1,Whit sunday,2020,6,9,1
Frankfurt_1,2020-06-10,1,Whit monday,2020,6,10,2
Frankfurt_1,2020-06-11,1,Corpus Christi,2020,6,11,3
Frankfurt_1,2020-06-12,0,,2020,6,12,4
Frankfurt_1,2020-06-13,0,,2020,6,13,5
Frankfurt_1,2020-06-14,0,,2020,6,14,6
Frankfurt_1,2020-06-15,0,,2020,6,15,0
Frankfurt_1,2020-06-16,0,,2020,6,16,1
Frankfurt_1,2020-06-17,0,,2020,6,17,2
Frankfurt_1,2020-06-18,0,,2020,6,18,3
Frankfurt_1,2020-06-19,0,,2020,6,19,4
Frankfurt_1,2020-06-20,1,Corpus Christi,2020,6,20,5
Frankfurt_1,2020-06-21,0,,2020,6,21,6
Frankfurt_1,2020-06-22,0,,2020,6,22,0
Frankfurt_1,2020-06-23,0,,2020,6,23,1
Frankfurt_1,2020-06-24,0,,2020,6,24,2
Frankfurt_1,2020-06-25,0,,2020,6,25,3
Frankfurt_1,2020-06-26,0,,2020,6,26,4
Frankfurt_1,2020-06-27,0,,2020,6,27,5
Frankfurt_1,2020-06-28,0,,2020,6,28,6
Frankfurt_1,2020-06-29,0,,2020,6,29,0
Frankfurt_1,2020-06-30,0,,2020,6,30,1
Frankfurt_1,2020-07-01,0,,2020,7,1,2
Frankfurt_1,2020-07-02,0,,2020,7,2,3
Frankfurt_1,2020-07-03,0,,2020,7,3,4
Frankfurt_1,2020-07-04,0,,2020,7,4,5
Frankfurt_1,2020-07-05,0,,2020,7,5,6
Frankfurt_1,2020-07-06,0,,2020,7,6,0
Frankfurt_1,2020-07-07,0,,2020,7,7,1
Frankfurt_1,2020-07-08,0,,2020,7,8,2
Frankfurt_1,2020-07-09,0,,2020,7,9,3
Frankfurt_1,2020-07-10,0,,2020,7,10,4
Frankfurt_1,2020-07-11,0,,2020,7,11,5
Frankfurt_1,2020-07-12,0,,2020,7,12,6
Frankfurt_1,2020-07-13,0,,2020,7,13,0
Frankfurt_1,2020-07-14,0,,2020,7,14,1
Frankfurt_1,2020-07-15,0,,2020,7,15,2
Frankfurt_1,2020-07-16,0,,2020,7,16,3
Frankfurt_1,2020-07-17,0,,2020,7,17,4
Frankfurt_1,2020-07-18,0,,2020,7,18,5
Frankfurt_1,2020-07-19,0,,2020,7,19,6
Frankfurt_1,2020-07-20,0,,2020,7,20,0
Frankfurt_1,2020-07-21,0,,2020,7,21,1
Frankfurt_1,2020-07-22,0,,2020,7,22,2
Frankfurt_1,2020-07-23,0,,2020,7,23,3
Frankfurt_1,2020-07-24,0,,2020,7,24,4
Frankfurt_1,2020-07-25,0,,2020,7,25,5
Frankfurt_1,2020-07-26,0,,2020,7,26,6
Frankfurt_1,2020-07-27,0,,2020,7,27,0
Frankfurt_1,2020-07-28,0,,2020,7,28,1
Frankfurt_1,2020-07-29,0,,2020,7,29,2
Frankfurt_1,2020-07-30,0,,2020,7,30,3
Frankfurt_1,2020-07-31,0,,2020,7,31,4
Frankfurt_1,2020-08-01,0,,2020,8,1,5
Frankfurt_1,2020-08-02,0,,2020,8,2,6
Frankfurt_1,2020-08-03,0,,2020,8,3,0
Frankfurt_1,2020-08-04,0,,2020,8,4,1
Frankfurt_1,2020-08-05,0,,2020,8,5,2
Frankfurt_1,2020-08-06,0,,2020,8,6,3
Frankfurt_1,2020-08-07,0,,2020,8,7,4
Frankfurt_1,2020-08-08,0,,2020,8,8,5
Frankfurt_1,2020-08-09,0,,2020,8,9,6
Frankfurt_1,2020-08-10,0,,2020,8,10,0
Frankfurt_1,2020-08-11,0,,2020,8,11,1
Frankfurt_1,2020-08-12,0,,2020,8,12,2
Frankfurt_1,2020-08-13,0,,2020,8,13,3
Frankfurt_1,2020-08-14,0,,2020,8,14,4
Frankfurt_1,2020-08-15,0,,2020,8,15,5
Frankfurt_1,2020-08-16,0,,2020,8,16,6
Frankfurt_1,2020-08-17,0,,2020,8,17,0
Frankfurt_1,2020-08-18,0,,2020,8,18,1
Frankfurt_1,2020-08-19,0,,2020,8,19,2
Frankfurt_1,2020-08-20,0,,2020,8,20,3
Frankfurt_1,2020-08-21,0,,2020,8,21,4
Frankfurt_1,2020-08-22,0,,2020,8,22,5
Frankfurt_1,2020-08-23,0,,2020,8,23,6
Frankfurt_1,2020-08-24,0,,2020,8,24,0
Frankfurt_1,2020-08-25,0,,2020,8,25,1
Frankfurt_1,2020-08-26,0,,2020,8,26,2
Frankfurt_1,2020-08-27,0,,2020,8,27,3
Frankfurt_1,2020-08-28,0,,2020,8,28,4
Frankfurt_1,2020-08-29,0,,2020,8,29,5
Frankfurt_1,2020-08-30,0,,2020,8,30,6
Frankfurt_1,2020-08-31,0,,2020,8,31,0
Frankfurt_1,2020-09-01,0,,2020,9,1,1
Frankfurt_1,2020-09-02,0,,2020,9,2,2
Frankfurt_1,2020-09-03,0,,2020,9,3,3
Frankfurt_1,2020-09-04,0,,2020,9,4,4
Frankfurt_1,2020-09-05,0,,2020,9,5,5
Frankfurt_1,2020-09-06,0,,2020,9,6,6
Frankfurt_1,2020-09-07,0,,2020,9,7,0
Frankfurt_1,2020-09-08,0,,2020,9,8,1
Frankfurt_1,2020-09-09,0,,2020,9,9,2
Frankfurt_1,2020-09-10,0,,2020,9,10,3
Frankfurt_1,2020-09-11,0,,2020,9,11,4
Frankfurt_1,2020-09-12,0,,2020,9,12,5
Frankfurt_1,2020-09-13,0,,2020,9,13,6
Frankfurt_1,2020-09-14,0,,2020,9,14,0
Frankfurt_1,2020-09-15,0,,2020,9,15,1
Frankfurt_1,2020-09-16,0,,2020,9,16,2
Frankfurt_1,2020-09-17,0,,2020,9,17,3
Frankfurt_1,2020-09-18,0,,2020,9,18,4
Frankfurt_1,2020-09-19,0,,2020,9,19,5
Frankfurt_1,2020-09-20,0,,2020,9,20,6
Frankfurt_1,2020-09-21,0,,2020,9,21,0
Frankfurt_1,2020-09-22,0,,2020,9,22,1
Frankfurt_1,2020-09-23,0,,2020,9,23,2
Frankfurt_1,2020-09-24,0,,2020,9,24,3
Frankfurt_1,2020-09-25,0,,2020,9,25,4
Frankfurt_1,2020-09-26,0,,2020,9,26,5
Frankfurt_1,2020-09-27,0,,2020,9,27,6
Frankfurt_1,2020-09-28,0,,2020,9,28,0
Frankfurt_1,2020-09-29,0,,2020,9,29,1
Frankfurt_1,2020-09-30,0,,2020,9,30,2
Frankfurt_1,2020-10-01,0,,2020,10,1,3
Frankfurt_1,2020-10-02,0,,2020,10,2,4
Frankfurt_1,2020-10-03,1,German Unity Day,2020,10,3,5
Frankfurt_1,2020-10-04,0,,2020,10,4,6
Frankfurt_1,2020-10-05,0,,2020,10,5,0
Frankfurt_1,2020-10-06,0,,2020,10,6,1
Frankfurt_1,2020-10-07,0,,2020,10,7,2
Frankfurt_1,2020-10-08,0,,2020,10,8,3
Frankfurt_1,2020-10-09,0,,2020,10,9,4
Frankfurt_1,2020-10-10,0,,2020,10,10,5
Frankfurt_1,2020-10-11,0,,2020,10,11,6
Frankfurt_1,2020-10-12,0,,2020,10,12,0
Frankfurt_1,2020-10-13,0,,2020,10,13,1
Frankfurt_1,2020-10-14,0,,2020,10,14,2
Frankfurt_1,2020-10-15,0,,2020,10,15,3
Frankfurt_1,2020-10-16,0,,2020,10,16,4
Frankfurt_1,2020-10-17,0,,2020,10,17,5
Frankfurt_1,2020-10-18,0,,2020,10,18,6
Frankfurt_1,2020-10-19,0,,2020,10,19,0
Frankfurt_1,2020-10-20,0,,2020,10,20,1
Frankfurt_1,2020-10-21,0,,2020,10,21,2
Frankfurt_1,2020-10-22,0,,2020,10,22,3
Frankfurt_1,2020-10-23,0,,2020,10,23,4
Frankfurt_1,2020-10-24,0,,2020,10,24,5
Frankfurt_1,2020-10-25,0,,2020,10,25,6
Frankfurt_1,2020-10-26,0,,2020,10,26,0
Frankfurt_1,2020-10-27,0,,2020,10,27,1
Frankfurt_1,2020-10-28,0,,2020,10,28,2
Frankfurt_1,2020-10-29,0,,2020,10,29,3
Frankfurt_1,2020-10-30,0,,2020,10,30,4
Frankfurt_1,2020-10-31,1,Reformation Day,2020,10,31,5
Frankfurt_1,2020-11-01,0,,2020,11,1,6
Frankfurt_1,2020-11-02,0,,2020,11,2,0
Frankfurt_1,2020-11-03,0,,2020,11,3,1
Frankfurt_1,2020-11-04,0,,2020,11,4,2
Frankfurt_1,2020-11-05,0,,2020,11,5,3
Frankfurt_1,2020-11-06,0,,2020,11,6,4
Frankfurt_1,2020-11-07,0,,2020,11,7,5
Frankfurt_1,2020-11-08,0,,2020,11,8,6
Frankfurt_1,2020-11-09,0,,2020,11,9,0
Frankfurt_1,2020-11-10,0,,2020,11,10,1
Frankfurt_1,2020-11-11,0,,2020,11,11,2
Frankfurt_1,2020-11-12,0,,2020,11,12,3
Frankfurt_1,2020-11-13,0,,2020,11,13,4
Frankfurt_1,2020-11-14,0,,2020,11,14,5
Frankfurt_1,2020-11-15,0,,2020,11,15,6
Frankfurt_1,2020-11-16,0,,2020,11,16,0
Frankfurt_1,2020-11-17,0,,2020,11,17,1
Frankfurt_1,2020-11-18,0,,2020,11,18,2
Frankfurt_1,2020-11-19,0,,2020,11,19,3
Frankfurt_1,2020-11-20,0,,2020,11,20,4
Frankfurt_1,2020-11-21,0,,2020,11,21,5
Frankfurt_1,2020-11-22,0,,2020,11,22,6
Frankfurt_1,2020-11-23,0,,2020,11,23,0
Frankfurt_1,2020-11-24,0,,2020,11,24,1
Frankfurt_1,2020-11-25,0,,2020,11,25,2
Frankfurt_1,2020-11-26,0,,2020,11,26,3
Frankfurt_1,2020-11-27,0,,2020,11,27,4
Frankfurt_1,2020-11-28,0,,2020,11,28,5
Frankfurt_1,2020-11-29,0,,2020,11,29,6
Frankfurt_1,2020-11-30,0,,2020,11,30,0
Frankfurt_1,2020-12-01,0,,2020,12,1,1
Frankfurt_1,2020-12-02,0,,2020,12,2,2
Frankfurt_1,2020-12-03,0,,2020,12,3,3
Frankfurt_1,2020-12-04,0,,2020,12,4,4
Frankfurt_1,2020-12-05,0,,2020,12,5,5
Frankfurt_1,2020-12-06,0,,2020,12,6,6
Frankfurt_1,2020-12-07,0,,2020,12,7,0
Frankfurt_1,2020-12-08,0,,2020,12,8,1
Frankfurt_1,2020-12-09,0,,2020,12,9,2
Frankfurt_1,2020-12-10,0,,2020,12,10,3
Frankfurt_1,2020-12-11,0,,2020,12,11,4
Frankfurt_1,2020-12-12,0,,2020,12,12,5
Frankfurt_1,2020-12-13,0,,2020,12,13,6
Frankfurt_1,2020-12-14,0,,2020,12,14,0
Frankfurt_1,2020-12-15,0,,2020,12,15,1
Frankfurt_1,2020-12-16,0,,2020,12,16,2
Frankfurt_1,2020-12-17,0,,2020,12,17,3
Frankfurt_1,2020-12-18,0,,2020,12,18,4
Frankfurt_1,2020-12-19,0,,2020,12,19,5
Frankfurt_1,2020-12-20,0,,2020,12,20,6
Frankfurt_1,2020-12-21,0,,2020,12,21,0
Frankfurt_1,2020-12-22,0,,2020,12,22,1
Frankfurt_1,2020-12-23,0,,2020,12,23,2
Frankfurt_1,2020-12-24,1,Christmas Eve,2020,12,24,3
Frankfurt_1,2020-12-25,1,1st Christmas Day,2020,12,25,4
Frankfurt_1,2020-12-26,1,2nd Christmas Day,2020,12,26,5
Frankfurt_1,2020-12-27,0,,2020,12,27,6
Frankfurt_1,2020-12-28,0,,2020,12,28,0
Frankfurt_1,2020-12-29,0,,2020,12,29,1
Frankfurt_1,2020-12-30,0,,2020,12,30,2
Frankfurt_1,2020-12-31,0,,2020,12,31,3
Frankfurt_1,2021-01-01,1,New Years Day,2021,1,1,4
Frankfurt_1,2021-01-02,0,,2021,1,2,5
Frankfurt_1,2021-01-03,0,,2021,1,3,6
Frankfurt_1,2021-01-04,0,,2021,1,4,0
Frankfurt_1,2021-01-05,0,,2021,1,5,1
Frankfurt_1,2021-01-06,0,,2021,1,6,2
Frankfurt_1,2021-01-07,0,,2021,1,7,3
Frankfurt_1,2021-01-08,0,,2021,1,8,4
Frankfurt_1,2021-01-09,0,,2021,1,9,5
Frankfurt_1,2021-01-10,0,,2021,1,10,6
Frankfurt_1,2021-01-11,0,,2021,1,11,0
Frankfurt_1,2021-01-12,0,,2021,1,12,1
Frankfurt_1,2021-01-13,0,,2021,1,13,2
Frankfurt_1,2021-01-14,0,,2021,1,14,3
Frankfurt_1,2021-01-15,0,,2021,1,15,4
Frankfurt_1,2021-01-16,0,,2021,1,16,5
Frankfurt_1,2021-01-17,0,,2021,1,17,6
Frankfurt_1,2021-01-18,0,,2021,1,18,0
Frankfurt_1,2021-01-19,0,,2021,1,19,1
Frankfurt_1,2021-01-20,0,,2021,1,20,2
Frankfurt_1,2021-01-21,0,,2021,1,21,3
Frankfurt_1,2021-01-22,0,,2021,1,22,4
Frankfurt_1,2021-01-23,0,,2021,1,23,5
Frankfurt_1,2021-01-24,0,,2021,1,24,6
Frankfurt_1,2021-01-25,0,,2021,1,25,0
Frankfurt_1,2021-01-26,0,,2021,1,26,1
Frankfurt_1,2021-01-27,0,,2021,1,27,2
Frankfurt_1,2021-01-28,0,,2021,1,28,3
Frankfurt_1,2021-01-29,0,,2021,1,29,4
Frankfurt_1,2021-01-30,0,,2021,1,30,5
Frankfurt_1,2021-01-31,0,,2021,1,31,6
Frankfurt_1,2021-02-01,0,,2021,2,1,0
Frankfurt_1,2021-02-02,0,,2021,2,2,1
Frankfurt_1,2021-02-03,0,,2021,2,3,2
Frankfurt_1,2021-02-04,0,,2021,2,4,3
Frankfurt_1,2021-02-05,0,,2021,2,5,4
Frankfurt_1,2021-02-06,0,,2021,2,6,5
Frankfurt_1,2021-02-07,0,,2021,2,7,6
Frankfurt_1,2021-02-08,0,,2021,2,8,0
Frankfurt_1,2021-02-09,0,,2021,2,9,1
Frankfurt_1,2021-02-10,0,,2021,2,10,2
Frankfurt_1,2021-02-11,0,,2021,2,11,3
Frankfurt_1,2021-02-12,0,,2021,2,12,4
Frankfurt_1,2021-02-13,0,,2021,2,13,5
Frankfurt_1,2021-02-14,0,,2021,2,14,6
Frankfurt_1,2021-02-15,0,,2021,2,15,0
Frankfurt_1,2021-02-16,0,,2021,2,16,1
Frankfurt_1,2021-02-17,0,,2021,2,17,2
Frankfurt_1,2021-02-18,0,,2021,2,18,3
Frankfurt_1,2021-02-19,0,,2021,2,19,4
Frankfurt_1,2021-02-20,0,,2021,2,20,5
Frankfurt_1,2021-02-21,0,,2021,2,21,6
Frankfurt_1,2021-02-22,0,,2021,2,22,0
Frankfurt_1,2021-02-23,0,,2021,2,23,1
Frankfurt_1,2021-02-24,0,,2021,2,24,2
Frankfurt_1,2021-02-25,0,,2021,2,25,3
Frankfurt_1,2021-02-26,0,,2021,2,26,4
Frankfurt_1,2021-02-27,0,,2021,2,27,5
Frankfurt_1,2021-02-28,0,,2021,2,28,6
Frankfurt_1,2021-03-01,0,,2021,3,1,0
Frankfurt_1,2021-03-02,0,,2021,3,2,1
Frankfurt_1,2021-03-03,0,,2021,3,3,2
Frankfurt_1,2021-03-04,0,,2021,3,4,3
Frankfurt_1,2021-03-05,0,,2021,3,5,4
Frankfurt_1,2021-03-06,0,,2021,3,6,5
Frankfurt_1,2021-03-07,0,,2021,3,7,6
Frankfurt_1,2021-03-08,1,International womens day,2021,3,8,0
Frankfurt_1,2021-03-09,0,,2021,3,9,1
Frankfurt_1,2021-03-10,0,,2021,3,10,2
Frankfurt_1,2021-03-11,0,,2021,3,11,3
Frankfurt_1,2021-03-12,0,,2021,3,12,4
Frankfurt_1,2021-03-13,0,,2021,3,13,5
Frankfurt_1,2021-03-14,0,,2021,3,14,6
Frankfurt_1,2021-03-15,0,,2021,3,15,0
Frankfurt_1,2021-03-16,0,,2021,3,16,1
Frankfurt_1,2021-03-17,0,,2021,3,17,2
Frankfurt_1,2021-03-18,0,,2021,3,18,3
Frankfurt_1,2021-03-19,0,,2021,3,19,4
Frankfurt_1,2021-03-20,0,,2021,3,20,5
Frankfurt_1,2021-03-21,0,,2021,3,21,6
Frankfurt_1,2021-03-22,0,,2021,3,22,0
Frankfurt_1,2021-03-23,0,,2021,3,23,1
Frankfurt_1,2021-03-24,0,,2021,3,24,2
Frankfurt_1,2021-03-25,0,,2021,3,25,3
Frankfurt_1,2021-03-26,0,,2021,3,26,4
Frankfurt_1,2021-03-27,0,,2021,3,27,5
Frankfurt_1,2021-03-28,0,,2021,3,28,6
Frankfurt_1,2021-03-29,0,,2021,3,29,0
Frankfurt_1,2021-03-30,0,,2021,3,30,1
Frankfurt_1,2021-03-31,0,,2021,3,31,2
Frankfurt_1,2021-04-01,0,,2021,4,1,3
Frankfurt_1,2021-04-02,1,Good Friday,2021,4,2,4
Frankfurt_1,2021-04-03,1,Good Friday,2021,4,3,5
Frankfurt_1,2021-04-04,1,Easter Sunday,2021,4,4,6
Frankfurt_1,2021-04-05,1,Easter Monday,2021,4,5,0
Frankfurt_1,2021-04-06,0,,2021,4,6,1
Frankfurt_1,2021-04-07,0,,2021,4,7,2
Frankfurt_1,2021-04-08,0,,2021,4,8,3
Frankfurt_1,2021-04-09,0,,2021,4,9,4
Frankfurt_1,2021-04-10,1,Good Friday,2021,4,10,5
Frankfurt_1,2021-04-11,1,Good Friday,2021,4,11,6
Frankfurt_1,2021-04-12,1,Easter Sunday,2021,4,12,0
Frankfurt_1,2021-04-13,1,Easter Monday,2021,4,13,1
Frankfurt_1,2021-04-14,0,,2021,4,14,2
Frankfurt_1,2021-04-15,0,,2021,4,15,3
Frankfurt_1,2021-04-16,0,,2021,4,16,4
Frankfurt_1,2021-04-17,0,,2021,4,17,5
Frankfurt_1,2021-04-18,0,,2021,4,18,6
Frankfurt_1,2021-04-19,0,,2021,4,19,0
Frankfurt_1,2021-04-20,0,,2021,4,20,1
Frankfurt_1,2021-04-21,0,,2021,4,21,2
Frankfurt_1,2021-04-22,0,,2021,4,22,3
Frankfurt_1,2021-04-23,0,,2021,4,23,4
Frankfurt_1,2021-04-24,0,,2021,4,24,5
Frankfurt_1,2021-04-25,0,,2021,4,25,6
Frankfurt_1,2021-04-26,0,,2021,4,26,0
Frankfurt_1,2021-04-27,0,,2021,4,27,1
Frankfurt_1,2021-04-28,0,,2021,4,28,2
Frankfurt_1,2021-04-29,0,,2021,4,29,3
Frankfurt_1,2021-04-30,0,,2021,4,30,4
Frankfurt_1,2021-05-01,1,Labour Day,2021,5,1,5
Frankfurt_1,2021-05-02,0,,2021,5,2,6
Frankfurt_1,2021-05-03,0,,2021,5,3,0
Frankfurt_1,2021-05-04,0,,2021,5,4,1
Frankfurt_1,2021-05-05,0,,2021,5,5,2
Frankfurt_1,2021-05-06,0,,2021,5,6,3
Frankfurt_1,2021-05-07,0,,2021,5,7,4
Frankfurt_1,2021-05-08,0,,2021,5,8,5
Frankfurt_1,2021-05-09,1,Mother's Day,2021,5,9,6
Frankfurt_1,2021-05-10,0,,2021,5,10,0
Frankfurt_1,2021-05-11,0,,2021,5,11,1
Frankfurt_1,2021-05-12,0,,2021,5,12,2
Frankfurt_1,2021-05-13,1,Ascension day,2021,5,13,3
Frankfurt_1,2021-05-14,0,,2021,5,14,4
Frankfurt_1,2021-05-15,0,,2021,5,15,5
Frankfurt_1,2021-05-16,0,,2021,5,16,6
Frankfurt_1,2021-05-17,0,,2021,5,17,0
Frankfurt_1,2021-05-18,0,,2021,5,18,1
Frankfurt_1,2021-05-19,0,,2021,5,19,2
Frankfurt_1,2021-05-20,0,,2021,5,20,3
Frankfurt_1,2021-05-21,1,Ascension day,2021,5,21,4
Frankfurt_1,2021-05-22,0,,2021,5,22,5
Frankfurt_1,2021-05-23,1,Whit sunday,2021,5,23,6
Frankfurt_1,2021-05-24,1,Whit monday,2021,5,24,0
Frankfurt_1,2021-05-25,0,,2021,5,25,1
Frankfurt_1,2021-05-26,0,,2021,5,26,2
Frankfurt_1,2021-05-27,0,,2021,5,27,3
Frankfurt_1,2021-05-28,0,,2021,5,28,4
Frankfurt_1,2021-05-29,0,,2021,5,29,5
Frankfurt_1,2021-05-30,0,,2021,5,30,6
Frankfurt_1,2021-05-31,1,Whit sunday,2021,5,31,0
Frankfurt_1,2021-06-01,1,Whit monday,2021,6,1,1
Frankfurt_1,2021-06-02,0,,2021,6,2,2
Frankfurt_1,2021-06-03,1,Corpus Christi,2021,6,3,3
Frankfurt_1,2021-06-04,0,,2021,6,4,4
Frankfurt_1,2021-06-05,0,,2021,6,5,5
Frankfurt_1,2021-06-06,0,,2021,6,6,6
Frankfurt_1,2021-06-07,0,,2021,6,7,0
Frankfurt_1,2021-06-08,0,,2021,6,8,1
Frankfurt_1,2021-06-09,0,,2021,6,9,2
Frankfurt_1,2021-06-10,0,,2021,6,10,3
Frankfurt_1,2021-06-11,1,Corpus Christi,2021,6,11,4
Frankfurt_1,2021-06-12,0,,2021,6,12,5
Frankfurt_1,2021-06-13,0,,2021,6,13,6
Frankfurt_1,2021-06-14,0,,2021,6,14,0
Frankfurt_1,2021-06-15,0,,2021,6,15,1
Frankfurt_1,2021-06-16,0,,2021,6,16,2
Frankfurt_1,2021-06-17,0,,2021,6,17,3
Frankfurt_1,2021-06-18,0,,2021,6,18,4
Frankfurt_1,2021-06-19,0,,2021,6,19,5
Frankfurt_1,2021-06-20,0,,2021,6,20,6
Frankfurt_1,2021-06-21,0,,2021,6,21,0
Frankfurt_1,2021-06-22,0,,2021,6,22,1
Frankfurt_1,2021-06-23,0,,2021,6,23,2
Frankfurt_1,2021-06-24,0,,2021,6,24,3
Frankfurt_1,2021-06-25,0,,2021,6,25,4
Frankfurt_1,2021-06-26,0,,2021,6,26,5
Frankfurt_1,2021-06-27,0,,2021,6,27,6
Frankfurt_1,2021-06-28,0,,2021,6,28,0
Frankfurt_1,2021-06-29,0,,2021,6,29,1
Frankfurt_1,2021-06-30,0,,2021,6,30,2
Frankfurt_1,2021-07-01,0,,2021,7,1,3
Frankfurt_1,2021-07-02,0,,2021,7,2,4
Frankfurt_1,2021-07-03,0,,2021,7,3,5
Frankfurt_1,2021-07-04,0,,2021,7,4,6
Frankfurt_1,2021-07-05,0,,2021,7,5,0
Frankfurt_1,2021-07-06,0,,2021,7,6,1
Frankfurt_1,2021-07-07,0,,2021,7,7,2
Frankfurt_1,2021-07-08,0,,2021,7,8,3
Frankfurt_1,2021-07-09,0,,2021,7,9,4
Frankfurt_1,2021-07-10,0,,2021,7,10,5
Frankfurt_1,2021-07-11,0,,2021,7,11,6
Frankfurt_1,2021-07-12,0,,2021,7,12,0
Frankfurt_1,2021-07-13,0,,2021,7,13,1
Frankfurt_1,2021-07-14,0,,2021,7,14,2
Frankfurt_1,2021-07-15,0,,2021,7,15,3
Frankfurt_1,2021-07-16,0,,2021,7,16,4
Frankfurt_1,2021-07-17,0,,2021,7,17,5
Frankfurt_1,2021-07-18,0,,2021,7,18,6
Frankfurt_1,2021-07-19,0,,2021,7,19,0
Frankfurt_1,2021-07-20,0,,2021,7,20,1
Frankfurt_1,2021-07-21,0,,2021,7,21,2
Frankfurt_1,2021-07-22,0,,2021,7,22,3
Frankfurt_1,2021-07-23,0,,2021,7,23,4
Frankfurt_1,2021-07-24,0,,2021,7,24,5
Frankfurt_1,2021-07-25,0,,2021,7,25,6
Frankfurt_1,2021-07-26,0,,2021,7,26,0
Frankfurt_1,2021-07-27,0,,2021,7,27,1
Frankfurt_1,2021-07-28,0,,2021,7,28,2
Frankfurt_1,2021-07-29,0,,2021,7,29,3
Frankfurt_1,2021-07-30,0,,2021,7,30,4
Frankfurt_1,2021-07-31,0,,2021,7,31,5
Frankfurt_1,2021-08-01,0,,2021,8,1,6
Frankfurt_1,2021-08-02,0,,2021,8,2,0
Frankfurt_1,2021-08-03,0,,2021,8,3,1
Frankfurt_1,2021-08-04,0,,2021,8,4,2
Frankfurt_1,2021-08-05,0,,2021,8,5,3
Frankfurt_1,2021-08-06,0,,2021,8,6,4
Frankfurt_1,2021-08-07,0,,2021,8,7,5
Frankfurt_1,2021-08-08,0,,2021,8,8,6
Frankfurt_1,2021-08-09,0,,2021,8,9,0
Frankfurt_1,2021-08-10,0,,2021,8,10,1
Frankfurt_1,2021-08-11,0,,2021,8,11,2
Frankfurt_1,2021-08-12,0,,2021,8,12,3
Frankfurt_1,2021-08-13,0,,2021,8,13,4
Frankfurt_1,2021-08-14,0,,2021,8,14,5
Frankfurt_1,2021-08-15,0,,2021,8,15,6
Frankfurt_1,2021-08-16,0,,2021,8,16,0
Frankfurt_1,2021-08-17,0,,2021,8,17,1
Frankfurt_1,2021-08-18,0,,2021,8,18,2
Frankfurt_1,2021-08-19,0,,2021,8,19,3
Frankfurt_1,2021-08-20,0,,2021,8,20,4
Frankfurt_1,2021-08-21,0,,2021,8,21,5
Frankfurt_1,2021-08-22,0,,2021,8,22,6
Frankfurt_1,2021-08-23,0,,2021,8,23,0
Frankfurt_1,2021-08-24,0,,2021,8,24,1
Frankfurt_1,2021-08-25,0,,2021,8,25,2
Frankfurt_1,2021-08-26,0,,2021,8,26,3
Frankfurt_1,2021-08-27,0,,2021,8,27,4
Frankfurt_1,2021-08-28,0,,2021,8,28,5
Frankfurt_1,2021-08-29,0,,2021,8,29,6
Frankfurt_1,2021-08-30,0,,2021,8,30,0
Frankfurt_1,2021-08-31,0,,2021,8,31,1
Frankfurt_1,2021-09-01,0,,2021,9,1,2
Frankfurt_1,2021-09-02,0,,2021,9,2,3
Frankfurt_1,2021-09-03,0,,2021,9,3,4
Frankfurt_1,2021-09-04,0,,2021,9,4,5
Frankfurt_1,2021-09-05,0,,2021,9,5,6
Frankfurt_1,2021-09-06,0,,2021,9,6,0
Frankfurt_1,2021-09-07,0,,2021,9,7,1
Frankfurt_1,2021-09-08,0,,2021,9,8,2
Frankfurt_1,2021-09-09,0,,2021,9,9,3
Frankfurt_1,2021-09-10,0,,2021,9,10,4
Frankfurt_1,2021-09-11,0,,2021,9,11,5
Frankfurt_1,2021-09-12,0,,2021,9,12,6
Frankfurt_1,2021-09-13,0,,2021,9,13,0
Frankfurt_1,2021-09-14,0,,2021,9,14,1
Frankfurt_1,2021-09-15,0,,2021,9,15,2
Frankfurt_1,2021-09-16,0,,2021,9,16,3
Frankfurt_1,2021-09-17,0,,2021,9,17,4
Frankfurt_1,2021-09-18,0,,2021,9,18,5
Frankfurt_1,2021-09-19,0,,2021,9,19,6
Frankfurt_1,2021-09-20,0,,2021,9,20,0
Frankfurt_1,2021-09-21,0,,2021,9,21,1
Frankfurt_1,2021-09-22,0,,2021,9,22,2
Frankfurt_1,2021-09-23,0,,2021,9,23,3
Frankfurt_1,2021-09-24,0,,2021,9,24,4
Frankfurt_1,2021-09-25,0,,2021,9,25,5
Frankfurt_1,2021-09-26,0,,2021,9,26,6
Frankfurt_1,2021-09-27,0,,2021,9,27,0
Frankfurt_1,2021-09-28,0,,2021,9,28,1
Frankfurt_1,2021-09-29,0,,2021,9,29,2
Frankfurt_1,2021-09-30,0,,2021,9,30,3
Frankfurt_1,2021-10-01,0,,2021,10,1,4
Frankfurt_1,2021-10-02,0,,2021,10,2,5
Frankfurt_1,2021-10-03,1,German Unity Day,2021,10,3,6
Frankfurt_1,2021-10-04,0,,2021,10,4,0
Frankfurt_1,2021-10-05,0,,2021,10,5,1
Frankfurt_1,2021-10-06,0,,2021,10,6,2
Frankfurt_1,2021-10-07,0,,2021,10,7,3
Frankfurt_1,2021-10-08,0,,2021,10,8,4
Frankfurt_1,2021-10-09,0,,2021,10,9,5
Frankfurt_1,2021-10-10,0,,2021,10,10,6
Frankfurt_1,2021-10-11,0,,2021,10,11,0
Frankfurt_1,2021-10-12,0,,2021,10,12,1
Frankfurt_1,2021-10-13,0,,2021,10,13,2
Frankfurt_1,2021-10-14,0,,2021,10,14,3
Frankfurt_1,2021-10-15,0,,2021,10,15,4
Frankfurt_1,2021-10-16,0,,2021,10,16,5
Frankfurt_1,2021-10-17,0,,2021,10,17,6
Frankfurt_1,2021-10-18,0,,2021,10,18,0
Frankfurt_1,2021-10-19,0,,2021,10,19,1
Frankfurt_1,2021-10-20,0,,2021,10,20,2
Frankfurt_1,2021-10-21,0,,2021,10,21,3
Frankfurt_1,2021-10-22,0,,2021,10,22,4
Frankfurt_1,2021-10-23,0,,2021,10,23,5
Frankfurt_1,2021-10-24,0,,2021,10,24,6
Frankfurt_1,2021-10-25,0,,2021,10,25,0
Frankfurt_1,2021-10-26,0,,2021,10,26,1
Frankfurt_1,2021-10-27,0,,2021,10,27,2
Frankfurt_1,2021-10-28,0,,2021,10,28,3
Frankfurt_1,2021-10-29,0,,2021,10,29,4
Frankfurt_1,2021-10-30,0,,2021,10,30,5
Frankfurt_1,2021-10-31,1,Reformation Day,2021,10,31,6
Frankfurt_1,2021-11-01,0,,2021,11,1,0
Frankfurt_1,2021-11-02,0,,2021,11,2,1
Frankfurt_1,2021-11-03,0,,2021,11,3,2
Frankfurt_1,2021-11-04,0,,2021,11,4,3
Frankfurt_1,2021-11-05,0,,2021,11,5,4
Frankfurt_1,2021-11-06,0,,2021,11,6,5
Frankfurt_1,2021-11-07,0,,2021,11,7,6
Frankfurt_1,2021-11-08,0,,2021,11,8,0
Frankfurt_1,2021-11-09,0,,2021,11,9,1
Frankfurt_1,2021-11-10,0,,2021,11,10,2
Frankfurt_1,2021-11-11,0,,2021,11,11,3
Frankfurt_1,2021-11-12,0,,2021,11,12,4
Frankfurt_1,2021-11-13,0,,2021,11,13,5
Frankfurt_1,2021-11-14,0,,2021,11,14,6
Frankfurt_1,2021-11-15,0,,2021,11,15,0
Frankfurt_1,2021-11-16,0,,2021,11,16,1
Frankfurt_1,2021-11-17,0,,2021,11,17,2
Frankfurt_1,2021-11-18,0,,2021,11,18,3
Frankfurt_1,2021-11-19,0,,2021,11,19,4
Frankfurt_1,2021-11-20,0,,2021,11,20,5
Frankfurt_1,2021-11-21,0,,2021,11,21,6
Frankfurt_1,2021-11-22,0,,2021,11,22,0
Frankfurt_1,2021-11-23,0,,2021,11,23,1
Frankfurt_1,2021-11-24,0,,2021,11,24,2
Frankfurt_1,2021-11-25,0,,2021,11,25,3
Frankfurt_1,2021-11-26,0,,2021,11,26,4
Frankfurt_1,2021-11-27,0,,2021,11,27,5
Frankfurt_1,2021-11-28,0,,2021,11,28,6
Frankfurt_1,2021-11-29,0,,2021,11,29,0
Frankfurt_1,2021-11-30,0,,2021,11,30,1
Frankfurt_1,2021-12-01,0,,2021,12,1,2
Frankfurt_1,2021-12-02,0,,2021,12,2,3
Frankfurt_1,2021-12-03,0,,2021,12,3,4
Frankfurt_1,2021-12-04,0,,2021,12,4,5
Frankfurt_1,2021-12-05,0,,2021,12,5,6
Frankfurt_1,2021-12-06,0,,2021,12,6,0
Frankfurt_1,2021-12-07,0,,2021,12,7,1
Frankfurt_1,2021-12-08,0,,2021,12,8,2
Frankfurt_1,2021-12-09,0,,2021,12,9,3
Frankfurt_1,2021-12-10,0,,2021,12,10,4
Frankfurt_1,2021-12-11,0,,2021,12,11,5
Frankfurt_1,2021-12-12,0,,2021,12,12,6
Frankfurt_1,2021-12-13,0,,2021,12,13,0
Frankfurt_1,2021-12-14,0,,2021,12,14,1
Frankfurt_1,2021-12-15,0,,2021,12,15,2
Frankfurt_1,2021-12-16,0,,2021,12,16,3
Frankfurt_1,2021-12-17,0,,2021,12,17,4
Frankfurt_1,2021-12-18,0,,2021,12,18,5
Frankfurt_1,2021-12-19,0,,2021,12,19,6
Frankfurt_1,2021-12-20,0,,2021,12,20,0
Frankfurt_1,2021-12-21,0,,2021,12,21,1
Frankfurt_1,2021-12-22,0,,2021,12,22,2
Frankfurt_1,2021-12-23,0,,2021,12,23,3
Frankfurt_1,2021-12-24,1,Christmas Eve,2021,12,24,4
Frankfurt_1,2021-12-25,1,1st Christmas Day,2021,12,25,5
Frankfurt_1,2021-12-26,1,2nd Christmas Day,2021,12,26,6
Frankfurt_1,2021-12-27,0,,2021,12,27,0
Frankfurt_1,2021-12-28,0,,2021,12,28,1
Frankfurt_1,2021-12-29,0,,2021,12,29,2
Frankfurt_1,2021-12-30,0,,2021,12,30,3
Frankfurt_1,2021-12-31,0,,2021,12,31,4
Frankfurt_1,2022-01-01,1,New Years Day,2022,1,1,5
Frankfurt_1,2022-01-02,0,,2022,1,2,6
Frankfurt_1,2022-01-03,0,,2022,1,3,0
Frankfurt_1,2022-01-04,0,,2022,1,4,1
Frankfurt_1,2022-01-05,0,,2022,1,5,2
Frankfurt_1,2022-01-06,0,,2022,1,6,3
Frankfurt_1,2022-01-07,0,,2022,1,7,4
Frankfurt_1,2022-01-08,0,,2022,1,8,5
Frankfurt_1,2022-01-09,0,,2022,1,9,6
Frankfurt_1,2022-01-10,0,,2022,1,10,0
Frankfurt_1,2022-01-11,0,,2022,1,11,1
Frankfurt_1,2022-01-12,0,,2022,1,12,2
Frankfurt_1,2022-01-13,0,,2022,1,13,3
Frankfurt_1,2022-01-14,0,,2022,1,14,4
Frankfurt_1,2022-01-15,0,,2022,1,15,5
Frankfurt_1,2022-01-16,0,,2022,1,16,6
Frankfurt_1,2022-01-17,0,,2022,1,17,0
Frankfurt_1,2022-01-18,0,,2022,1,18,1
Frankfurt_1,2022-01-19,0,,2022,1,19,2
Frankfurt_1,2022-01-20,0,,2022,1,20,3
Frankfurt_1,2022-01-21,0,,2022,1,21,4
Frankfurt_1,2022-01-22,0,,2022,1,22,5
Frankfurt_1,2022-01-23,0,,2022,1,23,6
Frankfurt_1,2022-01-24,0,,2022,1,24,0
Frankfurt_1,2022-01-25,0,,2022,1,25,1
Frankfurt_1,2022-01-26,0,,2022,1,26,2
Frankfurt_1,2022-01-27,0,,2022,1,27,3
Frankfurt_1,2022-01-28,0,,2022,1,28,4
Frankfurt_1,2022-01-29,0,,2022,1,29,5
Frankfurt_1,2022-01-30,0,,2022,1,30,6
Frankfurt_1,2022-01-31,0,,2022,1,31,0
Frankfurt_1,2022-02-01,0,,2022,2,1,1
Frankfurt_1,2022-02-02,0,,2022,2,2,2
Frankfurt_1,2022-02-03,0,,2022,2,3,3
Frankfurt_1,2022-02-04,0,,2022,2,4,4
Frankfurt_1,2022-02-05,0,,2022,2,5,5
Frankfurt_1,2022-02-06,0,,2022,2,6,6
Frankfurt_1,2022-02-07,0,,2022,2,7,0
Frankfurt_1,2022-02-08,0,,2022,2,8,1
Frankfurt_1,2022-02-09,0,,2022,2,9,2
Frankfurt_1,2022-02-10,0,,2022,2,10,3
Frankfurt_1,2022-02-11,0,,2022,2,11,4
Frankfurt_1,2022-02-12,0,,2022,2,12,5
Frankfurt_1,2022-02-13,0,,2022,2,13,6
Frankfurt_1,2022-02-14,0,,2022,2,14,0
Frankfurt_1,2022-02-15,0,,2022,2,15,1
Frankfurt_1,2022-02-16,0,,2022,2,16,2
Frankfurt_1,2022-02-17,0,,2022,2,17,3
Frankfurt_1,2022-02-18,0,,2022,2,18,4
Frankfurt_1,2022-02-19,0,,2022,2,19,5
Frankfurt_1,2022-02-20,0,,2022,2,20,6
Frankfurt_1,2022-02-21,0,,2022,2,21,0
Frankfurt_1,2022-02-22,0,,2022,2,22,1
Frankfurt_1,2022-02-23,0,,2022,2,23,2
Frankfurt_1,2022-02-24,0,,2022,2,24,3
Frankfurt_1,2022-02-25,0,,2022,2,25,4
Frankfurt_1,2022-02-26,0,,2022,2,26,5
Frankfurt_1,2022-02-27,0,,2022,2,27,6
Frankfurt_1,2022-02-28,0,,2022,2,28,0
Frankfurt_1,2022-03-01,0,,2022,3,1,1
Frankfurt_1,2022-03-02,0,,2022,3,2,2
Frankfurt_1,2022-03-03,0,,2022,3,3,3
Frankfurt_1,2022-03-04,0,,2022,3,4,4
Frankfurt_1,2022-03-05,0,,2022,3,5,5
Frankfurt_1,2022-03-06,0,,2022,3,6,6
Frankfurt_1,2022-03-07,0,,2022,3,7,0
Frankfurt_1,2022-03-08,1,International womens day,2022,3,8,1
Frankfurt_1,2022-03-09,0,,2022,3,9,2
Frankfurt_1,2022-03-10,0,,2022,3,10,3
Frankfurt_1,2022-03-11,0,,2022,3,11,4
Frankfurt_1,2022-03-12,0,,2022,3,12,5
Frankfurt_1,2022-03-13,0,,2022,3,13,6
Frankfurt_1,2022-03-14,0,,2022,3,14,0
Frankfurt_1,2022-03-15,0,,2022,3,15,1
Frankfurt_1,2022-03-16,0,,2022,3,16,2
Frankfurt_1,2022-03-17,0,,2022,3,17,3
Frankfurt_1,2022-03-18,0,,2022,3,18,4
Frankfurt_1,2022-03-19,0,,2022,3,19,5
Frankfurt_1,2022-03-20,0,,2022,3,20,6
Frankfurt_1,2022-03-21,0,,2022,3,21,0
Frankfurt_1,2022-03-22,0,,2022,3,22,1
Frankfurt_1,2022-03-23,0,,2022,3,23,2
Frankfurt_1,2022-03-24,0,,2022,3,24,3
Frankfurt_1,2022-03-25,0,,2022,3,25,4
Frankfurt_1,2022-03-26,0,,2022,3,26,5
Frankfurt_1,2022-03-27,0,,2022,3,27,6
Frankfurt_1,2022-03-28,0,,2022,3,28,0
Frankfurt_1,2022-03-29,0,,2022,3,29,1
Frankfurt_1,2022-03-30,0,,2022,3,30,2
Frankfurt_1,2022-03-31,0,,2022,3,31,3
Frankfurt_1,2022-04-01,0,,2022,4,1,4
Frankfurt_1,2022-04-02,1,Good Friday,2022,4,2,5
Frankfurt_1,2022-04-03,1,Good Friday,2022,4,3,6
Frankfurt_1,2022-04-04,1,Easter Sunday,2022,4,4,0
Frankfurt_1,2022-04-05,1,Easter Monday,2022,4,5,1
Frankfurt_1,2022-04-06,0,,2022,4,6,2
Frankfurt_1,2022-04-07,0,,2022,4,7,3
Frankfurt_1,2022-04-08,0,,2022,4,8,4
Frankfurt_1,2022-04-09,0,,2022,4,9,5
Frankfurt_1,2022-04-10,0,,2022,4,10,6
Frankfurt_1,2022-04-11,0,,2022,4,11,0
Frankfurt_1,2022-04-12,0,,2022,4,12,1
Frankfurt_1,2022-04-13,0,,2022,4,13,2
Frankfurt_1,2022-04-14,0,,2022,4,14,3
Frankfurt_1,2022-04-15,1,Good Friday,2022,4,15,4
Frankfurt_1,2022-04-16,1,Good Friday,2022,4,16,5
Frankfurt_1,2022-04-17,1,Easter Sunday,2022,4,17,6
Frankfurt_1,2022-04-18,1,Easter Monday,2022,4,18,0
Frankfurt_1,2022-04-19,0,,2022,4,19,1
Frankfurt_1,2022-04-20,0,,2022,4,20,2
Frankfurt_1,2022-04-21,0,,2022,4,21,3
Frankfurt_1,2022-04-22,0,,2022,4,22,4
Frankfurt_1,2022-04-23,0,,2022,4,23,5
Frankfurt_1,2022-04-24,0,,2022,4,24,6
Frankfurt_1,2022-04-25,0,,2022,4,25,0
Frankfurt_1,2022-04-26,0,,2022,4,26,1
Frankfurt_1,2022-04-27,0,,2022,4,27,2
Frankfurt_1,2022-04-28,0,,2022,4,28,3
Frankfurt_1,2022-04-29,0,,2022,4,29,4
Frankfurt_1,2022-04-30,0,,2022,4,30,5
Frankfurt_1,2022-05-01,1,Labour Day,2022,5,1,6
Frankfurt_1,2022-05-02,0,,2022,5,2,0
Frankfurt_1,2022-05-03,0,,2022,5,3,1
Frankfurt_1,2022-05-04,0,,2022,5,4,2
Frankfurt_1,2022-05-05,0,,2022,5,5,3
Frankfurt_1,2022-05-06,0,,2022,5,6,4
Frankfurt_1,2022-05-07,0,,2022,5,7,5
Frankfurt_1,2022-05-08,1,Mother's Day,2022,5,8,6
Frankfurt_1,2022-05-09,1,Mother's Day,2022,5,9,0
Frankfurt_1,2022-05-10,0,,2022,5,10,1
Frankfurt_1,2022-05-11,0,,2022,5,11,2
Frankfurt_1,2022-05-12,0,,2022,5,12,3
Frankfurt_1,2022-05-13,1,Ascension day,2022,5,13,4
Frankfurt_1,2022-05-14,0,,2022,5,14,5
Frankfurt_1,2022-05-15,0,,2022,5,15,6
Frankfurt_1,2022-05-16,0,,2022,5,16,0
Frankfurt_1,2022-05-17,0,,2022,5,17,1
Frankfurt_1,2022-05-18,0,,2022,5,18,2
Frankfurt_1,2022-05-19,0,,2022,5,19,3
Frankfurt_1,2022-05-20,0,,2022,5,20,4
Frankfurt_1,2022-05-21,0,,2022,5,21,5
Frankfurt_1,2022-05-22,0,,2022,5,22,6
Frankfurt_1,2022-05-23,1,Whit sunday,2022,5,23,0
Frankfurt_1,2022-05-24,1,Whit monday,2022,5,24,1
Frankfurt_1,2022-05-25,0,,2022,5,25,2
Frankfurt_1,2022-05-26,1,Ascension day,2022,5,26,3
Frankfurt_1,2022-05-27,0,,2022,5,27,4
Frankfurt_1,2022-05-28,0,,2022,5,28,5
Frankfurt_1,2022-05-29,0,,2022,5,29,6
Frankfurt_1,2022-05-30,0,,2022,5,30,0
Frankfurt_1,2022-05-31,0,,2022,5,31,1
Frankfurt_1,2022-06-01,0,,2022,6,1,2
Frankfurt_1,2022-06-02,0,,2022,6,2,3
Frankfurt_1,2022-06-03,1,Corpus Christi,2022,6,3,4
Frankfurt_1,2022-06-04,0,,2022,6,4,5
Frankfurt_1,2022-06-05,1,Whit sunday,2022,6,5,6
Frankfurt_1,2022-06-06,1,Whit monday,2022,6,6,0
Frankfurt_1,2022-06-07,0,,2022,6,7,1
Frankfurt_1,2022-06-08,0,,2022,6,8,2
Frankfurt_1,2022-06-09,0,,2022,6,9,3
Frankfurt_1,2022-06-10,0,,2022,6,10,4
Frankfurt_1,2022-06-11,0,,2022,6,11,5
Frankfurt_1,2022-06-12,0,,2022,6,12,6
Frankfurt_1,2022-06-13,0,,2022,6,13,0
Frankfurt_1,2022-06-14,0,,2022,6,14,1
Frankfurt_1,2022-06-15,0,,2022,6,15,2
Frankfurt_1,2022-06-16,1,Corpus Christi,2022,6,16,3
Frankfurt_1,2022-06-17,0,,2022,6,17,4
Frankfurt_1,2022-06-18,0,,2022,6,18,5
Frankfurt_1,2022-06-19,0,,2022,6,19,6
Frankfurt_1,2022-06-20,0,,2022,6,20,0
Frankfurt_1,2022-06-21,0,,2022,6,21,1
Frankfurt_1,2022-06-22,0,,2022,6,22,2
Frankfurt_1,2022-06-23,0,,2022,6,23,3
Frankfurt_1,2022-06-24,0,,2022,6,24,4
Frankfurt_1,2022-06-25,0,,2022,6,25,5
Frankfurt_1,2022-06-26,0,,2022,6,26,6
Frankfurt_1,2022-06-27,0,,2022,6,27,0
Frankfurt_1,2022-06-28,0,,2022,6,28,1
Frankfurt_1,2022-06-29,0,,2022,6,29,2
Frankfurt_1,2022-06-30,0,,2022,6,30,3
Frankfurt_1,2022-07-01,0,,2022,7,1,4
Frankfurt_1,2022-07-02,0,,2022,7,2,5
Frankfurt_1,2022-07-03,0,,2022,7,3,6
Frankfurt_1,2022-07-04,0,,2022,7,4,0
Frankfurt_1,2022-07-05,0,,2022,7,5,1
Frankfurt_1,2022-07-06,0,,2022,7,6,2
Frankfurt_1,2022-07-07,0,,2022,7,7,3
Frankfurt_1,2022-07-08,0,,2022,7,8,4
Frankfurt_1,2022-07-09,0,,2022,7,9,5
Frankfurt_1,2022-07-10,0,,2022,7,10,6
Frankfurt_1,2022-07-11,0,,2022,7,11,0
Frankfurt_1,2022-07-12,0,,2022,7,12,1
Frankfurt_1,2022-07-13,0,,2022,7,13,2
Frankfurt_1,2022-07-14,0,,2022,7,14,3
Frankfurt_1,2022-07-15,0,,2022,7,15,4
Frankfurt_1,2022-07-16,0,,2022,7,16,5
Frankfurt_1,2022-07-17,0,,2022,7,17,6
Frankfurt_1,2022-07-18,0,,2022,7,18,0
Frankfurt_1,2022-07-19,0,,2022,7,19,1
Frankfurt_1,2022-07-20,0,,2022,7,20,2
Frankfurt_1,2022-07-21,0,,2022,7,21,3
Frankfurt_1,2022-07-22,0,,2022,7,22,4
Frankfurt_1,2022-07-23,0,,2022,7,23,5
Frankfurt_1,2022-07-24,0,,2022,7,24,6
Frankfurt_1,2022-07-25,0,,2022,7,25,0
Frankfurt_1,2022-07-26,0,,2022,7,26,1
Frankfurt_1,2022-07-27,0,,2022,7,27,2
Frankfurt_1,2022-07-28,0,,2022,7,28,3
Frankfurt_1,2022-07-29,0,,2022,7,29,4
Frankfurt_1,2022-07-30,0,,2022,7,30,5
Frankfurt_1,2022-07-31,0,,2022,7,31,6
Frankfurt_1,2022-08-01,0,,2022,8,1,0
Frankfurt_1,2022-08-02,0,,2022,8,2,1
Frankfurt_1,2022-08-03,0,,2022,8,3,2
Frankfurt_1,2022-08-04,0,,2022,8,4,3
Frankfurt_1,2022-08-05,0,,2022,8,5,4
Frankfurt_1,2022-08-06,0,,2022,8,6,5
Frankfurt_1,2022-08-07,0,,2022,8,7,6
Frankfurt_1,2022-08-08,0,,2022,8,8,0
Frankfurt_1,2022-08-09,0,,2022,8,9,1
Frankfurt_1,2022-08-10,0,,2022,8,10,2
Frankfurt_1,2022-08-11,0,,2022,8,11,3
Frankfurt_1,2022-08-12,0,,2022,8,12,4
Frankfurt_1,2022-08-13,0,,2022,8,13,5
Frankfurt_1,2022-08-14,0,,2022,8,14,6
Frankfurt_1,2022-08-15,0,,2022,8,15,0
Frankfurt_1,2022-08-16,0,,2022,8,16,1
Frankfurt_1,2022-08-17,0,,2022,8,17,2
Frankfurt_1,2022-08-18,0,,2022,8,18,3
Frankfurt_1,2022-08-19,0,,2022,8,19,4
Frankfurt_1,2022-08-20,0,,2022,8,20,5
Frankfurt_1,2022-08-21,0,,2022,8,21,6
Frankfurt_1,2022-08-22,0,,2022,8,22,0
Frankfurt_1,2022-08-23,0,,2022,8,23,1
Frankfurt_1,2022-08-24,0,,2022,8,24,2
Frankfurt_1,2022-08-25,0,,2022,8,25,3
Frankfurt_1,2022-08-26,0,,2022,8,26,4
Frankfurt_1,2022-08-27,0,,2022,8,27,5
Frankfurt_1,2022-08-28,0,,2022,8,28,6
Frankfurt_1,2022-08-29,0,,2022,8,29,0
Frankfurt_1,2022-08-30,0,,2022,8,30,1
Frankfurt_1,2022-08-31,0,,2022,8,31,2
Frankfurt_1,2022-09-01,0,,2022,9,1,3
Frankfurt_1,2022-09-02,0,,2022,9,2,4
Frankfurt_1,2022-09-03,0,,2022,9,3,5
Frankfurt_1,2022-09-04,0,,2022,9,4,6
Frankfurt_1,2022-09-05,0,,2022,9,5,0
Frankfurt_1,2022-09-06,0,,2022,9,6,1
Frankfurt_1,2022-09-07,0,,2022,9,7,2
Frankfurt_1,2022-09-08,0,,2022,9,8,3
Frankfurt_1,2022-09-09,0,,2022,9,9,4
Frankfurt_1,2022-09-10,0,,2022,9,10,5
Frankfurt_1,2022-09-11,0,,2022,9,11,6
Frankfurt_1,2022-09-12,0,,2022,9,12,0
Frankfurt_1,2022-09-13,0,,2022,9,13,1
Frankfurt_1,2022-09-14,0,,2022,9,14,2
Frankfurt_1,2022-09-15,0,,2022,9,15,3
Frankfurt_1,2022-09-16,0,,2022,9,16,4
Frankfurt_1,2022-09-17,0,,2022,9,17,5
Frankfurt_1,2022-09-18,0,,2022,9,18,6
Frankfurt_1,2022-09-19,0,,2022,9,19,0
Frankfurt_1,2022-09-20,0,,2022,9,20,1
Frankfurt_1,2022-09-21,0,,2022,9,21,2
Frankfurt_1,2022-09-22,0,,2022,9,22,3
Frankfurt_1,2022-09-23,0,,2022,9,23,4
Frankfurt_1,2022-09-24,0,,2022,9,24,5
Frankfurt_1,2022-09-25,0,,2022,9,25,6
Frankfurt_1,2022-09-26,0,,2022,9,26,0
Frankfurt_1,2022-09-27,0,,2022,9,27,1
Frankfurt_1,2022-09-28,0,,2022,9,28,2
Frankfurt_1,2022-09-29,0,,2022,9,29,3
Frankfurt_1,2022-09-30,0,,2022,9,30,4
Frankfurt_1,2022-10-01,0,,2022,10,1,5
Frankfurt_1,2022-10-02,0,,2022,10,2,6
Frankfurt_1,2022-10-03,1,German Unity Day,2022,10,3,0
Frankfurt_1,2022-10-04,0,,2022,10,4,1
Frankfurt_1,2022-10-05,0,,2022,10,5,2
Frankfurt_1,2022-10-06,0,,2022,10,6,3
Frankfurt_1,2022-10-07,0,,2022,10,7,4
Frankfurt_1,2022-10-08,0,,2022,10,8,5
Frankfurt_1,2022-10-09,0,,2022,10,9,6
Frankfurt_1,2022-10-10,0,,2022,10,10,0
Frankfurt_1,2022-10-11,0,,2022,10,11,1
Frankfurt_1,2022-10-12,0,,2022,10,12,2
Frankfurt_1,2022-10-13,0,,2022,10,13,3
Frankfurt_1,2022-10-14,0,,2022,10,14,4
Frankfurt_1,2022-10-15,0,,2022,10,15,5
Frankfurt_1,2022-10-16,0,,2022,10,16,6
Frankfurt_1,2022-10-17,0,,2022,10,17,0
Frankfurt_1,2022-10-18,0,,2022,10,18,1
Frankfurt_1,2022-10-19,0,,2022,10,19,2
Frankfurt_1,2022-10-20,0,,2022,10,20,3
Frankfurt_1,2022-10-21,0,,2022,10,21,4
Frankfurt_1,2022-10-22,0,,2022,10,22,5
Frankfurt_1,2022-10-23,0,,2022,10,23,6
Frankfurt_1,2022-10-24,0,,2022,10,24,0
Frankfurt_1,2022-10-25,0,,2022,10,25,1
Frankfurt_1,2022-10-26,0,,2022,10,26,2
Frankfurt_1,2022-10-27,0,,2022,10,27,3
Frankfurt_1,2022-10-28,0,,2022,10,28,4
Frankfurt_1,2022-10-29,0,,2022,10,29,5
Frankfurt_1,2022-10-30,0,,2022,10,30,6
Frankfurt_1,2022-10-31,1,Reformation Day,2022,10,31,0
Frankfurt_1,2022-11-01,0,,2022,11,1,1
Frankfurt_1,2022-11-02,0,,2022,11,2,2
Frankfurt_1,2022-11-03,0,,2022,11,3,3
Frankfurt_1,2022-11-04,0,,2022,11,4,4
Frankfurt_1,2022-11-05,0,,2022,11,5,5
Frankfurt_1,2022-11-06,0,,2022,11,6,6
Frankfurt_1,2022-11-07,0,,2022,11,7,0
Frankfurt_1,2022-11-08,0,,2022,11,8,1
Frankfurt_1,2022-11-09,0,,2022,11,9,2
Frankfurt_1,2022-11-10,0,,2022,11,10,3
Frankfurt_1,2022-11-11,0,,2022,11,11,4
Frankfurt_1,2022-11-12,0,,2022,11,12,5
Frankfurt_1,2022-11-13,0,,2022,11,13,6
Frankfurt_1,2022-11-14,0,,2022,11,14,0
Frankfurt_1,2022-11-15,0,,2022,11,15,1
Frankfurt_1,2022-11-16,0,,2022,11,16,2
Frankfurt_1,2022-11-17,0,,2022,11,17,3
Frankfurt_1,2022-11-18,0,,2022,11,18,4
Frankfurt_1,2022-11-19,0,,2022,11,19,5
Frankfurt_1,2022-11-20,0,,2022,11,20,6
Frankfurt_1,2022-11-21,0,,2022,11,21,0
Frankfurt_1,2022-11-22,0,,2022,11,22,1
Frankfurt_1,2022-11-23,0,,2022,11,23,2
Frankfurt_1,2022-11-24,0,,2022,11,24,3
Frankfurt_1,2022-11-25,0,,2022,11,25,4
Frankfurt_1,2022-11-26,0,,2022,11,26,5
Frankfurt_1,2022-11-27,0,,2022,11,27,6
Frankfurt_1,2022-11-28,0,,2022,11,28,0
Frankfurt_1,2022-11-29,0,,2022,11,29,1
Frankfurt_1,2022-11-30,0,,2022,11,30,2
Frankfurt_1,2022-12-01,0,,2022,12,1,3
Frankfurt_1,2022-12-02,0,,2022,12,2,4
Frankfurt_1,2022-12-03,0,,2022,12,3,5
Frankfurt_1,2022-12-04,0,,2022,12,4,6
Frankfurt_1,2022-12-05,0,,2022,12,5,0
Frankfurt_1,2022-12-06,0,,2022,12,6,1
Frankfurt_1,2022-12-07,0,,2022,12,7,2
Frankfurt_1,2022-12-08,0,,2022,12,8,3
Frankfurt_1,2022-12-09,0,,2022,12,9,4
Frankfurt_1,2022-12-10,0,,2022,12,10,5
Frankfurt_1,2022-12-11,0,,2022,12,11,6
Frankfurt_1,2022-12-12,0,,2022,12,12,0
Frankfurt_1,2022-12-13,0,,2022,12,13,1
Frankfurt_1,2022-12-14,0,,2022,12,14,2
Frankfurt_1,2022-12-15,0,,2022,12,15,3
Frankfurt_1,2022-12-16,0,,2022,12,16,4
Frankfurt_1,2022-12-17,0,,2022,12,17,5
Frankfurt_1,2022-12-18,0,,2022,12,18,6
Frankfurt_1,2022-12-19,0,,2022,12,19,0
Frankfurt_1,2022-12-20,0,,2022,12,20,1
Frankfurt_1,2022-12-21,0,,2022,12,21,2
Frankfurt_1,2022-12-22,0,,2022,12,22,3
Frankfurt_1,2022-12-23,0,,2022,12,23,4
Frankfurt_1,2022-12-24,1,Christmas Eve,2022,12,24,5
Frankfurt_1,2022-12-25,1,1st Christmas Day,2022,12,25,6
Frankfurt_1,2022-12-26,1,2nd Christmas Day,2022,12,26,0
Frankfurt_1,2022-12-27,0,,2022,12,27,1
Frankfurt_1,2022-12-28,0,,2022,12,28,2
Frankfurt_1,2022-12-29,0,,2022,12,29,3
Frankfurt_1,2022-12-30,0,,2022,12,30,4
Frankfurt_1,2022-12-31,0,,2022,12,31,5
Frankfurt_1,2023-01-01,1,New Years Day,2023,1,1,6
Frankfurt_1,2023-01-02,0,,2023,1,2,0
Frankfurt_1,2023-01-03,0,,2023,1,3,1
Frankfurt_1,2023-01-04,0,,2023,1,4,2
Frankfurt_1,2023-01-05,0,,2023,1,5,3
Frankfurt_1,2023-01-06,0,,2023,1,6,4
Frankfurt_1,2023-01-07,0,,2023,1,7,5
Frankfurt_1,2023-01-08,0,,2023,1,8,6
Frankfurt_1,2023-01-09,0,,2023,1,9,0
Frankfurt_1,2023-01-10,0,,2023,1,10,1
Frankfurt_1,2023-01-11,0,,2023,1,11,2
Frankfurt_1,2023-01-12,0,,2023,1,12,3
Frankfurt_1,2023-01-13,0,,2023,1,13,4
Frankfurt_1,2023-01-14,0,,2023,1,14,5
Frankfurt_1,2023-01-15,0,,2023,1,15,6
Frankfurt_1,2023-01-16,0,,2023,1,16,0
Frankfurt_1,2023-01-17,0,,2023,1,17,1
Frankfurt_1,2023-01-18,0,,2023,1,18,2
Frankfurt_1,2023-01-19,0,,2023,1,19,3
Frankfurt_1,2023-01-20,0,,2023,1,20,4
Frankfurt_1,2023-01-21,0,,2023,1,21,5
Frankfurt_1,2023-01-22,0,,2023,1,22,6
Frankfurt_1,2023-01-23,0,,2023,1,23,0
Frankfurt_1,2023-01-24,0,,2023,1,24,1
Frankfurt_1,2023-01-25,0,,2023,1,25,2
Frankfurt_1,2023-01-26,0,,2023,1,26,3
Frankfurt_1,2023-01-27,0,,2023,1,27,4
Frankfurt_1,2023-01-28,0,,2023,1,28,5
Frankfurt_1,2023-01-29,0,,2023,1,29,6
Frankfurt_1,2023-01-30,0,,2023,1,30,0
Frankfurt_1,2023-01-31,0,,2023,1,31,1
Frankfurt_1,2023-02-01,0,,2023,2,1,2
Frankfurt_1,2023-02-02,0,,2023,2,2,3
Frankfurt_1,2023-02-03,0,,2023,2,3,4
Frankfurt_1,2023-02-04,0,,2023,2,4,5
Frankfurt_1,2023-02-05,0,,2023,2,5,6
Frankfurt_1,2023-02-06,0,,2023,2,6,0
Frankfurt_1,2023-02-07,0,,2023,2,7,1
Frankfurt_1,2023-02-08,0,,2023,2,8,2
Frankfurt_1,2023-02-09,0,,2023,2,9,3
Frankfurt_1,2023-02-10,0,,2023,2,10,4
Frankfurt_1,2023-02-11,0,,2023,2,11,5
Frankfurt_1,2023-02-12,0,,2023,2,12,6
Frankfurt_1,2023-02-13,0,,2023,2,13,0
Frankfurt_1,2023-02-14,0,,2023,2,14,1
Frankfurt_1,2023-02-15,0,,2023,2,15,2
Frankfurt_1,2023-02-16,0,,2023,2,16,3
Frankfurt_1,2023-02-17,0,,2023,2,17,4
Frankfurt_1,2023-02-18,0,,2023,2,18,5
Frankfurt_1,2023-02-19,0,,2023,2,19,6
Frankfurt_1,2023-02-20,0,,2023,2,20,0
Frankfurt_1,2023-02-21,0,,2023,2,21,1
Frankfurt_1,2023-02-22,0,,2023,2,22,2
Frankfurt_1,2023-02-23,0,,2023,2,23,3
Frankfurt_1,2023-02-24,0,,2023,2,24,4
Frankfurt_1,2023-02-25,0,,2023,2,25,5
Frankfurt_1,2023-02-26,0,,2023,2,26,6
Frankfurt_1,2023-02-27,0,,2023,2,27,0
Frankfurt_1,2023-02-28,0,,2023,2,28,1
Frankfurt_1,2023-03-01,0,,2023,3,1,2
Frankfurt_1,2023-03-02,0,,2023,3,2,3
Frankfurt_1,2023-03-03,0,,2023,3,3,4
Frankfurt_1,2023-03-04,0,,2023,3,4,5
Frankfurt_1,2023-03-05,0,,2023,3,5,6
Frankfurt_1,2023-03-06,0,,2023,3,6,0
Frankfurt_1,2023-03-07,0,,2023,3,7,1
Frankfurt_1,2023-03-08,1,International womens day,2023,3,8,2
Frankfurt_1,2023-03-09,0,,2023,3,9,3
Frankfurt_1,2023-03-10,0,,2023,3,10,4
Frankfurt_1,2023-03-11,0,,2023,3,11,5
Frankfurt_1,2023-03-12,0,,2023,3,12,6
Frankfurt_1,2023-03-13,0,,2023,3,13,0
Frankfurt_1,2023-03-14,0,,2023,3,14,1
Frankfurt_1,2023-03-15,0,,2023,3,15,2
Frankfurt_1,2023-03-16,0,,2023,3,16,3
Frankfurt_1,2023-03-17,0,,2023,3,17,4
Frankfurt_1,2023-03-18,0,,2023,3,18,5
Frankfurt_1,2023-03-19,0,,2023,3,19,6
Frankfurt_1,2023-03-20,0,,2023,3,20,0
Frankfurt_1,2023-03-21,0,,2023,3,21,1
Frankfurt_1,2023-03-22,0,,2023,3,22,2
Frankfurt_1,2023-03-23,0,,2023,3,23,3
Frankfurt_1,2023-03-24,0,,2023,3,24,4
Frankfurt_1,2023-03-25,0,,2023,3,25,5
Frankfurt_1,2023-03-26,0,,2023,3,26,6
Frankfurt_1,2023-03-27,0,,2023,3,27,0
Frankfurt_1,2023-03-28,0,,2023,3,28,1
Frankfurt_1,2023-03-29,0,,2023,3,29,2
Frankfurt_1,2023-03-30,0,,2023,3,30,3
Frankfurt_1,2023-03-31,0,,2023,3,31,4
Frankfurt_1,2023-04-01,0,,2023,4,1,5
Frankfurt_1,2023-04-02,0,,2023,4,2,6
Frankfurt_1,2023-04-03,0,,2023,4,3,0
Frankfurt_1,2023-04-04,0,,2023,4,4,1
Frankfurt_1,2023-04-05,0,,2023,4,5,2
Frankfurt_1,2023-04-06,0,,2023,4,6,3
Frankfurt_1,2023-04-07,1,Good Friday,2023,4,7,4
Frankfurt_1,2023-04-08,1,Good Friday,2023,4,8,5
Frankfurt_1,2023-04-09,1,Easter Sunday,2023,4,9,6
Frankfurt_1,2023-04-10,1,Easter Monday,2023,4,10,0
Frankfurt_1,2023-04-11,0,,2023,4,11,1
Frankfurt_1,2023-04-12,0,,2023,4,12,2
Frankfurt_1,2023-04-13,0,,2023,4,13,3
Frankfurt_1,2023-04-14,0,,2023,4,14,4
Frankfurt_1,2023-04-15,1,Good Friday,2023,4,15,5
Frankfurt_1,2023-04-16,1,Good Friday,2023,4,16,6
Frankfurt_1,2023-04-17,1,Easter Sunday,2023,4,17,0
Frankfurt_1,2023-04-18,1,Easter Monday,2023,4,18,1
Frankfurt_1,2023-04-19,0,,2023,4,19,2
Frankfurt_1,2023-04-20,0,,2023,4,20,3
Frankfurt_1,2023-04-21,0,,2023,4,21,4
Frankfurt_1,2023-04-22,0,,2023,4,22,5
Frankfurt_1,2023-04-23,0,,2023,4,23,6
Frankfurt_1,2023-04-24,0,,2023,4,24,0
Frankfurt_1,2023-04-25,0,,2023,4,25,1
Frankfurt_1,2023-04-26,0,,2023,4,26,2
Frankfurt_1,2023-04-27,0,,2023,4,27,3
Frankfurt_1,2023-04-28,0,,2023,4,28,4
Frankfurt_1,2023-04-29,0,,2023,4,29,5
Frankfurt_1,2023-04-30,0,,2023,4,30,6
Frankfurt_1,2023-05-01,1,Labour Day,2023,5,1,0
Frankfurt_1,2023-05-02,0,,2023,5,2,1
Frankfurt_1,2023-05-03,0,,2023,5,3,2
Frankfurt_1,2023-05-04,0,,2023,5,4,3
Frankfurt_1,2023-05-05,0,,2023,5,5,4
Frankfurt_1,2023-05-06,0,,2023,5,6,5
Frankfurt_1,2023-05-07,0,,2023,5,7,6
Frankfurt_1,2023-05-08,1,Mother's Day,2023,5,8,0
Frankfurt_1,2023-05-09,0,,2023,5,9,1
Frankfurt_1,2023-05-10,0,,2023,5,10,2
Frankfurt_1,2023-05-11,0,,2023,5,11,3
Frankfurt_1,2023-05-12,0,,2023,5,12,4
Frankfurt_1,2023-05-13,0,,2023,5,13,5
Frankfurt_1,2023-05-14,1,Mother's Day,2023,5,14,6
Frankfurt_1,2023-05-15,0,,2023,5,15,0
Frankfurt_1,2023-05-16,0,,2023,5,16,1
Frankfurt_1,2023-05-17,0,,2023,5,17,2
Frankfurt_1,2023-05-18,1,Ascension day,2023,5,18,3
Frankfurt_1,2023-05-19,0,,2023,5,19,4
Frankfurt_1,2023-05-20,0,,2023,5,20,5
Frankfurt_1,2023-05-21,0,,2023,5,21,6
Frankfurt_1,2023-05-22,0,,2023,5,22,0
Frankfurt_1,2023-05-23,0,,2023,5,23,1
Frankfurt_1,2023-05-24,0,,2023,5,24,2
Frankfurt_1,2023-05-25,0,,2023,5,25,3
Frankfurt_1,2023-05-26,1,Ascension day,2023,5,26,4
Frankfurt_1,2023-05-27,0,,2023,5,27,5
Frankfurt_1,2023-05-28,1,Whit sunday,2023,5,28,6
Frankfurt_1,2023-05-29,1,Whit monday,2023,5,29,0
Frankfurt_1,2023-05-30,0,,2023,5,30,1
Frankfurt_1,2023-05-31,0,,2023,5,31,2
Frankfurt_1,2023-06-01,0,,2023,6,1,3
Frankfurt_1,2023-06-02,0,,2023,6,2,4
Frankfurt_1,2023-06-03,0,,2023,6,3,5
Frankfurt_1,2023-06-04,0,,2023,6,4,6
Frankfurt_1,2023-06-05,1,Whit sunday,2023,6,5,0
Frankfurt_1,2023-06-06,1,Whit monday,2023,6,6,1
Frankfurt_1,2023-06-07,0,,2023,6,7,2
Frankfurt_1,2023-06-08,1,Corpus Christi,2023,6,8,3
Frankfurt_1,2023-06-09,0,,2023,6,9,4
Frankfurt_1,2023-06-10,0,,2023,6,10,5
Frankfurt_1,2023-06-11,0,,2023,6,11,6
Frankfurt_1,2023-06-12,0,,2023,6,12,0
Frankfurt_1,2023-06-13,0,,2023,6,13,1
Frankfurt_1,2023-06-14,0,,2023,6,14,2
Frankfurt_1,2023-06-15,0,,2023,6,15,3
Frankfurt_1,2023-06-16,1,Corpus Christi,2023,6,16,4
Frankfurt_1,2023-06-17,0,,2023,6,17,5
Frankfurt_1,2023-06-18,0,,2023,6,18,6
Frankfurt_1,2023-06-19,0,,2023,6,19,0
Frankfurt_1,2023-06-20,0,,2023,6,20,1
Frankfurt_1,2023-06-21,0,,2023,6,21,2
Frankfurt_1,2023-06-22,0,,2023,6,22,3
Frankfurt_1,2023-06-23,0,,2023,6,23,4
Frankfurt_1,2023-06-24,0,,2023,6,24,5
Frankfurt_1,2023-06-25,0,,2023,6,25,6
Frankfurt_1,2023-06-26,0,,2023,6,26,0
Frankfurt_1,2023-06-27,0,,2023,6,27,1
Frankfurt_1,2023-06-28,0,,2023,6,28,2
Frankfurt_1,2023-06-29,0,,2023,6,29,3
Frankfurt_1,2023-06-30,0,,2023,6,30,4
Frankfurt_1,2023-07-01,0,,2023,7,1,5
Frankfurt_1,2023-07-02,0,,2023,7,2,6
Frankfurt_1,2023-07-03,0,,2023,7,3,0
Frankfurt_1,2023-07-04,0,,2023,7,4,1
Frankfurt_1,2023-07-05,0,,2023,7,5,2
Frankfurt_1,2023-07-06,0,,2023,7,6,3
Frankfurt_1,2023-07-07,0,,2023,7,7,4
Frankfurt_1,2023-07-08,0,,2023,7,8,5
Frankfurt_1,2023-07-09,0,,2023,7,9,6
Frankfurt_1,2023-07-10,0,,2023,7,10,0
Frankfurt_1,2023-07-11,0,,2023,7,11,1
Frankfurt_1,2023-07-12,0,,2023,7,12,2
Frankfurt_1,2023-07-13,0,,2023,7,13,3
Frankfurt_1,2023-07-14,0,,2023,7,14,4
Frankfurt_1,2023-07-15,0,,2023,7,15,5
Frankfurt_1,2023-07-16,0,,2023,7,16,6
Frankfurt_1,2023-07-17,0,,2023,7,17,0
Frankfurt_1,2023-07-18,0,,2023,7,18,1
Frankfurt_1,2023-07-19,0,,2023,7,19,2
Frankfurt_1,2023-07-20,0,,2023,7,20,3
Frankfurt_1,2023-07-21,0,,2023,7,21,4
Frankfurt_1,2023-07-22,0,,2023,7,22,5
Frankfurt_1,2023-07-23,0,,2023,7,23,6
Frankfurt_1,2023-07-24,0,,2023,7,24,0
Frankfurt_1,2023-07-25,0,,2023,7,25,1
Frankfurt_1,2023-07-26,0,,2023,7,26,2
Frankfurt_1,2023-07-27,0,,2023,7,27,3
Frankfurt_1,2023-07-28,0,,2023,7,28,4
Frankfurt_1,2023-07-29,0,,2023,7,29,5
Frankfurt_1,2023-07-30,0,,2023,7,30,6
Frankfurt_1,2023-07-31,0,,2023,7,31,0
Frankfurt_1,2023-08-01,0,,2023,8,1,1
Frankfurt_1,2023-08-02,0,,2023,8,2,2
Frankfurt_1,2023-08-03,0,,2023,8,3,3
Frankfurt_1,2023-08-04,0,,2023,8,4,4
Frankfurt_1,2023-08-05,0,,2023,8,5,5
Frankfurt_1,2023-08-06,0,,2023,8,6,6
Frankfurt_1,2023-08-07,0,,2023,8,7,0
Frankfurt_1,2023-08-08,0,,2023,8,8,1
Frankfurt_1,2023-08-09,0,,2023,8,9,2
Frankfurt_1,2023-08-10,0,,2023,8,10,3
Frankfurt_1,2023-08-11,0,,2023,8,11,4
Frankfurt_1,2023-08-12,0,,2023,8,12,5
Frankfurt_1,2023-08-13,0,,2023,8,13,6
Frankfurt_1,2023-08-14,0,,2023,8,14,0
Frankfurt_1,2023-08-15,0,,2023,8,15,1
Frankfurt_1,2023-08-16,0,,2023,8,16,2
Frankfurt_1,2023-08-17,0,,2023,8,17,3
Frankfurt_1,2023-08-18,0,,2023,8,18,4
Frankfurt_1,2023-08-19,0,,2023,8,19,5
Frankfurt_1,2023-08-20,0,,2023,8,20,6
Frankfurt_1,2023-08-21,0,,2023,8,21,0
Frankfurt_1,2023-08-22,0,,2023,8,22,1
Frankfurt_1,2023-08-23,0,,2023,8,23,2
Frankfurt_1,2023-08-24,0,,2023,8,24,3
Frankfurt_1,2023-08-25,0,,2023,8,25,4
Frankfurt_1,2023-08-26,0,,2023,8,26,5
Frankfurt_1,2023-08-27,0,,2023,8,27,6
Frankfurt_1,2023-08-28,0,,2023,8,28,0
Frankfurt_1,2023-08-29,0,,2023,8,29,1
Frankfurt_1,2023-08-30,0,,2023,8,30,2
Frankfurt_1,2023-08-31,0,,2023,8,31,3
Frankfurt_1,2023-09-01,0,,2023,9,1,4
Frankfurt_1,2023-09-02,0,,2023,9,2,5
Frankfurt_1,2023-09-03,0,,2023,9,3,6
Frankfurt_1,2023-09-04,0,,2023,9,4,0
Frankfurt_1,2023-09-05,0,,2023,9,5,1
Frankfurt_1,2023-09-06,0,,2023,9,6,2
Frankfurt_1,2023-09-07,0,,2023,9,7,3
Frankfurt_1,2023-09-08,0,,2023,9,8,4
Frankfurt_1,2023-09-09,0,,2023,9,9,5
Frankfurt_1,2023-09-10,0,,2023,9,10,6
Frankfurt_1,2023-09-11,0,,2023,9,11,0
Frankfurt_1,2023-09-12,0,,2023,9,12,1
Frankfurt_1,2023-09-13,0,,2023,9,13,2
Frankfurt_1,2023-09-14,0,,2023,9,14,3
Frankfurt_1,2023-09-15,0,,2023,9,15,4
Frankfurt_1,2023-09-16,0,,2023,9,16,5
Frankfurt_1,2023-09-17,0,,2023,9,17,6
Frankfurt_1,2023-09-18,0,,2023,9,18,0
Frankfurt_1,2023-09-19,0,,2023,9,19,1
Frankfurt_1,2023-09-20,0,,2023,9,20,2
Frankfurt_1,2023-09-21,0,,2023,9,21,3
Frankfurt_1,2023-09-22,0,,2023,9,22,4
Frankfurt_1,2023-09-23,0,,2023,9,23,5
Frankfurt_1,2023-09-24,0,,2023,9,24,6
Frankfurt_1,2023-09-25,0,,2023,9,25,0
Frankfurt_1,2023-09-26,0,,2023,9,26,1
Frankfurt_1,2023-09-27,0,,2023,9,27,2
Frankfurt_1,2023-09-28,0,,2023,9,28,3
Frankfurt_1,2023-09-29,0,,2023,9,29,4
Frankfurt_1,2023-09-30,0,,2023,9,30,5
Frankfurt_1,2023-10-01,0,,2023,10,1,6
Frankfurt_1,2023-10-02,0,,2023,10,2,0
Frankfurt_1,2023-10-03,1,German Unity Day,2023,10,3,1
Frankfurt_1,2023-10-04,0,,2023,10,4,2
Frankfurt_1,2023-10-05,0,,2023,10,5,3
Frankfurt_1,2023-10-06,0,,2023,10,6,4
Frankfurt_1,2023-10-07,0,,2023,10,7,5
Frankfurt_1,2023-10-08,0,,2023,10,8,6
Frankfurt_1,2023-10-09,0,,2023,10,9,0
Frankfurt_1,2023-10-10,0,,2023,10,10,1
Frankfurt_1,2023-10-11,0,,2023,10,11,2
Frankfurt_1,2023-10-12,0,,2023,10,12,3
Frankfurt_1,2023-10-13,0,,2023,10,13,4
Frankfurt_1,2023-10-14,0,,2023,10,14,5
Frankfurt_1,2023-10-15,0,,2023,10,15,6
Frankfurt_1,2023-10-16,0,,2023,10,16,0
Frankfurt_1,2023-10-17,0,,2023,10,17,1
Frankfurt_1,2023-10-18,0,,2023,10,18,2
Frankfurt_1,2023-10-19,0,,2023,10,19,3
Frankfurt_1,2023-10-20,0,,2023,10,20,4
Frankfurt_1,2023-10-21,0,,2023,10,21,5
Frankfurt_1,2023-10-22,0,,2023,10,22,6
Frankfurt_1,2023-10-23,0,,2023,10,23,0
Frankfurt_1,2023-10-24,0,,2023,10,24,1
Frankfurt_1,2023-10-25,0,,2023,10,25,2
Frankfurt_1,2023-10-26,0,,2023,10,26,3
Frankfurt_1,2023-10-27,0,,2023,10,27,4
Frankfurt_1,2023-10-28,0,,2023,10,28,5
Frankfurt_1,2023-10-29,0,,2023,10,29,6
Frankfurt_1,2023-10-30,0,,2023,10,30,0
Frankfurt_1,2023-10-31,1,Reformation Day,2023,10,31,1
Frankfurt_1,2023-11-01,0,,2023,11,1,2
Frankfurt_1,2023-11-02,0,,2023,11,2,3
Frankfurt_1,2023-11-03,0,,2023,11,3,4
Frankfurt_1,2023-11-04,0,,2023,11,4,5
Frankfurt_1,2023-11-05,0,,2023,11,5,6
Frankfurt_1,2023-11-06,0,,2023,11,6,0
Frankfurt_1,2023-11-07,0,,2023,11,7,1
Frankfurt_1,2023-11-08,0,,2023,11,8,2
Frankfurt_1,2023-11-09,0,,2023,11,9,3
Frankfurt_1,2023-11-10,0,,2023,11,10,4
Frankfurt_1,2023-11-11,0,,2023,11,11,5
Frankfurt_1,2023-11-12,0,,2023,11,12,6
Frankfurt_1,2023-11-13,0,,2023,11,13,0
Frankfurt_1,2023-11-14,0,,2023,11,14,1
Frankfurt_1,2023-11-15,0,,2023,11,15,2
Frankfurt_1,2023-11-16,0,,2023,11,16,3
Frankfurt_1,2023-11-17,0,,2023,11,17,4
Frankfurt_1,2023-11-18,0,,2023,11,18,5
Frankfurt_1,2023-11-19,0,,2023,11,19,6
Frankfurt_1,2023-11-20,0,,2023,11,20,0
Frankfurt_1,2023-11-21,0,,2023,11,21,1
Frankfurt_1,2023-11-22,0,,2023,11,22,2
Frankfurt_1,2023-11-23,0,,2023,11,23,3
Frankfurt_1,2023-11-24,0,,2023,11,24,4
Frankfurt_1,2023-11-25,0,,2023,11,25,5
Frankfurt_1,2023-11-26,0,,2023,11,26,6
Frankfurt_1,2023-11-27,0,,2023,11,27,0
Frankfurt_1,2023-11-28,0,,2023,11,28,1
Frankfurt_1,2023-11-29,0,,2023,11,29,2
Frankfurt_1,2023-11-30,0,,2023,11,30,3
Frankfurt_1,2023-12-01,0,,2023,12,1,4
Frankfurt_1,2023-12-02,0,,2023,12,2,5
Frankfurt_1,2023-12-03,0,,2023,12,3,6
Frankfurt_1,2023-12-04,0,,2023,12,4,0
Frankfurt_1,2023-12-05,0,,2023,12,5,1
Frankfurt_1,2023-12-06,0,,2023,12,6,2
Frankfurt_1,2023-12-07,0,,2023,12,7,3
Frankfurt_1,2023-12-08,0,,2023,12,8,4
Frankfurt_1,2023-12-09,0,,2023,12,9,5
Frankfurt_1,2023-12-10,0,,2023,12,10,6
Frankfurt_1,2023-12-11,0,,2023,12,11,0
Frankfurt_1,2023-12-12,0,,2023,12,12,1
Frankfurt_1,2023-12-13,0,,2023,12,13,2
Frankfurt_1,2023-12-14,0,,2023,12,14,3
Frankfurt_1,2023-12-15,0,,2023,12,15,4
Frankfurt_1,2023-12-16,0,,2023,12,16,5
Frankfurt_1,2023-12-17,0,,2023,12,17,6
Frankfurt_1,2023-12-18,0,,2023,12,18,0
Frankfurt_1,2023-12-19,0,,2023,12,19,1
Frankfurt_1,2023-12-20,0,,2023,12,20,2
Frankfurt_1,2023-12-21,0,,2023,12,21,3
Frankfurt_1,2023-12-22,0,,2023,12,22,4
Frankfurt_1,2023-12-23,0,,2023,12,23,5
Frankfurt_1,2023-12-24,1,Christmas Eve,2023,12,24,6
Frankfurt_1,2023-12-25,1,1st Christmas Day,2023,12,25,0
Frankfurt_1,2023-12-26,1,2nd Christmas Day,2023,12,26,1
Frankfurt_1,2023-12-27,0,,2023,12,27,2
Frankfurt_1,2023-12-28,0,,2023,12,28,3
Frankfurt_1,2023-12-29,0,,2023,12,29,4
Frankfurt_1,2023-12-30,0,,2023,12,30,5
Frankfurt_1,2023-12-31,0,,2023,12,31,6
Frankfurt_1,2024-01-01,1,New Years Day,2024,1,1,0
Frankfurt_1,2024-01-02,0,,2024,1,2,1
Frankfurt_1,2024-01-03,0,,2024,1,3,2
Frankfurt_1,2024-01-04,0,,2024,1,4,3
Frankfurt_1,2024-01-05,0,,2024,1,5,4
Frankfurt_1,2024-01-06,0,,2024,1,6,5
Frankfurt_1,2024-01-07,0,,2024,1,7,6
Frankfurt_1,2024-01-08,0,,2024,1,8,0
Frankfurt_1,2024-01-09,0,,2024,1,9,1
Frankfurt_1,2024-01-10,0,,2024,1,10,2
Frankfurt_1,2024-01-11,0,,2024,1,11,3
Frankfurt_1,2024-01-12,0,,2024,1,12,4
Frankfurt_1,2024-01-13,0,,2024,1,13,5
Frankfurt_1,2024-01-14,0,,2024,1,14,6
Frankfurt_1,2024-01-15,0,,2024,1,15,0
Frankfurt_1,2024-01-16,0,,2024,1,16,1
Frankfurt_1,2024-01-17,0,,2024,1,17,2
Frankfurt_1,2024-01-18,0,,2024,1,18,3
Frankfurt_1,2024-01-19,0,,2024,1,19,4
Frankfurt_1,2024-01-20,0,,2024,1,20,5
Frankfurt_1,2024-01-21,0,,2024,1,21,6
Frankfurt_1,2024-01-22,0,,2024,1,22,0
Frankfurt_1,2024-01-23,0,,2024,1,23,1
Frankfurt_1,2024-01-24,0,,2024,1,24,2
Frankfurt_1,2024-01-25,0,,2024,1,25,3
Frankfurt_1,2024-01-26,0,,2024,1,26,4
Frankfurt_1,2024-01-27,0,,2024,1,27,5
Frankfurt_1,2024-01-28,0,,2024,1,28,6
Frankfurt_1,2024-01-29,0,,2024,1,29,0
Frankfurt_1,2024-01-30,0,,2024,1,30,1
Frankfurt_1,2024-01-31,0,,2024,1,31,2
Frankfurt_1,2024-02-01,0,,2024,2,1,3
Frankfurt_1,2024-02-02,0,,2024,2,2,4
Frankfurt_1,2024-02-03,0,,2024,2,3,5
Frankfurt_1,2024-02-04,0,,2024,2,4,6
Frankfurt_1,2024-02-05,0,,2024,2,5,0
Frankfurt_1,2024-02-06,0,,2024,2,6,1
Frankfurt_1,2024-02-07,0,,2024,2,7,2
Frankfurt_1,2024-02-08,0,,2024,2,8,3
Frankfurt_1,2024-02-09,0,,2024,2,9,4
Frankfurt_1,2024-02-10,0,,2024,2,10,5
Frankfurt_1,2024-02-11,0,,2024,2,11,6
Frankfurt_1,2024-02-12,0,,2024,2,12,0
Frankfurt_1,2024-02-13,0,,2024,2,13,1
Frankfurt_1,2024-02-14,0,,2024,2,14,2
Frankfurt_1,2024-02-15,0,,2024,2,15,3
Frankfurt_1,2024-02-16,0,,2024,2,16,4
Frankfurt_1,2024-02-17,0,,2024,2,17,5
Frankfurt_1,2024-02-18,0,,2024,2,18,6
Frankfurt_1,2024-02-19,0,,2024,2,19,0
Frankfurt_1,2024-02-20,0,,2024,2,20,1
Frankfurt_1,2024-02-21,0,,2024,2,21,2
Frankfurt_1,2024-02-22,0,,2024,2,22,3
Frankfurt_1,2024-02-23,0,,2024,2,23,4
Frankfurt_1,2024-02-24,0,,2024,2,24,5
Frankfurt_1,2024-02-25,0,,2024,2,25,6
Frankfurt_1,2024-02-26,0,,2024,2,26,0
Frankfurt_1,2024-02-27,0,,2024,2,27,1
Frankfurt_1,2024-02-28,0,,2024,2,28,2
Frankfurt_1,2024-02-29,0,,2024,2,29,3
Frankfurt_1,2024-03-01,0,,2024,3,1,4
Frankfurt_1,2024-03-02,0,,2024,3,2,5
Frankfurt_1,2024-03-03,0,,2024,3,3,6
Frankfurt_1,2024-03-04,0,,2024,3,4,0
Frankfurt_1,2024-03-05,0,,2024,3,5,1
Frankfurt_1,2024-03-06,0,,2024,3,6,2
Frankfurt_1,2024-03-07,0,,2024,3,7,3
Frankfurt_1,2024-03-08,1,International womens day,2024,3,8,4
Frankfurt_1,2024-03-09,0,,2024,3,9,5
Frankfurt_1,2024-03-10,0,,2024,3,10,6
Frankfurt_1,2024-03-11,0,,2024,3,11,0
Frankfurt_1,2024-03-12,0,,2024,3,12,1
Frankfurt_1,2024-03-13,0,,2024,3,13,2
Frankfurt_1,2024-03-14,0,,2024,3,14,3
Frankfurt_1,2024-03-15,0,,2024,3,15,4
Frankfurt_1,2024-03-16,0,,2024,3,16,5
Frankfurt_1,2024-03-17,0,,2024,3,17,6
Frankfurt_1,2024-03-18,0,,2024,3,18,0
Frankfurt_1,2024-03-19,0,,2024,3,19,1
Frankfurt_1,2024-03-20,0,,2024,3,20,2
Frankfurt_1,2024-03-21,0,,2024,3,21,3
Frankfurt_1,2024-03-22,0,,2024,3,22,4
Frankfurt_1,2024-03-23,0,,2024,3,23,5
Frankfurt_1,2024-03-24,0,,2024,3,24,6
Frankfurt_1,2024-03-25,0,,2024,3,25,0
Frankfurt_1,2024-03-26,0,,2024,3,26,1
Frankfurt_1,2024-03-27,0,,2024,3,27,2
Frankfurt_1,2024-03-28,0,,2024,3,28,3
Frankfurt_1,2024-03-29,1,Good Friday,2024,3,29,4
Frankfurt_1,2024-03-30,1,Holy Saturday,2024,3,30,5
Frankfurt_1,2024-03-31,1,Easter Day,2024,3,31,6
Frankfurt_1,2024-04-01,1,Easter Monday,2024,4,1,0
Frankfurt_1,2024-04-02,0,,2024,4,2,1
Frankfurt_1,2024-04-03,0,,2024,4,3,2
Frankfurt_1,2024-04-04,0,,2024,4,4,3
Frankfurt_1,2024-04-05,0,,2024,4,5,4
Frankfurt_1,2024-04-06,0,,2024,4,6,5
Frankfurt_1,2024-04-07,1,Good Friday,2024,4,7,6
Frankfurt_1,2024-04-08,1,Good Friday,2024,4,8,0
Frankfurt_1,2024-04-09,1,Easter Sunday,2024,4,9,1
Frankfurt_1,2024-04-10,1,Easter Monday,2024,4,10,2
Frankfurt_1,2024-04-11,0,,2024,4,11,3
Frankfurt_1,2024-04-12,0,,2024,4,12,4
Frankfurt_1,2024-04-13,0,,2024,4,13,5
Frankfurt_1,2024-04-14,0,,2024,4,14,6
Frankfurt_1,2024-04-15,0,,2024,4,15,0
Frankfurt_1,2024-04-16,0,,2024,4,16,1
Frankfurt_1,2024-04-17,0,,2024,4,17,2
Frankfurt_1,2024-04-18,0,,2024,4,18,3
Frankfurt_1,2024-04-19,0,,2024,4,19,4
Frankfurt_1,2024-04-20,0,,2024,4,20,5
Frankfurt_1,2024-04-21,0,,2024,4,21,6
Frankfurt_1,2024-04-22,0,,2024,4,22,0
Frankfurt_1,2024-04-23,0,,2024,4,23,1
Frankfurt_1,2024-04-24,0,,2024,4,24,2
Frankfurt_1,2024-04-25,0,,2024,4,25,3
Frankfurt_1,2024-04-26,0,,2024,4,26,4
Frankfurt_1,2024-04-27,0,,2024,4,27,5
Frankfurt_1,2024-04-28,0,,2024,4,28,6
Frankfurt_1,2024-04-29,0,,2024,4,29,0
Frankfurt_1,2024-04-30,0,,2024,4,30,1
Frankfurt_1,2024-05-01,1,Labour Day,2024,5,1,2
Frankfurt_1,2024-05-02,0,,2024,5,2,3
Frankfurt_1,2024-05-03,0,,2024,5,3,4
Frankfurt_1,2024-05-04,0,,2024,5,4,5
Frankfurt_1,2024-05-05,0,,2024,5,5,6
Frankfurt_1,2024-05-06,0,,2024,5,6,0
Frankfurt_1,2024-05-07,0,,2024,5,7,1
Frankfurt_1,2024-05-08,0,,2024,5,8,2
Frankfurt_1,2024-05-09,1,Ascension day,2024,5,9,3
Frankfurt_1,2024-05-10,0,,2024,5,10,4
Frankfurt_1,2024-05-11,0,,2024,5,11,5
Frankfurt_1,2024-05-12,1,Mother's Day,2024,5,12,6
Frankfurt_1,2024-05-13,0,,2024,5,13,0
Frankfurt_1,2024-05-14,1,Mother's Day,2024,5,14,1
Frankfurt_1,2024-05-15,0,,2024,5,15,2
Frankfurt_1,2024-05-16,0,,2024,5,16,3
Frankfurt_1,2024-05-17,0,,2024,5,17,4
Frankfurt_1,2024-05-18,1,Ascension day,2024,5,18,5
Frankfurt_1,2024-05-19,1,Whit sunday,2024,5,19,6
Frankfurt_1,2024-05-20,1,Whit monday,2024,5,20,0
Frankfurt_1,2024-05-21,0,,2024,5,21,1
Frankfurt_1,2024-05-22,0,,2024,5,22,2
Frankfurt_1,2024-05-23,0,,2024,5,23,3
Frankfurt_1,2024-05-24,0,,2024,5,24,4
Frankfurt_1,2024-05-25,0,,2024,5,25,5
Frankfurt_1,2024-05-26,0,,2024,5,26,6
Frankfurt_1,2024-05-27,0,,2024,5,27,0
Frankfurt_1,2024-05-28,1,Whit sunday,2024,5,28,1
Frankfurt_1,2024-05-29,1,Whit monday,2024,5,29,2
Frankfurt_1,2024-05-30,1,Corpus Christi,2024,5,30,3
Frankfurt_1,2024-05-31,0,,2024,5,31,4
Frankfurt_1,2024-06-01,0,,2024,6,1,5
Frankfurt_1,2024-06-02,0,,2024,6,2,6
Frankfurt_1,2024-06-03,0,,2024,6,3,0
Frankfurt_1,2024-06-04,0,,2024,6,4,1
Frankfurt_1,2024-06-05,0,,2024,6,5,2
Frankfurt_1,2024-06-06,0,,2024,6,6,3
Frankfurt_1,2024-06-07,0,,2024,6,7,4
Frankfurt_1,2024-06-08,1,Corpus Christi,2024,6,8,5
Frankfurt_1,2024-06-09,0,,2024,6,9,6
Frankfurt_1,2024-06-10,0,,2024,6,10,0
Frankfurt_1,2024-06-11,0,,2024,6,11,1
Frankfurt_1,2024-06-12,0,,2024,6,12,2
Frankfurt_1,2024-06-13,0,,2024,6,13,3
Frankfurt_1,2024-06-14,0,,2024,6,14,4
Frankfurt_1,2024-06-15,0,,2024,6,15,5
Frankfurt_1,2024-06-16,0,,2024,6,16,6
Frankfurt_1,2024-06-17,0,,2024,6,17,0
Frankfurt_1,2024-06-18,0,,2024,6,18,1
Frankfurt_1,2024-06-19,0,,2024,6,19,2
Frankfurt_1,2024-06-20,0,,2024,6,20,3
Frankfurt_1,2024-06-21,0,,2024,6,21,4
Frankfurt_1,2024-06-22,0,,2024,6,22,5
Frankfurt_1,2024-06-23,0,,2024,6,23,6
Frankfurt_1,2024-06-24,0,,2024,6,24,0
Frankfurt_1,2024-06-25,0,,2024,6,25,1
Frankfurt_1,2024-06-26,0,,2024,6,26,2
Frankfurt_1,2024-06-27,0,,2024,6,27,3
Frankfurt_1,2024-06-28,0,,2024,6,28,4
Frankfurt_1,2024-06-29,0,,2024,6,29,5
Frankfurt_1,2024-06-30,0,,2024,6,30,6
Frankfurt_1,2024-07-01,0,,2024,7,1,0
Frankfurt_1,2024-07-02,0,,2024,7,2,1
Frankfurt_1,2024-07-03,0,,2024,7,3,2
Frankfurt_1,2024-07-04,0,,2024,7,4,3
Frankfurt_1,2024-07-05,0,,2024,7,5,4
Frankfurt_1,2024-07-06,0,,2024,7,6,5
Frankfurt_1,2024-07-07,0,,2024,7,7,6
Frankfurt_1,2024-07-08,0,,2024,7,8,0
Frankfurt_1,2024-07-09,0,,2024,7,9,1
Frankfurt_1,2024-07-10,0,,2024,7,10,2
Frankfurt_1,2024-07-11,0,,2024,7,11,3
Frankfurt_1,2024-07-12,0,,2024,7,12,4
Frankfurt_1,2024-07-13,0,,2024,7,13,5
Frankfurt_1,2024-07-14,0,,2024,7,14,6
Frankfurt_1,2024-07-15,0,,2024,7,15,0
Frankfurt_1,2024-07-16,0,,2024,7,16,1
Frankfurt_1,2024-07-17,0,,2024,7,17,2
Frankfurt_1,2024-07-18,0,,2024,7,18,3
Frankfurt_1,2024-07-19,0,,2024,7,19,4
Frankfurt_1,2024-07-20,0,,2024,7,20,5
Frankfurt_1,2024-07-21,0,,2024,7,21,6
Frankfurt_1,2024-07-22,0,,2024,7,22,0
Frankfurt_1,2024-07-23,0,,2024,7,23,1
Frankfurt_1,2024-07-24,0,,2024,7,24,2
Frankfurt_1,2024-07-25,0,,2024,7,25,3
Frankfurt_1,2024-07-26,0,,2024,7,26,4
Frankfurt_1,2024-07-27,0,,2024,7,27,5
Frankfurt_1,2024-07-28,0,,2024,7,28,6
Frankfurt_1,2024-07-29,0,,2024,7,29,0
Frankfurt_1,2024-07-30,0,,2024,7,30,1
Frankfurt_1,2024-07-31,0,,2024,7,31,2
Frankfurt_1,2024-08-01,0,,2024,8,1,3
Frankfurt_1,2024-08-02,0,,2024,8,2,4
Frankfurt_1,2024-08-03,0,,2024,8,3,5
Frankfurt_1,2024-08-04,0,,2024,8,4,6
Frankfurt_1,2024-08-05,0,,2024,8,5,0
Frankfurt_1,2024-08-06,0,,2024,8,6,1
Frankfurt_1,2024-08-07,0,,2024,8,7,2
Frankfurt_1,2024-08-08,0,,2024,8,8,3
Frankfurt_1,2024-08-09,0,,2024,8,9,4
Frankfurt_1,2024-08-10,0,,2024,8,10,5
Frankfurt_1,2024-08-11,0,,2024,8,11,6
Frankfurt_1,2024-08-12,0,,2024,8,12,0
Frankfurt_1,2024-08-13,0,,2024,8,13,1
Frankfurt_1,2024-08-14,0,,2024,8,14,2
Frankfurt_1,2024-08-15,0,,2024,8,15,3
Frankfurt_1,2024-08-16,0,,2024,8,16,4
Frankfurt_1,2024-08-17,0,,2024,8,17,5
Frankfurt_1,2024-08-18,0,,2024,8,18,6
Frankfurt_1,2024-08-19,0,,2024,8,19,0
Frankfurt_1,2024-08-20,0,,2024,8,20,1
Frankfurt_1,2024-08-21,0,,2024,8,21,2
Frankfurt_1,2024-08-22,0,,2024,8,22,3
Frankfurt_1,2024-08-23,0,,2024,8,23,4
Frankfurt_1,2024-08-24,0,,2024,8,24,5
Frankfurt_1,2024-08-25,0,,2024,8,25,6
Frankfurt_1,2024-08-26,0,,2024,8,26,0
Frankfurt_1,2024-08-27,0,,2024,8,27,1
Frankfurt_1,2024-08-28,0,,2024,8,28,2
Frankfurt_1,2024-08-29,0,,2024,8,29,3
Frankfurt_1,2024-08-30,0,,2024,8,30,4
Frankfurt_1,2024-08-31,0,,2024,8,31,5
Frankfurt_1,2024-09-01,0,,2024,9,1,6
Frankfurt_1,2024-09-02,0,,2024,9,2,0
Frankfurt_1,2024-09-03,0,,2024,9,3,1
Frankfurt_1,2024-09-04,0,,2024,9,4,2
Frankfurt_1,2024-09-05,0,,2024,9,5,3
Frankfurt_1,2024-09-06,0,,2024,9,6,4
Frankfurt_1,2024-09-07,0,,2024,9,7,5
Frankfurt_1,2024-09-08,0,,2024,9,8,6
Frankfurt_1,2024-09-09,0,,2024,9,9,0
Frankfurt_1,2024-09-10,0,,2024,9,10,1
Frankfurt_1,2024-09-11,0,,2024,9,11,2
Frankfurt_1,2024-09-12,0,,2024,9,12,3
Frankfurt_1,2024-09-13,0,,2024,9,13,4
Frankfurt_1,2024-09-14,0,,2024,9,14,5
Frankfurt_1,2024-09-15,0,,2024,9,15,6
Frankfurt_1,2024-09-16,0,,2024,9,16,0
Frankfurt_1,2024-09-17,0,,2024,9,17,1
Frankfurt_1,2024-09-18,0,,2024,9,18,2
Frankfurt_1,2024-09-19,0,,2024,9,19,3
Frankfurt_1,2024-09-20,0,,2024,9,20,4
Frankfurt_1,2024-09-21,0,,2024,9,21,5
Frankfurt_1,2024-09-22,0,,2024,9,22,6
Frankfurt_1,2024-09-23,0,,2024,9,23,0
Frankfurt_1,2024-09-24,0,,2024,9,24,1
Frankfurt_1,2024-09-25,0,,2024,9,25,2
Frankfurt_1,2024-09-26,0,,2024,9,26,3
Frankfurt_1,2024-09-27,0,,2024,9,27,4
Frankfurt_1,2024-09-28,0,,2024,9,28,5
Frankfurt_1,2024-09-29,0,,2024,9,29,6
Frankfurt_1,2024-09-30,0,,2024,9,30,0
Frankfurt_1,2024-10-01,0,,2024,10,1,1
Frankfurt_1,2024-10-02,0,,2024,10,2,2
Frankfurt_1,2024-10-03,1,German Unity Day,2024,10,3,3
Frankfurt_1,2024-10-04,0,,2024,10,4,4
Frankfurt_1,2024-10-05,0,,2024,10,5,5
Frankfurt_1,2024-10-06,0,,2024,10,6,6
Frankfurt_1,2024-10-07,0,,2024,10,7,0
Frankfurt_1,2024-10-08,0,,2024,10,8,1
Frankfurt_1,2024-10-09,0,,2024,10,9,2
Frankfurt_1,2024-10-10,0,,2024,10,10,3
Frankfurt_1,2024-10-11,0,,2024,10,11,4
Frankfurt_1,2024-10-12,0,,2024,10,12,5
Frankfurt_1,2024-10-13,0,,2024,10,13,6
Frankfurt_1,2024-10-14,0,,2024,10,14,0
Frankfurt_1,2024-10-15,0,,2024,10,15,1
Frankfurt_1,2024-10-16,0,,2024,10,16,2
Frankfurt_1,2024-10-17,0,,2024,10,17,3
Frankfurt_1,2024-10-18,0,,2024,10,18,4
Frankfurt_1,2024-10-19,0,,2024,10,19,5
Frankfurt_1,2024-10-20,0,,2024,10,20,6
Frankfurt_1,2024-10-21,0,,2024,10,21,0
Frankfurt_1,2024-10-22,0,,2024,10,22,1
Frankfurt_1,2024-10-23,0,,2024,10,23,2
Frankfurt_1,2024-10-24,0,,2024,10,24,3
Frankfurt_1,2024-10-25,0,,2024,10,25,4
Frankfurt_1,2024-10-26,0,,2024,10,26,5
Frankfurt_1,2024-10-27,0,,2024,10,27,6
Frankfurt_1,2024-10-28,0,,2024,10,28,0
Frankfurt_1,2024-10-29,0,,2024,10,29,1
Frankfurt_1,2024-10-30,0,,2024,10,30,2
Frankfurt_1,2024-10-31,1,Reformation Day,2024,10,31,3
Frankfurt_1,2024-11-01,0,,2024,11,1,4
Frankfurt_1,2024-11-02,0,,2024,11,2,5
Frankfurt_1,2024-11-03,0,,2024,11,3,6
Frankfurt_1,2024-11-04,0,,2024,11,4,0
Frankfurt_1,2024-11-05,0,,2024,11,5,1
Frankfurt_1,2024-11-06,0,,2024,11,6,2
Frankfurt_1,2024-11-07,0,,2024,11,7,3
Frankfurt_1,2024-11-08,0,,2024,11,8,4
Frankfurt_1,2024-11-09,0,,2024,11,9,5
Frankfurt_1,2024-11-10,0,,2024,11,10,6
Frankfurt_1,2024-11-11,0,,2024,11,11,0
Frankfurt_1,2024-11-12,0,,2024,11,12,1
Frankfurt_1,2024-11-13,0,,2024,11,13,2
Frankfurt_1,2024-11-14,0,,2024,11,14,3
Frankfurt_1,2024-11-15,0,,2024,11,15,4
Frankfurt_1,2024-11-16,0,,2024,11,16,5
Frankfurt_1,2024-11-17,0,,2024,11,17,6
Frankfurt_1,2024-11-18,0,,2024,11,18,0
Frankfurt_1,2024-11-19,0,,2024,11,19,1
Frankfurt_1,2024-11-20,0,,2024,11,20,2
Frankfurt_1,2024-11-21,0,,2024,11,21,3
Frankfurt_1,2024-11-22,0,,2024,11,22,4
Frankfurt_1,2024-11-23,0,,2024,11,23,5
Frankfurt_1,2024-11-24,0,,2024,11,24,6
Frankfurt_1,2024-11-25,0,,2024,11,25,0
Frankfurt_1,2024-11-26,0,,2024,11,26,1
Frankfurt_1,2024-11-27,0,,2024,11,27,2
Frankfurt_1,2024-11-28,0,,2024,11,28,3
Frankfurt_1,2024-11-29,0,,2024,11,29,4
Frankfurt_1,2024-11-30,0,,2024,11,30,5
Frankfurt_1,2024-12-01,0,,2024,12,1,6
Frankfurt_1,2024-12-02,0,,2024,12,2,0
Frankfurt_1,2024-12-03,0,,2024,12,3,1
Frankfurt_1,2024-12-04,0,,2024,12,4,2
Frankfurt_1,2024-12-05,0,,2024,12,5,3
Frankfurt_1,2024-12-06,0,,2024,12,6,4
Frankfurt_1,2024-12-07,0,,2024,12,7,5
Frankfurt_1,2024-12-08,0,,2024,12,8,6
Frankfurt_1,2024-12-09,0,,2024,12,9,0
Frankfurt_1,2024-12-10,0,,2024,12,10,1
Frankfurt_1,2024-12-11,0,,2024,12,11,2
Frankfurt_1,2024-12-12,0,,2024,12,12,3
Frankfurt_1,2024-12-13,0,,2024,12,13,4
Frankfurt_1,2024-12-14,0,,2024,12,14,5
Frankfurt_1,2024-12-15,0,,2024,12,15,6
Frankfurt_1,2024-12-16,0,,2024,12,16,0
Frankfurt_1,2024-12-17,0,,2024,12,17,1
Frankfurt_1,2024-12-18,0,,2024,12,18,2
Frankfurt_1,2024-12-19,0,,2024,12,19,3
Frankfurt_1,2024-12-20,0,,2024,12,20,4
Frankfurt_1,2024-12-21,0,,2024,12,21,5
Frankfurt_1,2024-12-22,0,,2024,12,22,6
Frankfurt_1,2024-12-23,0,,2024,12,23,0
Frankfurt_1,2024-12-24,1,Christmas Eve,2024,12,24,1
Frankfurt_1,2024-12-25,1,1st Christmas Day,2024,12,25,2
Frankfurt_1,2024-12-26,1,2nd Christmas Day,2024,12,26,3
Frankfurt_1,2024-12-27,0,,2024,12,27,4
Frankfurt_1,2024-12-28,0,,2024,12,28,5
Frankfurt_1,2024-12-29,0,,2024,12,29,6
Frankfurt_1,2024-12-30,0,,2024,12,30,0
Frankfurt_1,2024-12-31,0,,2024,12,31,1
Munich_1,2016-01-01,1,New Years Day,2016,1,1,4
Munich_1,2016-01-02,0,,2016,1,2,5
Munich_1,2016-01-03,0,,2016,1,3,6
Munich_1,2016-01-04,0,,2016,1,4,0
Munich_1,2016-01-05,0,,2016,1,5,1
Munich_1,2016-01-06,1,Epiphany,2016,1,6,2
Munich_1,2016-01-07,0,,2016,1,7,3
Munich_1,2016-01-08,0,,2016,1,8,4
Munich_1,2016-01-09,0,,2016,1,9,5
Munich_1,2016-01-10,0,,2016,1,10,6
Munich_1,2016-01-11,0,,2016,1,11,0
Munich_1,2016-01-12,0,,2016,1,12,1
Munich_1,2016-01-13,0,,2016,1,13,2
Munich_1,2016-01-14,0,,2016,1,14,3
Munich_1,2016-01-15,0,,2016,1,15,4
Munich_1,2016-01-16,0,,2016,1,16,5
Munich_1,2016-01-17,0,,2016,1,17,6
Munich_1,2016-01-18,0,,2016,1,18,0
Munich_1,2016-01-19,0,,2016,1,19,1
Munich_1,2016-01-20,0,,2016,1,20,2
Munich_1,2016-01-21,0,,2016,1,21,3
Munich_1,2016-01-22,0,,2016,1,22,4
Munich_1,2016-01-23,0,,2016,1,23,5
Munich_1,2016-01-24,0,,2016,1,24,6
Munich_1,2016-01-25,0,,2016,1,25,0
Munich_1,2016-01-26,0,,2016,1,26,1
Munich_1,2016-01-27,0,,2016,1,27,2
Munich_1,2016-01-28,0,,2016,1,28,3
Munich_1,2016-01-29,0,,2016,1,29,4
Munich_1,2016-01-30,0,,2016,1,30,5
Munich_1,2016-01-31,0,,2016,1,31,6
Munich_1,2016-02-01,0,,2016,2,1,0
Munich_1,2016-02-02,0,,2016,2,2,1
Munich_1,2016-02-03,0,,2016,2,3,2
Munich_1,2016-02-04,0,,2016,2,4,3
Munich_1,2016-02-05,0,,2016,2,5,4
Munich_1,2016-02-06,0,,2016,2,6,5
Munich_1,2016-02-07,0,,2016,2,7,6
Munich_1,2016-02-08,0,,2016,2,8,0
Munich_1,2016-02-09,0,,2016,2,9,1
Munich_1,2016-02-10,0,,2016,2,10,2
Munich_1,2016-02-11,0,,2016,2,11,3
Munich_1,2016-02-12,0,,2016,2,12,4
Munich_1,2016-02-13,0,,2016,2,13,5
Munich_1,2016-02-14,0,,2016,2,14,6
Munich_1,2016-02-15,0,,2016,2,15,0
Munich_1,2016-02-16,0,,2016,2,16,1
Munich_1,2016-02-17,0,,2016,2,17,2
Munich_1,2016-02-18,0,,2016,2,18,3
Munich_1,2016-02-19,0,,2016,2,19,4
Munich_1,2016-02-20,0,,2016,2,20,5
Munich_1,2016-02-21,0,,2016,2,21,6
Munich_1,2016-02-22,0,,2016,2,22,0
Munich_1,2016-02-23,0,,2016,2,23,1
Munich_1,2016-02-24,0,,2016,2,24,2
Munich_1,2016-02-25,0,,2016,2,25,3
Munich_1,2016-02-26,0,,2016,2,26,4
Munich_1,2016-02-27,0,,2016,2,27,5
Munich_1,2016-02-28,0,,2016,2,28,6
Munich_1,2016-02-29,0,,2016,2,29,0
Munich_1,2016-03-01,0,,2016,3,1,1
Munich_1,2016-03-02,0,,2016,3,2,2
Munich_1,2016-03-03,0,,2016,3,3,3
Munich_1,2016-03-04,0,,2016,3,4,4
Munich_1,2016-03-05,0,,2016,3,5,5
Munich_1,2016-03-06,0,,2016,3,6,6
Munich_1,2016-03-07,0,,2016,3,7,0
Munich_1,2016-03-08,1,International womens day,2016,3,8,1
Munich_1,2016-03-09,0,,2016,3,9,2
Munich_1,2016-03-10,0,,2016,3,10,3
Munich_1,2016-03-11,0,,2016,3,11,4
Munich_1,2016-03-12,0,,2016,3,12,5
Munich_1,2016-03-13,0,,2016,3,13,6
Munich_1,2016-03-14,0,,2016,3,14,0
Munich_1,2016-03-15,0,,2016,3,15,1
Munich_1,2016-03-16,0,,2016,3,16,2
Munich_1,2016-03-17,0,,2016,3,17,3
Munich_1,2016-03-18,0,,2016,3,18,4
Munich_1,2016-03-19,0,,2016,3,19,5
Munich_1,2016-03-20,0,,2016,3,20,6
Munich_1,2016-03-21,0,,2016,3,21,0
Munich_1,2016-03-22,0,,2016,3,22,1
Munich_1,2016-03-23,0,,2016,3,23,2
Munich_1,2016-03-24,0,,2016,3,24,3
Munich_1,2016-03-25,1,Good Friday,2016,3,25,4
Munich_1,2016-03-26,1,Holy Saturday,2016,3,26,5
Munich_1,2016-03-27,1,Easter Sunday,2016,3,27,6
Munich_1,2016-03-28,1,Easter Monday,2016,3,28,0
Munich_1,2016-03-29,0,,2016,3,29,1
Munich_1,2016-03-30,0,,2016,3,30,2
Munich_1,2016-03-31,0,,2016,3,31,3
Munich_1,2016-04-01,0,,2016,4,1,4
Munich_1,2016-04-02,0,,2016,4,2,5
Munich_1,2016-04-03,0,,2016,4,3,6
Munich_1,2016-04-04,0,,2016,4,4,0
Munich_1,2016-04-05,0,,2016,4,5,1
Munich_1,2016-04-06,0,,2016,4,6,2
Munich_1,2016-04-07,0,,2016,4,7,3
Munich_1,2016-04-08,0,,2016,4,8,4
Munich_1,2016-04-09,0,,2016,4,9,5
Munich_1,2016-04-10,0,,2016,4,10,6
Munich_1,2016-04-11,0,,2016,4,11,0
Munich_1,2016-04-12,0,,2016,4,12,1
Munich_1,2016-04-13,0,,2016,4,13,2
Munich_1,2016-04-14,0,,2016,4,14,3
Munich_1,2016-04-15,0,,2016,4,15,4
Munich_1,2016-04-16,0,,2016,4,16,5
Munich_1,2016-04-17,0,,2016,4,17,6
Munich_1,2016-04-18,0,,2016,4,18,0
Munich_1,2016-04-19,0,,2016,4,19,1
Munich_1,2016-04-20,0,,2016,4,20,2
Munich_1,2016-04-21,0,,2016,4,21,3
Munich_1,2016-04-22,0,,2016,4,22,4
Munich_1,2016-04-23,0,,2016,4,23,5
Munich_1,2016-04-24,0,,2016,4,24,6
Munich_1,2016-04-25,0,,2016,4,25,0
Munich_1,2016-04-26,0,,2016,4,26,1
Munich_1,2016-04-27,0,,2016,4,27,2
Munich_1,2016-04-28,0,,2016,4,28,3
Munich_1,2016-04-29,0,,2016,4,29,4
Munich_1,2016-04-30,0,,2016,4,30,5
Munich_1,2016-05-01,1,Labour Day,2016,5,1,6
Munich_1,2016-05-02,0,,2016,5,2,0
Munich_1,2016-05-03,0,,2016,5,3,1
Munich_1,2016-05-04,0,,2016,5,4,2
Munich_1,2016-05-05,1,Ascension day,2016,5,5,3
Munich_1,2016-05-06,0,,2016,5,6,4
Munich_1,2016-05-07,0,,2016,5,7,5
Munich_1,2016-05-08,1,Mother's Day,2016,5,8,6
Munich_1,2016-05-09,0,,2016,5,9,0
Munich_1,2016-05-10,0,,2016,5,10,1
Munich_1,2016-05-11,0,,2016,5,11,2
Munich_1,2016-05-12,0,,2016,5,12,3
Munich_1,2016-05-13,0,,2016,5,13,4
Munich_1,2016-05-14,0,,2016,5,14,5
Munich_1,2016-05-15,1,Whit sunday,2016,5,15,6
Munich_1,2016-05-16,1,Whit monday,2016,5,16,0
Munich_1,2016-05-17,0,,2016,5,17,1
Munich_1,2016-05-18,0,,2016,5,18,2
Munich_1,2016-05-19,0,,2016,5,19,3
Munich_1,2016-05-20,0,,2016,5,20,4
Munich_1,2016-05-21,0,,2016,5,21,5
Munich_1,2016-05-22,0,,2016,5,22,6
Munich_1,2016-05-23,0,,2016,5,23,0
Munich_1,2016-05-24,0,,2016,5,24,1
Munich_1,2016-05-25,0,,2016,5,25,2
Munich_1,2016-05-26,1,Corpus Christi,2016,5,26,3
Munich_1,2016-05-27,0,,2016,5,27,4
Munich_1,2016-05-28,0,,2016,5,28,5
Munich_1,2016-05-29,0,,2016,5,29,6
Munich_1,2016-05-30,0,,2016,5,30,0
Munich_1,2016-05-31,0,,2016,5,31,1
Munich_1,2016-06-01,0,,2016,6,1,2
Munich_1,2016-06-02,0,,2016,6,2,3
Munich_1,2016-06-03,0,,2016,6,3,4
Munich_1,2016-06-04,0,,2016,6,4,5
Munich_1,2016-06-05,0,,2016,6,5,6
Munich_1,2016-06-06,0,,2016,6,6,0
Munich_1,2016-06-07,0,,2016,6,7,1
Munich_1,2016-06-08,0,,2016,6,8,2
Munich_1,2016-06-09,0,,2016,6,9,3
Munich_1,2016-06-10,0,,2016,6,10,4
Munich_1,2016-06-11,0,,2016,6,11,5
Munich_1,2016-06-12,0,,2016,6,12,6
Munich_1,2016-06-13,0,,2016,6,13,0
Munich_1,2016-06-14,0,,2016,6,14,1
Munich_1,2016-06-15,0,,2016,6,15,2
Munich_1,2016-06-16,0,,2016,6,16,3
Munich_1,2016-06-17,0,,2016,6,17,4
Munich_1,2016-06-18,0,,2016,6,18,5
Munich_1,2016-06-19,0,,2016,6,19,6
Munich_1,2016-06-20,0,,2016,6,20,0
Munich_1,2016-06-21,0,,2016,6,21,1
Munich_1,2016-06-22,0,,2016,6,22,2
Munich_1,2016-06-23,0,,2016,6,23,3
Munich_1,2016-06-24,0,,2016,6,24,4
Munich_1,2016-06-25,0,,2016,6,25,5
Munich_1,2016-06-26,0,,2016,6,26,6
Munich_1,2016-06-27,0,,2016,6,27,0
Munich_1,2016-06-28,0,,2016,6,28,1
Munich_1,2016-06-29,0,,2016,6,29,2
Munich_1,2016-06-30,0,,2016,6,30,3
Munich_1,2016-07-01,0,,2016,7,1,4
Munich_1,2016-07-02,0,,2016,7,2,5
Munich_1,2016-07-03,0,,2016,7,3,6
Munich_1,2016-07-04,0,,2016,7,4,0
Munich_1,2016-07-05,0,,2016,7,5,1
Munich_1,2016-07-06,0,,2016,7,6,2
Munich_1,2016-07-07,0,,2016,7,7,3
Munich_1,2016-07-08,0,,2016,7,8,4
Munich_1,2016-07-09,0,,2016,7,9,5
Munich_1,2016-07-10,0,,2016,7,10,6
Munich_1,2016-07-11,0,,2016,7,11,0
Munich_1,2016-07-12,0,,2016,7,12,1
Munich_1,2016-07-13,0,,2016,7,13,2
Munich_1,2016-07-14,0,,2016,7,14,3
Munich_1,2016-07-15,0,,2016,7,15,4
Munich_1,2016-07-16,0,,2016,7,16,5
Munich_1,2016-07-17,0,,2016,7,17,6
Munich_1,2016-07-18,0,,2016,7,18,0
Munich_1,2016-07-19,0,,2016,7,19,1
Munich_1,2016-07-20,0,,2016,7,20,2
Munich_1,2016-07-21,0,,2016,7,21,3
Munich_1,2016-07-22,0,,2016,7,22,4
Munich_1,2016-07-23,0,,2016,7,23,5
Munich_1,2016-07-24,0,,2016,7,24,6
Munich_1,2016-07-25,0,,2016,7,25,0
Munich_1,2016-07-26,0,,2016,7,26,1
Munich_1,2016-07-27,0,,2016,7,27,2
Munich_1,2016-07-28,0,,2016,7,28,3
Munich_1,2016-07-29,0,,2016,7,29,4
Munich_1,2016-07-30,0,,2016,7,30,5
Munich_1,2016-07-31,0,,2016,7,31,6
Munich_1,2016-08-01,0,,2016,8,1,0
Munich_1,2016-08-02,0,,2016,8,2,1
Munich_1,2016-08-03,0,,2016,8,3,2
Munich_1,2016-08-04,0,,2016,8,4,3
Munich_1,2016-08-05,0,,2016,8,5,4
Munich_1,2016-08-06,0,,2016,8,6,5
Munich_1,2016-08-07,0,,2016,8,7,6
Munich_1,2016-08-08,0,,2016,8,8,0
Munich_1,2016-08-09,0,,2016,8,9,1
Munich_1,2016-08-10,0,,2016,8,10,2
Munich_1,2016-08-11,0,,2016,8,11,3
Munich_1,2016-08-12,0,,2016,8,12,4
Munich_1,2016-08-13,0,,2016,8,13,5
Munich_1,2016-08-14,0,,2016,8,14,6
Munich_1,2016-08-15,1,Assumption of the Virgin Mary,2016,8,15,0
Munich_1,2016-08-16,0,,2016,8,16,1
Munich_1,2016-08-17,0,,2016,8,17,2
Munich_1,2016-08-18,0,,2016,8,18,3
Munich_1,2016-08-19,0,,2016,8,19,4
Munich_1,2016-08-20,0,,2016,8,20,5
Munich_1,2016-08-21,0,,2016,8,21,6
Munich_1,2016-08-22,0,,2016,8,22,0
Munich_1,2016-08-23,0,,2016,8,23,1
Munich_1,2016-08-24,0,,2016,8,24,2
Munich_1,2016-08-25,0,,2016,8,25,3
Munich_1,2016-08-26,0,,2016,8,26,4
Munich_1,2016-08-27,0,,2016,8,27,5
Munich_1,2016-08-28,0,,2016,8,28,6
Munich_1,2016-08-29,0,,2016,8,29,0
Munich_1,2016-08-30,0,,2016,8,30,1
Munich_1,2016-08-31,0,,2016,8,31,2
Munich_1,2016-09-01,0,,2016,9,1,3
Munich_1,2016-09-02,0,,2016,9,2,4
Munich_1,2016-09-03,0,,2016,9,3,5
Munich_1,2016-09-04,0,,2016,9,4,6
Munich_1,2016-09-05,0,,2016,9,5,0
Munich_1,2016-09-06,0,,2016,9,6,1
Munich_1,2016-09-07,0,,2016,9,7,2
Munich_1,2016-09-08,0,,2016,9,8,3
Munich_1,2016-09-09,0,,2016,9,9,4
Munich_1,2016-09-10,0,,2016,9,10,5
Munich_1,2016-09-11,0,,2016,9,11,6
Munich_1,2016-09-12,0,,2016,9,12,0
Munich_1,2016-09-13,0,,2016,9,13,1
Munich_1,2016-09-14,0,,2016,9,14,2
Munich_1,2016-09-15,0,,2016,9,15,3
Munich_1,2016-09-16,0,,2016,9,16,4
Munich_1,2016-09-17,0,,2016,9,17,5
Munich_1,2016-09-18,0,,2016,9,18,6
Munich_1,2016-09-19,0,,2016,9,19,0
Munich_1,2016-09-20,0,,2016,9,20,1
Munich_1,2016-09-21,0,,2016,9,21,2
Munich_1,2016-09-22,0,,2016,9,22,3
Munich_1,2016-09-23,0,,2016,9,23,4
Munich_1,2016-09-24,0,,2016,9,24,5
Munich_1,2016-09-25,0,,2016,9,25,6
Munich_1,2016-09-26,0,,2016,9,26,0
Munich_1,2016-09-27,0,,2016,9,27,1
Munich_1,2016-09-28,0,,2016,9,28,2
Munich_1,2016-09-29,0,,2016,9,29,3
Munich_1,2016-09-30,0,,2016,9,30,4
Munich_1,2016-10-01,0,,2016,10,1,5
Munich_1,2016-10-02,0,,2016,10,2,6
Munich_1,2016-10-03,1,German Unity Day,2016,10,3,0
Munich_1,2016-10-04,0,,2016,10,4,1
Munich_1,2016-10-05,0,,2016,10,5,2
Munich_1,2016-10-06,0,,2016,10,6,3
Munich_1,2016-10-07,0,,2016,10,7,4
Munich_1,2016-10-08,0,,2016,10,8,5
Munich_1,2016-10-09,0,,2016,10,9,6
Munich_1,2016-10-10,0,,2016,10,10,0
Munich_1,2016-10-11,0,,2016,10,11,1
Munich_1,2016-10-12,0,,2016,10,12,2
Munich_1,2016-10-13,0,,2016,10,13,3
Munich_1,2016-10-14,0,,2016,10,14,4
Munich_1,2016-10-15,0,,2016,10,15,5
Munich_1,2016-10-16,0,,2016,10,16,6
Munich_1,2016-10-17,0,,2016,10,17,0
Munich_1,2016-10-18,0,,2016,10,18,1
Munich_1,2016-10-19,0,,2016,10,19,2
Munich_1,2016-10-20,0,,2016,10,20,3
Munich_1,2016-10-21,0,,2016,10,21,4
Munich_1,2016-10-22,0,,2016,10,22,5
Munich_1,2016-10-23,0,,2016,10,23,6
Munich_1,2016-10-24,0,,2016,10,24,0
Munich_1,2016-10-25,0,,2016,10,25,1
Munich_1,2016-10-26,0,,2016,10,26,2
Munich_1,2016-10-27,0,,2016,10,27,3
Munich_1,2016-10-28,0,,2016,10,28,4
Munich_1,2016-10-29,0,,2016,10,29,5
Munich_1,2016-10-30,0,,2016,10,30,6
Munich_1,2016-10-31,0,,2016,10,31,0
Munich_1,2016-11-01,1,All Saints Day,2016,11,1,1
Munich_1,2016-11-02,0,,2016,11,2,2
Munich_1,2016-11-03,0,,2016,11,3,3
Munich_1,2016-11-04,0,,2016,11,4,4
Munich_1,2016-11-05,0,,2016,11,5,5
Munich_1,2016-11-06,0,,2016,11,6,6
Munich_1,2016-11-07,0,,2016,11,7,0
Munich_1,2016-11-08,0,,2016,11,8,1
Munich_1,2016-11-09,0,,2016,11,9,2
Munich_1,2016-11-10,0,,2016,11,10,3
Munich_1,2016-11-11,0,,2016,11,11,4
Munich_1,2016-11-12,0,,2016,11,12,5
Munich_1,2016-11-13,0,,2016,11,13,6
Munich_1,2016-11-14,0,,2016,11,14,0
Munich_1,2016-11-15,0,,2016,11,15,1
Munich_1,2016-11-16,0,,2016,11,16,2
Munich_1,2016-11-17,0,,2016,11,17,3
Munich_1,2016-11-18,0,,2016,11,18,4
Munich_1,2016-11-19,0,,2016,11,19,5
Munich_1,2016-11-20,0,,2016,11,20,6
Munich_1,2016-11-21,0,,2016,11,21,0
Munich_1,2016-11-22,0,,2016,11,22,1
Munich_1,2016-11-23,0,,2016,11,23,2
Munich_1,2016-11-24,0,,2016,11,24,3
Munich_1,2016-11-25,0,,2016,11,25,4
Munich_1,2016-11-26,0,,2016,11,26,5
Munich_1,2016-11-27,0,,2016,11,27,6
Munich_1,2016-11-28,0,,2016,11,28,0
Munich_1,2016-11-29,0,,2016,11,29,1
Munich_1,2016-11-30,0,,2016,11,30,2
Munich_1,2016-12-01,0,,2016,12,1,3
Munich_1,2016-12-02,0,,2016,12,2,4
Munich_1,2016-12-03,0,,2016,12,3,5
Munich_1,2016-12-04,0,,2016,12,4,6
Munich_1,2016-12-05,0,,2016,12,5,0
Munich_1,2016-12-06,0,,2016,12,6,1
Munich_1,2016-12-07,0,,2016,12,7,2
Munich_1,2016-12-08,0,,2016,12,8,3
Munich_1,2016-12-09,0,,2016,12,9,4
Munich_1,2016-12-10,0,,2016,12,10,5
Munich_1,2016-12-11,0,,2016,12,11,6
Munich_1,2016-12-12,0,,2016,12,12,0
Munich_1,2016-12-13,0,,2016,12,13,1
Munich_1,2016-12-14,0,,2016,12,14,2
Munich_1,2016-12-15,0,,2016,12,15,3
Munich_1,2016-12-16,0,,2016,12,16,4
Munich_1,2016-12-17,0,,2016,12,17,5
Munich_1,2016-12-18,0,,2016,12,18,6
Munich_1,2016-12-19,0,,2016,12,19,0
Munich_1,2016-12-20,0,,2016,12,20,1
Munich_1,2016-12-21,0,,2016,12,21,2
Munich_1,2016-12-22,0,,2016,12,22,3
Munich_1,2016-12-23,0,,2016,12,23,4
Munich_1,2016-12-24,1,Christmas Eve,2016,12,24,5
Munich_1,2016-12-25,1,1st Christmas Day,2016,12,25,6
Munich_1,2016-12-26,1,2nd Christmas Day,2016,12,26,0
Munich_1,2016-12-27,0,,2016,12,27,1
Munich_1,2016-12-28,0,,2016,12,28,2
Munich_1,2016-12-29,0,,2016,12,29,3
Munich_1,2016-12-30,0,,2016,12,30,4
Munich_1,2016-12-31,0,,2016,12,31,5
Munich_1,2017-01-01,1,New Years Day,2017,1,1,6
Munich_1,2017-01-02,0,,2017,1,2,0
Munich_1,2017-01-03,0,,2017,1,3,1
Munich_1,2017-01-04,0,,2017,1,4,2
Munich_1,2017-01-05,0,,2017,1,5,3
Munich_1,2017-01-06,1,Epiphany,2017,1,6,4
Munich_1,2017-01-07,0,,2017,1,7,5
Munich_1,2017-01-08,0,,2017,1,8,6
Munich_1,2017-01-09,0,,2017,1,9,0
Munich_1,2017-01-10,0,,2017,1,10,1
Munich_1,2017-01-11,0,,2017,1,11,2
Munich_1,2017-01-12,0,,2017,1,12,3
Munich_1,2017-01-13,0,,2017,1,13,4
Munich_1,2017-01-14,0,,2017,1,14,5
Munich_1,2017-01-15,0,,2017,1,15,6
Munich_1,2017-01-16,0,,2017,1,16,0
Munich_1,2017-01-17,0,,2017,1,17,1
Munich_1,2017-01-18,0,,2017,1,18,2
Munich_1,2017-01-19,0,,2017,1,19,3
Munich_1,2017-01-20,0,,2017,1,20,4
Munich_1,2017-01-21,0,,2017,1,21,5
Munich_1,2017-01-22,0,,2017,1,22,6
Munich_1,2017-01-23,0,,2017,1,23,0
Munich_1,2017-01-24,0,,2017,1,24,1
Munich_1,2017-01-25,0,,2017,1,25,2
Munich_1,2017-01-26,0,,2017,1,26,3
Munich_1,2017-01-27,0,,2017,1,27,4
Munich_1,2017-01-28,0,,2017,1,28,5
Munich_1,2017-01-29,0,,2017,1,29,6
Munich_1,2017-01-30,0,,2017,1,30,0
Munich_1,2017-01-31,0,,2017,1,31,1
Munich_1,2017-02-01,0,,2017,2,1,2
Munich_1,2017-02-02,0,,2017,2,2,3
Munich_1,2017-02-03,0,,2017,2,3,4
Munich_1,2017-02-04,0,,2017,2,4,5
Munich_1,2017-02-05,0,,2017,2,5,6
Munich_1,2017-02-06,0,,2017,2,6,0
Munich_1,2017-02-07,0,,2017,2,7,1
Munich_1,2017-02-08,0,,2017,2,8,2
Munich_1,2017-02-09,0,,2017,2,9,3
Munich_1,2017-02-10,0,,2017,2,10,4
Munich_1,2017-02-11,0,,2017,2,11,5
Munich_1,2017-02-12,0,,2017,2,12,6
Munich_1,2017-02-13,0,,2017,2,13,0
Munich_1,2017-02-14,0,,2017,2,14,1
Munich_1,2017-02-15,0,,2017,2,15,2
Munich_1,2017-02-16,0,,2017,2,16,3
Munich_1,2017-02-17,0,,2017,2,17,4
Munich_1,2017-02-18,0,,2017,2,18,5
Munich_1,2017-02-19,0,,2017,2,19,6
Munich_1,2017-02-20,0,,2017,2,20,0
Munich_1,2017-02-21,0,,2017,2,21,1
Munich_1,2017-02-22,0,,2017,2,22,2
Munich_1,2017-02-23,0,,2017,2,23,3
Munich_1,2017-02-24,0,,2017,2,24,4
Munich_1,2017-02-25,0,,2017,2,25,5
Munich_1,2017-02-26,0,,2017,2,26,6
Munich_1,2017-02-27,0,,2017,2,27,0
Munich_1,2017-02-28,0,,2017,2,28,1
Munich_1,2017-03-01,0,,2017,3,1,2
Munich_1,2017-03-02,0,,2017,3,2,3
Munich_1,2017-03-03,0,,2017,3,3,4
Munich_1,2017-03-04,0,,2017,3,4,5
Munich_1,2017-03-05,0,,2017,3,5,6
Munich_1,2017-03-06,0,,2017,3,6,0
Munich_1,2017-03-07,0,,2017,3,7,1
Munich_1,2017-03-08,1,International womens day,2017,3,8,2
Munich_1,2017-03-09,0,,2017,3,9,3
Munich_1,2017-03-10,0,,2017,3,10,4
Munich_1,2017-03-11,0,,2017,3,11,5
Munich_1,2017-03-12,0,,2017,3,12,6
Munich_1,2017-03-13,0,,2017,3,13,0
Munich_1,2017-03-14,0,,2017,3,14,1
Munich_1,2017-03-15,0,,2017,3,15,2
Munich_1,2017-03-16,0,,2017,3,16,3
Munich_1,2017-03-17,0,,2017,3,17,4
Munich_1,2017-03-18,0,,2017,3,18,5
Munich_1,2017-03-19,0,,2017,3,19,6
Munich_1,2017-03-20,0,,2017,3,20,0
Munich_1,2017-03-21,0,,2017,3,21,1
Munich_1,2017-03-22,0,,2017,3,22,2
Munich_1,2017-03-23,0,,2017,3,23,3
Munich_1,2017-03-24,0,,2017,3,24,4
Munich_1,2017-03-25,1,Good Friday,2017,3,25,5
Munich_1,2017-03-26,1,Holy Saturday,2017,3,26,6
Munich_1,2017-03-27,1,Easter Sunday,2017,3,27,0
Munich_1,2017-03-28,1,Easter Monday,2017,3,28,1
Munich_1,2017-03-29,0,,2017,3,29,2
Munich_1,2017-03-30,0,,2017,3,30,3
Munich_1,2017-03-31,0,,2017,3,31,4
Munich_1,2017-04-01,0,,2017,4,1,5
Munich_1,2017-04-02,0,,2017,4,2,6
Munich_1,2017-04-03,0,,2017,4,3,0
Munich_1,2017-04-04,0,,2017,4,4,1
Munich_1,2017-04-05,0,,2017,4,5,2
Munich_1,2017-04-06,0,,2017,4,6,3
Munich_1,2017-04-07,0,,2017,4,7,4
Munich_1,2017-04-08,0,,2017,4,8,5
Munich_1,2017-04-09,0,,2017,4,9,6
Munich_1,2017-04-10,0,,2017,4,10,0
Munich_1,2017-04-11,0,,2017,4,11,1
Munich_1,2017-04-12,0,,2017,4,12,2
Munich_1,2017-04-13,0,,2017,4,13,3
Munich_1,2017-04-14,1,Good Friday,2017,4,14,4
Munich_1,2017-04-15,1,Holy Saturday,2017,4,15,5
Munich_1,2017-04-16,1,Easter Sunday,2017,4,16,6
Munich_1,2017-04-17,1,Easter Monday,2017,4,17,0
Munich_1,2017-04-18,0,,2017,4,18,1
Munich_1,2017-04-19,0,,2017,4,19,2
Munich_1,2017-04-20,0,,2017,4,20,3
Munich_1,2017-04-21,0,,2017,4,21,4
Munich_1,2017-04-22,0,,2017,4,22,5
Munich_1,2017-04-23,0,,2017,4,23,6
Munich_1,2017-04-24,0,,2017,4,24,0
Munich_1,2017-04-25,0,,2017,4,25,1
Munich_1,2017-04-26,0,,2017,4,26,2
Munich_1,2017-04-27,0,,2017,4,27,3
Munich_1,2017-04-28,0,,2017,4,28,4
Munich_1,2017-04-29,0,,2017,4,29,5
Munich_1,2017-04-30,0,,2017,4,30,6
Munich_1,2017-05-01,1,Labour Day,2017,5,1,0
Munich_1,2017-05-02,0,,2017,5,2,1
Munich_1,2017-05-03,0,,2017,5,3,2
Munich_1,2017-05-04,0,,2017,5,4,3
Munich_1,2017-05-05,1,Ascension day,2017,5,5,4
Munich_1,2017-05-06,0,,2017,5,6,5
Munich_1,2017-05-07,0,,2017,5,7,6
Munich_1,2017-05-08,1,Mother's Day,2017,5,8,0
Munich_1,2017-05-09,0,,2017,5,9,1
Munich_1,2017-05-10,0,,2017,5,10,2
Munich_1,2017-05-11,0,,2017,5,11,3
Munich_1,2017-05-12,0,,2017,5,12,4
Munich_1,2017-05-13,0,,2017,5,13,5
Munich_1,2017-05-14,1,Mother's Day,2017,5,14,6
Munich_1,2017-05-15,1,Whit sunday,2017,5,15,0
Munich_1,2017-05-16,1,Whit monday,2017,5,16,1
Munich_1,2017-05-17,0,,2017,5,17,2
Munich_1,2017-05-18,0,,2017,5,18,3
Munich_1,2017-05-19,0,,2017,5,19,4
Munich_1,2017-05-20,0,,2017,5,20,5
Munich_1,2017-05-21,0,,2017,5,21,6
Munich_1,2017-05-22,0,,2017,5,22,0
Munich_1,2017-05-23,0,,2017,5,23,1
Munich_1,2017-05-24,0,,2017,5,24,2
Munich_1,2017-05-25,1,Ascension day,2017,5,25,3
Munich_1,2017-05-26,1,Corpus Christi,2017,5,26,4
Munich_1,2017-05-27,0,,2017,5,27,5
Munich_1,2017-05-28,0,,2017,5,28,6
Munich_1,2017-05-29,0,,2017,5,29,0
Munich_1,2017-05-30,0,,2017,5,30,1
Munich_1,2017-05-31,0,,2017,5,31,2
Munich_1,2017-06-01,0,,2017,6,1,3
Munich_1,2017-06-02,0,,2017,6,2,4
Munich_1,2017-06-03,0,,2017,6,3,5
Munich_1,2017-06-04,1,Whit sunday,2017,6,4,6
Munich_1,2017-06-05,1,Whit monday,2017,6,5,0
Munich_1,2017-06-06,0,,2017,6,6,1
Munich_1,2017-06-07,0,,2017,6,7,2
Munich_1,2017-06-08,0,,2017,6,8,3
Munich_1,2017-06-09,0,,2017,6,9,4
Munich_1,2017-06-10,0,,2017,6,10,5
Munich_1,2017-06-11,0,,2017,6,11,6
Munich_1,2017-06-12,0,,2017,6,12,0
Munich_1,2017-06-13,0,,2017,6,13,1
Munich_1,2017-06-14,0,,2017,6,14,2
Munich_1,2017-06-15,1,Corpus Christi,2017,6,15,3
Munich_1,2017-06-16,0,,2017,6,16,4
Munich_1,2017-06-17,0,,2017,6,17,5
Munich_1,2017-06-18,0,,2017,6,18,6
Munich_1,2017-06-19,0,,2017,6,19,0
Munich_1,2017-06-20,0,,2017,6,20,1
Munich_1,2017-06-21,0,,2017,6,21,2
Munich_1,2017-06-22,0,,2017,6,22,3
Munich_1,2017-06-23,0,,2017,6,23,4
Munich_1,2017-06-24,0,,2017,6,24,5
Munich_1,2017-06-25,0,,2017,6,25,6
Munich_1,2017-06-26,0,,2017,6,26,0
Munich_1,2017-06-27,0,,2017,6,27,1
Munich_1,2017-06-28,0,,2017,6,28,2
Munich_1,2017-06-29,0,,2017,6,29,3
Munich_1,2017-06-30,0,,2017,6,30,4
Munich_1,2017-07-01,0,,2017,7,1,5
Munich_1,2017-07-02,0,,2017,7,2,6
Munich_1,2017-07-03,0,,2017,7,3,0
Munich_1,2017-07-04,0,,2017,7,4,1
Munich_1,2017-07-05,0,,2017,7,5,2
Munich_1,2017-07-06,0,,2017,7,6,3
Munich_1,2017-07-07,0,,2017,7,7,4
Munich_1,2017-07-08,0,,2017,7,8,5
Munich_1,2017-07-09,0,,2017,7,9,6
Munich_1,2017-07-10,0,,2017,7,10,0
Munich_1,2017-07-11,0,,2017,7,11,1
Munich_1,2017-07-12,0,,2017,7,12,2
Munich_1,2017-07-13,0,,2017,7,13,3
Munich_1,2017-07-14,0,,2017,7,14,4
Munich_1,2017-07-15,0,,2017,7,15,5
Munich_1,2017-07-16,0,,2017,7,16,6
Munich_1,2017-07-17,0,,2017,7,17,0
Munich_1,2017-07-18,0,,2017,7,18,1
Munich_1,2017-07-19,0,,2017,7,19,2
Munich_1,2017-07-20,0,,2017,7,20,3
Munich_1,2017-07-21,0,,2017,7,21,4
Munich_1,2017-07-22,0,,2017,7,22,5
Munich_1,2017-07-23,0,,2017,7,23,6
Munich_1,2017-07-24,0,,2017,7,24,0
Munich_1,2017-07-25,0,,2017,7,25,1
Munich_1,2017-07-26,0,,2017,7,26,2
Munich_1,2017-07-27,0,,2017,7,27,3
Munich_1,2017-07-28,0,,2017,7,28,4
Munich_1,2017-07-29,0,,2017,7,29,5
Munich_1,2017-07-30,0,,2017,7,30,6
Munich_1,2017-07-31,0,,2017,7,31,0
Munich_1,2017-08-01,0,,2017,8,1,1
Munich_1,2017-08-02,0,,2017,8,2,2
Munich_1,2017-08-03,0,,2017,8,3,3
Munich_1,2017-08-04,0,,2017,8,4,4
Munich_1,2017-08-05,0,,2017,8,5,5
Munich_1,2017-08-06,0,,2017,8,6,6
Munich_1,2017-08-07,0,,2017,8,7,0
Munich_1,2017-08-08,0,,2017,8,8,1
Munich_1,2017-08-09,0,,2017,8,9,2
Munich_1,2017-08-10,0,,2017,8,10,3
Munich_1,2017-08-11,0,,2017,8,11,4
Munich_1,2017-08-12,0,,2017,8,12,5
Munich_1,2017-08-13,0,,2017,8,13,6
Munich_1,2017-08-14,0,,2017,8,14,0
Munich_1,2017-08-15,1,Assumption of the Virgin Mary,2017,8,15,1
Munich_1,2017-08-16,0,,2017,8,16,2
Munich_1,2017-08-17,0,,2017,8,17,3
Munich_1,2017-08-18,0,,2017,8,18,4
Munich_1,2017-08-19,0,,2017,8,19,5
Munich_1,2017-08-20,0,,2017,8,20,6
Munich_1,2017-08-21,0,,2017,8,21,0
Munich_1,2017-08-22,0,,2017,8,22,1
Munich_1,2017-08-23,0,,2017,8,23,2
Munich_1,2017-08-24,0,,2017,8,24,3
Munich_1,2017-08-25,0,,2017,8,25,4
Munich_1,2017-08-26,0,,2017,8,26,5
Munich_1,2017-08-27,0,,2017,8,27,6
Munich_1,2017-08-28,0,,2017,8,28,0
Munich_1,2017-08-29,0,,2017,8,29,1
Munich_1,2017-08-30,0,,2017,8,30,2
Munich_1,2017-08-31,0,,2017,8,31,3
Munich_1,2017-09-01,0,,2017,9,1,4
Munich_1,2017-09-02,0,,2017,9,2,5
Munich_1,2017-09-03,0,,2017,9,3,6
Munich_1,2017-09-04,0,,2017,9,4,0
Munich_1,2017-09-05,0,,2017,9,5,1
Munich_1,2017-09-06,0,,2017,9,6,2
Munich_1,2017-09-07,0,,2017,9,7,3
Munich_1,2017-09-08,0,,2017,9,8,4
Munich_1,2017-09-09,0,,2017,9,9,5
Munich_1,2017-09-10,0,,2017,9,10,6
Munich_1,2017-09-11,0,,2017,9,11,0
Munich_1,2017-09-12,0,,2017,9,12,1
Munich_1,2017-09-13,0,,2017,9,13,2
Munich_1,2017-09-14,0,,2017,9,14,3
Munich_1,2017-09-15,0,,2017,9,15,4
Munich_1,2017-09-16,0,,2017,9,16,5
Munich_1,2017-09-17,0,,2017,9,17,6
Munich_1,2017-09-18,0,,2017,9,18,0
Munich_1,2017-09-19,0,,2017,9,19,1
Munich_1,2017-09-20,0,,2017,9,20,2
Munich_1,2017-09-21,0,,2017,9,21,3
Munich_1,2017-09-22,0,,2017,9,22,4
Munich_1,2017-09-23,0,,2017,9,23,5
Munich_1,2017-09-24,0,,2017,9,24,6
Munich_1,2017-09-25,0,,2017,9,25,0
Munich_1,2017-09-26,0,,2017,9,26,1
Munich_1,2017-09-27,0,,2017,9,27,2
Munich_1,2017-09-28,0,,2017,9,28,3
Munich_1,2017-09-29,0,,2017,9,29,4
Munich_1,2017-09-30,0,,2017,9,30,5
Munich_1,2017-10-01,0,,2017,10,1,6
Munich_1,2017-10-02,0,,2017,10,2,0
Munich_1,2017-10-03,1,German Unity Day,2017,10,3,1
Munich_1,2017-10-04,0,,2017,10,4,2
Munich_1,2017-10-05,0,,2017,10,5,3
Munich_1,2017-10-06,0,,2017,10,6,4
Munich_1,2017-10-07,0,,2017,10,7,5
Munich_1,2017-10-08,0,,2017,10,8,6
Munich_1,2017-10-09,0,,2017,10,9,0
Munich_1,2017-10-10,0,,2017,10,10,1
Munich_1,2017-10-11,0,,2017,10,11,2
Munich_1,2017-10-12,0,,2017,10,12,3
Munich_1,2017-10-13,0,,2017,10,13,4
Munich_1,2017-10-14,0,,2017,10,14,5
Munich_1,2017-10-15,0,,2017,10,15,6
Munich_1,2017-10-16,0,,2017,10,16,0
Munich_1,2017-10-17,0,,2017,10,17,1
Munich_1,2017-10-18,0,,2017,10,18,2
Munich_1,2017-10-19,0,,2017,10,19,3
Munich_1,2017-10-20,0,,2017,10,20,4
Munich_1,2017-10-21,0,,2017,10,21,5
Munich_1,2017-10-22,0,,2017,10,22,6
Munich_1,2017-10-23,0,,2017,10,23,0
Munich_1,2017-10-24,0,,2017,10,24,1
Munich_1,2017-10-25,0,,2017,10,25,2
Munich_1,2017-10-26,0,,2017,10,26,3
Munich_1,2017-10-27,0,,2017,10,27,4
Munich_1,2017-10-28,0,,2017,10,28,5
Munich_1,2017-10-29,0,,2017,10,29,6
Munich_1,2017-10-30,0,,2017,10,30,0
Munich_1,2017-10-31,0,,2017,10,31,1
Munich_1,2017-11-01,1,All Saints Day,2017,11,1,2
Munich_1,2017-11-02,0,,2017,11,2,3
Munich_1,2017-11-03,0,,2017,11,3,4
Munich_1,2017-11-04,0,,2017,11,4,5
Munich_1,2017-11-05,0,,2017,11,5,6
Munich_1,2017-11-06,0,,2017,11,6,0
Munich_1,2017-11-07,0,,2017,11,7,1
Munich_1,2017-11-08,0,,2017,11,8,2
Munich_1,2017-11-09,0,,2017,11,9,3
Munich_1,2017-11-10,0,,2017,11,10,4
Munich_1,2017-11-11,0,,2017,11,11,5
Munich_1,2017-11-12,0,,2017,11,12,6
Munich_1,2017-11-13,0,,2017,11,13,0
Munich_1,2017-11-14,0,,2017,11,14,1
Munich_1,2017-11-15,0,,2017,11,15,2
Munich_1,2017-11-16,0,,2017,11,16,3
Munich_1,2017-11-17,0,,2017,11,17,4
Munich_1,2017-11-18,0,,2017,11,18,5
Munich_1,2017-11-19,0,,2017,11,19,6
Munich_1,2017-11-20,0,,2017,11,20,0
Munich_1,2017-11-21,0,,2017,11,21,1
Munich_1,2017-11-22,0,,2017,11,22,2
Munich_1,2017-11-23,0,,2017,11,23,3
Munich_1,2017-11-24,0,,2017,11,24,4
Munich_1,2017-11-25,0,,2017,11,25,5
Munich_1,2017-11-26,0,,2017,11,26,6
Munich_1,2017-11-27,0,,2017,11,27,0
Munich_1,2017-11-28,0,,2017,11,28,1
Munich_1,2017-11-29,0,,2017,11,29,2
Munich_1,2017-11-30,0,,2017,11,30,3
Munich_1,2017-12-01,0,,2017,12,1,4
Munich_1,2017-12-02,0,,2017,12,2,5
Munich_1,2017-12-03,0,,2017,12,3,6
Munich_1,2017-12-04,0,,2017,12,4,0
Munich_1,2017-12-05,0,,2017,12,5,1
Munich_1,2017-12-06,0,,2017,12,6,2
Munich_1,2017-12-07,0,,2017,12,7,3
Munich_1,2017-12-08,0,,2017,12,8,4
Munich_1,2017-12-09,0,,2017,12,9,5
Munich_1,2017-12-10,0,,2017,12,10,6
Munich_1,2017-12-11,0,,2017,12,11,0
Munich_1,2017-12-12,0,,2017,12,12,1
Munich_1,2017-12-13,0,,2017,12,13,2
Munich_1,2017-12-14,0,,2017,12,14,3
Munich_1,2017-12-15,0,,2017,12,15,4
Munich_1,2017-12-16,0,,2017,12,16,5
Munich_1,2017-12-17,0,,2017,12,17,6
Munich_1,2017-12-18,0,,2017,12,18,0
Munich_1,2017-12-19,0,,2017,12,19,1
Munich_1,2017-12-20,0,,2017,12,20,2
Munich_1,2017-12-21,0,,2017,12,21,3
Munich_1,2017-12-22,0,,2017,12,22,4
Munich_1,2017-12-23,0,,2017,12,23,5
Munich_1,2017-12-24,1,Christmas Eve,2017,12,24,6
Munich_1,2017-12-25,1,1st Christmas Day,2017,12,25,0
Munich_1,2017-12-26,1,2nd Christmas Day,2017,12,26,1
Munich_1,2017-12-27,0,,2017,12,27,2
Munich_1,2017-12-28,0,,2017,12,28,3
Munich_1,2017-12-29,0,,2017,12,29,4
Munich_1,2017-12-30,0,,2017,12,30,5
Munich_1,2017-12-31,0,,2017,12,31,6
Munich_1,2018-01-01,1,New Years Day,2018,1,1,0
Munich_1,2018-01-02,0,,2018,1,2,1
Munich_1,2018-01-03,0,,2018,1,3,2
Munich_1,2018-01-04,0,,2018,1,4,3
Munich_1,2018-01-05,0,,2018,1,5,4
Munich_1,2018-01-06,1,Epiphany,2018,1,6,5
Munich_1,2018-01-07,0,,2018,1,7,6
Munich_1,2018-01-08,0,,2018,1,8,0
Munich_1,2018-01-09,0,,2018,1,9,1
Munich_1,2018-01-10,0,,2018,1,10,2
Munich_1,2018-01-11,0,,2018,1,11,3
Munich_1,2018-01-12,0,,2018,1,12,4
Munich_1,2018-01-13,0,,2018,1,13,5
Munich_1,2018-01-14,0,,2018,1,14,6
Munich_1,2018-01-15,0,,2018,1,15,0
Munich_1,2018-01-16,0,,2018,1,16,1
Munich_1,2018-01-17,0,,2018,1,17,2
Munich_1,2018-01-18,0,,2018,1,18,3
Munich_1,2018-01-19,0,,2018,1,19,4
Munich_1,2018-01-20,0,,2018,1,20,5
Munich_1,2018-01-21,0,,2018,1,21,6
Munich_1,2018-01-22,0,,2018,1,22,0
Munich_1,2018-01-23,0,,2018,1,23,1
Munich_1,2018-01-24,0,,2018,1,24,2
Munich_1,2018-01-25,0,,2018,1,25,3
Munich_1,2018-01-26,0,,2018,1,26,4
Munich_1,2018-01-27,0,,2018,1,27,5
Munich_1,2018-01-28,0,,2018,1,28,6
Munich_1,2018-01-29,0,,2018,1,29,0
Munich_1,2018-01-30,0,,2018,1,30,1
Munich_1,2018-01-31,0,,2018,1,31,2
Munich_1,2018-02-01,0,,2018,2,1,3
Munich_1,2018-02-02,0,,2018,2,2,4
Munich_1,2018-02-03,0,,2018,2,3,5
Munich_1,2018-02-04,0,,2018,2,4,6
Munich_1,2018-02-05,0,,2018,2,5,0
Munich_1,2018-02-06,0,,2018,2,6,1
Munich_1,2018-02-07,0,,2018,2,7,2
Munich_1,2018-02-08,0,,2018,2,8,3
Munich_1,2018-02-09,0,,2018,2,9,4
Munich_1,2018-02-10,0,,2018,2,10,5
Munich_1,2018-02-11,0,,2018,2,11,6
Munich_1,2018-02-12,0,,2018,2,12,0
Munich_1,2018-02-13,0,,2018,2,13,1
Munich_1,2018-02-14,0,,2018,2,14,2
Munich_1,2018-02-15,0,,2018,2,15,3
Munich_1,2018-02-16,0,,2018,2,16,4
Munich_1,2018-02-17,0,,2018,2,17,5
Munich_1,2018-02-18,0,,2018,2,18,6
Munich_1,2018-02-19,0,,2018,2,19,0
Munich_1,2018-02-20,0,,2018,2,20,1
Munich_1,2018-02-21,0,,2018,2,21,2
Munich_1,2018-02-22,0,,2018,2,22,3
Munich_1,2018-02-23,0,,2018,2,23,4
Munich_1,2018-02-24,0,,2018,2,24,5
Munich_1,2018-02-25,0,,2018,2,25,6
Munich_1,2018-02-26,0,,2018,2,26,0
Munich_1,2018-02-27,0,,2018,2,27,1
Munich_1,2018-02-28,0,,2018,2,28,2
Munich_1,2018-03-01,0,,2018,3,1,3
Munich_1,2018-03-02,0,,2018,3,2,4
Munich_1,2018-03-03,0,,2018,3,3,5
Munich_1,2018-03-04,0,,2018,3,4,6
Munich_1,2018-03-05,0,,2018,3,5,0
Munich_1,2018-03-06,0,,2018,3,6,1
Munich_1,2018-03-07,0,,2018,3,7,2
Munich_1,2018-03-08,1,International womens day,2018,3,8,3
Munich_1,2018-03-09,0,,2018,3,9,4
Munich_1,2018-03-10,0,,2018,3,10,5
Munich_1,2018-03-11,0,,2018,3,11,6
Munich_1,2018-03-12,0,,2018,3,12,0
Munich_1,2018-03-13,0,,2018,3,13,1
Munich_1,2018-03-14,0,,2018,3,14,2
Munich_1,2018-03-15,0,,2018,3,15,3
Munich_1,2018-03-16,0,,2018,3,16,4
Munich_1,2018-03-17,0,,2018,3,17,5
Munich_1,2018-03-18,0,,2018,3,18,6
Munich_1,2018-03-19,0,,2018,3,19,0
Munich_1,2018-03-20,0,,2018,3,20,1
Munich_1,2018-03-21,0,,2018,3,21,2
Munich_1,2018-03-22,0,,2018,3,22,3
Munich_1,2018-03-23,0,,2018,3,23,4
Munich_1,2018-03-24,0,,2018,3,24,5
Munich_1,2018-03-25,0,,2018,3,25,6
Munich_1,2018-03-26,0,,2018,3,26,0
Munich_1,2018-03-27,0,,2018,3,27,1
Munich_1,2018-03-28,0,,2018,3,28,2
Munich_1,2018-03-29,0,,2018,3,29,3
Munich_1,2018-03-30,1,Good Friday,2018,3,30,4
Munich_1,2018-03-31,1,Holy Saturday,2018,3,31,5
Munich_1,2018-04-01,1,Easter Sunday,2018,4,1,6
Munich_1,2018-04-02,1,Easter Monday,2018,4,2,0
Munich_1,2018-04-03,0,,2018,4,3,1
Munich_1,2018-04-04,0,,2018,4,4,2
Munich_1,2018-04-05,0,,2018,4,5,3
Munich_1,2018-04-06,0,,2018,4,6,4
Munich_1,2018-04-07,0,,2018,4,7,5
Munich_1,2018-04-08,0,,2018,4,8,6
Munich_1,2018-04-09,0,,2018,4,9,0
Munich_1,2018-04-10,0,,2018,4,10,1
Munich_1,2018-04-11,0,,2018,4,11,2
Munich_1,2018-04-12,0,,2018,4,12,3
Munich_1,2018-04-13,0,,2018,4,13,4
Munich_1,2018-04-14,1,Good Friday,2018,4,14,5
Munich_1,2018-04-15,1,Holy Saturday,2018,4,15,6
Munich_1,2018-04-16,1,Easter Sunday,2018,4,16,0
Munich_1,2018-04-17,1,Easter Monday,2018,4,17,1
Munich_1,2018-04-18,0,,2018,4,18,2
Munich_1,2018-04-19,0,,2018,4,19,3
Munich_1,2018-04-20,0,,2018,4,20,4
Munich_1,2018-04-21,0,,2018,4,21,5
Munich_1,2018-04-22,0,,2018,4,22,6
Munich_1,2018-04-23,0,,2018,4,23,0
Munich_1,2018-04-24,0,,2018,4,24,1
Munich_1,2018-04-25,0,,2018,4,25,2
Munich_1,2018-04-26,0,,2018,4,26,3
Munich_1,2018-04-27,0,,2018,4,27,4
Munich_1,2018-04-28,0,,2018,4,28,5
Munich_1,2018-04-29,0,,2018,4,29,6
Munich_1,2018-04-30,0,,2018,4,30,0
Munich_1,2018-05-01,1,Labour Day,2018,5,1,1
Munich_1,2018-05-02,0,,2018,5,2,2
Munich_1,2018-05-03,0,,2018,5,3,3
Munich_1,2018-05-04,0,,2018,5,4,4
Munich_1,2018-05-05,0,,2018,5,5,5
Munich_1,2018-05-06,0,,2018,5,6,6
Munich_1,2018-05-07,0,,2018,5,7,0
Munich_1,2018-05-08,0,,2018,5,8,1
Munich_1,2018-05-09,0,,2018,5,9,2
Munich_1,2018-05-10,1,Ascension day,2018,5,10,3
Munich_1,2018-05-11,0,,2018,5,11,4
Munich_1,2018-05-12,0,,2018,5,12,5
Munich_1,2018-05-13,1,Mother's Day,2018,5,13,6
Munich_1,2018-05-14,1,Mother's Day,2018,5,14,0
Munich_1,2018-05-15,0,,2018,5,15,1
Munich_1,2018-05-16,0,,2018,5,16,2
Munich_1,2018-05-17,0,,2018,5,17,3
Munich_1,2018-05-18,0,,2018,5,18,4
Munich_1,2018-05-19,0,,2018,5,19,5
Munich_1,2018-05-20,1,Whit sunday,2018,5,20,6
Munich_1,2018-05-21,1,Whit monday,2018,5,21,0
Munich_1,2018-05-22,0,,2018,5,22,1
Munich_1,2018-05-23,0,,2018,5,23,2
Munich_1,2018-05-24,0,,2018,5,24,3
Munich_1,2018-05-25,1,Ascension day,2018,5,25,4
Munich_1,2018-05-26,0,,2018,5,26,5
Munich_1,2018-05-27,0,,2018,5,27,6
Munich_1,2018-05-28,0,,2018,5,28,0
Munich_1,2018-05-29,0,,2018,5,29,1
Munich_1,2018-05-30,0,,2018,5,30,2
Munich_1,2018-05-31,1,Corpus Christi,2018,5,31,3
Munich_1,2018-06-01,0,,2018,6,1,4
Munich_1,2018-06-02,0,,2018,6,2,5
Munich_1,2018-06-03,0,,2018,6,3,6
Munich_1,2018-06-04,1,Whit sunday,2018,6,4,0
Munich_1,2018-06-05,1,Whit monday,2018,6,5,1
Munich_1,2018-06-06,0,,2018,6,6,2
Munich_1,2018-06-07,0,,2018,6,7,3
Munich_1,2018-06-08,0,,2018,6,8,4
Munich_1,2018-06-09,0,,2018,6,9,5
Munich_1,2018-06-10,0,,2018,6,10,6
Munich_1,2018-06-11,0,,2018,6,11,0
Munich_1,2018-06-12,0,,2018,6,12,1
Munich_1,2018-06-13,0,,2018,6,13,2
Munich_1,2018-06-14,0,,2018,6,14,3
Munich_1,2018-06-15,1,Corpus Christi,2018,6,15,4
Munich_1,2018-06-16,0,,2018,6,16,5
Munich_1,2018-06-17,0,,2018,6,17,6
Munich_1,2018-06-18,0,,2018,6,18,0
Munich_1,2018-06-19,0,,2018,6,19,1
Munich_1,2018-06-20,0,,2018,6,20,2
Munich_1,2018-06-21,0,,2018,6,21,3
Munich_1,2018-06-22,0,,2018,6,22,4
Munich_1,2018-06-23,0,,2018,6,23,5
Munich_1,2018-06-24,0,,2018,6,24,6
Munich_1,2018-06-25,0,,2018,6,25,0
Munich_1,2018-06-26,0,,2018,6,26,1
Munich_1,2018-06-27,0,,2018,6,27,2
Munich_1,2018-06-28,0,,2018,6,28,3
Munich_1,2018-06-29,0,,2018,6,29,4
Munich_1,2018-06-30,0,,2018,6,30,5
Munich_1,2018-07-01,0,,2018,7,1,6
Munich_1,2018-07-02,0,,2018,7,2,0
Munich_1,2018-07-03,0,,2018,7,3,1
Munich_1,2018-07-04,0,,2018,7,4,2
Munich_1,2018-07-05,0,,2018,7,5,3
Munich_1,2018-07-06,0,,2018,7,6,4
Munich_1,2018-07-07,0,,2018,7,7,5
Munich_1,2018-07-08,0,,2018,7,8,6
Munich_1,2018-07-09,0,,2018,7,9,0
Munich_1,2018-07-10,0,,2018,7,10,1
Munich_1,2018-07-11,0,,2018,7,11,2
Munich_1,2018-07-12,0,,2018,7,12,3
Munich_1,2018-07-13,0,,2018,7,13,4
Munich_1,2018-07-14,0,,2018,7,14,5
Munich_1,2018-07-15,0,,2018,7,15,6
Munich_1,2018-07-16,0,,2018,7,16,0
Munich_1,2018-07-17,0,,2018,7,17,1
Munich_1,2018-07-18,0,,2018,7,18,2
Munich_1,2018-07-19,0,,2018,7,19,3
Munich_1,2018-07-20,0,,2018,7,20,4
Munich_1,2018-07-21,0,,2018,7,21,5
Munich_1,2018-07-22,0,,2018,7,22,6
Munich_1,2018-07-23,0,,2018,7,23,0
Munich_1,2018-07-24,0,,2018,7,24,1
Munich_1,2018-07-25,0,,2018,7,25,2
Munich_1,2018-07-26,0,,2018,7,26,3
Munich_1,2018-07-27,0,,2018,7,27,4
Munich_1,2018-07-28,0,,2018,7,28,5
Munich_1,2018-07-29,0,,2018,7,29,6
Munich_1,2018-07-30,0,,2018,7,30,0
Munich_1,2018-07-31,0,,2018,7,31,1
Munich_1,2018-08-01,0,,2018,8,1,2
Munich_1,2018-08-02,0,,2018,8,2,3
Munich_1,2018-08-03,0,,2018,8,3,4
Munich_1,2018-08-04,0,,2018,8,4,5
Munich_1,2018-08-05,0,,2018,8,5,6
Munich_1,2018-08-06,0,,2018,8,6,0
Munich_1,2018-08-07,0,,2018,8,7,1
Munich_1,2018-08-08,0,,2018,8,8,2
Munich_1,2018-08-09,0,,2018,8,9,3
Munich_1,2018-08-10,0,,2018,8,10,4
Munich_1,2018-08-11,0,,2018,8,11,5
Munich_1,2018-08-12,0,,2018,8,12,6
Munich_1,2018-08-13,0,,2018,8,13,0
Munich_1,2018-08-14,0,,2018,8,14,1
Munich_1,2018-08-15,1,Assumption of the Virgin Mary,2018,8,15,2
Munich_1,2018-08-16,0,,2018,8,16,3
Munich_1,2018-08-17,0,,2018,8,17,4
Munich_1,2018-08-18,0,,2018,8,18,5
Munich_1,2018-08-19,0,,2018,8,19,6
Munich_1,2018-08-20,0,,2018,8,20,0
Munich_1,2018-08-21,0,,2018,8,21,1
Munich_1,2018-08-22,0,,2018,8,22,2
Munich_1,2018-08-23,0,,2018,8,23,3
Munich_1,2018-08-24,0,,2018,8,24,4
Munich_1,2018-08-25,0,,2018,8,25,5
Munich_1,2018-08-26,0,,2018,8,26,6
Munich_1,2018-08-27,0,,2018,8,27,0
Munich_1,2018-08-28,0,,2018,8,28,1
Munich_1,2018-08-29,0,,2018,8,29,2
Munich_1,2018-08-30,0,,2018,8,30,3
Munich_1,2018-08-31,0,,2018,8,31,4
Munich_1,2018-09-01,0,,2018,9,1,5
Munich_1,2018-09-02,0,,2018,9,2,6
Munich_1,2018-09-03,0,,2018,9,3,0
Munich_1,2018-09-04,0,,2018,9,4,1
Munich_1,2018-09-05,0,,2018,9,5,2
Munich_1,2018-09-06,0,,2018,9,6,3
Munich_1,2018-09-07,0,,2018,9,7,4
Munich_1,2018-09-08,0,,2018,9,8,5
Munich_1,2018-09-09,0,,2018,9,9,6
Munich_1,2018-09-10,0,,2018,9,10,0
Munich_1,2018-09-11,0,,2018,9,11,1
Munich_1,2018-09-12,0,,2018,9,12,2
Munich_1,2018-09-13,0,,2018,9,13,3
Munich_1,2018-09-14,0,,2018,9,14,4
Munich_1,2018-09-15,0,,2018,9,15,5
Munich_1,2018-09-16,0,,2018,9,16,6
Munich_1,2018-09-17,0,,2018,9,17,0
Munich_1,2018-09-18,0,,2018,9,18,1
Munich_1,2018-09-19,0,,2018,9,19,2
Munich_1,2018-09-20,0,,2018,9,20,3
Munich_1,2018-09-21,0,,2018,9,21,4
Munich_1,2018-09-22,0,,2018,9,22,5
Munich_1,2018-09-23,0,,2018,9,23,6
Munich_1,2018-09-24,0,,2018,9,24,0
Munich_1,2018-09-25,0,,2018,9,25,1
Munich_1,2018-09-26,0,,2018,9,26,2
Munich_1,2018-09-27,0,,2018,9,27,3
Munich_1,2018-09-28,0,,2018,9,28,4
Munich_1,2018-09-29,0,,2018,9,29,5
Munich_1,2018-09-30,0,,2018,9,30,6
Munich_1,2018-10-01,0,,2018,10,1,0
Munich_1,2018-10-02,0,,2018,10,2,1
Munich_1,2018-10-03,1,German Unity Day,2018,10,3,2
Munich_1,2018-10-04,0,,2018,10,4,3
Munich_1,2018-10-05,0,,2018,10,5,4
Munich_1,2018-10-06,0,,2018,10,6,5
Munich_1,2018-10-07,0,,2018,10,7,6
Munich_1,2018-10-08,0,,2018,10,8,0
Munich_1,2018-10-09,0,,2018,10,9,1
Munich_1,2018-10-10,0,,2018,10,10,2
Munich_1,2018-10-11,0,,2018,10,11,3
Munich_1,2018-10-12,0,,2018,10,12,4
Munich_1,2018-10-13,0,,2018,10,13,5
Munich_1,2018-10-14,0,,2018,10,14,6
Munich_1,2018-10-15,0,,2018,10,15,0
Munich_1,2018-10-16,0,,2018,10,16,1
Munich_1,2018-10-17,0,,2018,10,17,2
Munich_1,2018-10-18,0,,2018,10,18,3
Munich_1,2018-10-19,0,,2018,10,19,4
Munich_1,2018-10-20,0,,2018,10,20,5
Munich_1,2018-10-21,0,,2018,10,21,6
Munich_1,2018-10-22,0,,2018,10,22,0
Munich_1,2018-10-23,0,,2018,10,23,1
Munich_1,2018-10-24,0,,2018,10,24,2
Munich_1,2018-10-25,0,,2018,10,25,3
Munich_1,2018-10-26,0,,2018,10,26,4
Munich_1,2018-10-27,0,,2018,10,27,5
Munich_1,2018-10-28,0,,2018,10,28,6
Munich_1,2018-10-29,0,,2018,10,29,0
Munich_1,2018-10-30,0,,2018,10,30,1
Munich_1,2018-10-31,0,,2018,10,31,2
Munich_1,2018-11-01,1,All Saints Day,2018,11,1,3
Munich_1,2018-11-02,0,,2018,11,2,4
Munich_1,2018-11-03,0,,2018,11,3,5
Munich_1,2018-11-04,0,,2018,11,4,6
Munich_1,2018-11-05,0,,2018,11,5,0
Munich_1,2018-11-06,0,,2018,11,6,1
Munich_1,2018-11-07,0,,2018,11,7,2
Munich_1,2018-11-08,0,,2018,11,8,3
Munich_1,2018-11-09,0,,2018,11,9,4
Munich_1,2018-11-10,0,,2018,11,10,5
Munich_1,2018-11-11,0,,2018,11,11,6
Munich_1,2018-11-12,0,,2018,11,12,0
Munich_1,2018-11-13,0,,2018,11,13,1
Munich_1,2018-11-14,0,,2018,11,14,2
Munich_1,2018-11-15,0,,2018,11,15,3
Munich_1,2018-11-16,0,,2018,11,16,4
Munich_1,2018-11-17,0,,2018,11,17,5
Munich_1,2018-11-18,0,,2018,11,18,6
Munich_1,2018-11-19,0,,2018,11,19,0
Munich_1,2018-11-20,0,,2018,11,20,1
Munich_1,2018-11-21,0,,2018,11,21,2
Munich_1,2018-11-22,0,,2018,11,22,3
Munich_1,2018-11-23,0,,2018,11,23,4
Munich_1,2018-11-24,0,,2018,11,24,5
Munich_1,2018-11-25,0,,2018,11,25,6
Munich_1,2018-11-26,0,,2018,11,26,0
Munich_1,2018-11-27,0,,2018,11,27,1
Munich_1,2018-11-28,0,,2018,11,28,2
Munich_1,2018-11-29,0,,2018,11,29,3
Munich_1,2018-11-30,0,,2018,11,30,4
Munich_1,2018-12-01,0,,2018,12,1,5
Munich_1,2018-12-02,0,,2018,12,2,6
Munich_1,2018-12-03,0,,2018,12,3,0
Munich_1,2018-12-04,0,,2018,12,4,1
Munich_1,2018-12-05,0,,2018,12,5,2
Munich_1,2018-12-06,0,,2018,12,6,3
Munich_1,2018-12-07,0,,2018,12,7,4
Munich_1,2018-12-08,0,,2018,12,8,5
Munich_1,2018-12-09,0,,2018,12,9,6
Munich_1,2018-12-10,0,,2018,12,10,0
Munich_1,2018-12-11,0,,2018,12,11,1
Munich_1,2018-12-12,0,,2018,12,12,2
Munich_1,2018-12-13,0,,2018,12,13,3
Munich_1,2018-12-14,0,,2018,12,14,4
Munich_1,2018-12-15,0,,2018,12,15,5
Munich_1,2018-12-16,0,,2018,12,16,6
Munich_1,2018-12-17,0,,2018,12,17,0
Munich_1,2018-12-18,0,,2018,12,18,1
Munich_1,2018-12-19,0,,2018,12,19,2
Munich_1,2018-12-20,0,,2018,12,20,3
Munich_1,2018-12-21,0,,2018,12,21,4
Munich_1,2018-12-22,0,,2018,12,22,5
Munich_1,2018-12-23,0,,2018,12,23,6
Munich_1,2018-12-24,1,Christmas Eve,2018,12,24,0
Munich_1,2018-12-25,1,1st Christmas Day,2018,12,25,1
Munich_1,2018-12-26,1,2nd Christmas Day,2018,12,26,2
Munich_1,2018-12-27,0,,2018,12,27,3
Munich_1,2018-12-28,0,,2018,12,28,4
Munich_1,2018-12-29,0,,2018,12,29,5
Munich_1,2018-12-30,0,,2018,12,30,6
Munich_1,2018-12-31,0,,2018,12,31,0
Munich_1,2019-01-01,1,New Years Day,2019,1,1,1
Munich_1,2019-01-02,0,,2019,1,2,2
Munich_1,2019-01-03,0,,2019,1,3,3
Munich_1,2019-01-04,0,,2019,1,4,4
Munich_1,2019-01-05,0,,2019,1,5,5
Munich_1,2019-01-06,1,Epiphany,2019,1,6,6
Munich_1,2019-01-07,0,,2019,1,7,0
Munich_1,2019-01-08,0,,2019,1,8,1
Munich_1,2019-01-09,0,,2019,1,9,2
Munich_1,2019-01-10,0,,2019,1,10,3
Munich_1,2019-01-11,0,,2019,1,11,4
Munich_1,2019-01-12,0,,2019,1,12,5
Munich_1,2019-01-13,0,,2019,1,13,6
Munich_1,2019-01-14,0,,2019,1,14,0
Munich_1,2019-01-15,0,,2019,1,15,1
Munich_1,2019-01-16,0,,2019,1,16,2
Munich_1,2019-01-17,0,,2019,1,17,3
Munich_1,2019-01-18,0,,2019,1,18,4
Munich_1,2019-01-19,0,,2019,1,19,5
Munich_1,2019-01-20,0,,2019,1,20,6
Munich_1,2019-01-21,0,,2019,1,21,0
Munich_1,2019-01-22,0,,2019,1,22,1
Munich_1,2019-01-23,0,,2019,1,23,2
Munich_1,2019-01-24,0,,2019,1,24,3
Munich_1,2019-01-25,0,,2019,1,25,4
Munich_1,2019-01-26,0,,2019,1,26,5
Munich_1,2019-01-27,0,,2019,1,27,6
Munich_1,2019-01-28,0,,2019,1,28,0
Munich_1,2019-01-29,0,,2019,1,29,1
Munich_1,2019-01-30,0,,2019,1,30,2
Munich_1,2019-01-31,0,,2019,1,31,3
Munich_1,2019-02-01,0,,2019,2,1,4
Munich_1,2019-02-02,0,,2019,2,2,5
Munich_1,2019-02-03,0,,2019,2,3,6
Munich_1,2019-02-04,0,,2019,2,4,0
Munich_1,2019-02-05,0,,2019,2,5,1
Munich_1,2019-02-06,0,,2019,2,6,2
Munich_1,2019-02-07,0,,2019,2,7,3
Munich_1,2019-02-08,0,,2019,2,8,4
Munich_1,2019-02-09,0,,2019,2,9,5
Munich_1,2019-02-10,0,,2019,2,10,6
Munich_1,2019-02-11,0,,2019,2,11,0
Munich_1,2019-02-12,0,,2019,2,12,1
Munich_1,2019-02-13,0,,2019,2,13,2
Munich_1,2019-02-14,0,,2019,2,14,3
Munich_1,2019-02-15,0,,2019,2,15,4
Munich_1,2019-02-16,0,,2019,2,16,5
Munich_1,2019-02-17,0,,2019,2,17,6
Munich_1,2019-02-18,0,,2019,2,18,0
Munich_1,2019-02-19,0,,2019,2,19,1
Munich_1,2019-02-20,0,,2019,2,20,2
Munich_1,2019-02-21,0,,2019,2,21,3
Munich_1,2019-02-22,0,,2019,2,22,4
Munich_1,2019-02-23,0,,2019,2,23,5
Munich_1,2019-02-24,0,,2019,2,24,6
Munich_1,2019-02-25,0,,2019,2,25,0
Munich_1,2019-02-26,0,,2019,2,26,1
Munich_1,2019-02-27,0,,2019,2,27,2
Munich_1,2019-02-28,0,,2019,2,28,3
Munich_1,2019-03-01,0,,2019,3,1,4
Munich_1,2019-03-02,0,,2019,3,2,5
Munich_1,2019-03-03,0,,2019,3,3,6
Munich_1,2019-03-04,0,,2019,3,4,0
Munich_1,2019-03-05,0,,2019,3,5,1
Munich_1,2019-03-06,0,,2019,3,6,2
Munich_1,2019-03-07,0,,2019,3,7,3
Munich_1,2019-03-08,1,International womens day,2019,3,8,4
Munich_1,2019-03-09,0,,2019,3,9,5
Munich_1,2019-03-10,0,,2019,3,10,6
Munich_1,2019-03-11,0,,2019,3,11,0
Munich_1,2019-03-12,0,,2019,3,12,1
Munich_1,2019-03-13,0,,2019,3,13,2
Munich_1,2019-03-14,0,,2019,3,14,3
Munich_1,2019-03-15,0,,2019,3,15,4
Munich_1,2019-03-16,0,,2019,3,16,5
Munich_1,2019-03-17,0,,2019,3,17,6
Munich_1,2019-03-18,0,,2019,3,18,0
Munich_1,2019-03-19,0,,2019,3,19,1
Munich_1,2019-03-20,0,,2019,3,20,2
Munich_1,2019-03-21,0,,2019,3,21,3
Munich_1,2019-03-22,0,,2019,3,22,4
Munich_1,2019-03-23,0,,2019,3,23,5
Munich_1,2019-03-24,0,,2019,3,24,6
Munich_1,2019-03-25,0,,2019,3,25,0
Munich_1,2019-03-26,0,,2019,3,26,1
Munich_1,2019-03-27,0,,2019,3,27,2
Munich_1,2019-03-28,0,,2019,3,28,3
Munich_1,2019-03-29,0,,2019,3,29,4
Munich_1,2019-03-30,1,Good Friday,2019,3,30,5
Munich_1,2019-03-31,1,Holy Saturday,2019,3,31,6
Munich_1,2019-04-01,1,Easter Sunday,2019,4,1,0
Munich_1,2019-04-02,1,Easter Monday,2019,4,2,1
Munich_1,2019-04-03,0,,2019,4,3,2
Munich_1,2019-04-04,0,,2019,4,4,3
Munich_1,2019-04-05,0,,2019,4,5,4
Munich_1,2019-04-06,0,,2019,4,6,5
Munich_1,2019-04-07,0,,2019,4,7,6
Munich_1,2019-04-08,0,,2019,4,8,0
Munich_1,2019-04-09,0,,2019,4,9,1
Munich_1,2019-04-10,0,,2019,4,10,2
Munich_1,2019-04-11,0,,2019,4,11,3
Munich_1,2019-04-12,0,,2019,4,12,4
Munich_1,2019-04-13,0,,2019,4,13,5
Munich_1,2019-04-14,0,,2019,4,14,6
Munich_1,2019-04-15,0,,2019,4,15,0
Munich_1,2019-04-16,0,,2019,4,16,1
Munich_1,2019-04-17,0,,2019,4,17,2
Munich_1,2019-04-18,0,,2019,4,18,3
Munich_1,2019-04-19,1,Good Friday,2019,4,19,4
Munich_1,2019-04-20,1,Good Friday,2019,4,20,5
Munich_1,2019-04-21,1,Easter Sunday,2019,4,21,6
Munich_1,2019-04-22,1,Easter Monday,2019,4,22,0
Munich_1,2019-04-23,0,,2019,4,23,1
Munich_1,2019-04-24,0,,2019,4,24,2
Munich_1,2019-04-25,0,,2019,4,25,3
Munich_1,2019-04-26,0,,2019,4,26,4
Munich_1,2019-04-27,0,,2019,4,27,5
Munich_1,2019-04-28,0,,2019,4,28,6
Munich_1,2019-04-29,0,,2019,4,29,0
Munich_1,2019-04-30,0,,2019,4,30,1
Munich_1,2019-05-01,1,Labour Day,2019,5,1,2
Munich_1,2019-05-02,0,,2019,5,2,3
Munich_1,2019-05-03,0,,2019,5,3,4
Munich_1,2019-05-04,0,,2019,5,4,5
Munich_1,2019-05-05,0,,2019,5,5,6
Munich_1,2019-05-06,0,,2019,5,6,0
Munich_1,2019-05-07,0,,2019,5,7,1
Munich_1,2019-05-08,0,,2019,5,8,2
Munich_1,2019-05-09,0,,2019,5,9,3
Munich_1,2019-05-10,1,Ascension day,2019,5,10,4
Munich_1,2019-05-11,0,,2019,5,11,5
Munich_1,2019-05-12,1,Mother's Day,2019,5,12,6
Munich_1,2019-05-13,1,Mother's Day,2019,5,13,0
Munich_1,2019-05-14,0,,2019,5,14,1
Munich_1,2019-05-15,0,,2019,5,15,2
Munich_1,2019-05-16,0,,2019,5,16,3
Munich_1,2019-05-17,0,,2019,5,17,4
Munich_1,2019-05-18,0,,2019,5,18,5
Munich_1,2019-05-19,0,,2019,5,19,6
Munich_1,2019-05-20,1,Whit sunday,2019,5,20,0
Munich_1,2019-05-21,1,Whit monday,2019,5,21,1
Munich_1,2019-05-22,0,,2019,5,22,2
Munich_1,2019-05-23,0,,2019,5,23,3
Munich_1,2019-05-24,0,,2019,5,24,4
Munich_1,2019-05-25,0,,2019,5,25,5
Munich_1,2019-05-26,0,,2019,5,26,6
Munich_1,2019-05-27,0,,2019,5,27,0
Munich_1,2019-05-28,0,,2019,5,28,1
Munich_1,2019-05-29,0,,2019,5,29,2
Munich_1,2019-05-30,1,Ascension day,2019,5,30,3
Munich_1,2019-05-31,1,Corpus Christi,2019,5,31,4
Munich_1,2019-06-01,0,,2019,6,1,5
Munich_1,2019-06-02,0,,2019,6,2,6
Munich_1,2019-06-03,0,,2019,6,3,0
Munich_1,2019-06-04,0,,2019,6,4,1
Munich_1,2019-06-05,0,,2019,6,5,2
Munich_1,2019-06-06,0,,2019,6,6,3
Munich_1,2019-06-07,0,,2019,6,7,4
Munich_1,2019-06-08,0,,2019,6,8,5
Munich_1,2019-06-09,1,Whit sunday,2019,6,9,6
Munich_1,2019-06-10,1,Whit monday,2019,6,10,0
Munich_1,2019-06-11,0,,2019,6,11,1
Munich_1,2019-06-12,0,,2019,6,12,2
Munich_1,2019-06-13,0,,2019,6,13,3
Munich_1,2019-06-14,0,,2019,6,14,4
Munich_1,2019-06-15,0,,2019,6,15,5
Munich_1,2019-06-16,0,,2019,6,16,6
Munich_1,2019-06-17,0,,2019,6,17,0
Munich_1,2019-06-18,0,,2019,6,18,1
Munich_1,2019-06-19,0,,2019,6,19,2
Munich_1,2019-06-20,1,Corpus Christi,2019,6,20,3
Munich_1,2019-06-21,0,,2019,6,21,4
Munich_1,2019-06-22,0,,2019,6,22,5
Munich_1,2019-06-23,0,,2019,6,23,6
Munich_1,2019-06-24,0,,2019,6,24,0
Munich_1,2019-06-25,0,,2019,6,25,1
Munich_1,2019-06-26,0,,2019,6,26,2
Munich_1,2019-06-27,0,,2019,6,27,3
Munich_1,2019-06-28,0,,2019,6,28,4
Munich_1,2019-06-29,0,,2019,6,29,5
Munich_1,2019-06-30,0,,2019,6,30,6
Munich_1,2019-07-01,0,,2019,7,1,0
Munich_1,2019-07-02,0,,2019,7,2,1
Munich_1,2019-07-03,0,,2019,7,3,2
Munich_1,2019-07-04,0,,2019,7,4,3
Munich_1,2019-07-05,0,,2019,7,5,4
Munich_1,2019-07-06,0,,2019,7,6,5
Munich_1,2019-07-07,0,,2019,7,7,6
Munich_1,2019-07-08,0,,2019,7,8,0
Munich_1,2019-07-09,0,,2019,7,9,1
Munich_1,2019-07-10,0,,2019,7,10,2
Munich_1,2019-07-11,0,,2019,7,11,3
Munich_1,2019-07-12,0,,2019,7,12,4
Munich_1,2019-07-13,0,,2019,7,13,5
Munich_1,2019-07-14,0,,2019,7,14,6
Munich_1,2019-07-15,0,,2019,7,15,0
Munich_1,2019-07-16,0,,2019,7,16,1
Munich_1,2019-07-17,0,,2019,7,17,2
Munich_1,2019-07-18,0,,2019,7,18,3
Munich_1,2019-07-19,0,,2019,7,19,4
Munich_1,2019-07-20,0,,2019,7,20,5
Munich_1,2019-07-21,0,,2019,7,21,6
Munich_1,2019-07-22,0,,2019,7,22,0
Munich_1,2019-07-23,0,,2019,7,23,1
Munich_1,2019-07-24,0,,2019,7,24,2
Munich_1,2019-07-25,0,,2019,7,25,3
Munich_1,2019-07-26,0,,2019,7,26,4
Munich_1,2019-07-27,0,,2019,7,27,5
Munich_1,2019-07-28,0,,2019,7,28,6
Munich_1,2019-07-29,0,,2019,7,29,0
Munich_1,2019-07-30,0,,2019,7,30,1
Munich_1,2019-07-31,0,,2019,7,31,2
Munich_1,2019-08-01,0,,2019,8,1,3
Munich_1,2019-08-02,0,,2019,8,2,4
Munich_1,2019-08-03,0,,2019,8,3,5
Munich_1,2019-08-04,0,,2019,8,4,6
Munich_1,2019-08-05,0,,2019,8,5,0
Munich_1,2019-08-06,0,,2019,8,6,1
Munich_1,2019-08-07,0,,2019,8,7,2
Munich_1,2019-08-08,1,Peace Festival in Augsburg,2019,8,8,3
Munich_1,2019-08-09,0,,2019,8,9,4
Munich_1,2019-08-10,0,,2019,8,10,5
Munich_1,2019-08-11,0,,2019,8,11,6
Munich_1,2019-08-12,0,,2019,8,12,0
Munich_1,2019-08-13,0,,2019,8,13,1
Munich_1,2019-08-14,0,,2019,8,14,2
Munich_1,2019-08-15,1,Assumption of the Virgin Mary,2019,8,15,3
Munich_1,2019-08-16,0,,2019,8,16,4
Munich_1,2019-08-17,0,,2019,8,17,5
Munich_1,2019-08-18,0,,2019,8,18,6
Munich_1,2019-08-19,0,,2019,8,19,0
Munich_1,2019-08-20,0,,2019,8,20,1
Munich_1,2019-08-21,0,,2019,8,21,2
Munich_1,2019-08-22,0,,2019,8,22,3
Munich_1,2019-08-23,0,,2019,8,23,4
Munich_1,2019-08-24,0,,2019,8,24,5
Munich_1,2019-08-25,0,,2019,8,25,6
Munich_1,2019-08-26,0,,2019,8,26,0
Munich_1,2019-08-27,0,,2019,8,27,1
Munich_1,2019-08-28,0,,2019,8,28,2
Munich_1,2019-08-29,0,,2019,8,29,3
Munich_1,2019-08-30,0,,2019,8,30,4
Munich_1,2019-08-31,0,,2019,8,31,5
Munich_1,2019-09-01,0,,2019,9,1,6
Munich_1,2019-09-02,0,,2019,9,2,0
Munich_1,2019-09-03,0,,2019,9,3,1
Munich_1,2019-09-04,0,,2019,9,4,2
Munich_1,2019-09-05,0,,2019,9,5,3
Munich_1,2019-09-06,0,,2019,9,6,4
Munich_1,2019-09-07,0,,2019,9,7,5
Munich_1,2019-09-08,0,,2019,9,8,6
Munich_1,2019-09-09,0,,2019,9,9,0
Munich_1,2019-09-10,0,,2019,9,10,1
Munich_1,2019-09-11,0,,2019,9,11,2
Munich_1,2019-09-12,0,,2019,9,12,3
Munich_1,2019-09-13,0,,2019,9,13,4
Munich_1,2019-09-14,0,,2019,9,14,5
Munich_1,2019-09-15,0,,2019,9,15,6
Munich_1,2019-09-16,0,,2019,9,16,0
Munich_1,2019-09-17,0,,2019,9,17,1
Munich_1,2019-09-18,0,,2019,9,18,2
Munich_1,2019-09-19,0,,2019,9,19,3
Munich_1,2019-09-20,0,,2019,9,20,4
Munich_1,2019-09-21,0,,2019,9,21,5
Munich_1,2019-09-22,0,,2019,9,22,6
Munich_1,2019-09-23,0,,2019,9,23,0
Munich_1,2019-09-24,0,,2019,9,24,1
Munich_1,2019-09-25,0,,2019,9,25,2
Munich_1,2019-09-26,0,,2019,9,26,3
Munich_1,2019-09-27,0,,2019,9,27,4
Munich_1,2019-09-28,0,,2019,9,28,5
Munich_1,2019-09-29,0,,2019,9,29,6
Munich_1,2019-09-30,0,,2019,9,30,0
Munich_1,2019-10-01,0,,2019,10,1,1
Munich_1,2019-10-02,0,,2019,10,2,2
Munich_1,2019-10-03,1,German Unity Day,2019,10,3,3
Munich_1,2019-10-04,0,,2019,10,4,4
Munich_1,2019-10-05,0,,2019,10,5,5
Munich_1,2019-10-06,0,,2019,10,6,6
Munich_1,2019-10-07,0,,2019,10,7,0
Munich_1,2019-10-08,0,,2019,10,8,1
Munich_1,2019-10-09,0,,2019,10,9,2
Munich_1,2019-10-10,0,,2019,10,10,3
Munich_1,2019-10-11,0,,2019,10,11,4
Munich_1,2019-10-12,0,,2019,10,12,5
Munich_1,2019-10-13,0,,2019,10,13,6
Munich_1,2019-10-14,0,,2019,10,14,0
Munich_1,2019-10-15,0,,2019,10,15,1
Munich_1,2019-10-16,0,,2019,10,16,2
Munich_1,2019-10-17,0,,2019,10,17,3
Munich_1,2019-10-18,0,,2019,10,18,4
Munich_1,2019-10-19,0,,2019,10,19,5
Munich_1,2019-10-20,0,,2019,10,20,6
Munich_1,2019-10-21,0,,2019,10,21,0
Munich_1,2019-10-22,0,,2019,10,22,1
Munich_1,2019-10-23,0,,2019,10,23,2
Munich_1,2019-10-24,0,,2019,10,24,3
Munich_1,2019-10-25,0,,2019,10,25,4
Munich_1,2019-10-26,0,,2019,10,26,5
Munich_1,2019-10-27,0,,2019,10,27,6
Munich_1,2019-10-28,0,,2019,10,28,0
Munich_1,2019-10-29,0,,2019,10,29,1
Munich_1,2019-10-30,0,,2019,10,30,2
Munich_1,2019-10-31,0,,2019,10,31,3
Munich_1,2019-11-01,1,All Saints Day,2019,11,1,4
Munich_1,2019-11-02,0,,2019,11,2,5
Munich_1,2019-11-03,0,,2019,11,3,6
Munich_1,2019-11-04,0,,2019,11,4,0
Munich_1,2019-11-05,0,,2019,11,5,1
Munich_1,2019-11-06,0,,2019,11,6,2
Munich_1,2019-11-07,0,,2019,11,7,3
Munich_1,2019-11-08,0,,2019,11,8,4
Munich_1,2019-11-09,0,,2019,11,9,5
Munich_1,2019-11-10,0,,2019,11,10,6
Munich_1,2019-11-11,0,,2019,11,11,0
Munich_1,2019-11-12,0,,2019,11,12,1
Munich_1,2019-11-13,0,,2019,11,13,2
Munich_1,2019-11-14,0,,2019,11,14,3
Munich_1,2019-11-15,0,,2019,11,15,4
Munich_1,2019-11-16,0,,2019,11,16,5
Munich_1,2019-11-17,0,,2019,11,17,6
Munich_1,2019-11-18,0,,2019,11,18,0
Munich_1,2019-11-19,0,,2019,11,19,1
Munich_1,2019-11-20,0,,2019,11,20,2
Munich_1,2019-11-21,0,,2019,11,21,3
Munich_1,2019-11-22,0,,2019,11,22,4
Munich_1,2019-11-23,0,,2019,11,23,5
Munich_1,2019-11-24,0,,2019,11,24,6
Munich_1,2019-11-25,0,,2019,11,25,0
Munich_1,2019-11-26,0,,2019,11,26,1
Munich_1,2019-11-27,0,,2019,11,27,2
Munich_1,2019-11-28,0,,2019,11,28,3
Munich_1,2019-11-29,0,,2019,11,29,4
Munich_1,2019-11-30,0,,2019,11,30,5
Munich_1,2019-12-01,0,,2019,12,1,6
Munich_1,2019-12-02,0,,2019,12,2,0
Munich_1,2019-12-03,0,,2019,12,3,1
Munich_1,2019-12-04,0,,2019,12,4,2
Munich_1,2019-12-05,0,,2019,12,5,3
Munich_1,2019-12-06,0,,2019,12,6,4
Munich_1,2019-12-07,0,,2019,12,7,5
Munich_1,2019-12-08,0,,2019,12,8,6
Munich_1,2019-12-09,0,,2019,12,9,0
Munich_1,2019-12-10,0,,2019,12,10,1
Munich_1,2019-12-11,0,,2019,12,11,2
Munich_1,2019-12-12,0,,2019,12,12,3
Munich_1,2019-12-13,0,,2019,12,13,4
Munich_1,2019-12-14,0,,2019,12,14,5
Munich_1,2019-12-15,0,,2019,12,15,6
Munich_1,2019-12-16,0,,2019,12,16,0
Munich_1,2019-12-17,0,,2019,12,17,1
Munich_1,2019-12-18,0,,2019,12,18,2
Munich_1,2019-12-19,0,,2019,12,19,3
Munich_1,2019-12-20,0,,2019,12,20,4
Munich_1,2019-12-21,0,,2019,12,21,5
Munich_1,2019-12-22,0,,2019,12,22,6
Munich_1,2019-12-23,0,,2019,12,23,0
Munich_1,2019-12-24,1,Christmas Eve,2019,12,24,1
Munich_1,2019-12-25,1,1st Christmas Day,2019,12,25,2
Munich_1,2019-12-26,1,2nd Christmas Day,2019,12,26,3
Munich_1,2019-12-27,0,,2019,12,27,4
Munich_1,2019-12-28,0,,2019,12,28,5
Munich_1,2019-12-29,0,,2019,12,29,6
Munich_1,2019-12-30,0,,2019,12,30,0
Munich_1,2019-12-31,0,,2019,12,31,1
Munich_1,2020-01-01,1,New Years Day,2020,1,1,2
Munich_1,2020-01-02,0,,2020,1,2,3
Munich_1,2020-01-03,0,,2020,1,3,4
Munich_1,2020-01-04,0,,2020,1,4,5
Munich_1,2020-01-05,0,,2020,1,5,6
Munich_1,2020-01-06,1,Epiphany,2020,1,6,0
Munich_1,2020-01-07,0,,2020,1,7,1
Munich_1,2020-01-08,0,,2020,1,8,2
Munich_1,2020-01-09,0,,2020,1,9,3
Munich_1,2020-01-10,0,,2020,1,10,4
Munich_1,2020-01-11,0,,2020,1,11,5
Munich_1,2020-01-12,0,,2020,1,12,6
Munich_1,2020-01-13,0,,2020,1,13,0
Munich_1,2020-01-14,0,,2020,1,14,1
Munich_1,2020-01-15,0,,2020,1,15,2
Munich_1,2020-01-16,0,,2020,1,16,3
Munich_1,2020-01-17,0,,2020,1,17,4
Munich_1,2020-01-18,0,,2020,1,18,5
Munich_1,2020-01-19,0,,2020,1,19,6
Munich_1,2020-01-20,0,,2020,1,20,0
Munich_1,2020-01-21,0,,2020,1,21,1
Munich_1,2020-01-22,0,,2020,1,22,2
Munich_1,2020-01-23,0,,2020,1,23,3
Munich_1,2020-01-24,0,,2020,1,24,4
Munich_1,2020-01-25,0,,2020,1,25,5
Munich_1,2020-01-26,0,,2020,1,26,6
Munich_1,2020-01-27,0,,2020,1,27,0
Munich_1,2020-01-28,0,,2020,1,28,1
Munich_1,2020-01-29,0,,2020,1,29,2
Munich_1,2020-01-30,0,,2020,1,30,3
Munich_1,2020-01-31,0,,2020,1,31,4
Munich_1,2020-02-01,0,,2020,2,1,5
Munich_1,2020-02-02,0,,2020,2,2,6
Munich_1,2020-02-03,0,,2020,2,3,0
Munich_1,2020-02-04,0,,2020,2,4,1
Munich_1,2020-02-05,0,,2020,2,5,2
Munich_1,2020-02-06,0,,2020,2,6,3
Munich_1,2020-02-07,0,,2020,2,7,4
Munich_1,2020-02-08,0,,2020,2,8,5
Munich_1,2020-02-09,0,,2020,2,9,6
Munich_1,2020-02-10,0,,2020,2,10,0
Munich_1,2020-02-11,0,,2020,2,11,1
Munich_1,2020-02-12,0,,2020,2,12,2
Munich_1,2020-02-13,0,,2020,2,13,3
Munich_1,2020-02-14,0,,2020,2,14,4
Munich_1,2020-02-15,0,,2020,2,15,5
Munich_1,2020-02-16,0,,2020,2,16,6
Munich_1,2020-02-17,0,,2020,2,17,0
Munich_1,2020-02-18,0,,2020,2,18,1
Munich_1,2020-02-19,0,,2020,2,19,2
Munich_1,2020-02-20,0,,2020,2,20,3
Munich_1,2020-02-21,0,,2020,2,21,4
Munich_1,2020-02-22,0,,2020,2,22,5
Munich_1,2020-02-23,0,,2020,2,23,6
Munich_1,2020-02-24,0,,2020,2,24,0
Munich_1,2020-02-25,0,,2020,2,25,1
Munich_1,2020-02-26,0,,2020,2,26,2
Munich_1,2020-02-27,0,,2020,2,27,3
Munich_1,2020-02-28,0,,2020,2,28,4
Munich_1,2020-02-29,0,,2020,2,29,5
Munich_1,2020-03-01,0,,2020,3,1,6
Munich_1,2020-03-02,0,,2020,3,2,0
Munich_1,2020-03-03,0,,2020,3,3,1
Munich_1,2020-03-04,0,,2020,3,4,2
Munich_1,2020-03-05,0,,2020,3,5,3
Munich_1,2020-03-06,0,,2020,3,6,4
Munich_1,2020-03-07,0,,2020,3,7,5
Munich_1,2020-03-08,1,International womens day,2020,3,8,6
Munich_1,2020-03-09,0,,2020,3,9,0
Munich_1,2020-03-10,0,,2020,3,10,1
Munich_1,2020-03-11,0,,2020,3,11,2
Munich_1,2020-03-12,0,,2020,3,12,3
Munich_1,2020-03-13,0,,2020,3,13,4
Munich_1,2020-03-14,0,,2020,3,14,5
Munich_1,2020-03-15,0,,2020,3,15,6
Munich_1,2020-03-16,0,,2020,3,16,0
Munich_1,2020-03-17,0,,2020,3,17,1
Munich_1,2020-03-18,0,,2020,3,18,2
Munich_1,2020-03-19,0,,2020,3,19,3
Munich_1,2020-03-20,0,,2020,3,20,4
Munich_1,2020-03-21,0,,2020,3,21,5
Munich_1,2020-03-22,0,,2020,3,22,6
Munich_1,2020-03-23,0,,2020,3,23,0
Munich_1,2020-03-24,0,,2020,3,24,1
Munich_1,2020-03-25,0,,2020,3,25,2
Munich_1,2020-03-26,0,,2020,3,26,3
Munich_1,2020-03-27,0,,2020,3,27,4
Munich_1,2020-03-28,0,,2020,3,28,5
Munich_1,2020-03-29,0,,2020,3,29,6
Munich_1,2020-03-30,0,,2020,3,30,0
Munich_1,2020-03-31,0,,2020,3,31,1
Munich_1,2020-04-01,0,,2020,4,1,2
Munich_1,2020-04-02,0,,2020,4,2,3
Munich_1,2020-04-03,0,,2020,4,3,4
Munich_1,2020-04-04,0,,2020,4,4,5
Munich_1,2020-04-05,0,,2020,4,5,6
Munich_1,2020-04-06,0,,2020,4,6,0
Munich_1,2020-04-07,0,,2020,4,7,1
Munich_1,2020-04-08,0,,2020,4,8,2
Munich_1,2020-04-09,0,,2020,4,9,3
Munich_1,2020-04-10,1,Good Friday,2020,4,10,4
Munich_1,2020-04-11,1,Good Friday,2020,4,11,5
Munich_1,2020-04-12,1,Easter Sunday,2020,4,12,6
Munich_1,2020-04-13,1,Easter Monday,2020,4,13,0
Munich_1,2020-04-14,0,,2020,4,14,1
Munich_1,2020-04-15,0,,2020,4,15,2
Munich_1,2020-04-16,0,,2020,4,16,3
Munich_1,2020-04-17,0,,2020,4,17,4
Munich_1,2020-04-18,0,,2020,4,18,5
Munich_1,2020-04-19,1,Good Friday,2020,4,19,6
Munich_1,2020-04-20,1,Good Friday,2020,4,20,0
Munich_1,2020-04-21,1,Easter Sunday,2020,4,21,1
Munich_1,2020-04-22,1,Easter Monday,2020,4,22,2
Munich_1,2020-04-23,0,,2020,4,23,3
Munich_1,2020-04-24,0,,2020,4,24,4
Munich_1,2020-04-25,0,,2020,4,25,5
Munich_1,2020-04-26,0,,2020,4,26,6
Munich_1,2020-04-27,0,,2020,4,27,0
Munich_1,2020-04-28,0,,2020,4,28,1
Munich_1,2020-04-29,0,,2020,4,29,2
Munich_1,2020-04-30,0,,2020,4,30,3
Munich_1,2020-05-01,1,Labour Day,2020,5,1,4
Munich_1,2020-05-02,0,,2020,5,2,5
Munich_1,2020-05-03,0,,2020,5,3,6
Munich_1,2020-05-04,0,,2020,5,4,0
Munich_1,2020-05-05,0,,2020,5,5,1
Munich_1,2020-05-06,0,,2020,5,6,2
Munich_1,2020-05-07,0,,2020,5,7,3
Munich_1,2020-05-08,0,,2020,5,8,4
Munich_1,2020-05-09,0,,2020,5,9,5
Munich_1,2020-05-10,0,,2020,5,10,6
Munich_1,2020-05-11,0,,2020,5,11,0
Munich_1,2020-05-12,1,Mother's Day,2020,5,12,1
Munich_1,2020-05-13,0,,2020,5,13,2
Munich_1,2020-05-14,0,,2020,5,14,3
Munich_1,2020-05-15,0,,2020,5,15,4
Munich_1,2020-05-16,0,,2020,5,16,5
Munich_1,2020-05-17,0,,2020,5,17,6
Munich_1,2020-05-18,0,,2020,5,18,0
Munich_1,2020-05-19,0,,2020,5,19,1
Munich_1,2020-05-20,0,,2020,5,20,2
Munich_1,2020-05-21,1,Ascension day,2020,5,21,3
Munich_1,2020-05-22,0,,2020,5,22,4
Munich_1,2020-05-23,0,,2020,5,23,5
Munich_1,2020-05-24,0,,2020,5,24,6
Munich_1,2020-05-25,0,,2020,5,25,0
Munich_1,2020-05-26,0,,2020,5,26,1
Munich_1,2020-05-27,0,,2020,5,27,2
Munich_1,2020-05-28,0,,2020,5,28,3
Munich_1,2020-05-29,0,,2020,5,29,4
Munich_1,2020-05-30,1,Ascension day,2020,5,30,5
Munich_1,2020-05-31,1,Whit sunday,2020,5,31,6
Munich_1,2020-06-01,1,Whit monday,2020,6,1,0
Munich_1,2020-06-02,0,,2020,6,2,1
Munich_1,2020-06-03,0,,2020,6,3,2
Munich_1,2020-06-04,0,,2020,6,4,3
Munich_1,2020-06-05,0,,2020,6,5,4
Munich_1,2020-06-06,0,,2020,6,6,5
Munich_1,2020-06-07,0,,2020,6,7,6
Munich_1,2020-06-08,0,,2020,6,8,0
Munich_1,2020-06-09,1,Whit sunday,2020,6,9,1
Munich_1,2020-06-10,1,Whit monday,2020,6,10,2
Munich_1,2020-06-11,1,Corpus Christi,2020,6,11,3
Munich_1,2020-06-12,0,,2020,6,12,4
Munich_1,2020-06-13,0,,2020,6,13,5
Munich_1,2020-06-14,0,,2020,6,14,6
Munich_1,2020-06-15,0,,2020,6,15,0
Munich_1,2020-06-16,0,,2020,6,16,1
Munich_1,2020-06-17,0,,2020,6,17,2
Munich_1,2020-06-18,0,,2020,6,18,3
Munich_1,2020-06-19,0,,2020,6,19,4
Munich_1,2020-06-20,1,Corpus Christi,2020,6,20,5
Munich_1,2020-06-21,0,,2020,6,21,6
Munich_1,2020-06-22,0,,2020,6,22,0
Munich_1,2020-06-23,0,,2020,6,23,1
Munich_1,2020-06-24,0,,2020,6,24,2
Munich_1,2020-06-25,0,,2020,6,25,3
Munich_1,2020-06-26,0,,2020,6,26,4
Munich_1,2020-06-27,0,,2020,6,27,5
Munich_1,2020-06-28,0,,2020,6,28,6
Munich_1,2020-06-29,0,,2020,6,29,0
Munich_1,2020-06-30,0,,2020,6,30,1
Munich_1,2020-07-01,0,,2020,7,1,2
Munich_1,2020-07-02,0,,2020,7,2,3
Munich_1,2020-07-03,0,,2020,7,3,4
Munich_1,2020-07-04,0,,2020,7,4,5
Munich_1,2020-07-05,0,,2020,7,5,6
Munich_1,2020-07-06,0,,2020,7,6,0
Munich_1,2020-07-07,0,,2020,7,7,1
Munich_1,2020-07-08,0,,2020,7,8,2
Munich_1,2020-07-09,0,,2020,7,9,3
Munich_1,2020-07-10,0,,2020,7,10,4
Munich_1,2020-07-11,0,,2020,7,11,5
Munich_1,2020-07-12,0,,2020,7,12,6
Munich_1,2020-07-13,0,,2020,7,13,0
Munich_1,2020-07-14,0,,2020,7,14,1
Munich_1,2020-07-15,0,,2020,7,15,2
Munich_1,2020-07-16,0,,2020,7,16,3
Munich_1,2020-07-17,0,,2020,7,17,4
Munich_1,2020-07-18,0,,2020,7,18,5
Munich_1,2020-07-19,0,,2020,7,19,6
Munich_1,2020-07-20,0,,2020,7,20,0
Munich_1,2020-07-21,0,,2020,7,21,1
Munich_1,2020-07-22,0,,2020,7,22,2
Munich_1,2020-07-23,0,,2020,7,23,3
Munich_1,2020-07-24,0,,2020,7,24,4
Munich_1,2020-07-25,0,,2020,7,25,5
Munich_1,2020-07-26,0,,2020,7,26,6
Munich_1,2020-07-27,0,,2020,7,27,0
Munich_1,2020-07-28,0,,2020,7,28,1
Munich_1,2020-07-29,0,,2020,7,29,2
Munich_1,2020-07-30,0,,2020,7,30,3
Munich_1,2020-07-31,0,,2020,7,31,4
Munich_1,2020-08-01,0,,2020,8,1,5
Munich_1,2020-08-02,0,,2020,8,2,6
Munich_1,2020-08-03,0,,2020,8,3,0
Munich_1,2020-08-04,0,,2020,8,4,1
Munich_1,2020-08-05,0,,2020,8,5,2
Munich_1,2020-08-06,0,,2020,8,6,3
Munich_1,2020-08-07,0,,2020,8,7,4
Munich_1,2020-08-08,1,Peace Festival in Augsburg,2020,8,8,5
Munich_1,2020-08-09,0,,2020,8,9,6
Munich_1,2020-08-10,0,,2020,8,10,0
Munich_1,2020-08-11,0,,2020,8,11,1
Munich_1,2020-08-12,0,,2020,8,12,2
Munich_1,2020-08-13,0,,2020,8,13,3
Munich_1,2020-08-14,0,,2020,8,14,4
Munich_1,2020-08-15,1,Assumption of the Virgin Mary,2020,8,15,5
Munich_1,2020-08-16,0,,2020,8,16,6
Munich_1,2020-08-17,0,,2020,8,17,0
Munich_1,2020-08-18,0,,2020,8,18,1
Munich_1,2020-08-19,0,,2020,8,19,2
Munich_1,2020-08-20,0,,2020,8,20,3
Munich_1,2020-08-21,0,,2020,8,21,4
Munich_1,2020-08-22,0,,2020,8,22,5
Munich_1,2020-08-23,0,,2020,8,23,6
Munich_1,2020-08-24,0,,2020,8,24,0
Munich_1,2020-08-25,0,,2020,8,25,1
Munich_1,2020-08-26,0,,2020,8,26,2
Munich_1,2020-08-27,0,,2020,8,27,3
Munich_1,2020-08-28,0,,2020,8,28,4
Munich_1,2020-08-29,0,,2020,8,29,5
Munich_1,2020-08-30,0,,2020,8,30,6
Munich_1,2020-08-31,0,,2020,8,31,0
Munich_1,2020-09-01,0,,2020,9,1,1
Munich_1,2020-09-02,0,,2020,9,2,2
Munich_1,2020-09-03,0,,2020,9,3,3
Munich_1,2020-09-04,0,,2020,9,4,4
Munich_1,2020-09-05,0,,2020,9,5,5
Munich_1,2020-09-06,0,,2020,9,6,6
Munich_1,2020-09-07,0,,2020,9,7,0
Munich_1,2020-09-08,0,,2020,9,8,1
Munich_1,2020-09-09,0,,2020,9,9,2
Munich_1,2020-09-10,0,,2020,9,10,3
Munich_1,2020-09-11,0,,2020,9,11,4
Munich_1,2020-09-12,0,,2020,9,12,5
Munich_1,2020-09-13,0,,2020,9,13,6
Munich_1,2020-09-14,0,,2020,9,14,0
Munich_1,2020-09-15,0,,2020,9,15,1
Munich_1,2020-09-16,0,,2020,9,16,2
Munich_1,2020-09-17,0,,2020,9,17,3
Munich_1,2020-09-18,0,,2020,9,18,4
Munich_1,2020-09-19,0,,2020,9,19,5
Munich_1,2020-09-20,0,,2020,9,20,6
Munich_1,2020-09-21,0,,2020,9,21,0
Munich_1,2020-09-22,0,,2020,9,22,1
Munich_1,2020-09-23,0,,2020,9,23,2
Munich_1,2020-09-24,0,,2020,9,24,3
Munich_1,2020-09-25,0,,2020,9,25,4
Munich_1,2020-09-26,0,,2020,9,26,5
Munich_1,2020-09-27,0,,2020,9,27,6
Munich_1,2020-09-28,0,,2020,9,28,0
Munich_1,2020-09-29,0,,2020,9,29,1
Munich_1,2020-09-30,0,,2020,9,30,2
Munich_1,2020-10-01,0,,2020,10,1,3
Munich_1,2020-10-02,0,,2020,10,2,4
Munich_1,2020-10-03,1,German Unity Day,2020,10,3,5
Munich_1,2020-10-04,0,,2020,10,4,6
Munich_1,2020-10-05,0,,2020,10,5,0
Munich_1,2020-10-06,0,,2020,10,6,1
Munich_1,2020-10-07,0,,2020,10,7,2
Munich_1,2020-10-08,0,,2020,10,8,3
Munich_1,2020-10-09,0,,2020,10,9,4
Munich_1,2020-10-10,0,,2020,10,10,5
Munich_1,2020-10-11,0,,2020,10,11,6
Munich_1,2020-10-12,0,,2020,10,12,0
Munich_1,2020-10-13,0,,2020,10,13,1
Munich_1,2020-10-14,0,,2020,10,14,2
Munich_1,2020-10-15,0,,2020,10,15,3
Munich_1,2020-10-16,0,,2020,10,16,4
Munich_1,2020-10-17,0,,2020,10,17,5
Munich_1,2020-10-18,0,,2020,10,18,6
Munich_1,2020-10-19,0,,2020,10,19,0
Munich_1,2020-10-20,0,,2020,10,20,1
Munich_1,2020-10-21,0,,2020,10,21,2
Munich_1,2020-10-22,0,,2020,10,22,3
Munich_1,2020-10-23,0,,2020,10,23,4
Munich_1,2020-10-24,0,,2020,10,24,5
Munich_1,2020-10-25,0,,2020,10,25,6
Munich_1,2020-10-26,0,,2020,10,26,0
Munich_1,2020-10-27,0,,2020,10,27,1
Munich_1,2020-10-28,0,,2020,10,28,2
Munich_1,2020-10-29,0,,2020,10,29,3
Munich_1,2020-10-30,0,,2020,10,30,4
Munich_1,2020-10-31,0,,2020,10,31,5
Munich_1,2020-11-01,1,All Saints Day,2020,11,1,6
Munich_1,2020-11-02,0,,2020,11,2,0
Munich_1,2020-11-03,0,,2020,11,3,1
Munich_1,2020-11-04,0,,2020,11,4,2
Munich_1,2020-11-05,0,,2020,11,5,3
Munich_1,2020-11-06,0,,2020,11,6,4
Munich_1,2020-11-07,0,,2020,11,7,5
Munich_1,2020-11-08,0,,2020,11,8,6
Munich_1,2020-11-09,0,,2020,11,9,0
Munich_1,2020-11-10,0,,2020,11,10,1
Munich_1,2020-11-11,0,,2020,11,11,2
Munich_1,2020-11-12,0,,2020,11,12,3
Munich_1,2020-11-13,0,,2020,11,13,4
Munich_1,2020-11-14,0,,2020,11,14,5
Munich_1,2020-11-15,0,,2020,11,15,6
Munich_1,2020-11-16,0,,2020,11,16,0
Munich_1,2020-11-17,0,,2020,11,17,1
Munich_1,2020-11-18,0,,2020,11,18,2
Munich_1,2020-11-19,0,,2020,11,19,3
Munich_1,2020-11-20,0,,2020,11,20,4
Munich_1,2020-11-21,0,,2020,11,21,5
Munich_1,2020-11-22,0,,2020,11,22,6
Munich_1,2020-11-23,0,,2020,11,23,0
Munich_1,2020-11-24,0,,2020,11,24,1
Munich_1,2020-11-25,0,,2020,11,25,2
Munich_1,2020-11-26,0,,2020,11,26,3
Munich_1,2020-11-27,0,,2020,11,27,4
Munich_1,2020-11-28,0,,2020,11,28,5
Munich_1,2020-11-29,0,,2020,11,29,6
Munich_1,2020-11-30,0,,2020,11,30,0
Munich_1,2020-12-01,0,,2020,12,1,1
Munich_1,2020-12-02,0,,2020,12,2,2
Munich_1,2020-12-03,0,,2020,12,3,3
Munich_1,2020-12-04,0,,2020,12,4,4
Munich_1,2020-12-05,0,,2020,12,5,5
Munich_1,2020-12-06,0,,2020,12,6,6
Munich_1,2020-12-07,0,,2020,12,7,0
Munich_1,2020-12-08,0,,2020,12,8,1
Munich_1,2020-12-09,0,,2020,12,9,2
Munich_1,2020-12-10,0,,2020,12,10,3
Munich_1,2020-12-11,0,,2020,12,11,4
Munich_1,2020-12-12,0,,2020,12,12,5
Munich_1,2020-12-13,0,,2020,12,13,6
Munich_1,2020-12-14,0,,2020,12,14,0
Munich_1,2020-12-15,0,,2020,12,15,1
Munich_1,2020-12-16,0,,2020,12,16,2
Munich_1,2020-12-17,0,,2020,12,17,3
Munich_1,2020-12-18,0,,2020,12,18,4
Munich_1,2020-12-19,0,,2020,12,19,5
Munich_1,2020-12-20,0,,2020,12,20,6
Munich_1,2020-12-21,0,,2020,12,21,0
Munich_1,2020-12-22,0,,2020,12,22,1
Munich_1,2020-12-23,0,,2020,12,23,2
Munich_1,2020-12-24,1,Christmas Eve,2020,12,24,3
Munich_1,2020-12-25,1,1st Christmas Day,2020,12,25,4
Munich_1,2020-12-26,1,2nd Christmas Day,2020,12,26,5
Munich_1,2020-12-27,0,,2020,12,27,6
Munich_1,2020-12-28,0,,2020,12,28,0
Munich_1,2020-12-29,0,,2020,12,29,1
Munich_1,2020-12-30,0,,2020,12,30,2
Munich_1,2020-12-31,0,,2020,12,31,3
Munich_1,2021-01-01,1,New Years Day,2021,1,1,4
Munich_1,2021-01-02,0,,2021,1,2,5
Munich_1,2021-01-03,0,,2021,1,3,6
Munich_1,2021-01-04,0,,2021,1,4,0
Munich_1,2021-01-05,0,,2021,1,5,1
Munich_1,2021-01-06,1,Epiphany,2021,1,6,2
Munich_1,2021-01-07,0,,2021,1,7,3
Munich_1,2021-01-08,0,,2021,1,8,4
Munich_1,2021-01-09,0,,2021,1,9,5
Munich_1,2021-01-10,0,,2021,1,10,6
Munich_1,2021-01-11,0,,2021,1,11,0
Munich_1,2021-01-12,0,,2021,1,12,1
Munich_1,2021-01-13,0,,2021,1,13,2
Munich_1,2021-01-14,0,,2021,1,14,3
Munich_1,2021-01-15,0,,2021,1,15,4
Munich_1,2021-01-16,0,,2021,1,16,5
Munich_1,2021-01-17,0,,2021,1,17,6
Munich_1,2021-01-18,0,,2021,1,18,0
Munich_1,2021-01-19,0,,2021,1,19,1
Munich_1,2021-01-20,0,,2021,1,20,2
Munich_1,2021-01-21,0,,2021,1,21,3
Munich_1,2021-01-22,0,,2021,1,22,4
Munich_1,2021-01-23,0,,2021,1,23,5
Munich_1,2021-01-24,0,,2021,1,24,6
Munich_1,2021-01-25,0,,2021,1,25,0
Munich_1,2021-01-26,0,,2021,1,26,1
Munich_1,2021-01-27,0,,2021,1,27,2
Munich_1,2021-01-28,0,,2021,1,28,3
Munich_1,2021-01-29,0,,2021,1,29,4
Munich_1,2021-01-30,0,,2021,1,30,5
Munich_1,2021-01-31,0,,2021,1,31,6
Munich_1,2021-02-01,0,,2021,2,1,0
Munich_1,2021-02-02,0,,2021,2,2,1
Munich_1,2021-02-03,0,,2021,2,3,2
Munich_1,2021-02-04,0,,2021,2,4,3
Munich_1,2021-02-05,0,,2021,2,5,4
Munich_1,2021-02-06,0,,2021,2,6,5
Munich_1,2021-02-07,0,,2021,2,7,6
Munich_1,2021-02-08,0,,2021,2,8,0
Munich_1,2021-02-09,0,,2021,2,9,1
Munich_1,2021-02-10,0,,2021,2,10,2
Munich_1,2021-02-11,0,,2021,2,11,3
Munich_1,2021-02-12,0,,2021,2,12,4
Munich_1,2021-02-13,0,,2021,2,13,5
Munich_1,2021-02-14,0,,2021,2,14,6
Munich_1,2021-02-15,0,,2021,2,15,0
Munich_1,2021-02-16,0,,2021,2,16,1
Munich_1,2021-02-17,0,,2021,2,17,2
Munich_1,2021-02-18,0,,2021,2,18,3
Munich_1,2021-02-19,0,,2021,2,19,4
Munich_1,2021-02-20,0,,2021,2,20,5
Munich_1,2021-02-21,0,,2021,2,21,6
Munich_1,2021-02-22,0,,2021,2,22,0
Munich_1,2021-02-23,0,,2021,2,23,1
Munich_1,2021-02-24,0,,2021,2,24,2
Munich_1,2021-02-25,0,,2021,2,25,3
Munich_1,2021-02-26,0,,2021,2,26,4
Munich_1,2021-02-27,0,,2021,2,27,5
Munich_1,2021-02-28,0,,2021,2,28,6
Munich_1,2021-03-01,0,,2021,3,1,0
Munich_1,2021-03-02,0,,2021,3,2,1
Munich_1,2021-03-03,0,,2021,3,3,2
Munich_1,2021-03-04,0,,2021,3,4,3
Munich_1,2021-03-05,0,,2021,3,5,4
Munich_1,2021-03-06,0,,2021,3,6,5
Munich_1,2021-03-07,0,,2021,3,7,6
Munich_1,2021-03-08,1,International womens day,2021,3,8,0
Munich_1,2021-03-09,0,,2021,3,9,1
Munich_1,2021-03-10,0,,2021,3,10,2
Munich_1,2021-03-11,0,,2021,3,11,3
Munich_1,2021-03-12,0,,2021,3,12,4
Munich_1,2021-03-13,0,,2021,3,13,5
Munich_1,2021-03-14,0,,2021,3,14,6
Munich_1,2021-03-15,0,,2021,3,15,0
Munich_1,2021-03-16,0,,2021,3,16,1
Munich_1,2021-03-17,0,,2021,3,17,2
Munich_1,2021-03-18,0,,2021,3,18,3
Munich_1,2021-03-19,0,,2021,3,19,4
Munich_1,2021-03-20,0,,2021,3,20,5
Munich_1,2021-03-21,0,,2021,3,21,6
Munich_1,2021-03-22,0,,2021,3,22,0
Munich_1,2021-03-23,0,,2021,3,23,1
Munich_1,2021-03-24,0,,2021,3,24,2
Munich_1,2021-03-25,0,,2021,3,25,3
Munich_1,2021-03-26,0,,2021,3,26,4
Munich_1,2021-03-27,0,,2021,3,27,5
Munich_1,2021-03-28,0,,2021,3,28,6
Munich_1,2021-03-29,0,,2021,3,29,0
Munich_1,2021-03-30,0,,2021,3,30,1
Munich_1,2021-03-31,0,,2021,3,31,2
Munich_1,2021-04-01,0,,2021,4,1,3
Munich_1,2021-04-02,1,Good Friday,2021,4,2,4
Munich_1,2021-04-03,1,Good Friday,2021,4,3,5
Munich_1,2021-04-04,1,Easter Sunday,2021,4,4,6
Munich_1,2021-04-05,1,Easter Monday,2021,4,5,0
Munich_1,2021-04-06,0,,2021,4,6,1
Munich_1,2021-04-07,0,,2021,4,7,2
Munich_1,2021-04-08,0,,2021,4,8,3
Munich_1,2021-04-09,0,,2021,4,9,4
Munich_1,2021-04-10,1,Good Friday,2021,4,10,5
Munich_1,2021-04-11,1,Good Friday,2021,4,11,6
Munich_1,2021-04-12,1,Easter Sunday,2021,4,12,0
Munich_1,2021-04-13,1,Easter Monday,2021,4,13,1
Munich_1,2021-04-14,0,,2021,4,14,2
Munich_1,2021-04-15,0,,2021,4,15,3
Munich_1,2021-04-16,0,,2021,4,16,4
Munich_1,2021-04-17,0,,2021,4,17,5
Munich_1,2021-04-18,0,,2021,4,18,6
Munich_1,2021-04-19,0,,2021,4,19,0
Munich_1,2021-04-20,0,,2021,4,20,1
Munich_1,2021-04-21,0,,2021,4,21,2
Munich_1,2021-04-22,0,,2021,4,22,3
Munich_1,2021-04-23,0,,2021,4,23,4
Munich_1,2021-04-24,0,,2021,4,24,5
Munich_1,2021-04-25,0,,2021,4,25,6
Munich_1,2021-04-26,0,,2021,4,26,0
Munich_1,2021-04-27,0,,2021,4,27,1
Munich_1,2021-04-28,0,,2021,4,28,2
Munich_1,2021-04-29,0,,2021,4,29,3
Munich_1,2021-04-30,0,,2021,4,30,4
Munich_1,2021-05-01,1,Labour Day,2021,5,1,5
Munich_1,2021-05-02,0,,2021,5,2,6
Munich_1,2021-05-03,0,,2021,5,3,0
Munich_1,2021-05-04,0,,2021,5,4,1
Munich_1,2021-05-05,0,,2021,5,5,2
Munich_1,2021-05-06,0,,2021,5,6,3
Munich_1,2021-05-07,0,,2021,5,7,4
Munich_1,2021-05-08,0,,2021,5,8,5
Munich_1,2021-05-09,1,Mother's Day,2021,5,9,6
Munich_1,2021-05-10,0,,2021,5,10,0
Munich_1,2021-05-11,0,,2021,5,11,1
Munich_1,2021-05-12,0,,2021,5,12,2
Munich_1,2021-05-13,1,Ascension day,2021,5,13,3
Munich_1,2021-05-14,0,,2021,5,14,4
Munich_1,2021-05-15,0,,2021,5,15,5
Munich_1,2021-05-16,0,,2021,5,16,6
Munich_1,2021-05-17,0,,2021,5,17,0
Munich_1,2021-05-18,0,,2021,5,18,1
Munich_1,2021-05-19,0,,2021,5,19,2
Munich_1,2021-05-20,0,,2021,5,20,3
Munich_1,2021-05-21,1,Ascension day,2021,5,21,4
Munich_1,2021-05-22,0,,2021,5,22,5
Munich_1,2021-05-23,1,Whit sunday,2021,5,23,6
Munich_1,2021-05-24,1,Whit monday,2021,5,24,0
Munich_1,2021-05-25,0,,2021,5,25,1
Munich_1,2021-05-26,0,,2021,5,26,2
Munich_1,2021-05-27,0,,2021,5,27,3
Munich_1,2021-05-28,0,,2021,5,28,4
Munich_1,2021-05-29,0,,2021,5,29,5
Munich_1,2021-05-30,0,,2021,5,30,6
Munich_1,2021-05-31,1,Whit sunday,2021,5,31,0
Munich_1,2021-06-01,1,Whit monday,2021,6,1,1
Munich_1,2021-06-02,0,,2021,6,2,2
Munich_1,2021-06-03,1,Corpus Christi,2021,6,3,3
Munich_1,2021-06-04,0,,2021,6,4,4
Munich_1,2021-06-05,0,,2021,6,5,5
Munich_1,2021-06-06,0,,2021,6,6,6
Munich_1,2021-06-07,0,,2021,6,7,0
Munich_1,2021-06-08,0,,2021,6,8,1
Munich_1,2021-06-09,0,,2021,6,9,2
Munich_1,2021-06-10,0,,2021,6,10,3
Munich_1,2021-06-11,1,Corpus Christi,2021,6,11,4
Munich_1,2021-06-12,0,,2021,6,12,5
Munich_1,2021-06-13,0,,2021,6,13,6
Munich_1,2021-06-14,0,,2021,6,14,0
Munich_1,2021-06-15,0,,2021,6,15,1
Munich_1,2021-06-16,0,,2021,6,16,2
Munich_1,2021-06-17,0,,2021,6,17,3
Munich_1,2021-06-18,0,,2021,6,18,4
Munich_1,2021-06-19,0,,2021,6,19,5
Munich_1,2021-06-20,0,,2021,6,20,6
Munich_1,2021-06-21,0,,2021,6,21,0
Munich_1,2021-06-22,0,,2021,6,22,1
Munich_1,2021-06-23,0,,2021,6,23,2
Munich_1,2021-06-24,0,,2021,6,24,3
Munich_1,2021-06-25,0,,2021,6,25,4
Munich_1,2021-06-26,0,,2021,6,26,5
Munich_1,2021-06-27,0,,2021,6,27,6
Munich_1,2021-06-28,0,,2021,6,28,0
Munich_1,2021-06-29,0,,2021,6,29,1
Munich_1,2021-06-30,0,,2021,6,30,2
Munich_1,2021-07-01,0,,2021,7,1,3
Munich_1,2021-07-02,0,,2021,7,2,4
Munich_1,2021-07-03,0,,2021,7,3,5
Munich_1,2021-07-04,0,,2021,7,4,6
Munich_1,2021-07-05,0,,2021,7,5,0
Munich_1,2021-07-06,0,,2021,7,6,1
Munich_1,2021-07-07,0,,2021,7,7,2
Munich_1,2021-07-08,0,,2021,7,8,3
Munich_1,2021-07-09,0,,2021,7,9,4
Munich_1,2021-07-10,0,,2021,7,10,5
Munich_1,2021-07-11,0,,2021,7,11,6
Munich_1,2021-07-12,0,,2021,7,12,0
Munich_1,2021-07-13,0,,2021,7,13,1
Munich_1,2021-07-14,0,,2021,7,14,2
Munich_1,2021-07-15,0,,2021,7,15,3
Munich_1,2021-07-16,0,,2021,7,16,4
Munich_1,2021-07-17,0,,2021,7,17,5
Munich_1,2021-07-18,0,,2021,7,18,6
Munich_1,2021-07-19,0,,2021,7,19,0
Munich_1,2021-07-20,0,,2021,7,20,1
Munich_1,2021-07-21,0,,2021,7,21,2
Munich_1,2021-07-22,0,,2021,7,22,3
Munich_1,2021-07-23,0,,2021,7,23,4
Munich_1,2021-07-24,0,,2021,7,24,5
Munich_1,2021-07-25,0,,2021,7,25,6
Munich_1,2021-07-26,0,,2021,7,26,0
Munich_1,2021-07-27,0,,2021,7,27,1
Munich_1,2021-07-28,0,,2021,7,28,2
Munich_1,2021-07-29,0,,2021,7,29,3
Munich_1,2021-07-30,0,,2021,7,30,4
Munich_1,2021-07-31,0,,2021,7,31,5
Munich_1,2021-08-01,0,,2021,8,1,6
Munich_1,2021-08-02,0,,2021,8,2,0
Munich_1,2021-08-03,0,,2021,8,3,1
Munich_1,2021-08-04,0,,2021,8,4,2
Munich_1,2021-08-05,0,,2021,8,5,3
Munich_1,2021-08-06,0,,2021,8,6,4
Munich_1,2021-08-07,0,,2021,8,7,5
Munich_1,2021-08-08,1,Peace Festival in Augsburg,2021,8,8,6
Munich_1,2021-08-09,0,,2021,8,9,0
Munich_1,2021-08-10,0,,2021,8,10,1
Munich_1,2021-08-11,0,,2021,8,11,2
Munich_1,2021-08-12,0,,2021,8,12,3
Munich_1,2021-08-13,0,,2021,8,13,4
Munich_1,2021-08-14,0,,2021,8,14,5
Munich_1,2021-08-15,1,Assumption of the Virgin Mary,2021,8,15,6
Munich_1,2021-08-16,0,,2021,8,16,0
Munich_1,2021-08-17,0,,2021,8,17,1
Munich_1,2021-08-18,0,,2021,8,18,2
Munich_1,2021-08-19,0,,2021,8,19,3
Munich_1,2021-08-20,0,,2021,8,20,4
Munich_1,2021-08-21,0,,2021,8,21,5
Munich_1,2021-08-22,0,,2021,8,22,6
Munich_1,2021-08-23,0,,2021,8,23,0
Munich_1,2021-08-24,0,,2021,8,24,1
Munich_1,2021-08-25,0,,2021,8,25,2
Munich_1,2021-08-26,0,,2021,8,26,3
Munich_1,2021-08-27,0,,2021,8,27,4
Munich_1,2021-08-28,0,,2021,8,28,5
Munich_1,2021-08-29,0,,2021,8,29,6
Munich_1,2021-08-30,0,,2021,8,30,0
Munich_1,2021-08-31,0,,2021,8,31,1
Munich_1,2021-09-01,0,,2021,9,1,2
Munich_1,2021-09-02,0,,2021,9,2,3
Munich_1,2021-09-03,0,,2021,9,3,4
Munich_1,2021-09-04,0,,2021,9,4,5
Munich_1,2021-09-05,0,,2021,9,5,6
Munich_1,2021-09-06,0,,2021,9,6,0
Munich_1,2021-09-07,0,,2021,9,7,1
Munich_1,2021-09-08,0,,2021,9,8,2
Munich_1,2021-09-09,0,,2021,9,9,3
Munich_1,2021-09-10,0,,2021,9,10,4
Munich_1,2021-09-11,0,,2021,9,11,5
Munich_1,2021-09-12,0,,2021,9,12,6
Munich_1,2021-09-13,0,,2021,9,13,0
Munich_1,2021-09-14,0,,2021,9,14,1
Munich_1,2021-09-15,0,,2021,9,15,2
Munich_1,2021-09-16,0,,2021,9,16,3
Munich_1,2021-09-17,0,,2021,9,17,4
Munich_1,2021-09-18,0,,2021,9,18,5
Munich_1,2021-09-19,0,,2021,9,19,6
Munich_1,2021-09-20,0,,2021,9,20,0
Munich_1,2021-09-21,0,,2021,9,21,1
Munich_1,2021-09-22,0,,2021,9,22,2
Munich_1,2021-09-23,0,,2021,9,23,3
Munich_1,2021-09-24,0,,2021,9,24,4
Munich_1,2021-09-25,0,,2021,9,25,5
Munich_1,2021-09-26,0,,2021,9,26,6
Munich_1,2021-09-27,0,,2021,9,27,0
Munich_1,2021-09-28,0,,2021,9,28,1
Munich_1,2021-09-29,0,,2021,9,29,2
Munich_1,2021-09-30,0,,2021,9,30,3
Munich_1,2021-10-01,0,,2021,10,1,4
Munich_1,2021-10-02,0,,2021,10,2,5
Munich_1,2021-10-03,1,German Unity Day,2021,10,3,6
Munich_1,2021-10-04,0,,2021,10,4,0
Munich_1,2021-10-05,0,,2021,10,5,1
Munich_1,2021-10-06,0,,2021,10,6,2
Munich_1,2021-10-07,0,,2021,10,7,3
Munich_1,2021-10-08,0,,2021,10,8,4
Munich_1,2021-10-09,0,,2021,10,9,5
Munich_1,2021-10-10,0,,2021,10,10,6
Munich_1,2021-10-11,0,,2021,10,11,0
Munich_1,2021-10-12,0,,2021,10,12,1
Munich_1,2021-10-13,0,,2021,10,13,2
Munich_1,2021-10-14,0,,2021,10,14,3
Munich_1,2021-10-15,0,,2021,10,15,4
Munich_1,2021-10-16,0,,2021,10,16,5
Munich_1,2021-10-17,0,,2021,10,17,6
Munich_1,2021-10-18,0,,2021,10,18,0
Munich_1,2021-10-19,0,,2021,10,19,1
Munich_1,2021-10-20,0,,2021,10,20,2
Munich_1,2021-10-21,0,,2021,10,21,3
Munich_1,2021-10-22,0,,2021,10,22,4
Munich_1,2021-10-23,0,,2021,10,23,5
Munich_1,2021-10-24,0,,2021,10,24,6
Munich_1,2021-10-25,0,,2021,10,25,0
Munich_1,2021-10-26,0,,2021,10,26,1
Munich_1,2021-10-27,0,,2021,10,27,2
Munich_1,2021-10-28,0,,2021,10,28,3
Munich_1,2021-10-29,0,,2021,10,29,4
Munich_1,2021-10-30,0,,2021,10,30,5
Munich_1,2021-10-31,0,,2021,10,31,6
Munich_1,2021-11-01,1,All Saints Day,2021,11,1,0
Munich_1,2021-11-02,0,,2021,11,2,1
Munich_1,2021-11-03,0,,2021,11,3,2
Munich_1,2021-11-04,0,,2021,11,4,3
Munich_1,2021-11-05,0,,2021,11,5,4
Munich_1,2021-11-06,0,,2021,11,6,5
Munich_1,2021-11-07,0,,2021,11,7,6
Munich_1,2021-11-08,0,,2021,11,8,0
Munich_1,2021-11-09,0,,2021,11,9,1
Munich_1,2021-11-10,0,,2021,11,10,2
Munich_1,2021-11-11,0,,2021,11,11,3
Munich_1,2021-11-12,0,,2021,11,12,4
Munich_1,2021-11-13,0,,2021,11,13,5
Munich_1,2021-11-14,0,,2021,11,14,6
Munich_1,2021-11-15,0,,2021,11,15,0
Munich_1,2021-11-16,0,,2021,11,16,1
Munich_1,2021-11-17,0,,2021,11,17,2
Munich_1,2021-11-18,0,,2021,11,18,3
Munich_1,2021-11-19,0,,2021,11,19,4
Munich_1,2021-11-20,0,,2021,11,20,5
Munich_1,2021-11-21,0,,2021,11,21,6
Munich_1,2021-11-22,0,,2021,11,22,0
Munich_1,2021-11-23,0,,2021,11,23,1
Munich_1,2021-11-24,0,,2021,11,24,2
Munich_1,2021-11-25,0,,2021,11,25,3
Munich_1,2021-11-26,0,,2021,11,26,4
Munich_1,2021-11-27,0,,2021,11,27,5
Munich_1,2021-11-28,0,,2021,11,28,6
Munich_1,2021-11-29,0,,2021,11,29,0
Munich_1,2021-11-30,0,,2021,11,30,1
Munich_1,2021-12-01,0,,2021,12,1,2
Munich_1,2021-12-02,0,,2021,12,2,3
Munich_1,2021-12-03,0,,2021,12,3,4
Munich_1,2021-12-04,0,,2021,12,4,5
Munich_1,2021-12-05,0,,2021,12,5,6
Munich_1,2021-12-06,0,,2021,12,6,0
Munich_1,2021-12-07,0,,2021,12,7,1
Munich_1,2021-12-08,0,,2021,12,8,2
Munich_1,2021-12-09,0,,2021,12,9,3
Munich_1,2021-12-10,0,,2021,12,10,4
Munich_1,2021-12-11,0,,2021,12,11,5
Munich_1,2021-12-12,0,,2021,12,12,6
Munich_1,2021-12-13,0,,2021,12,13,0
Munich_1,2021-12-14,0,,2021,12,14,1
Munich_1,2021-12-15,0,,2021,12,15,2
Munich_1,2021-12-16,0,,2021,12,16,3
Munich_1,2021-12-17,0,,2021,12,17,4
Munich_1,2021-12-18,0,,2021,12,18,5
Munich_1,2021-12-19,0,,2021,12,19,6
Munich_1,2021-12-20,0,,2021,12,20,0
Munich_1,2021-12-21,0,,2021,12,21,1
Munich_1,2021-12-22,0,,2021,12,22,2
Munich_1,2021-12-23,0,,2021,12,23,3
Munich_1,2021-12-24,1,Christmas Eve,2021,12,24,4
Munich_1,2021-12-25,1,1st Christmas Day,2021,12,25,5
Munich_1,2021-12-26,1,2nd Christmas Day,2021,12,26,6
Munich_1,2021-12-27,0,,2021,12,27,0
Munich_1,2021-12-28,0,,2021,12,28,1
Munich_1,2021-12-29,0,,2021,12,29,2
Munich_1,2021-12-30,0,,2021,12,30,3
Munich_1,2021-12-31,0,,2021,12,31,4
Munich_1,2022-01-01,1,New Years Day,2022,1,1,5
Munich_1,2022-01-02,0,,2022,1,2,6
Munich_1,2022-01-03,0,,2022,1,3,0
Munich_1,2022-01-04,0,,2022,1,4,1
Munich_1,2022-01-05,0,,2022,1,5,2
Munich_1,2022-01-06,1,Epiphany,2022,1,6,3
Munich_1,2022-01-07,0,,2022,1,7,4
Munich_1,2022-01-08,0,,2022,1,8,5
Munich_1,2022-01-09,0,,2022,1,9,6
Munich_1,2022-01-10,0,,2022,1,10,0
Munich_1,2022-01-11,0,,2022,1,11,1
Munich_1,2022-01-12,0,,2022,1,12,2
Munich_1,2022-01-13,0,,2022,1,13,3
Munich_1,2022-01-14,0,,2022,1,14,4
Munich_1,2022-01-15,0,,2022,1,15,5
Munich_1,2022-01-16,0,,2022,1,16,6
Munich_1,2022-01-17,0,,2022,1,17,0
Munich_1,2022-01-18,0,,2022,1,18,1
Munich_1,2022-01-19,0,,2022,1,19,2
Munich_1,2022-01-20,0,,2022,1,20,3
Munich_1,2022-01-21,0,,2022,1,21,4
Munich_1,2022-01-22,0,,2022,1,22,5
Munich_1,2022-01-23,0,,2022,1,23,6
Munich_1,2022-01-24,0,,2022,1,24,0
Munich_1,2022-01-25,0,,2022,1,25,1
Munich_1,2022-01-26,0,,2022,1,26,2
Munich_1,2022-01-27,0,,2022,1,27,3
Munich_1,2022-01-28,0,,2022,1,28,4
Munich_1,2022-01-29,0,,2022,1,29,5
Munich_1,2022-01-30,0,,2022,1,30,6
Munich_1,2022-01-31,0,,2022,1,31,0
Munich_1,2022-02-01,0,,2022,2,1,1
Munich_1,2022-02-02,0,,2022,2,2,2
Munich_1,2022-02-03,0,,2022,2,3,3
Munich_1,2022-02-04,0,,2022,2,4,4
Munich_1,2022-02-05,0,,2022,2,5,5
Munich_1,2022-02-06,0,,2022,2,6,6
Munich_1,2022-02-07,0,,2022,2,7,0
Munich_1,2022-02-08,0,,2022,2,8,1
Munich_1,2022-02-09,0,,2022,2,9,2
Munich_1,2022-02-10,0,,2022,2,10,3
Munich_1,2022-02-11,0,,2022,2,11,4
Munich_1,2022-02-12,0,,2022,2,12,5
Munich_1,2022-02-13,0,,2022,2,13,6
Munich_1,2022-02-14,0,,2022,2,14,0
Munich_1,2022-02-15,0,,2022,2,15,1
Munich_1,2022-02-16,0,,2022,2,16,2
Munich_1,2022-02-17,0,,2022,2,17,3
Munich_1,2022-02-18,0,,2022,2,18,4
Munich_1,2022-02-19,0,,2022,2,19,5
Munich_1,2022-02-20,0,,2022,2,20,6
Munich_1,2022-02-21,0,,2022,2,21,0
Munich_1,2022-02-22,0,,2022,2,22,1
Munich_1,2022-02-23,0,,2022,2,23,2
Munich_1,2022-02-24,0,,2022,2,24,3
Munich_1,2022-02-25,0,,2022,2,25,4
Munich_1,2022-02-26,0,,2022,2,26,5
Munich_1,2022-02-27,0,,2022,2,27,6
Munich_1,2022-02-28,0,,2022,2,28,0
Munich_1,2022-03-01,0,,2022,3,1,1
Munich_1,2022-03-02,0,,2022,3,2,2
Munich_1,2022-03-03,0,,2022,3,3,3
Munich_1,2022-03-04,0,,2022,3,4,4
Munich_1,2022-03-05,0,,2022,3,5,5
Munich_1,2022-03-06,0,,2022,3,6,6
Munich_1,2022-03-07,0,,2022,3,7,0
Munich_1,2022-03-08,1,International womens day,2022,3,8,1
Munich_1,2022-03-09,0,,2022,3,9,2
Munich_1,2022-03-10,0,,2022,3,10,3
Munich_1,2022-03-11,0,,2022,3,11,4
Munich_1,2022-03-12,0,,2022,3,12,5
Munich_1,2022-03-13,0,,2022,3,13,6
Munich_1,2022-03-14,0,,2022,3,14,0
Munich_1,2022-03-15,0,,2022,3,15,1
Munich_1,2022-03-16,0,,2022,3,16,2
Munich_1,2022-03-17,0,,2022,3,17,3
Munich_1,2022-03-18,0,,2022,3,18,4
Munich_1,2022-03-19,0,,2022,3,19,5
Munich_1,2022-03-20,0,,2022,3,20,6
Munich_1,2022-03-21,0,,2022,3,21,0
Munich_1,2022-03-22,0,,2022,3,22,1
Munich_1,2022-03-23,0,,2022,3,23,2
Munich_1,2022-03-24,0,,2022,3,24,3
Munich_1,2022-03-25,0,,2022,3,25,4
Munich_1,2022-03-26,0,,2022,3,26,5
Munich_1,2022-03-27,0,,2022,3,27,6
Munich_1,2022-03-28,0,,2022,3,28,0
Munich_1,2022-03-29,0,,2022,3,29,1
Munich_1,2022-03-30,0,,2022,3,30,2
Munich_1,2022-03-31,0,,2022,3,31,3
Munich_1,2022-04-01,0,,2022,4,1,4
Munich_1,2022-04-02,1,Good Friday,2022,4,2,5
Munich_1,2022-04-03,1,Good Friday,2022,4,3,6
Munich_1,2022-04-04,1,Easter Sunday,2022,4,4,0
Munich_1,2022-04-05,1,Easter Monday,2022,4,5,1
Munich_1,2022-04-06,0,,2022,4,6,2
Munich_1,2022-04-07,0,,2022,4,7,3
Munich_1,2022-04-08,0,,2022,4,8,4
Munich_1,2022-04-09,0,,2022,4,9,5
Munich_1,2022-04-10,0,,2022,4,10,6
Munich_1,2022-04-11,0,,2022,4,11,0
Munich_1,2022-04-12,0,,2022,4,12,1
Munich_1,2022-04-13,0,,2022,4,13,2
Munich_1,2022-04-14,0,,2022,4,14,3
Munich_1,2022-04-15,1,Good Friday,2022,4,15,4
Munich_1,2022-04-16,1,Good Friday,2022,4,16,5
Munich_1,2022-04-17,1,Easter Sunday,2022,4,17,6
Munich_1,2022-04-18,1,Easter Monday,2022,4,18,0
Munich_1,2022-04-19,0,,2022,4,19,1
Munich_1,2022-04-20,0,,2022,4,20,2
Munich_1,2022-04-21,0,,2022,4,21,3
Munich_1,2022-04-22,0,,2022,4,22,4
Munich_1,2022-04-23,0,,2022,4,23,5
Munich_1,2022-04-24,0,,2022,4,24,6
Munich_1,2022-04-25,0,,2022,4,25,0
Munich_1,2022-04-26,0,,2022,4,26,1
Munich_1,2022-04-27,0,,2022,4,27,2
Munich_1,2022-04-28,0,,2022,4,28,3
Munich_1,2022-04-29,0,,2022,4,29,4
Munich_1,2022-04-30,0,,2022,4,30,5
Munich_1,2022-05-01,1,Labour Day,2022,5,1,6
Munich_1,2022-05-02,0,,2022,5,2,0
Munich_1,2022-05-03,0,,2022,5,3,1
Munich_1,2022-05-04,0,,2022,5,4,2
Munich_1,2022-05-05,0,,2022,5,5,3
Munich_1,2022-05-06,0,,2022,5,6,4
Munich_1,2022-05-07,0,,2022,5,7,5
Munich_1,2022-05-08,1,Mother's Day,2022,5,8,6
Munich_1,2022-05-09,1,Mother's Day,2022,5,9,0
Munich_1,2022-05-10,0,,2022,5,10,1
Munich_1,2022-05-11,0,,2022,5,11,2
Munich_1,2022-05-12,0,,2022,5,12,3
Munich_1,2022-05-13,1,Ascension day,2022,5,13,4
Munich_1,2022-05-14,0,,2022,5,14,5
Munich_1,2022-05-15,0,,2022,5,15,6
Munich_1,2022-05-16,0,,2022,5,16,0
Munich_1,2022-05-17,0,,2022,5,17,1
Munich_1,2022-05-18,0,,2022,5,18,2
Munich_1,2022-05-19,0,,2022,5,19,3
Munich_1,2022-05-20,0,,2022,5,20,4
Munich_1,2022-05-21,0,,2022,5,21,5
Munich_1,2022-05-22,0,,2022,5,22,6
Munich_1,2022-05-23,1,Whit sunday,2022,5,23,0
Munich_1,2022-05-24,1,Whit monday,2022,5,24,1
Munich_1,2022-05-25,0,,2022,5,25,2
Munich_1,2022-05-26,1,Ascension day,2022,5,26,3
Munich_1,2022-05-27,0,,2022,5,27,4
Munich_1,2022-05-28,0,,2022,5,28,5
Munich_1,2022-05-29,0,,2022,5,29,6
Munich_1,2022-05-30,0,,2022,5,30,0
Munich_1,2022-05-31,0,,2022,5,31,1
Munich_1,2022-06-01,0,,2022,6,1,2
Munich_1,2022-06-02,0,,2022,6,2,3
Munich_1,2022-06-03,1,Corpus Christi,2022,6,3,4
Munich_1,2022-06-04,0,,2022,6,4,5
Munich_1,2022-06-05,1,Whit sunday,2022,6,5,6
Munich_1,2022-06-06,1,Whit monday,2022,6,6,0
Munich_1,2022-06-07,0,,2022,6,7,1
Munich_1,2022-06-08,0,,2022,6,8,2
Munich_1,2022-06-09,0,,2022,6,9,3
Munich_1,2022-06-10,0,,2022,6,10,4
Munich_1,2022-06-11,0,,2022,6,11,5
Munich_1,2022-06-12,0,,2022,6,12,6
Munich_1,2022-06-13,0,,2022,6,13,0
Munich_1,2022-06-14,0,,2022,6,14,1
Munich_1,2022-06-15,0,,2022,6,15,2
Munich_1,2022-06-16,1,Corpus Christi,2022,6,16,3
Munich_1,2022-06-17,0,,2022,6,17,4
Munich_1,2022-06-18,0,,2022,6,18,5
Munich_1,2022-06-19,0,,2022,6,19,6
Munich_1,2022-06-20,0,,2022,6,20,0
Munich_1,2022-06-21,0,,2022,6,21,1
Munich_1,2022-06-22,0,,2022,6,22,2
Munich_1,2022-06-23,0,,2022,6,23,3
Munich_1,2022-06-24,0,,2022,6,24,4
Munich_1,2022-06-25,0,,2022,6,25,5
Munich_1,2022-06-26,0,,2022,6,26,6
Munich_1,2022-06-27,0,,2022,6,27,0
Munich_1,2022-06-28,0,,2022,6,28,1
Munich_1,2022-06-29,0,,2022,6,29,2
Munich_1,2022-06-30,0,,2022,6,30,3
Munich_1,2022-07-01,0,,2022,7,1,4
Munich_1,2022-07-02,0,,2022,7,2,5
Munich_1,2022-07-03,0,,2022,7,3,6
Munich_1,2022-07-04,0,,2022,7,4,0
Munich_1,2022-07-05,0,,2022,7,5,1
Munich_1,2022-07-06,0,,2022,7,6,2
Munich_1,2022-07-07,0,,2022,7,7,3
Munich_1,2022-07-08,0,,2022,7,8,4
Munich_1,2022-07-09,0,,2022,7,9,5
Munich_1,2022-07-10,0,,2022,7,10,6
Munich_1,2022-07-11,0,,2022,7,11,0
Munich_1,2022-07-12,0,,2022,7,12,1
Munich_1,2022-07-13,0,,2022,7,13,2
Munich_1,2022-07-14,0,,2022,7,14,3
Munich_1,2022-07-15,0,,2022,7,15,4
Munich_1,2022-07-16,0,,2022,7,16,5
Munich_1,2022-07-17,0,,2022,7,17,6
Munich_1,2022-07-18,0,,2022,7,18,0
Munich_1,2022-07-19,0,,2022,7,19,1
Munich_1,2022-07-20,0,,2022,7,20,2
Munich_1,2022-07-21,0,,2022,7,21,3
Munich_1,2022-07-22,0,,2022,7,22,4
Munich_1,2022-07-23,0,,2022,7,23,5
Munich_1,2022-07-24,0,,2022,7,24,6
Munich_1,2022-07-25,0,,2022,7,25,0
Munich_1,2022-07-26,0,,2022,7,26,1
Munich_1,2022-07-27,0,,2022,7,27,2
Munich_1,2022-07-28,0,,2022,7,28,3
Munich_1,2022-07-29,0,,2022,7,29,4
Munich_1,2022-07-30,0,,2022,7,30,5
Munich_1,2022-07-31,0,,2022,7,31,6
Munich_1,2022-08-01,0,,2022,8,1,0
Munich_1,2022-08-02,0,,2022,8,2,1
Munich_1,2022-08-03,0,,2022,8,3,2
Munich_1,2022-08-04,0,,2022,8,4,3
Munich_1,2022-08-05,0,,2022,8,5,4
Munich_1,2022-08-06,0,,2022,8,6,5
Munich_1,2022-08-07,0,,2022,8,7,6
Munich_1,2022-08-08,1,Peace Festival in Augsburg,2022,8,8,0
Munich_1,2022-08-09,0,,2022,8,9,1
Munich_1,2022-08-10,0,,2022,8,10,2
Munich_1,2022-08-11,0,,2022,8,11,3
Munich_1,2022-08-12,0,,2022,8,12,4
Munich_1,2022-08-13,0,,2022,8,13,5
Munich_1,2022-08-14,0,,2022,8,14,6
Munich_1,2022-08-15,1,Assumption of the Virgin Mary,2022,8,15,0
Munich_1,2022-08-16,0,,2022,8,16,1
Munich_1,2022-08-17,0,,2022,8,17,2
Munich_1,2022-08-18,0,,2022,8,18,3
Munich_1,2022-08-19,0,,2022,8,19,4
Munich_1,2022-08-20,0,,2022,8,20,5
Munich_1,2022-08-21,0,,2022,8,21,6
Munich_1,2022-08-22,0,,2022,8,22,0
Munich_1,2022-08-23,0,,2022,8,23,1
Munich_1,2022-08-24,0,,2022,8,24,2
Munich_1,2022-08-25,0,,2022,8,25,3
Munich_1,2022-08-26,0,,2022,8,26,4
Munich_1,2022-08-27,0,,2022,8,27,5
Munich_1,2022-08-28,0,,2022,8,28,6
Munich_1,2022-08-29,0,,2022,8,29,0
Munich_1,2022-08-30,0,,2022,8,30,1
Munich_1,2022-08-31,0,,2022,8,31,2
Munich_1,2022-09-01,0,,2022,9,1,3
Munich_1,2022-09-02,0,,2022,9,2,4
Munich_1,2022-09-03,0,,2022,9,3,5
Munich_1,2022-09-04,0,,2022,9,4,6
Munich_1,2022-09-05,0,,2022,9,5,0
Munich_1,2022-09-06,0,,2022,9,6,1
Munich_1,2022-09-07,0,,2022,9,7,2
Munich_1,2022-09-08,0,,2022,9,8,3
Munich_1,2022-09-09,0,,2022,9,9,4
Munich_1,2022-09-10,0,,2022,9,10,5
Munich_1,2022-09-11,0,,2022,9,11,6
Munich_1,2022-09-12,0,,2022,9,12,0
Munich_1,2022-09-13,0,,2022,9,13,1
Munich_1,2022-09-14,0,,2022,9,14,2
Munich_1,2022-09-15,0,,2022,9,15,3
Munich_1,2022-09-16,0,,2022,9,16,4
Munich_1,2022-09-17,0,,2022,9,17,5
Munich_1,2022-09-18,0,,2022,9,18,6
Munich_1,2022-09-19,0,,2022,9,19,0
Munich_1,2022-09-20,0,,2022,9,20,1
Munich_1,2022-09-21,0,,2022,9,21,2
Munich_1,2022-09-22,0,,2022,9,22,3
Munich_1,2022-09-23,0,,2022,9,23,4
Munich_1,2022-09-24,0,,2022,9,24,5
Munich_1,2022-09-25,0,,2022,9,25,6
Munich_1,2022-09-26,0,,2022,9,26,0
Munich_1,2022-09-27,0,,2022,9,27,1
Munich_1,2022-09-28,0,,2022,9,28,2
Munich_1,2022-09-29,0,,2022,9,29,3
Munich_1,2022-09-30,0,,2022,9,30,4
Munich_1,2022-10-01,0,,2022,10,1,5
Munich_1,2022-10-02,0,,2022,10,2,6
Munich_1,2022-10-03,1,German Unity Day,2022,10,3,0
Munich_1,2022-10-04,0,,2022,10,4,1
Munich_1,2022-10-05,0,,2022,10,5,2
Munich_1,2022-10-06,0,,2022,10,6,3
Munich_1,2022-10-07,0,,2022,10,7,4
Munich_1,2022-10-08,0,,2022,10,8,5
Munich_1,2022-10-09,0,,2022,10,9,6
Munich_1,2022-10-10,0,,2022,10,10,0
Munich_1,2022-10-11,0,,2022,10,11,1
Munich_1,2022-10-12,0,,2022,10,12,2
Munich_1,2022-10-13,0,,2022,10,13,3
Munich_1,2022-10-14,0,,2022,10,14,4
Munich_1,2022-10-15,0,,2022,10,15,5
Munich_1,2022-10-16,0,,2022,10,16,6
Munich_1,2022-10-17,0,,2022,10,17,0
Munich_1,2022-10-18,0,,2022,10,18,1
Munich_1,2022-10-19,0,,2022,10,19,2
Munich_1,2022-10-20,0,,2022,10,20,3
Munich_1,2022-10-21,0,,2022,10,21,4
Munich_1,2022-10-22,0,,2022,10,22,5
Munich_1,2022-10-23,0,,2022,10,23,6
Munich_1,2022-10-24,0,,2022,10,24,0
Munich_1,2022-10-25,0,,2022,10,25,1
Munich_1,2022-10-26,0,,2022,10,26,2
Munich_1,2022-10-27,0,,2022,10,27,3
Munich_1,2022-10-28,0,,2022,10,28,4
Munich_1,2022-10-29,0,,2022,10,29,5
Munich_1,2022-10-30,0,,2022,10,30,6
Munich_1,2022-10-31,0,,2022,10,31,0
Munich_1,2022-11-01,1,All Saints Day,2022,11,1,1
Munich_1,2022-11-02,0,,2022,11,2,2
Munich_1,2022-11-03,0,,2022,11,3,3
Munich_1,2022-11-04,0,,2022,11,4,4
Munich_1,2022-11-05,0,,2022,11,5,5
Munich_1,2022-11-06,0,,2022,11,6,6
Munich_1,2022-11-07,0,,2022,11,7,0
Munich_1,2022-11-08,0,,2022,11,8,1
Munich_1,2022-11-09,0,,2022,11,9,2
Munich_1,2022-11-10,0,,2022,11,10,3
Munich_1,2022-11-11,0,,2022,11,11,4
Munich_1,2022-11-12,0,,2022,11,12,5
Munich_1,2022-11-13,0,,2022,11,13,6
Munich_1,2022-11-14,0,,2022,11,14,0
Munich_1,2022-11-15,0,,2022,11,15,1
Munich_1,2022-11-16,0,,2022,11,16,2
Munich_1,2022-11-17,0,,2022,11,17,3
Munich_1,2022-11-18,0,,2022,11,18,4
Munich_1,2022-11-19,0,,2022,11,19,5
Munich_1,2022-11-20,0,,2022,11,20,6
Munich_1,2022-11-21,0,,2022,11,21,0
Munich_1,2022-11-22,0,,2022,11,22,1
Munich_1,2022-11-23,0,,2022,11,23,2
Munich_1,2022-11-24,0,,2022,11,24,3
Munich_1,2022-11-25,0,,2022,11,25,4
Munich_1,2022-11-26,0,,2022,11,26,5
Munich_1,2022-11-27,0,,2022,11,27,6
Munich_1,2022-11-28,0,,2022,11,28,0
Munich_1,2022-11-29,0,,2022,11,29,1
Munich_1,2022-11-30,0,,2022,11,30,2
Munich_1,2022-12-01,0,,2022,12,1,3
Munich_1,2022-12-02,0,,2022,12,2,4
Munich_1,2022-12-03,0,,2022,12,3,5
Munich_1,2022-12-04,0,,2022,12,4,6
Munich_1,2022-12-05,0,,2022,12,5,0
Munich_1,2022-12-06,0,,2022,12,6,1
Munich_1,2022-12-07,0,,2022,12,7,2
Munich_1,2022-12-08,0,,2022,12,8,3
Munich_1,2022-12-09,0,,2022,12,9,4
Munich_1,2022-12-10,0,,2022,12,10,5
Munich_1,2022-12-11,0,,2022,12,11,6
Munich_1,2022-12-12,0,,2022,12,12,0
Munich_1,2022-12-13,0,,2022,12,13,1
Munich_1,2022-12-14,0,,2022,12,14,2
Munich_1,2022-12-15,0,,2022,12,15,3
Munich_1,2022-12-16,0,,2022,12,16,4
Munich_1,2022-12-17,0,,2022,12,17,5
Munich_1,2022-12-18,0,,2022,12,18,6
Munich_1,2022-12-19,0,,2022,12,19,0
Munich_1,2022-12-20,0,,2022,12,20,1
Munich_1,2022-12-21,0,,2022,12,21,2
Munich_1,2022-12-22,0,,2022,12,22,3
Munich_1,2022-12-23,0,,2022,12,23,4
Munich_1,2022-12-24,1,Christmas Eve,2022,12,24,5
Munich_1,2022-12-25,1,1st Christmas Day,2022,12,25,6
Munich_1,2022-12-26,1,2nd Christmas Day,2022,12,26,0
Munich_1,2022-12-27,0,,2022,12,27,1
Munich_1,2022-12-28,0,,2022,12,28,2
Munich_1,2022-12-29,0,,2022,12,29,3
Munich_1,2022-12-30,0,,2022,12,30,4
Munich_1,2022-12-31,0,,2022,12,31,5
Munich_1,2023-01-01,1,New Years Day,2023,1,1,6
Munich_1,2023-01-02,0,,2023,1,2,0
Munich_1,2023-01-03,0,,2023,1,3,1
Munich_1,2023-01-04,0,,2023,1,4,2
Munich_1,2023-01-05,0,,2023,1,5,3
Munich_1,2023-01-06,1,Epiphany,2023,1,6,4
Munich_1,2023-01-07,0,,2023,1,7,5
Munich_1,2023-01-08,0,,2023,1,8,6
Munich_1,2023-01-09,0,,2023,1,9,0
Munich_1,2023-01-10,0,,2023,1,10,1
Munich_1,2023-01-11,0,,2023,1,11,2
Munich_1,2023-01-12,0,,2023,1,12,3
Munich_1,2023-01-13,0,,2023,1,13,4
Munich_1,2023-01-14,0,,2023,1,14,5
Munich_1,2023-01-15,0,,2023,1,15,6
Munich_1,2023-01-16,0,,2023,1,16,0
Munich_1,2023-01-17,0,,2023,1,17,1
Munich_1,2023-01-18,0,,2023,1,18,2
Munich_1,2023-01-19,0,,2023,1,19,3
Munich_1,2023-01-20,0,,2023,1,20,4
Munich_1,2023-01-21,0,,2023,1,21,5
Munich_1,2023-01-22,0,,2023,1,22,6
Munich_1,2023-01-23,0,,2023,1,23,0
Munich_1,2023-01-24,0,,2023,1,24,1
Munich_1,2023-01-25,0,,2023,1,25,2
Munich_1,2023-01-26,0,,2023,1,26,3
Munich_1,2023-01-27,0,,2023,1,27,4
Munich_1,2023-01-28,0,,2023,1,28,5
Munich_1,2023-01-29,0,,2023,1,29,6
Munich_1,2023-01-30,0,,2023,1,30,0
Munich_1,2023-01-31,0,,2023,1,31,1
Munich_1,2023-02-01,0,,2023,2,1,2
Munich_1,2023-02-02,0,,2023,2,2,3
Munich_1,2023-02-03,0,,2023,2,3,4
Munich_1,2023-02-04,0,,2023,2,4,5
Munich_1,2023-02-05,0,,2023,2,5,6
Munich_1,2023-02-06,0,,2023,2,6,0
Munich_1,2023-02-07,0,,2023,2,7,1
Munich_1,2023-02-08,0,,2023,2,8,2
Munich_1,2023-02-09,0,,2023,2,9,3
Munich_1,2023-02-10,0,,2023,2,10,4
Munich_1,2023-02-11,0,,2023,2,11,5
Munich_1,2023-02-12,0,,2023,2,12,6
Munich_1,2023-02-13,0,,2023,2,13,0
Munich_1,2023-02-14,0,,2023,2,14,1
Munich_1,2023-02-15,0,,2023,2,15,2
Munich_1,2023-02-16,0,,2023,2,16,3
Munich_1,2023-02-17,0,,2023,2,17,4
Munich_1,2023-02-18,0,,2023,2,18,5
Munich_1,2023-02-19,0,,2023,2,19,6
Munich_1,2023-02-20,0,,2023,2,20,0
Munich_1,2023-02-21,0,,2023,2,21,1
Munich_1,2023-02-22,0,,2023,2,22,2
Munich_1,2023-02-23,0,,2023,2,23,3
Munich_1,2023-02-24,0,,2023,2,24,4
Munich_1,2023-02-25,0,,2023,2,25,5
Munich_1,2023-02-26,0,,2023,2,26,6
Munich_1,2023-02-27,0,,2023,2,27,0
Munich_1,2023-02-28,0,,2023,2,28,1
Munich_1,2023-03-01,0,,2023,3,1,2
Munich_1,2023-03-02,0,,2023,3,2,3
Munich_1,2023-03-03,0,,2023,3,3,4
Munich_1,2023-03-04,0,,2023,3,4,5
Munich_1,2023-03-05,0,,2023,3,5,6
Munich_1,2023-03-06,0,,2023,3,6,0
Munich_1,2023-03-07,0,,2023,3,7,1
Munich_1,2023-03-08,1,International womens day,2023,3,8,2
Munich_1,2023-03-09,0,,2023,3,9,3
Munich_1,2023-03-10,0,,2023,3,10,4
Munich_1,2023-03-11,0,,2023,3,11,5
Munich_1,2023-03-12,0,,2023,3,12,6
Munich_1,2023-03-13,0,,2023,3,13,0
Munich_1,2023-03-14,0,,2023,3,14,1
Munich_1,2023-03-15,0,,2023,3,15,2
Munich_1,2023-03-16,0,,2023,3,16,3
Munich_1,2023-03-17,0,,2023,3,17,4
Munich_1,2023-03-18,0,,2023,3,18,5
Munich_1,2023-03-19,0,,2023,3,19,6
Munich_1,2023-03-20,0,,2023,3,20,0
Munich_1,2023-03-21,0,,2023,3,21,1
Munich_1,2023-03-22,0,,2023,3,22,2
Munich_1,2023-03-23,0,,2023,3,23,3
Munich_1,2023-03-24,0,,2023,3,24,4
Munich_1,2023-03-25,0,,2023,3,25,5
Munich_1,2023-03-26,0,,2023,3,26,6
Munich_1,2023-03-27,0,,2023,3,27,0
Munich_1,2023-03-28,0,,2023,3,28,1
Munich_1,2023-03-29,0,,2023,3,29,2
Munich_1,2023-03-30,0,,2023,3,30,3
Munich_1,2023-03-31,0,,2023,3,31,4
Munich_1,2023-04-01,0,,2023,4,1,5
Munich_1,2023-04-02,0,,2023,4,2,6
Munich_1,2023-04-03,0,,2023,4,3,0
Munich_1,2023-04-04,0,,2023,4,4,1
Munich_1,2023-04-05,0,,2023,4,5,2
Munich_1,2023-04-06,0,,2023,4,6,3
Munich_1,2023-04-07,1,Good Friday,2023,4,7,4
Munich_1,2023-04-08,1,Good Friday,2023,4,8,5
Munich_1,2023-04-09,1,Easter Sunday,2023,4,9,6
Munich_1,2023-04-10,1,Easter Monday,2023,4,10,0
Munich_1,2023-04-11,0,,2023,4,11,1
Munich_1,2023-04-12,0,,2023,4,12,2
Munich_1,2023-04-13,0,,2023,4,13,3
Munich_1,2023-04-14,0,,2023,4,14,4
Munich_1,2023-04-15,1,Good Friday,2023,4,15,5
Munich_1,2023-04-16,1,Good Friday,2023,4,16,6
Munich_1,2023-04-17,1,Easter Sunday,2023,4,17,0
Munich_1,2023-04-18,1,Easter Monday,2023,4,18,1
Munich_1,2023-04-19,0,,2023,4,19,2
Munich_1,2023-04-20,0,,2023,4,20,3
Munich_1,2023-04-21,0,,2023,4,21,4
Munich_1,2023-04-22,0,,2023,4,22,5
Munich_1,2023-04-23,0,,2023,4,23,6
Munich_1,2023-04-24,0,,2023,4,24,0
Munich_1,2023-04-25,0,,2023,4,25,1
Munich_1,2023-04-26,0,,2023,4,26,2
Munich_1,2023-04-27,0,,2023,4,27,3
Munich_1,2023-04-28,0,,2023,4,28,4
Munich_1,2023-04-29,0,,2023,4,29,5
Munich_1,2023-04-30,0,,2023,4,30,6
Munich_1,2023-05-01,1,Labour Day,2023,5,1,0
Munich_1,2023-05-02,0,,2023,5,2,1
Munich_1,2023-05-03,0,,2023,5,3,2
Munich_1,2023-05-04,0,,2023,5,4,3
Munich_1,2023-05-05,0,,2023,5,5,4
Munich_1,2023-05-06,0,,2023,5,6,5
Munich_1,2023-05-07,0,,2023,5,7,6
Munich_1,2023-05-08,1,Mother's Day,2023,5,8,0
Munich_1,2023-05-09,0,,2023,5,9,1
Munich_1,2023-05-10,0,,2023,5,10,2
Munich_1,2023-05-11,0,,2023,5,11,3
Munich_1,2023-05-12,0,,2023,5,12,4
Munich_1,2023-05-13,0,,2023,5,13,5
Munich_1,2023-05-14,1,Mother's Day,2023,5,14,6
Munich_1,2023-05-15,0,,2023,5,15,0
Munich_1,2023-05-16,0,,2023,5,16,1
Munich_1,2023-05-17,0,,2023,5,17,2
Munich_1,2023-05-18,1,Ascension day,2023,5,18,3
Munich_1,2023-05-19,0,,2023,5,19,4
Munich_1,2023-05-20,0,,2023,5,20,5
Munich_1,2023-05-21,0,,2023,5,21,6
Munich_1,2023-05-22,0,,2023,5,22,0
Munich_1,2023-05-23,0,,2023,5,23,1
Munich_1,2023-05-24,0,,2023,5,24,2
Munich_1,2023-05-25,0,,2023,5,25,3
Munich_1,2023-05-26,1,Ascension day,2023,5,26,4
Munich_1,2023-05-27,0,,2023,5,27,5
Munich_1,2023-05-28,1,Whit sunday,2023,5,28,6
Munich_1,2023-05-29,1,Whit monday,2023,5,29,0
Munich_1,2023-05-30,0,,2023,5,30,1
Munich_1,2023-05-31,0,,2023,5,31,2
Munich_1,2023-06-01,0,,2023,6,1,3
Munich_1,2023-06-02,0,,2023,6,2,4
Munich_1,2023-06-03,0,,2023,6,3,5
Munich_1,2023-06-04,0,,2023,6,4,6
Munich_1,2023-06-05,1,Whit sunday,2023,6,5,0
Munich_1,2023-06-06,1,Whit monday,2023,6,6,1
Munich_1,2023-06-07,0,,2023,6,7,2
Munich_1,2023-06-08,1,Corpus Christi,2023,6,8,3
Munich_1,2023-06-09,0,,2023,6,9,4
Munich_1,2023-06-10,0,,2023,6,10,5
Munich_1,2023-06-11,0,,2023,6,11,6
Munich_1,2023-06-12,0,,2023,6,12,0
Munich_1,2023-06-13,0,,2023,6,13,1
Munich_1,2023-06-14,0,,2023,6,14,2
Munich_1,2023-06-15,0,,2023,6,15,3
Munich_1,2023-06-16,1,Corpus Christi,2023,6,16,4
Munich_1,2023-06-17,0,,2023,6,17,5
Munich_1,2023-06-18,0,,2023,6,18,6
Munich_1,2023-06-19,0,,2023,6,19,0
Munich_1,2023-06-20,0,,2023,6,20,1
Munich_1,2023-06-21,0,,2023,6,21,2
Munich_1,2023-06-22,0,,2023,6,22,3
Munich_1,2023-06-23,0,,2023,6,23,4
Munich_1,2023-06-24,0,,2023,6,24,5
Munich_1,2023-06-25,0,,2023,6,25,6
Munich_1,2023-06-26,0,,2023,6,26,0
Munich_1,2023-06-27,0,,2023,6,27,1
Munich_1,2023-06-28,0,,2023,6,28,2
Munich_1,2023-06-29,0,,2023,6,29,3
Munich_1,2023-06-30,0,,2023,6,30,4
Munich_1,2023-07-01,0,,2023,7,1,5
Munich_1,2023-07-02,0,,2023,7,2,6
Munich_1,2023-07-03,0,,2023,7,3,0
Munich_1,2023-07-04,0,,2023,7,4,1
Munich_1,2023-07-05,0,,2023,7,5,2
Munich_1,2023-07-06,0,,2023,7,6,3
Munich_1,2023-07-07,0,,2023,7,7,4
Munich_1,2023-07-08,0,,2023,7,8,5
Munich_1,2023-07-09,0,,2023,7,9,6
Munich_1,2023-07-10,0,,2023,7,10,0
Munich_1,2023-07-11,0,,2023,7,11,1
Munich_1,2023-07-12,0,,2023,7,12,2
Munich_1,2023-07-13,0,,2023,7,13,3
Munich_1,2023-07-14,0,,2023,7,14,4
Munich_1,2023-07-15,0,,2023,7,15,5
Munich_1,2023-07-16,0,,2023,7,16,6
Munich_1,2023-07-17,0,,2023,7,17,0
Munich_1,2023-07-18,0,,2023,7,18,1
Munich_1,2023-07-19,0,,2023,7,19,2
Munich_1,2023-07-20,0,,2023,7,20,3
Munich_1,2023-07-21,0,,2023,7,21,4
Munich_1,2023-07-22,0,,2023,7,22,5
Munich_1,2023-07-23,0,,2023,7,23,6
Munich_1,2023-07-24,0,,2023,7,24,0
Munich_1,2023-07-25,0,,2023,7,25,1
Munich_1,2023-07-26,0,,2023,7,26,2
Munich_1,2023-07-27,0,,2023,7,27,3
Munich_1,2023-07-28,0,,2023,7,28,4
Munich_1,2023-07-29,0,,2023,7,29,5
Munich_1,2023-07-30,0,,2023,7,30,6
Munich_1,2023-07-31,0,,2023,7,31,0
Munich_1,2023-08-01,0,,2023,8,1,1
Munich_1,2023-08-02,0,,2023,8,2,2
Munich_1,2023-08-03,0,,2023,8,3,3
Munich_1,2023-08-04,0,,2023,8,4,4
Munich_1,2023-08-05,0,,2023,8,5,5
Munich_1,2023-08-06,0,,2023,8,6,6
Munich_1,2023-08-07,0,,2023,8,7,0
Munich_1,2023-08-08,1,Peace Festival in Augsburg,2023,8,8,1
Munich_1,2023-08-09,0,,2023,8,9,2
Munich_1,2023-08-10,0,,2023,8,10,3
Munich_1,2023-08-11,0,,2023,8,11,4
Munich_1,2023-08-12,0,,2023,8,12,5
Munich_1,2023-08-13,0,,2023,8,13,6
Munich_1,2023-08-14,0,,2023,8,14,0
Munich_1,2023-08-15,1,Assumption of the Virgin Mary,2023,8,15,1
Munich_1,2023-08-16,0,,2023,8,16,2
Munich_1,2023-08-17,0,,2023,8,17,3
Munich_1,2023-08-18,0,,2023,8,18,4
Munich_1,2023-08-19,0,,2023,8,19,5
Munich_1,2023-08-20,0,,2023,8,20,6
Munich_1,2023-08-21,0,,2023,8,21,0
Munich_1,2023-08-22,0,,2023,8,22,1
Munich_1,2023-08-23,0,,2023,8,23,2
Munich_1,2023-08-24,0,,2023,8,24,3
Munich_1,2023-08-25,0,,2023,8,25,4
Munich_1,2023-08-26,0,,2023,8,26,5
Munich_1,2023-08-27,0,,2023,8,27,6
Munich_1,2023-08-28,0,,2023,8,28,0
Munich_1,2023-08-29,0,,2023,8,29,1
Munich_1,2023-08-30,0,,2023,8,30,2
Munich_1,2023-08-31,0,,2023,8,31,3
Munich_1,2023-09-01,0,,2023,9,1,4
Munich_1,2023-09-02,0,,2023,9,2,5
Munich_1,2023-09-03,0,,2023,9,3,6
Munich_1,2023-09-04,0,,2023,9,4,0
Munich_1,2023-09-05,0,,2023,9,5,1
Munich_1,2023-09-06,0,,2023,9,6,2
Munich_1,2023-09-07,0,,2023,9,7,3
Munich_1,2023-09-08,0,,2023,9,8,4
Munich_1,2023-09-09,0,,2023,9,9,5
Munich_1,2023-09-10,0,,2023,9,10,6
Munich_1,2023-09-11,0,,2023,9,11,0
Munich_1,2023-09-12,0,,2023,9,12,1
Munich_1,2023-09-13,0,,2023,9,13,2
Munich_1,2023-09-14,0,,2023,9,14,3
Munich_1,2023-09-15,0,,2023,9,15,4
Munich_1,2023-09-16,0,,2023,9,16,5
Munich_1,2023-09-17,0,,2023,9,17,6
Munich_1,2023-09-18,0,,2023,9,18,0
Munich_1,2023-09-19,0,,2023,9,19,1
Munich_1,2023-09-20,0,,2023,9,20,2
Munich_1,2023-09-21,0,,2023,9,21,3
Munich_1,2023-09-22,0,,2023,9,22,4
Munich_1,2023-09-23,0,,2023,9,23,5
Munich_1,2023-09-24,0,,2023,9,24,6
Munich_1,2023-09-25,0,,2023,9,25,0
Munich_1,2023-09-26,0,,2023,9,26,1
Munich_1,2023-09-27,0,,2023,9,27,2
Munich_1,2023-09-28,0,,2023,9,28,3
Munich_1,2023-09-29,0,,2023,9,29,4
Munich_1,2023-09-30,0,,2023,9,30,5
Munich_1,2023-10-01,0,,2023,10,1,6
Munich_1,2023-10-02,0,,2023,10,2,0
Munich_1,2023-10-03,1,German Unity Day,2023,10,3,1
Munich_1,2023-10-04,0,,2023,10,4,2
Munich_1,2023-10-05,0,,2023,10,5,3
Munich_1,2023-10-06,0,,2023,10,6,4
Munich_1,2023-10-07,0,,2023,10,7,5
Munich_1,2023-10-08,0,,2023,10,8,6
Munich_1,2023-10-09,0,,2023,10,9,0
Munich_1,2023-10-10,0,,2023,10,10,1
Munich_1,2023-10-11,0,,2023,10,11,2
Munich_1,2023-10-12,0,,2023,10,12,3
Munich_1,2023-10-13,0,,2023,10,13,4
Munich_1,2023-10-14,0,,2023,10,14,5
Munich_1,2023-10-15,0,,2023,10,15,6
Munich_1,2023-10-16,0,,2023,10,16,0
Munich_1,2023-10-17,0,,2023,10,17,1
Munich_1,2023-10-18,0,,2023,10,18,2
Munich_1,2023-10-19,0,,2023,10,19,3
Munich_1,2023-10-20,0,,2023,10,20,4
Munich_1,2023-10-21,0,,2023,10,21,5
Munich_1,2023-10-22,0,,2023,10,22,6
Munich_1,2023-10-23,0,,2023,10,23,0
Munich_1,2023-10-24,0,,2023,10,24,1
Munich_1,2023-10-25,0,,2023,10,25,2
Munich_1,2023-10-26,0,,2023,10,26,3
Munich_1,2023-10-27,0,,2023,10,27,4
Munich_1,2023-10-28,0,,2023,10,28,5
Munich_1,2023-10-29,0,,2023,10,29,6
Munich_1,2023-10-30,0,,2023,10,30,0
Munich_1,2023-10-31,0,,2023,10,31,1
Munich_1,2023-11-01,1,All Saints Day,2023,11,1,2
Munich_1,2023-11-02,0,,2023,11,2,3
Munich_1,2023-11-03,0,,2023,11,3,4
Munich_1,2023-11-04,0,,2023,11,4,5
Munich_1,2023-11-05,0,,2023,11,5,6
Munich_1,2023-11-06,0,,2023,11,6,0
Munich_1,2023-11-07,0,,2023,11,7,1
Munich_1,2023-11-08,0,,2023,11,8,2
Munich_1,2023-11-09,0,,2023,11,9,3
Munich_1,2023-11-10,0,,2023,11,10,4
Munich_1,2023-11-11,0,,2023,11,11,5
Munich_1,2023-11-12,0,,2023,11,12,6
Munich_1,2023-11-13,0,,2023,11,13,0
Munich_1,2023-11-14,0,,2023,11,14,1
Munich_1,2023-11-15,0,,2023,11,15,2
Munich_1,2023-11-16,0,,2023,11,16,3
Munich_1,2023-11-17,0,,2023,11,17,4
Munich_1,2023-11-18,0,,2023,11,18,5
Munich_1,2023-11-19,0,,2023,11,19,6
Munich_1,2023-11-20,0,,2023,11,20,0
Munich_1,2023-11-21,0,,2023,11,21,1
Munich_1,2023-11-22,0,,2023,11,22,2
Munich_1,2023-11-23,0,,2023,11,23,3
Munich_1,2023-11-24,0,,2023,11,24,4
Munich_1,2023-11-25,0,,2023,11,25,5
Munich_1,2023-11-26,0,,2023,11,26,6
Munich_1,2023-11-27,0,,2023,11,27,0
Munich_1,2023-11-28,0,,2023,11,28,1
Munich_1,2023-11-29,0,,2023,11,29,2
Munich_1,2023-11-30,0,,2023,11,30,3
Munich_1,2023-12-01,0,,2023,12,1,4
Munich_1,2023-12-02,0,,2023,12,2,5
Munich_1,2023-12-03,0,,2023,12,3,6
Munich_1,2023-12-04,0,,2023,12,4,0
Munich_1,2023-12-05,0,,2023,12,5,1
Munich_1,2023-12-06,0,,2023,12,6,2
Munich_1,2023-12-07,0,,2023,12,7,3
Munich_1,2023-12-08,0,,2023,12,8,4
Munich_1,2023-12-09,0,,2023,12,9,5
Munich_1,2023-12-10,0,,2023,12,10,6
Munich_1,2023-12-11,0,,2023,12,11,0
Munich_1,2023-12-12,0,,2023,12,12,1
Munich_1,2023-12-13,0,,2023,12,13,2
Munich_1,2023-12-14,0,,2023,12,14,3
Munich_1,2023-12-15,0,,2023,12,15,4
Munich_1,2023-12-16,0,,2023,12,16,5
Munich_1,2023-12-17,0,,2023,12,17,6
Munich_1,2023-12-18,0,,2023,12,18,0
Munich_1,2023-12-19,0,,2023,12,19,1
Munich_1,2023-12-20,0,,2023,12,20,2
Munich_1,2023-12-21,0,,2023,12,21,3
Munich_1,2023-12-22,0,,2023,12,22,4
Munich_1,2023-12-23,0,,2023,12,23,5
Munich_1,2023-12-24,1,Christmas Eve,2023,12,24,6
Munich_1,2023-12-25,1,1st Christmas Day,2023,12,25,0
Munich_1,2023-12-26,1,2nd Christmas Day,2023,12,26,1
Munich_1,2023-12-27,0,,2023,12,27,2
Munich_1,2023-12-28,0,,2023,12,28,3
Munich_1,2023-12-29,0,,2023,12,29,4
Munich_1,2023-12-30,0,,2023,12,30,5
Munich_1,2023-12-31,0,,2023,12,31,6
Munich_1,2024-01-01,1,New Years Day,2024,1,1,0
Munich_1,2024-01-02,0,,2024,1,2,1
Munich_1,2024-01-03,0,,2024,1,3,2
Munich_1,2024-01-04,0,,2024,1,4,3
Munich_1,2024-01-05,0,,2024,1,5,4
Munich_1,2024-01-06,1,Epiphany,2024,1,6,5
Munich_1,2024-01-07,0,,2024,1,7,6
Munich_1,2024-01-08,0,,2024,1,8,0
Munich_1,2024-01-09,0,,2024,1,9,1
Munich_1,2024-01-10,0,,2024,1,10,2
Munich_1,2024-01-11,0,,2024,1,11,3
Munich_1,2024-01-12,0,,2024,1,12,4
Munich_1,2024-01-13,0,,2024,1,13,5
Munich_1,2024-01-14,0,,2024,1,14,6
Munich_1,2024-01-15,0,,2024,1,15,0
Munich_1,2024-01-16,0,,2024,1,16,1
Munich_1,2024-01-17,0,,2024,1,17,2
Munich_1,2024-01-18,0,,2024,1,18,3
Munich_1,2024-01-19,0,,2024,1,19,4
Munich_1,2024-01-20,0,,2024,1,20,5
Munich_1,2024-01-21,0,,2024,1,21,6
Munich_1,2024-01-22,0,,2024,1,22,0
Munich_1,2024-01-23,0,,2024,1,23,1
Munich_1,2024-01-24,0,,2024,1,24,2
Munich_1,2024-01-25,0,,2024,1,25,3
Munich_1,2024-01-26,0,,2024,1,26,4
Munich_1,2024-01-27,0,,2024,1,27,5
Munich_1,2024-01-28,0,,2024,1,28,6
Munich_1,2024-01-29,0,,2024,1,29,0
Munich_1,2024-01-30,0,,2024,1,30,1
Munich_1,2024-01-31,0,,2024,1,31,2
Munich_1,2024-02-01,0,,2024,2,1,3
Munich_1,2024-02-02,0,,2024,2,2,4
Munich_1,2024-02-03,0,,2024,2,3,5
Munich_1,2024-02-04,0,,2024,2,4,6
Munich_1,2024-02-05,0,,2024,2,5,0
Munich_1,2024-02-06,0,,2024,2,6,1
Munich_1,2024-02-07,0,,2024,2,7,2
Munich_1,2024-02-08,0,,2024,2,8,3
Munich_1,2024-02-09,0,,2024,2,9,4
Munich_1,2024-02-10,0,,2024,2,10,5
Munich_1,2024-02-11,0,,2024,2,11,6
Munich_1,2024-02-12,0,,2024,2,12,0
Munich_1,2024-02-13,0,,2024,2,13,1
Munich_1,2024-02-14,0,,2024,2,14,2
Munich_1,2024-02-15,0,,2024,2,15,3
Munich_1,2024-02-16,0,,2024,2,16,4
Munich_1,2024-02-17,0,,2024,2,17,5
Munich_1,2024-02-18,0,,2024,2,18,6
Munich_1,2024-02-19,0,,2024,2,19,0
Munich_1,2024-02-20,0,,2024,2,20,1
Munich_1,2024-02-21,0,,2024,2,21,2
Munich_1,2024-02-22,0,,2024,2,22,3
Munich_1,2024-02-23,0,,2024,2,23,4
Munich_1,2024-02-24,0,,2024,2,24,5
Munich_1,2024-02-25,0,,2024,2,25,6
Munich_1,2024-02-26,0,,2024,2,26,0
Munich_1,2024-02-27,0,,2024,2,27,1
Munich_1,2024-02-28,0,,2024,2,28,2
Munich_1,2024-02-29,0,,2024,2,29,3
Munich_1,2024-03-01,0,,2024,3,1,4
Munich_1,2024-03-02,0,,2024,3,2,5
Munich_1,2024-03-03,0,,2024,3,3,6
Munich_1,2024-03-04,0,,2024,3,4,0
Munich_1,2024-03-05,0,,2024,3,5,1
Munich_1,2024-03-06,0,,2024,3,6,2
Munich_1,2024-03-07,0,,2024,3,7,3
Munich_1,2024-03-08,1,International womens day,2024,3,8,4
Munich_1,2024-03-09,0,,2024,3,9,5
Munich_1,2024-03-10,0,,2024,3,10,6
Munich_1,2024-03-11,0,,2024,3,11,0
Munich_1,2024-03-12,0,,2024,3,12,1
Munich_1,2024-03-13,0,,2024,3,13,2
Munich_1,2024-03-14,0,,2024,3,14,3
Munich_1,2024-03-15,0,,2024,3,15,4
Munich_1,2024-03-16,0,,2024,3,16,5
Munich_1,2024-03-17,0,,2024,3,17,6
Munich_1,2024-03-18,0,,2024,3,18,0
Munich_1,2024-03-19,0,,2024,3,19,1
Munich_1,2024-03-20,0,,2024,3,20,2
Munich_1,2024-03-21,0,,2024,3,21,3
Munich_1,2024-03-22,0,,2024,3,22,4
Munich_1,2024-03-23,0,,2024,3,23,5
Munich_1,2024-03-24,0,,2024,3,24,6
Munich_1,2024-03-25,0,,2024,3,25,0
Munich_1,2024-03-26,0,,2024,3,26,1
Munich_1,2024-03-27,0,,2024,3,27,2
Munich_1,2024-03-28,0,,2024,3,28,3
Munich_1,2024-03-29,1,Good Friday,2024,3,29,4
Munich_1,2024-03-30,1,Holy Saturday,2024,3,30,5
Munich_1,2024-03-31,1,,2024,3,31,6
Munich_1,2024-04-01,1,Easter Monday,2024,4,1,0
Munich_1,2024-04-02,0,,2024,4,2,1
Munich_1,2024-04-03,0,,2024,4,3,2
Munich_1,2024-04-04,0,,2024,4,4,3
Munich_1,2024-04-05,0,,2024,4,5,4
Munich_1,2024-04-06,0,,2024,4,6,5
Munich_1,2024-04-07,1,Good Friday,2024,4,7,6
Munich_1,2024-04-08,1,Good Friday,2024,4,8,0
Munich_1,2024-04-09,1,Easter Sunday,2024,4,9,1
Munich_1,2024-04-10,1,Easter Monday,2024,4,10,2
Munich_1,2024-04-11,0,,2024,4,11,3
Munich_1,2024-04-12,0,,2024,4,12,4
Munich_1,2024-04-13,0,,2024,4,13,5
Munich_1,2024-04-14,0,,2024,4,14,6
Munich_1,2024-04-15,0,,2024,4,15,0
Munich_1,2024-04-16,0,,2024,4,16,1
Munich_1,2024-04-17,0,,2024,4,17,2
Munich_1,2024-04-18,0,,2024,4,18,3
Munich_1,2024-04-19,0,,2024,4,19,4
Munich_1,2024-04-20,0,,2024,4,20,5
Munich_1,2024-04-21,0,,2024,4,21,6
Munich_1,2024-04-22,0,,2024,4,22,0
Munich_1,2024-04-23,0,,2024,4,23,1
Munich_1,2024-04-24,0,,2024,4,24,2
Munich_1,2024-04-25,0,,2024,4,25,3
Munich_1,2024-04-26,0,,2024,4,26,4
Munich_1,2024-04-27,0,,2024,4,27,5
Munich_1,2024-04-28,0,,2024,4,28,6
Munich_1,2024-04-29,0,,2024,4,29,0
Munich_1,2024-04-30,0,,2024,4,30,1
Munich_1,2024-05-01,1,Labour Day,2024,5,1,2
Munich_1,2024-05-02,0,,2024,5,2,3
Munich_1,2024-05-03,0,,2024,5,3,4
Munich_1,2024-05-04,0,,2024,5,4,5
Munich_1,2024-05-05,0,,2024,5,5,6
Munich_1,2024-05-06,0,,2024,5,6,0
Munich_1,2024-05-07,0,,2024,5,7,1
Munich_1,2024-05-08,0,,2024,5,8,2
Munich_1,2024-05-09,1,Ascension day,2024,5,9,3
Munich_1,2024-05-10,0,,2024,5,10,4
Munich_1,2024-05-11,0,,2024,5,11,5
Munich_1,2024-05-12,1,Mother's Day,2024,5,12,6
Munich_1,2024-05-13,0,,2024,5,13,0
Munich_1,2024-05-14,1,Mother's Day,2024,5,14,1
Munich_1,2024-05-15,0,,2024,5,15,2
Munich_1,2024-05-16,0,,2024,5,16,3
Munich_1,2024-05-17,0,,2024,5,17,4
Munich_1,2024-05-18,1,Ascension day,2024,5,18,5
Munich_1,2024-05-19,1,Whit sunday,2024,5,19,6
Munich_1,2024-05-20,1,Whit monday,2024,5,20,0
Munich_1,2024-05-21,0,,2024,5,21,1
Munich_1,2024-05-22,0,,2024,5,22,2
Munich_1,2024-05-23,0,,2024,5,23,3
Munich_1,2024-05-24,0,,2024,5,24,4
Munich_1,2024-05-25,0,,2024,5,25,5
Munich_1,2024-05-26,0,,2024,5,26,6
Munich_1,2024-05-27,0,,2024,5,27,0
Munich_1,2024-05-28,1,Whit sunday,2024,5,28,1
Munich_1,2024-05-29,1,Whit monday,2024,5,29,2
Munich_1,2024-05-30,1,Corpus Christi,2024,5,30,3
Munich_1,2024-05-31,0,,2024,5,31,4
Munich_1,2024-06-01,0,,2024,6,1,5
Munich_1,2024-06-02,0,,2024,6,2,6
Munich_1,2024-06-03,0,,2024,6,3,0
Munich_1,2024-06-04,0,,2024,6,4,1
Munich_1,2024-06-05,0,,2024,6,5,2
Munich_1,2024-06-06,0,,2024,6,6,3
Munich_1,2024-06-07,0,,2024,6,7,4
Munich_1,2024-06-08,1,Corpus Christi,2024,6,8,5
Munich_1,2024-06-09,0,,2024,6,9,6
Munich_1,2024-06-10,0,,2024,6,10,0
Munich_1,2024-06-11,0,,2024,6,11,1
Munich_1,2024-06-12,0,,2024,6,12,2
Munich_1,2024-06-13,0,,2024,6,13,3
Munich_1,2024-06-14,0,,2024,6,14,4
Munich_1,2024-06-15,0,,2024,6,15,5
Munich_1,2024-06-16,0,,2024,6,16,6
Munich_1,2024-06-17,0,,2024,6,17,0
Munich_1,2024-06-18,0,,2024,6,18,1
Munich_1,2024-06-19,0,,2024,6,19,2
Munich_1,2024-06-20,0,,2024,6,20,3
Munich_1,2024-06-21,0,,2024,6,21,4
Munich_1,2024-06-22,0,,2024,6,22,5
Munich_1,2024-06-23,0,,2024,6,23,6
Munich_1,2024-06-24,0,,2024,6,24,0
Munich_1,2024-06-25,0,,2024,6,25,1
Munich_1,2024-06-26,0,,2024,6,26,2
Munich_1,2024-06-27,0,,2024,6,27,3
Munich_1,2024-06-28,0,,2024,6,28,4
Munich_1,2024-06-29,0,,2024,6,29,5
Munich_1,2024-06-30,0,,2024,6,30,6
Munich_1,2024-07-01,0,,2024,7,1,0
Munich_1,2024-07-02,0,,2024,7,2,1
Munich_1,2024-07-03,0,,2024,7,3,2
Munich_1,2024-07-04,0,,2024,7,4,3
Munich_1,2024-07-05,0,,2024,7,5,4
Munich_1,2024-07-06,0,,2024,7,6,5
Munich_1,2024-07-07,0,,2024,7,7,6
Munich_1,2024-07-08,0,,2024,7,8,0
Munich_1,2024-07-09,0,,2024,7,9,1
Munich_1,2024-07-10,0,,2024,7,10,2
Munich_1,2024-07-11,0,,2024,7,11,3
Munich_1,2024-07-12,0,,2024,7,12,4
Munich_1,2024-07-13,0,,2024,7,13,5
Munich_1,2024-07-14,0,,2024,7,14,6
Munich_1,2024-07-15,0,,2024,7,15,0
Munich_1,2024-07-16,0,,2024,7,16,1
Munich_1,2024-07-17,0,,2024,7,17,2
Munich_1,2024-07-18,0,,2024,7,18,3
Munich_1,2024-07-19,0,,2024,7,19,4
Munich_1,2024-07-20,0,,2024,7,20,5
Munich_1,2024-07-21,0,,2024,7,21,6
Munich_1,2024-07-22,0,,2024,7,22,0
Munich_1,2024-07-23,0,,2024,7,23,1
Munich_1,2024-07-24,0,,2024,7,24,2
Munich_1,2024-07-25,0,,2024,7,25,3
Munich_1,2024-07-26,0,,2024,7,26,4
Munich_1,2024-07-27,0,,2024,7,27,5
Munich_1,2024-07-28,0,,2024,7,28,6
Munich_1,2024-07-29,0,,2024,7,29,0
Munich_1,2024-07-30,0,,2024,7,30,1
Munich_1,2024-07-31,0,,2024,7,31,2
Munich_1,2024-08-01,0,,2024,8,1,3
Munich_1,2024-08-02,0,,2024,8,2,4
Munich_1,2024-08-03,0,,2024,8,3,5
Munich_1,2024-08-04,0,,2024,8,4,6
Munich_1,2024-08-05,0,,2024,8,5,0
Munich_1,2024-08-06,0,,2024,8,6,1
Munich_1,2024-08-07,0,,2024,8,7,2
Munich_1,2024-08-08,1,Peace Festival in Augsburg,2024,8,8,3
Munich_1,2024-08-09,0,,2024,8,9,4
Munich_1,2024-08-10,0,,2024,8,10,5
Munich_1,2024-08-11,0,,2024,8,11,6
Munich_1,2024-08-12,0,,2024,8,12,0
Munich_1,2024-08-13,0,,2024,8,13,1
Munich_1,2024-08-14,0,,2024,8,14,2
Munich_1,2024-08-15,1,Assumption of the Virgin Mary,2024,8,15,3
Munich_1,2024-08-16,0,,2024,8,16,4
Munich_1,2024-08-17,0,,2024,8,17,5
Munich_1,2024-08-18,0,,2024,8,18,6
Munich_1,2024-08-19,0,,2024,8,19,0
Munich_1,2024-08-20,0,,2024,8,20,1
Munich_1,2024-08-21,0,,2024,8,21,2
Munich_1,2024-08-22,0,,2024,8,22,3
Munich_1,2024-08-23,0,,2024,8,23,4
Munich_1,2024-08-24,0,,2024,8,24,5
Munich_1,2024-08-25,0,,2024,8,25,6
Munich_1,2024-08-26,0,,2024,8,26,0
Munich_1,2024-08-27,0,,2024,8,27,1
Munich_1,2024-08-28,0,,2024,8,28,2
Munich_1,2024-08-29,0,,2024,8,29,3
Munich_1,2024-08-30,0,,2024,8,30,4
Munich_1,2024-08-31,0,,2024,8,31,5
Munich_1,2024-09-01,0,,2024,9,1,6
Munich_1,2024-09-02,0,,2024,9,2,0
Munich_1,2024-09-03,0,,2024,9,3,1
Munich_1,2024-09-04,0,,2024,9,4,2
Munich_1,2024-09-05,0,,2024,9,5,3
Munich_1,2024-09-06,0,,2024,9,6,4
Munich_1,2024-09-07,0,,2024,9,7,5
Munich_1,2024-09-08,0,,2024,9,8,6
Munich_1,2024-09-09,0,,2024,9,9,0
Munich_1,2024-09-10,0,,2024,9,10,1
Munich_1,2024-09-11,0,,2024,9,11,2
Munich_1,2024-09-12,0,,2024,9,12,3
Munich_1,2024-09-13,0,,2024,9,13,4
Munich_1,2024-09-14,0,,2024,9,14,5
Munich_1,2024-09-15,0,,2024,9,15,6
Munich_1,2024-09-16,0,,2024,9,16,0
Munich_1,2024-09-17,0,,2024,9,17,1
Munich_1,2024-09-18,0,,2024,9,18,2
Munich_1,2024-09-19,0,,2024,9,19,3
Munich_1,2024-09-20,0,,2024,9,20,4
Munich_1,2024-09-21,0,,2024,9,21,5
Munich_1,2024-09-22,0,,2024,9,22,6
Munich_1,2024-09-23,0,,2024,9,23,0
Munich_1,2024-09-24,0,,2024,9,24,1
Munich_1,2024-09-25,0,,2024,9,25,2
Munich_1,2024-09-26,0,,2024,9,26,3
Munich_1,2024-09-27,0,,2024,9,27,4
Munich_1,2024-09-28,0,,2024,9,28,5
Munich_1,2024-09-29,0,,2024,9,29,6
Munich_1,2024-09-30,0,,2024,9,30,0
Munich_1,2024-10-01,0,,2024,10,1,1
Munich_1,2024-10-02,0,,2024,10,2,2
Munich_1,2024-10-03,1,German Unity Day,2024,10,3,3
Munich_1,2024-10-04,0,,2024,10,4,4
Munich_1,2024-10-05,0,,2024,10,5,5
Munich_1,2024-10-06,0,,2024,10,6,6
Munich_1,2024-10-07,0,,2024,10,7,0
Munich_1,2024-10-08,0,,2024,10,8,1
Munich_1,2024-10-09,0,,2024,10,9,2
Munich_1,2024-10-10,0,,2024,10,10,3
Munich_1,2024-10-11,0,,2024,10,11,4
Munich_1,2024-10-12,0,,2024,10,12,5
Munich_1,2024-10-13,0,,2024,10,13,6
Munich_1,2024-10-14,0,,2024,10,14,0
Munich_1,2024-10-15,0,,2024,10,15,1
Munich_1,2024-10-16,0,,2024,10,16,2
Munich_1,2024-10-17,0,,2024,10,17,3
Munich_1,2024-10-18,0,,2024,10,18,4
Munich_1,2024-10-19,0,,2024,10,19,5
Munich_1,2024-10-20,0,,2024,10,20,6
Munich_1,2024-10-21,0,,2024,10,21,0
Munich_1,2024-10-22,0,,2024,10,22,1
Munich_1,2024-10-23,0,,2024,10,23,2
Munich_1,2024-10-24,0,,2024,10,24,3
Munich_1,2024-10-25,0,,2024,10,25,4
Munich_1,2024-10-26,0,,2024,10,26,5
Munich_1,2024-10-27,0,,2024,10,27,6
Munich_1,2024-10-28,0,,2024,10,28,0
Munich_1,2024-10-29,0,,2024,10,29,1
Munich_1,2024-10-30,0,,2024,10,30,2
Munich_1,2024-10-31,0,,2024,10,31,3
Munich_1,2024-11-01,1,All Saints Day,2024,11,1,4
Munich_1,2024-11-02,0,,2024,11,2,5
Munich_1,2024-11-03,0,,2024,11,3,6
Munich_1,2024-11-04,0,,2024,11,4,0
Munich_1,2024-11-05,0,,2024,11,5,1
Munich_1,2024-11-06,0,,2024,11,6,2
Munich_1,2024-11-07,0,,2024,11,7,3
Munich_1,2024-11-08,0,,2024,11,8,4
Munich_1,2024-11-09,0,,2024,11,9,5
Munich_1,2024-11-10,0,,2024,11,10,6
Munich_1,2024-11-11,0,,2024,11,11,0
Munich_1,2024-11-12,0,,2024,11,12,1
Munich_1,2024-11-13,0,,2024,11,13,2
Munich_1,2024-11-14,0,,2024,11,14,3
Munich_1,2024-11-15,0,,2024,11,15,4
Munich_1,2024-11-16,0,,2024,11,16,5
Munich_1,2024-11-17,0,,2024,11,17,6
Munich_1,2024-11-18,0,,2024,11,18,0
Munich_1,2024-11-19,0,,2024,11,19,1
Munich_1,2024-11-20,0,,2024,11,20,2
Munich_1,2024-11-21,0,,2024,11,21,3
Munich_1,2024-11-22,0,,2024,11,22,4
Munich_1,2024-11-23,0,,2024,11,23,5
Munich_1,2024-11-24,0,,2024,11,24,6
Munich_1,2024-11-25,0,,2024,11,25,0
Munich_1,2024-11-26,0,,2024,11,26,1
Munich_1,2024-11-27,0,,2024,11,27,2
Munich_1,2024-11-28,0,,2024,11,28,3
Munich_1,2024-11-29,0,,2024,11,29,4
Munich_1,2024-11-30,0,,2024,11,30,5
Munich_1,2024-12-01,0,,2024,12,1,6
Munich_1,2024-12-02,0,,2024,12,2,0
Munich_1,2024-12-03,0,,2024,12,3,1
Munich_1,2024-12-04,0,,2024,12,4,2
Munich_1,2024-12-05,0,,2024,12,5,3
Munich_1,2024-12-06,0,,2024,12,6,4
Munich_1,2024-12-07,0,,2024,12,7,5
Munich_1,2024-12-08,0,,2024,12,8,6
Munich_1,2024-12-09,0,,2024,12,9,0
Munich_1,2024-12-10,0,,2024,12,10,1
Munich_1,2024-12-11,0,,2024,12,11,2
Munich_1,2024-12-12,0,,2024,12,12,3
Munich_1,2024-12-13,0,,2024,12,13,4
Munich_1,2024-12-14,0,,2024,12,14,5
Munich_1,2024-12-15,0,,2024,12,15,6
Munich_1,2024-12-16,0,,2024,12,16,0
Munich_1,2024-12-17,0,,2024,12,17,1
Munich_1,2024-12-18,0,,2024,12,18,2
Munich_1,2024-12-19,0,,2024,12,19,3
Munich_1,2024-12-20,0,,2024,12,20,4
Munich_1,2024-12-21,0,,2024,12,21,5
Munich_1,2024-12-22,0,,2024,12,22,6
Munich_1,2024-12-23,0,,2024,12,23,0
Munich_1,2024-12-24,1,Christmas Eve,2024,12,24,1
Munich_1,2024-12-25,1,1st Christmas Day,2024,12,25,2
Munich_1,2024-12-26,1,2nd Christmas Day,2024,12,26,3
Munich_1,2024-12-27,0,,2024,12,27,4
Munich_1,2024-12-28,0,,2024,12,28,5
Munich_1,2024-12-29,0,,2024,12,29,6
Munich_1,2024-12-30,0,,2024,12,30,0
Munich_1,2024-12-31,0,,2024,12,31,1
Prague_1,2016-01-01,1,New Years Day,2016,1,1,4
Prague_1,2016-01-02,0,,2016,1,2,5
Prague_1,2016-01-03,0,,2016,1,3,6
Prague_1,2016-01-04,0,,2016,1,4,0
Prague_1,2016-01-05,0,,2016,1,5,1
Prague_1,2016-01-06,0,,2016,1,6,2
Prague_1,2016-01-07,0,,2016,1,7,3
Prague_1,2016-01-08,0,,2016,1,8,4
Prague_1,2016-01-09,0,,2016,1,9,5
Prague_1,2016-01-10,0,,2016,1,10,6
Prague_1,2016-01-11,0,,2016,1,11,0
Prague_1,2016-01-12,0,,2016,1,12,1
Prague_1,2016-01-13,0,,2016,1,13,2
Prague_1,2016-01-14,0,,2016,1,14,3
Prague_1,2016-01-15,0,,2016,1,15,4
Prague_1,2016-01-16,0,,2016,1,16,5
Prague_1,2016-01-17,0,,2016,1,17,6
Prague_1,2016-01-18,0,,2016,1,18,0
Prague_1,2016-01-19,0,,2016,1,19,1
Prague_1,2016-01-20,0,,2016,1,20,2
Prague_1,2016-01-21,0,,2016,1,21,3
Prague_1,2016-01-22,0,,2016,1,22,4
Prague_1,2016-01-23,0,,2016,1,23,5
Prague_1,2016-01-24,0,,2016,1,24,6
Prague_1,2016-01-25,0,,2016,1,25,0
Prague_1,2016-01-26,0,,2016,1,26,1
Prague_1,2016-01-27,0,,2016,1,27,2
Prague_1,2016-01-28,0,,2016,1,28,3
Prague_1,2016-01-29,0,,2016,1,29,4
Prague_1,2016-01-30,0,,2016,1,30,5
Prague_1,2016-01-31,0,,2016,1,31,6
Prague_1,2016-02-01,0,,2016,2,1,0
Prague_1,2016-02-02,0,,2016,2,2,1
Prague_1,2016-02-03,0,,2016,2,3,2
Prague_1,2016-02-04,0,,2016,2,4,3
Prague_1,2016-02-05,0,,2016,2,5,4
Prague_1,2016-02-06,0,,2016,2,6,5
Prague_1,2016-02-07,0,,2016,2,7,6
Prague_1,2016-02-08,0,,2016,2,8,0
Prague_1,2016-02-09,0,,2016,2,9,1
Prague_1,2016-02-10,0,,2016,2,10,2
Prague_1,2016-02-11,0,,2016,2,11,3
Prague_1,2016-02-12,0,,2016,2,12,4
Prague_1,2016-02-13,0,,2016,2,13,5
Prague_1,2016-02-14,0,,2016,2,14,6
Prague_1,2016-02-15,0,,2016,2,15,0
Prague_1,2016-02-16,0,,2016,2,16,1
Prague_1,2016-02-17,0,,2016,2,17,2
Prague_1,2016-02-18,0,,2016,2,18,3
Prague_1,2016-02-19,0,,2016,2,19,4
Prague_1,2016-02-20,0,,2016,2,20,5
Prague_1,2016-02-21,0,,2016,2,21,6
Prague_1,2016-02-22,0,,2016,2,22,0
Prague_1,2016-02-23,0,,2016,2,23,1
Prague_1,2016-02-24,0,,2016,2,24,2
Prague_1,2016-02-25,0,,2016,2,25,3
Prague_1,2016-02-26,0,,2016,2,26,4
Prague_1,2016-02-27,0,,2016,2,27,5
Prague_1,2016-02-28,0,,2016,2,28,6
Prague_1,2016-02-29,0,,2016,2,29,0
Prague_1,2016-03-01,0,,2016,3,1,1
Prague_1,2016-03-02,0,,2016,3,2,2
Prague_1,2016-03-03,0,,2016,3,3,3
Prague_1,2016-03-04,0,,2016,3,4,4
Prague_1,2016-03-05,0,,2016,3,5,5
Prague_1,2016-03-06,0,,2016,3,6,6
Prague_1,2016-03-07,0,,2016,3,7,0
Prague_1,2016-03-08,1,International womens day,2016,3,8,1
Prague_1,2016-03-09,0,,2016,3,9,2
Prague_1,2016-03-10,0,,2016,3,10,3
Prague_1,2016-03-11,0,,2016,3,11,4
Prague_1,2016-03-12,0,,2016,3,12,5
Prague_1,2016-03-13,0,,2016,3,13,6
Prague_1,2016-03-14,0,,2016,3,14,0
Prague_1,2016-03-15,0,,2016,3,15,1
Prague_1,2016-03-16,0,,2016,3,16,2
Prague_1,2016-03-17,0,,2016,3,17,3
Prague_1,2016-03-18,0,,2016,3,18,4
Prague_1,2016-03-19,0,,2016,3,19,5
Prague_1,2016-03-20,0,,2016,3,20,6
Prague_1,2016-03-21,0,,2016,3,21,0
Prague_1,2016-03-22,0,,2016,3,22,1
Prague_1,2016-03-23,0,,2016,3,23,2
Prague_1,2016-03-24,0,,2016,3,24,3
Prague_1,2016-03-25,1,Good Friday,2016,3,25,4
Prague_1,2016-03-26,1,,2016,3,26,5
Prague_1,2016-03-27,1,Easter Day,2016,3,27,6
Prague_1,2016-03-28,1,Easter Monday,2016,3,28,0
Prague_1,2016-03-29,0,,2016,3,29,1
Prague_1,2016-03-30,0,,2016,3,30,2
Prague_1,2016-03-31,0,,2016,3,31,3
Prague_1,2016-04-01,0,,2016,4,1,4
Prague_1,2016-04-02,0,,2016,4,2,5
Prague_1,2016-04-03,0,,2016,4,3,6
Prague_1,2016-04-04,0,,2016,4,4,0
Prague_1,2016-04-05,0,,2016,4,5,1
Prague_1,2016-04-06,0,,2016,4,6,2
Prague_1,2016-04-07,0,,2016,4,7,3
Prague_1,2016-04-08,0,,2016,4,8,4
Prague_1,2016-04-09,0,,2016,4,9,5
Prague_1,2016-04-10,0,,2016,4,10,6
Prague_1,2016-04-11,0,,2016,4,11,0
Prague_1,2016-04-12,0,,2016,4,12,1
Prague_1,2016-04-13,0,,2016,4,13,2
Prague_1,2016-04-14,0,,2016,4,14,3
Prague_1,2016-04-15,0,,2016,4,15,4
Prague_1,2016-04-16,0,,2016,4,16,5
Prague_1,2016-04-17,0,,2016,4,17,6
Prague_1,2016-04-18,0,,2016,4,18,0
Prague_1,2016-04-19,0,,2016,4,19,1
Prague_1,2016-04-20,0,,2016,4,20,2
Prague_1,2016-04-21,0,,2016,4,21,3
Prague_1,2016-04-22,0,,2016,4,22,4
Prague_1,2016-04-23,0,,2016,4,23,5
Prague_1,2016-04-24,0,,2016,4,24,6
Prague_1,2016-04-25,0,,2016,4,25,0
Prague_1,2016-04-26,0,,2016,4,26,1
Prague_1,2016-04-27,0,,2016,4,27,2
Prague_1,2016-04-28,0,,2016,4,28,3
Prague_1,2016-04-29,0,,2016,4,29,4
Prague_1,2016-04-30,0,,2016,4,30,5
Prague_1,2016-05-01,1,Labour Day,2016,5,1,6
Prague_1,2016-05-02,0,,2016,5,2,0
Prague_1,2016-05-03,0,,2016,5,3,1
Prague_1,2016-05-04,0,,2016,5,4,2
Prague_1,2016-05-05,0,,2016,5,5,3
Prague_1,2016-05-06,0,,2016,5,6,4
Prague_1,2016-05-07,0,,2016,5,7,5
Prague_1,2016-05-08,1,Mother's Day,2016,5,8,6
Prague_1,2016-05-09,0,,2016,5,9,0
Prague_1,2016-05-10,0,,2016,5,10,1
Prague_1,2016-05-11,0,,2016,5,11,2
Prague_1,2016-05-12,0,,2016,5,12,3
Prague_1,2016-05-13,0,,2016,5,13,4
Prague_1,2016-05-14,0,,2016,5,14,5
Prague_1,2016-05-15,0,,2016,5,15,6
Prague_1,2016-05-16,0,,2016,5,16,0
Prague_1,2016-05-17,0,,2016,5,17,1
Prague_1,2016-05-18,0,,2016,5,18,2
Prague_1,2016-05-19,0,,2016,5,19,3
Prague_1,2016-05-20,0,,2016,5,20,4
Prague_1,2016-05-21,0,,2016,5,21,5
Prague_1,2016-05-22,0,,2016,5,22,6
Prague_1,2016-05-23,0,,2016,5,23,0
Prague_1,2016-05-24,0,,2016,5,24,1
Prague_1,2016-05-25,0,,2016,5,25,2
Prague_1,2016-05-26,0,,2016,5,26,3
Prague_1,2016-05-27,0,,2016,5,27,4
Prague_1,2016-05-28,0,,2016,5,28,5
Prague_1,2016-05-29,0,,2016,5,29,6
Prague_1,2016-05-30,0,,2016,5,30,0
Prague_1,2016-05-31,0,,2016,5,31,1
Prague_1,2016-06-01,0,,2016,6,1,2
Prague_1,2016-06-02,0,,2016,6,2,3
Prague_1,2016-06-03,0,,2016,6,3,4
Prague_1,2016-06-04,0,,2016,6,4,5
Prague_1,2016-06-05,0,,2016,6,5,6
Prague_1,2016-06-06,0,,2016,6,6,0
Prague_1,2016-06-07,0,,2016,6,7,1
Prague_1,2016-06-08,0,,2016,6,8,2
Prague_1,2016-06-09,0,,2016,6,9,3
Prague_1,2016-06-10,0,,2016,6,10,4
Prague_1,2016-06-11,0,,2016,6,11,5
Prague_1,2016-06-12,0,,2016,6,12,6
Prague_1,2016-06-13,0,,2016,6,13,0
Prague_1,2016-06-14,0,,2016,6,14,1
Prague_1,2016-06-15,0,,2016,6,15,2
Prague_1,2016-06-16,0,,2016,6,16,3
Prague_1,2016-06-17,0,,2016,6,17,4
Prague_1,2016-06-18,0,,2016,6,18,5
Prague_1,2016-06-19,0,,2016,6,19,6
Prague_1,2016-06-20,0,,2016,6,20,0
Prague_1,2016-06-21,0,,2016,6,21,1
Prague_1,2016-06-22,0,,2016,6,22,2
Prague_1,2016-06-23,0,,2016,6,23,3
Prague_1,2016-06-24,0,,2016,6,24,4
Prague_1,2016-06-25,0,,2016,6,25,5
Prague_1,2016-06-26,0,,2016,6,26,6
Prague_1,2016-06-27,0,,2016,6,27,0
Prague_1,2016-06-28,0,,2016,6,28,1
Prague_1,2016-06-29,0,,2016,6,29,2
Prague_1,2016-06-30,0,,2016,6,30,3
Prague_1,2016-07-01,0,,2016,7,1,4
Prague_1,2016-07-02,0,,2016,7,2,5
Prague_1,2016-07-03,0,,2016,7,3,6
Prague_1,2016-07-04,0,,2016,7,4,0
Prague_1,2016-07-05,1,Cyrila a Metodej,2016,7,5,1
Prague_1,2016-07-06,1,Jan Hus,2016,7,6,2
Prague_1,2016-07-07,0,,2016,7,7,3
Prague_1,2016-07-08,0,,2016,7,8,4
Prague_1,2016-07-09,0,,2016,7,9,5
Prague_1,2016-07-10,0,,2016,7,10,6
Prague_1,2016-07-11,0,,2016,7,11,0
Prague_1,2016-07-12,0,,2016,7,12,1
Prague_1,2016-07-13,0,,2016,7,13,2
Prague_1,2016-07-14,0,,2016,7,14,3
Prague_1,2016-07-15,0,,2016,7,15,4
Prague_1,2016-07-16,0,,2016,7,16,5
Prague_1,2016-07-17,0,,2016,7,17,6
Prague_1,2016-07-18,0,,2016,7,18,0
Prague_1,2016-07-19,0,,2016,7,19,1
Prague_1,2016-07-20,0,,2016,7,20,2
Prague_1,2016-07-21,0,,2016,7,21,3
Prague_1,2016-07-22,0,,2016,7,22,4
Prague_1,2016-07-23,0,,2016,7,23,5
Prague_1,2016-07-24,0,,2016,7,24,6
Prague_1,2016-07-25,0,,2016,7,25,0
Prague_1,2016-07-26,0,,2016,7,26,1
Prague_1,2016-07-27,0,,2016,7,27,2
Prague_1,2016-07-28,0,,2016,7,28,3
Prague_1,2016-07-29,0,,2016,7,29,4
Prague_1,2016-07-30,0,,2016,7,30,5
Prague_1,2016-07-31,0,,2016,7,31,6
Prague_1,2016-08-01,0,,2016,8,1,0
Prague_1,2016-08-02,0,,2016,8,2,1
Prague_1,2016-08-03,0,,2016,8,3,2
Prague_1,2016-08-04,0,,2016,8,4,3
Prague_1,2016-08-05,0,,2016,8,5,4
Prague_1,2016-08-06,0,,2016,8,6,5
Prague_1,2016-08-07,0,,2016,8,7,6
Prague_1,2016-08-08,0,,2016,8,8,0
Prague_1,2016-08-09,0,,2016,8,9,1
Prague_1,2016-08-10,0,,2016,8,10,2
Prague_1,2016-08-11,0,,2016,8,11,3
Prague_1,2016-08-12,0,,2016,8,12,4
Prague_1,2016-08-13,0,,2016,8,13,5
Prague_1,2016-08-14,0,,2016,8,14,6
Prague_1,2016-08-15,0,,2016,8,15,0
Prague_1,2016-08-16,0,,2016,8,16,1
Prague_1,2016-08-17,0,,2016,8,17,2
Prague_1,2016-08-18,0,,2016,8,18,3
Prague_1,2016-08-19,0,,2016,8,19,4
Prague_1,2016-08-20,0,,2016,8,20,5
Prague_1,2016-08-21,0,,2016,8,21,6
Prague_1,2016-08-22,0,,2016,8,22,0
Prague_1,2016-08-23,0,,2016,8,23,1
Prague_1,2016-08-24,0,,2016,8,24,2
Prague_1,2016-08-25,0,,2016,8,25,3
Prague_1,2016-08-26,0,,2016,8,26,4
Prague_1,2016-08-27,0,,2016,8,27,5
Prague_1,2016-08-28,0,,2016,8,28,6
Prague_1,2016-08-29,0,,2016,8,29,0
Prague_1,2016-08-30,0,,2016,8,30,1
Prague_1,2016-08-31,0,,2016,8,31,2
Prague_1,2016-09-01,0,,2016,9,1,3
Prague_1,2016-09-02,0,,2016,9,2,4
Prague_1,2016-09-03,0,,2016,9,3,5
Prague_1,2016-09-04,0,,2016,9,4,6
Prague_1,2016-09-05,0,,2016,9,5,0
Prague_1,2016-09-06,0,,2016,9,6,1
Prague_1,2016-09-07,0,,2016,9,7,2
Prague_1,2016-09-08,0,,2016,9,8,3
Prague_1,2016-09-09,0,,2016,9,9,4
Prague_1,2016-09-10,0,,2016,9,10,5
Prague_1,2016-09-11,0,,2016,9,11,6
Prague_1,2016-09-12,0,,2016,9,12,0
Prague_1,2016-09-13,0,,2016,9,13,1
Prague_1,2016-09-14,0,,2016,9,14,2
Prague_1,2016-09-15,0,,2016,9,15,3
Prague_1,2016-09-16,0,,2016,9,16,4
Prague_1,2016-09-17,0,,2016,9,17,5
Prague_1,2016-09-18,0,,2016,9,18,6
Prague_1,2016-09-19,0,,2016,9,19,0
Prague_1,2016-09-20,0,,2016,9,20,1
Prague_1,2016-09-21,0,,2016,9,21,2
Prague_1,2016-09-22,0,,2016,9,22,3
Prague_1,2016-09-23,0,,2016,9,23,4
Prague_1,2016-09-24,0,,2016,9,24,5
Prague_1,2016-09-25,0,,2016,9,25,6
Prague_1,2016-09-26,0,,2016,9,26,0
Prague_1,2016-09-27,0,,2016,9,27,1
Prague_1,2016-09-28,1,Den ceske statnosti,2016,9,28,2
Prague_1,2016-09-29,0,,2016,9,29,3
Prague_1,2016-09-30,0,,2016,9,30,4
Prague_1,2016-10-01,0,,2016,10,1,5
Prague_1,2016-10-02,0,,2016,10,2,6
Prague_1,2016-10-03,0,,2016,10,3,0
Prague_1,2016-10-04,0,,2016,10,4,1
Prague_1,2016-10-05,0,,2016,10,5,2
Prague_1,2016-10-06,0,,2016,10,6,3
Prague_1,2016-10-07,0,,2016,10,7,4
Prague_1,2016-10-08,0,,2016,10,8,5
Prague_1,2016-10-09,0,,2016,10,9,6
Prague_1,2016-10-10,0,,2016,10,10,0
Prague_1,2016-10-11,0,,2016,10,11,1
Prague_1,2016-10-12,0,,2016,10,12,2
Prague_1,2016-10-13,0,,2016,10,13,3
Prague_1,2016-10-14,0,,2016,10,14,4
Prague_1,2016-10-15,0,,2016,10,15,5
Prague_1,2016-10-16,0,,2016,10,16,6
Prague_1,2016-10-17,0,,2016,10,17,0
Prague_1,2016-10-18,0,,2016,10,18,1
Prague_1,2016-10-19,0,,2016,10,19,2
Prague_1,2016-10-20,0,,2016,10,20,3
Prague_1,2016-10-21,0,,2016,10,21,4
Prague_1,2016-10-22,0,,2016,10,22,5
Prague_1,2016-10-23,0,,2016,10,23,6
Prague_1,2016-10-24,0,,2016,10,24,0
Prague_1,2016-10-25,0,,2016,10,25,1
Prague_1,2016-10-26,0,,2016,10,26,2
Prague_1,2016-10-27,0,,2016,10,27,3
Prague_1,2016-10-28,1,Den vzniku samostatneho ceskoslovenskeho statu,2016,10,28,4
Prague_1,2016-10-29,0,,2016,10,29,5
Prague_1,2016-10-30,0,,2016,10,30,6
Prague_1,2016-10-31,0,,2016,10,31,0
Prague_1,2016-11-01,0,,2016,11,1,1
Prague_1,2016-11-02,0,,2016,11,2,2
Prague_1,2016-11-03,0,,2016,11,3,3
Prague_1,2016-11-04,0,,2016,11,4,4
Prague_1,2016-11-05,0,,2016,11,5,5
Prague_1,2016-11-06,0,,2016,11,6,6
Prague_1,2016-11-07,0,,2016,11,7,0
Prague_1,2016-11-08,0,,2016,11,8,1
Prague_1,2016-11-09,0,,2016,11,9,2
Prague_1,2016-11-10,0,,2016,11,10,3
Prague_1,2016-11-11,0,,2016,11,11,4
Prague_1,2016-11-12,0,,2016,11,12,5
Prague_1,2016-11-13,0,,2016,11,13,6
Prague_1,2016-11-14,0,,2016,11,14,0
Prague_1,2016-11-15,0,,2016,11,15,1
Prague_1,2016-11-16,0,,2016,11,16,2
Prague_1,2016-11-17,1,Den boje za svobodu a demokracii,2016,11,17,3
Prague_1,2016-11-18,0,,2016,11,18,4
Prague_1,2016-11-19,0,,2016,11,19,5
Prague_1,2016-11-20,0,,2016,11,20,6
Prague_1,2016-11-21,0,,2016,11,21,0
Prague_1,2016-11-22,0,,2016,11,22,1
Prague_1,2016-11-23,0,,2016,11,23,2
Prague_1,2016-11-24,0,,2016,11,24,3
Prague_1,2016-11-25,0,,2016,11,25,4
Prague_1,2016-11-26,0,,2016,11,26,5
Prague_1,2016-11-27,0,,2016,11,27,6
Prague_1,2016-11-28,0,,2016,11,28,0
Prague_1,2016-11-29,0,,2016,11,29,1
Prague_1,2016-11-30,0,,2016,11,30,2
Prague_1,2016-12-01,0,,2016,12,1,3
Prague_1,2016-12-02,0,,2016,12,2,4
Prague_1,2016-12-03,0,,2016,12,3,5
Prague_1,2016-12-04,0,,2016,12,4,6
Prague_1,2016-12-05,0,,2016,12,5,0
Prague_1,2016-12-06,0,,2016,12,6,1
Prague_1,2016-12-07,0,,2016,12,7,2
Prague_1,2016-12-08,0,,2016,12,8,3
Prague_1,2016-12-09,0,,2016,12,9,4
Prague_1,2016-12-10,0,,2016,12,10,5
Prague_1,2016-12-11,0,,2016,12,11,6
Prague_1,2016-12-12,0,,2016,12,12,0
Prague_1,2016-12-13,0,,2016,12,13,1
Prague_1,2016-12-14,0,,2016,12,14,2
Prague_1,2016-12-15,0,,2016,12,15,3
Prague_1,2016-12-16,0,,2016,12,16,4
Prague_1,2016-12-17,0,,2016,12,17,5
Prague_1,2016-12-18,0,,2016,12,18,6
Prague_1,2016-12-19,0,,2016,12,19,0
Prague_1,2016-12-20,0,,2016,12,20,1
Prague_1,2016-12-21,0,,2016,12,21,2
Prague_1,2016-12-22,0,,2016,12,22,3
Prague_1,2016-12-23,0,,2016,12,23,4
Prague_1,2016-12-24,1,Christmas Eve,2016,12,24,5
Prague_1,2016-12-25,1,1st Christmas Day,2016,12,25,6
Prague_1,2016-12-26,1,2nd Christmas Day,2016,12,26,0
Prague_1,2016-12-27,0,,2016,12,27,1
Prague_1,2016-12-28,0,,2016,12,28,2
Prague_1,2016-12-29,0,,2016,12,29,3
Prague_1,2016-12-30,0,,2016,12,30,4
Prague_1,2016-12-31,0,,2016,12,31,5
Prague_1,2017-01-01,1,New Years Day,2017,1,1,6
Prague_1,2017-01-02,0,,2017,1,2,0
Prague_1,2017-01-03,0,,2017,1,3,1
Prague_1,2017-01-04,0,,2017,1,4,2
Prague_1,2017-01-05,0,,2017,1,5,3
Prague_1,2017-01-06,0,,2017,1,6,4
Prague_1,2017-01-07,0,,2017,1,7,5
Prague_1,2017-01-08,0,,2017,1,8,6
Prague_1,2017-01-09,0,,2017,1,9,0
Prague_1,2017-01-10,0,,2017,1,10,1
Prague_1,2017-01-11,0,,2017,1,11,2
Prague_1,2017-01-12,0,,2017,1,12,3
Prague_1,2017-01-13,0,,2017,1,13,4
Prague_1,2017-01-14,0,,2017,1,14,5
Prague_1,2017-01-15,0,,2017,1,15,6
Prague_1,2017-01-16,0,,2017,1,16,0
Prague_1,2017-01-17,0,,2017,1,17,1
Prague_1,2017-01-18,0,,2017,1,18,2
Prague_1,2017-01-19,0,,2017,1,19,3
Prague_1,2017-01-20,0,,2017,1,20,4
Prague_1,2017-01-21,0,,2017,1,21,5
Prague_1,2017-01-22,0,,2017,1,22,6
Prague_1,2017-01-23,0,,2017,1,23,0
Prague_1,2017-01-24,0,,2017,1,24,1
Prague_1,2017-01-25,0,,2017,1,25,2
Prague_1,2017-01-26,0,,2017,1,26,3
Prague_1,2017-01-27,0,,2017,1,27,4
Prague_1,2017-01-28,0,,2017,1,28,5
Prague_1,2017-01-29,0,,2017,1,29,6
Prague_1,2017-01-30,0,,2017,1,30,0
Prague_1,2017-01-31,0,,2017,1,31,1
Prague_1,2017-02-01,0,,2017,2,1,2
Prague_1,2017-02-02,0,,2017,2,2,3
Prague_1,2017-02-03,0,,2017,2,3,4
Prague_1,2017-02-04,0,,2017,2,4,5
Prague_1,2017-02-05,0,,2017,2,5,6
Prague_1,2017-02-06,0,,2017,2,6,0
Prague_1,2017-02-07,0,,2017,2,7,1
Prague_1,2017-02-08,0,,2017,2,8,2
Prague_1,2017-02-09,0,,2017,2,9,3
Prague_1,2017-02-10,0,,2017,2,10,4
Prague_1,2017-02-11,0,,2017,2,11,5
Prague_1,2017-02-12,0,,2017,2,12,6
Prague_1,2017-02-13,0,,2017,2,13,0
Prague_1,2017-02-14,0,,2017,2,14,1
Prague_1,2017-02-15,0,,2017,2,15,2
Prague_1,2017-02-16,0,,2017,2,16,3
Prague_1,2017-02-17,0,,2017,2,17,4
Prague_1,2017-02-18,0,,2017,2,18,5
Prague_1,2017-02-19,0,,2017,2,19,6
Prague_1,2017-02-20,0,,2017,2,20,0
Prague_1,2017-02-21,0,,2017,2,21,1
Prague_1,2017-02-22,0,,2017,2,22,2
Prague_1,2017-02-23,0,,2017,2,23,3
Prague_1,2017-02-24,0,,2017,2,24,4
Prague_1,2017-02-25,0,,2017,2,25,5
Prague_1,2017-02-26,0,,2017,2,26,6
Prague_1,2017-02-27,0,,2017,2,27,0
Prague_1,2017-02-28,0,,2017,2,28,1
Prague_1,2017-03-01,0,,2017,3,1,2
Prague_1,2017-03-02,0,,2017,3,2,3
Prague_1,2017-03-03,0,,2017,3,3,4
Prague_1,2017-03-04,0,,2017,3,4,5
Prague_1,2017-03-05,0,,2017,3,5,6
Prague_1,2017-03-06,0,,2017,3,6,0
Prague_1,2017-03-07,0,,2017,3,7,1
Prague_1,2017-03-08,1,International womens day,2017,3,8,2
Prague_1,2017-03-09,0,,2017,3,9,3
Prague_1,2017-03-10,0,,2017,3,10,4
Prague_1,2017-03-11,0,,2017,3,11,5
Prague_1,2017-03-12,0,,2017,3,12,6
Prague_1,2017-03-13,0,,2017,3,13,0
Prague_1,2017-03-14,0,,2017,3,14,1
Prague_1,2017-03-15,0,,2017,3,15,2
Prague_1,2017-03-16,0,,2017,3,16,3
Prague_1,2017-03-17,0,,2017,3,17,4
Prague_1,2017-03-18,0,,2017,3,18,5
Prague_1,2017-03-19,0,,2017,3,19,6
Prague_1,2017-03-20,0,,2017,3,20,0
Prague_1,2017-03-21,0,,2017,3,21,1
Prague_1,2017-03-22,0,,2017,3,22,2
Prague_1,2017-03-23,0,,2017,3,23,3
Prague_1,2017-03-24,0,,2017,3,24,4
Prague_1,2017-03-25,1,Good Friday,2017,3,25,5
Prague_1,2017-03-26,0,,2017,3,26,6
Prague_1,2017-03-27,1,Easter Day,2017,3,27,0
Prague_1,2017-03-28,1,Easter Monday,2017,3,28,1
Prague_1,2017-03-29,0,,2017,3,29,2
Prague_1,2017-03-30,0,,2017,3,30,3
Prague_1,2017-03-31,0,,2017,3,31,4
Prague_1,2017-04-01,0,,2017,4,1,5
Prague_1,2017-04-02,0,,2017,4,2,6
Prague_1,2017-04-03,0,,2017,4,3,0
Prague_1,2017-04-04,0,,2017,4,4,1
Prague_1,2017-04-05,0,,2017,4,5,2
Prague_1,2017-04-06,0,,2017,4,6,3
Prague_1,2017-04-07,0,,2017,4,7,4
Prague_1,2017-04-08,0,,2017,4,8,5
Prague_1,2017-04-09,0,,2017,4,9,6
Prague_1,2017-04-10,0,,2017,4,10,0
Prague_1,2017-04-11,0,,2017,4,11,1
Prague_1,2017-04-12,0,,2017,4,12,2
Prague_1,2017-04-13,0,,2017,4,13,3
Prague_1,2017-04-14,1,Good Friday,2017,4,14,4
Prague_1,2017-04-15,1,,2017,4,15,5
Prague_1,2017-04-16,1,Easter Day,2017,4,16,6
Prague_1,2017-04-17,1,Easter Monday,2017,4,17,0
Prague_1,2017-04-18,0,,2017,4,18,1
Prague_1,2017-04-19,0,,2017,4,19,2
Prague_1,2017-04-20,0,,2017,4,20,3
Prague_1,2017-04-21,0,,2017,4,21,4
Prague_1,2017-04-22,0,,2017,4,22,5
Prague_1,2017-04-23,0,,2017,4,23,6
Prague_1,2017-04-24,0,,2017,4,24,0
Prague_1,2017-04-25,0,,2017,4,25,1
Prague_1,2017-04-26,0,,2017,4,26,2
Prague_1,2017-04-27,0,,2017,4,27,3
Prague_1,2017-04-28,0,,2017,4,28,4
Prague_1,2017-04-29,0,,2017,4,29,5
Prague_1,2017-04-30,0,,2017,4,30,6
Prague_1,2017-05-01,1,Labour Day,2017,5,1,0
Prague_1,2017-05-02,0,,2017,5,2,1
Prague_1,2017-05-03,0,,2017,5,3,2
Prague_1,2017-05-04,0,,2017,5,4,3
Prague_1,2017-05-05,0,,2017,5,5,4
Prague_1,2017-05-06,0,,2017,5,6,5
Prague_1,2017-05-07,0,,2017,5,7,6
Prague_1,2017-05-08,1,Mother's Day,2017,5,8,0
Prague_1,2017-05-09,0,,2017,5,9,1
Prague_1,2017-05-10,0,,2017,5,10,2
Prague_1,2017-05-11,0,,2017,5,11,3
Prague_1,2017-05-12,0,,2017,5,12,4
Prague_1,2017-05-13,0,,2017,5,13,5
Prague_1,2017-05-14,1,Mother's Day,2017,5,14,6
Prague_1,2017-05-15,0,,2017,5,15,0
Prague_1,2017-05-16,0,,2017,5,16,1
Prague_1,2017-05-17,0,,2017,5,17,2
Prague_1,2017-05-18,0,,2017,5,18,3
Prague_1,2017-05-19,0,,2017,5,19,4
Prague_1,2017-05-20,0,,2017,5,20,5
Prague_1,2017-05-21,0,,2017,5,21,6
Prague_1,2017-05-22,0,,2017,5,22,0
Prague_1,2017-05-23,0,,2017,5,23,1
Prague_1,2017-05-24,0,,2017,5,24,2
Prague_1,2017-05-25,0,,2017,5,25,3
Prague_1,2017-05-26,0,,2017,5,26,4
Prague_1,2017-05-27,0,,2017,5,27,5
Prague_1,2017-05-28,0,,2017,5,28,6
Prague_1,2017-05-29,0,,2017,5,29,0
Prague_1,2017-05-30,0,,2017,5,30,1
Prague_1,2017-05-31,0,,2017,5,31,2
Prague_1,2017-06-01,0,,2017,6,1,3
Prague_1,2017-06-02,0,,2017,6,2,4
Prague_1,2017-06-03,0,,2017,6,3,5
Prague_1,2017-06-04,0,,2017,6,4,6
Prague_1,2017-06-05,0,,2017,6,5,0
Prague_1,2017-06-06,0,,2017,6,6,1
Prague_1,2017-06-07,0,,2017,6,7,2
Prague_1,2017-06-08,0,,2017,6,8,3
Prague_1,2017-06-09,0,,2017,6,9,4
Prague_1,2017-06-10,0,,2017,6,10,5
Prague_1,2017-06-11,0,,2017,6,11,6
Prague_1,2017-06-12,0,,2017,6,12,0
Prague_1,2017-06-13,0,,2017,6,13,1
Prague_1,2017-06-14,0,,2017,6,14,2
Prague_1,2017-06-15,0,,2017,6,15,3
Prague_1,2017-06-16,0,,2017,6,16,4
Prague_1,2017-06-17,0,,2017,6,17,5
Prague_1,2017-06-18,0,,2017,6,18,6
Prague_1,2017-06-19,0,,2017,6,19,0
Prague_1,2017-06-20,0,,2017,6,20,1
Prague_1,2017-06-21,0,,2017,6,21,2
Prague_1,2017-06-22,0,,2017,6,22,3
Prague_1,2017-06-23,0,,2017,6,23,4
Prague_1,2017-06-24,0,,2017,6,24,5
Prague_1,2017-06-25,0,,2017,6,25,6
Prague_1,2017-06-26,0,,2017,6,26,0
Prague_1,2017-06-27,0,,2017,6,27,1
Prague_1,2017-06-28,0,,2017,6,28,2
Prague_1,2017-06-29,0,,2017,6,29,3
Prague_1,2017-06-30,0,,2017,6,30,4
Prague_1,2017-07-01,0,,2017,7,1,5
Prague_1,2017-07-02,0,,2017,7,2,6
Prague_1,2017-07-03,0,,2017,7,3,0
Prague_1,2017-07-04,0,,2017,7,4,1
Prague_1,2017-07-05,1,Cyrila a Metodej,2017,7,5,2
Prague_1,2017-07-06,1,Jan Hus,2017,7,6,3
Prague_1,2017-07-07,0,,2017,7,7,4
Prague_1,2017-07-08,0,,2017,7,8,5
Prague_1,2017-07-09,0,,2017,7,9,6
Prague_1,2017-07-10,0,,2017,7,10,0
Prague_1,2017-07-11,0,,2017,7,11,1
Prague_1,2017-07-12,0,,2017,7,12,2
Prague_1,2017-07-13,0,,2017,7,13,3
Prague_1,2017-07-14,0,,2017,7,14,4
Prague_1,2017-07-15,0,,2017,7,15,5
Prague_1,2017-07-16,0,,2017,7,16,6
Prague_1,2017-07-17,0,,2017,7,17,0
Prague_1,2017-07-18,0,,2017,7,18,1
Prague_1,2017-07-19,0,,2017,7,19,2
Prague_1,2017-07-20,0,,2017,7,20,3
Prague_1,2017-07-21,0,,2017,7,21,4
Prague_1,2017-07-22,0,,2017,7,22,5
Prague_1,2017-07-23,0,,2017,7,23,6
Prague_1,2017-07-24,0,,2017,7,24,0
Prague_1,2017-07-25,0,,2017,7,25,1
Prague_1,2017-07-26,0,,2017,7,26,2
Prague_1,2017-07-27,0,,2017,7,27,3
Prague_1,2017-07-28,0,,2017,7,28,4
Prague_1,2017-07-29,0,,2017,7,29,5
Prague_1,2017-07-30,0,,2017,7,30,6
Prague_1,2017-07-31,0,,2017,7,31,0
Prague_1,2017-08-01,0,,2017,8,1,1
Prague_1,2017-08-02,0,,2017,8,2,2
Prague_1,2017-08-03,0,,2017,8,3,3
Prague_1,2017-08-04,0,,2017,8,4,4
Prague_1,2017-08-05,0,,2017,8,5,5
Prague_1,2017-08-06,0,,2017,8,6,6
Prague_1,2017-08-07,0,,2017,8,7,0
Prague_1,2017-08-08,0,,2017,8,8,1
Prague_1,2017-08-09,0,,2017,8,9,2
Prague_1,2017-08-10,0,,2017,8,10,3
Prague_1,2017-08-11,0,,2017,8,11,4
Prague_1,2017-08-12,0,,2017,8,12,5
Prague_1,2017-08-13,0,,2017,8,13,6
Prague_1,2017-08-14,0,,2017,8,14,0
Prague_1,2017-08-15,0,,2017,8,15,1
Prague_1,2017-08-16,0,,2017,8,16,2
Prague_1,2017-08-17,0,,2017,8,17,3
Prague_1,2017-08-18,0,,2017,8,18,4
Prague_1,2017-08-19,0,,2017,8,19,5
Prague_1,2017-08-20,0,,2017,8,20,6
Prague_1,2017-08-21,0,,2017,8,21,0
Prague_1,2017-08-22,0,,2017,8,22,1
Prague_1,2017-08-23,0,,2017,8,23,2
Prague_1,2017-08-24,0,,2017,8,24,3
Prague_1,2017-08-25,0,,2017,8,25,4
Prague_1,2017-08-26,0,,2017,8,26,5
Prague_1,2017-08-27,0,,2017,8,27,6
Prague_1,2017-08-28,0,,2017,8,28,0
Prague_1,2017-08-29,0,,2017,8,29,1
Prague_1,2017-08-30,0,,2017,8,30,2
Prague_1,2017-08-31,0,,2017,8,31,3
Prague_1,2017-09-01,0,,2017,9,1,4
Prague_1,2017-09-02,0,,2017,9,2,5
Prague_1,2017-09-03,0,,2017,9,3,6
Prague_1,2017-09-04,0,,2017,9,4,0
Prague_1,2017-09-05,0,,2017,9,5,1
Prague_1,2017-09-06,0,,2017,9,6,2
Prague_1,2017-09-07,0,,2017,9,7,3
Prague_1,2017-09-08,0,,2017,9,8,4
Prague_1,2017-09-09,0,,2017,9,9,5
Prague_1,2017-09-10,0,,2017,9,10,6
Prague_1,2017-09-11,0,,2017,9,11,0
Prague_1,2017-09-12,0,,2017,9,12,1
Prague_1,2017-09-13,0,,2017,9,13,2
Prague_1,2017-09-14,0,,2017,9,14,3
Prague_1,2017-09-15,0,,2017,9,15,4
Prague_1,2017-09-16,0,,2017,9,16,5
Prague_1,2017-09-17,0,,2017,9,17,6
Prague_1,2017-09-18,0,,2017,9,18,0
Prague_1,2017-09-19,0,,2017,9,19,1
Prague_1,2017-09-20,0,,2017,9,20,2
Prague_1,2017-09-21,0,,2017,9,21,3
Prague_1,2017-09-22,0,,2017,9,22,4
Prague_1,2017-09-23,0,,2017,9,23,5
Prague_1,2017-09-24,0,,2017,9,24,6
Prague_1,2017-09-25,0,,2017,9,25,0
Prague_1,2017-09-26,0,,2017,9,26,1
Prague_1,2017-09-27,0,,2017,9,27,2
Prague_1,2017-09-28,1,Den ceske statnosti,2017,9,28,3
Prague_1,2017-09-29,0,,2017,9,29,4
Prague_1,2017-09-30,0,,2017,9,30,5
Prague_1,2017-10-01,0,,2017,10,1,6
Prague_1,2017-10-02,0,,2017,10,2,0
Prague_1,2017-10-03,0,,2017,10,3,1
Prague_1,2017-10-04,0,,2017,10,4,2
Prague_1,2017-10-05,0,,2017,10,5,3
Prague_1,2017-10-06,0,,2017,10,6,4
Prague_1,2017-10-07,0,,2017,10,7,5
Prague_1,2017-10-08,0,,2017,10,8,6
Prague_1,2017-10-09,0,,2017,10,9,0
Prague_1,2017-10-10,0,,2017,10,10,1
Prague_1,2017-10-11,0,,2017,10,11,2
Prague_1,2017-10-12,0,,2017,10,12,3
Prague_1,2017-10-13,0,,2017,10,13,4
Prague_1,2017-10-14,0,,2017,10,14,5
Prague_1,2017-10-15,0,,2017,10,15,6
Prague_1,2017-10-16,0,,2017,10,16,0
Prague_1,2017-10-17,0,,2017,10,17,1
Prague_1,2017-10-18,0,,2017,10,18,2
Prague_1,2017-10-19,0,,2017,10,19,3
Prague_1,2017-10-20,0,,2017,10,20,4
Prague_1,2017-10-21,0,,2017,10,21,5
Prague_1,2017-10-22,0,,2017,10,22,6
Prague_1,2017-10-23,0,,2017,10,23,0
Prague_1,2017-10-24,0,,2017,10,24,1
Prague_1,2017-10-25,0,,2017,10,25,2
Prague_1,2017-10-26,0,,2017,10,26,3
Prague_1,2017-10-27,0,,2017,10,27,4
Prague_1,2017-10-28,1,Den vzniku samostatneho ceskoslovenskeho statu,2017,10,28,5
Prague_1,2017-10-29,0,,2017,10,29,6
Prague_1,2017-10-30,0,,2017,10,30,0
Prague_1,2017-10-31,0,,2017,10,31,1
Prague_1,2017-11-01,0,,2017,11,1,2
Prague_1,2017-11-02,0,,2017,11,2,3
Prague_1,2017-11-03,0,,2017,11,3,4
Prague_1,2017-11-04,0,,2017,11,4,5
Prague_1,2017-11-05,0,,2017,11,5,6
Prague_1,2017-11-06,0,,2017,11,6,0
Prague_1,2017-11-07,0,,2017,11,7,1
Prague_1,2017-11-08,0,,2017,11,8,2
Prague_1,2017-11-09,0,,2017,11,9,3
Prague_1,2017-11-10,0,,2017,11,10,4
Prague_1,2017-11-11,0,,2017,11,11,5
Prague_1,2017-11-12,0,,2017,11,12,6
Prague_1,2017-11-13,0,,2017,11,13,0
Prague_1,2017-11-14,0,,2017,11,14,1
Prague_1,2017-11-15,0,,2017,11,15,2
Prague_1,2017-11-16,0,,2017,11,16,3
Prague_1,2017-11-17,1,Den boje za svobodu a demokracii,2017,11,17,4
Prague_1,2017-11-18,0,,2017,11,18,5
Prague_1,2017-11-19,0,,2017,11,19,6
Prague_1,2017-11-20,0,,2017,11,20,0
Prague_1,2017-11-21,0,,2017,11,21,1
Prague_1,2017-11-22,0,,2017,11,22,2
Prague_1,2017-11-23,0,,2017,11,23,3
Prague_1,2017-11-24,0,,2017,11,24,4
Prague_1,2017-11-25,0,,2017,11,25,5
Prague_1,2017-11-26,0,,2017,11,26,6
Prague_1,2017-11-27,0,,2017,11,27,0
Prague_1,2017-11-28,0,,2017,11,28,1
Prague_1,2017-11-29,0,,2017,11,29,2
Prague_1,2017-11-30,0,,2017,11,30,3
Prague_1,2017-12-01,0,,2017,12,1,4
Prague_1,2017-12-02,0,,2017,12,2,5
Prague_1,2017-12-03,0,,2017,12,3,6
Prague_1,2017-12-04,0,,2017,12,4,0
Prague_1,2017-12-05,0,,2017,12,5,1
Prague_1,2017-12-06,0,,2017,12,6,2
Prague_1,2017-12-07,0,,2017,12,7,3
Prague_1,2017-12-08,0,,2017,12,8,4
Prague_1,2017-12-09,0,,2017,12,9,5
Prague_1,2017-12-10,0,,2017,12,10,6
Prague_1,2017-12-11,0,,2017,12,11,0
Prague_1,2017-12-12,0,,2017,12,12,1
Prague_1,2017-12-13,0,,2017,12,13,2
Prague_1,2017-12-14,0,,2017,12,14,3
Prague_1,2017-12-15,0,,2017,12,15,4
Prague_1,2017-12-16,0,,2017,12,16,5
Prague_1,2017-12-17,0,,2017,12,17,6
Prague_1,2017-12-18,0,,2017,12,18,0
Prague_1,2017-12-19,0,,2017,12,19,1
Prague_1,2017-12-20,0,,2017,12,20,2
Prague_1,2017-12-21,0,,2017,12,21,3
Prague_1,2017-12-22,0,,2017,12,22,4
Prague_1,2017-12-23,0,,2017,12,23,5
Prague_1,2017-12-24,1,Christmas Eve,2017,12,24,6
Prague_1,2017-12-25,1,1st Christmas Day,2017,12,25,0
Prague_1,2017-12-26,1,2nd Christmas Day,2017,12,26,1
Prague_1,2017-12-27,0,,2017,12,27,2
Prague_1,2017-12-28,0,,2017,12,28,3
Prague_1,2017-12-29,0,,2017,12,29,4
Prague_1,2017-12-30,0,,2017,12,30,5
Prague_1,2017-12-31,0,,2017,12,31,6
Prague_1,2018-01-01,1,New Years Day,2018,1,1,0
Prague_1,2018-01-02,0,,2018,1,2,1
Prague_1,2018-01-03,0,,2018,1,3,2
Prague_1,2018-01-04,0,,2018,1,4,3
Prague_1,2018-01-05,0,,2018,1,5,4
Prague_1,2018-01-06,0,,2018,1,6,5
Prague_1,2018-01-07,0,,2018,1,7,6
Prague_1,2018-01-08,0,,2018,1,8,0
Prague_1,2018-01-09,0,,2018,1,9,1
Prague_1,2018-01-10,0,,2018,1,10,2
Prague_1,2018-01-11,0,,2018,1,11,3
Prague_1,2018-01-12,0,,2018,1,12,4
Prague_1,2018-01-13,0,,2018,1,13,5
Prague_1,2018-01-14,0,,2018,1,14,6
Prague_1,2018-01-15,0,,2018,1,15,0
Prague_1,2018-01-16,0,,2018,1,16,1
Prague_1,2018-01-17,0,,2018,1,17,2
Prague_1,2018-01-18,0,,2018,1,18,3
Prague_1,2018-01-19,0,,2018,1,19,4
Prague_1,2018-01-20,0,,2018,1,20,5
Prague_1,2018-01-21,0,,2018,1,21,6
Prague_1,2018-01-22,0,,2018,1,22,0
Prague_1,2018-01-23,0,,2018,1,23,1
Prague_1,2018-01-24,0,,2018,1,24,2
Prague_1,2018-01-25,0,,2018,1,25,3
Prague_1,2018-01-26,0,,2018,1,26,4
Prague_1,2018-01-27,0,,2018,1,27,5
Prague_1,2018-01-28,0,,2018,1,28,6
Prague_1,2018-01-29,0,,2018,1,29,0
Prague_1,2018-01-30,0,,2018,1,30,1
Prague_1,2018-01-31,0,,2018,1,31,2
Prague_1,2018-02-01,0,,2018,2,1,3
Prague_1,2018-02-02,0,,2018,2,2,4
Prague_1,2018-02-03,0,,2018,2,3,5
Prague_1,2018-02-04,0,,2018,2,4,6
Prague_1,2018-02-05,0,,2018,2,5,0
Prague_1,2018-02-06,0,,2018,2,6,1
Prague_1,2018-02-07,0,,2018,2,7,2
Prague_1,2018-02-08,0,,2018,2,8,3
Prague_1,2018-02-09,0,,2018,2,9,4
Prague_1,2018-02-10,0,,2018,2,10,5
Prague_1,2018-02-11,0,,2018,2,11,6
Prague_1,2018-02-12,0,,2018,2,12,0
Prague_1,2018-02-13,0,,2018,2,13,1
Prague_1,2018-02-14,0,,2018,2,14,2
Prague_1,2018-02-15,0,,2018,2,15,3
Prague_1,2018-02-16,0,,2018,2,16,4
Prague_1,2018-02-17,0,,2018,2,17,5
Prague_1,2018-02-18,0,,2018,2,18,6
Prague_1,2018-02-19,0,,2018,2,19,0
Prague_1,2018-02-20,0,,2018,2,20,1
Prague_1,2018-02-21,0,,2018,2,21,2
Prague_1,2018-02-22,0,,2018,2,22,3
Prague_1,2018-02-23,0,,2018,2,23,4
Prague_1,2018-02-24,0,,2018,2,24,5
Prague_1,2018-02-25,0,,2018,2,25,6
Prague_1,2018-02-26,0,,2018,2,26,0
Prague_1,2018-02-27,0,,2018,2,27,1
Prague_1,2018-02-28,0,,2018,2,28,2
Prague_1,2018-03-01,0,,2018,3,1,3
Prague_1,2018-03-02,0,,2018,3,2,4
Prague_1,2018-03-03,0,,2018,3,3,5
Prague_1,2018-03-04,0,,2018,3,4,6
Prague_1,2018-03-05,0,,2018,3,5,0
Prague_1,2018-03-06,0,,2018,3,6,1
Prague_1,2018-03-07,0,,2018,3,7,2
Prague_1,2018-03-08,1,International womens day,2018,3,8,3
Prague_1,2018-03-09,0,,2018,3,9,4
Prague_1,2018-03-10,0,,2018,3,10,5
Prague_1,2018-03-11,0,,2018,3,11,6
Prague_1,2018-03-12,0,,2018,3,12,0
Prague_1,2018-03-13,0,,2018,3,13,1
Prague_1,2018-03-14,0,,2018,3,14,2
Prague_1,2018-03-15,0,,2018,3,15,3
Prague_1,2018-03-16,0,,2018,3,16,4
Prague_1,2018-03-17,0,,2018,3,17,5
Prague_1,2018-03-18,0,,2018,3,18,6
Prague_1,2018-03-19,0,,2018,3,19,0
Prague_1,2018-03-20,0,,2018,3,20,1
Prague_1,2018-03-21,0,,2018,3,21,2
Prague_1,2018-03-22,0,,2018,3,22,3
Prague_1,2018-03-23,0,,2018,3,23,4
Prague_1,2018-03-24,0,,2018,3,24,5
Prague_1,2018-03-25,0,,2018,3,25,6
Prague_1,2018-03-26,0,,2018,3,26,0
Prague_1,2018-03-27,0,,2018,3,27,1
Prague_1,2018-03-28,0,,2018,3,28,2
Prague_1,2018-03-29,0,,2018,3,29,3
Prague_1,2018-03-30,1,Good Friday,2018,3,30,4
Prague_1,2018-03-31,1,,2018,3,31,5
Prague_1,2018-04-01,1,Easter Day,2018,4,1,6
Prague_1,2018-04-02,1,Easter Monday,2018,4,2,0
Prague_1,2018-04-03,0,,2018,4,3,1
Prague_1,2018-04-04,0,,2018,4,4,2
Prague_1,2018-04-05,0,,2018,4,5,3
Prague_1,2018-04-06,0,,2018,4,6,4
Prague_1,2018-04-07,0,,2018,4,7,5
Prague_1,2018-04-08,0,,2018,4,8,6
Prague_1,2018-04-09,0,,2018,4,9,0
Prague_1,2018-04-10,0,,2018,4,10,1
Prague_1,2018-04-11,0,,2018,4,11,2
Prague_1,2018-04-12,0,,2018,4,12,3
Prague_1,2018-04-13,0,,2018,4,13,4
Prague_1,2018-04-14,1,Good Friday,2018,4,14,5
Prague_1,2018-04-15,0,,2018,4,15,6
Prague_1,2018-04-16,1,Easter Day,2018,4,16,0
Prague_1,2018-04-17,1,Easter Monday,2018,4,17,1
Prague_1,2018-04-18,0,,2018,4,18,2
Prague_1,2018-04-19,0,,2018,4,19,3
Prague_1,2018-04-20,0,,2018,4,20,4
Prague_1,2018-04-21,0,,2018,4,21,5
Prague_1,2018-04-22,0,,2018,4,22,6
Prague_1,2018-04-23,0,,2018,4,23,0
Prague_1,2018-04-24,0,,2018,4,24,1
Prague_1,2018-04-25,0,,2018,4,25,2
Prague_1,2018-04-26,0,,2018,4,26,3
Prague_1,2018-04-27,0,,2018,4,27,4
Prague_1,2018-04-28,0,,2018,4,28,5
Prague_1,2018-04-29,0,,2018,4,29,6
Prague_1,2018-04-30,0,,2018,4,30,0
Prague_1,2018-05-01,1,Labour Day,2018,5,1,1
Prague_1,2018-05-02,0,,2018,5,2,2
Prague_1,2018-05-03,0,,2018,5,3,3
Prague_1,2018-05-04,0,,2018,5,4,4
Prague_1,2018-05-05,0,,2018,5,5,5
Prague_1,2018-05-06,0,,2018,5,6,6
Prague_1,2018-05-07,0,,2018,5,7,0
Prague_1,2018-05-08,1,Den osvobozeni,2018,5,8,1
Prague_1,2018-05-09,0,,2018,5,9,2
Prague_1,2018-05-10,0,,2018,5,10,3
Prague_1,2018-05-11,0,,2018,5,11,4
Prague_1,2018-05-12,0,,2018,5,12,5
Prague_1,2018-05-13,1,Mother's Day,2018,5,13,6
Prague_1,2018-05-14,1,Mother's Day,2018,5,14,0
Prague_1,2018-05-15,0,,2018,5,15,1
Prague_1,2018-05-16,0,,2018,5,16,2
Prague_1,2018-05-17,0,,2018,5,17,3
Prague_1,2018-05-18,0,,2018,5,18,4
Prague_1,2018-05-19,0,,2018,5,19,5
Prague_1,2018-05-20,0,,2018,5,20,6
Prague_1,2018-05-21,0,,2018,5,21,0
Prague_1,2018-05-22,0,,2018,5,22,1
Prague_1,2018-05-23,0,,2018,5,23,2
Prague_1,2018-05-24,0,,2018,5,24,3
Prague_1,2018-05-25,0,,2018,5,25,4
Prague_1,2018-05-26,0,,2018,5,26,5
Prague_1,2018-05-27,0,,2018,5,27,6
Prague_1,2018-05-28,0,,2018,5,28,0
Prague_1,2018-05-29,0,,2018,5,29,1
Prague_1,2018-05-30,0,,2018,5,30,2
Prague_1,2018-05-31,0,,2018,5,31,3
Prague_1,2018-06-01,0,,2018,6,1,4
Prague_1,2018-06-02,0,,2018,6,2,5
Prague_1,2018-06-03,0,,2018,6,3,6
Prague_1,2018-06-04,0,,2018,6,4,0
Prague_1,2018-06-05,0,,2018,6,5,1
Prague_1,2018-06-06,0,,2018,6,6,2
Prague_1,2018-06-07,0,,2018,6,7,3
Prague_1,2018-06-08,0,,2018,6,8,4
Prague_1,2018-06-09,0,,2018,6,9,5
Prague_1,2018-06-10,0,,2018,6,10,6
Prague_1,2018-06-11,0,,2018,6,11,0
Prague_1,2018-06-12,0,,2018,6,12,1
Prague_1,2018-06-13,0,,2018,6,13,2
Prague_1,2018-06-14,0,,2018,6,14,3
Prague_1,2018-06-15,0,,2018,6,15,4
Prague_1,2018-06-16,0,,2018,6,16,5
Prague_1,2018-06-17,0,,2018,6,17,6
Prague_1,2018-06-18,0,,2018,6,18,0
Prague_1,2018-06-19,0,,2018,6,19,1
Prague_1,2018-06-20,0,,2018,6,20,2
Prague_1,2018-06-21,0,,2018,6,21,3
Prague_1,2018-06-22,0,,2018,6,22,4
Prague_1,2018-06-23,0,,2018,6,23,5
Prague_1,2018-06-24,0,,2018,6,24,6
Prague_1,2018-06-25,0,,2018,6,25,0
Prague_1,2018-06-26,0,,2018,6,26,1
Prague_1,2018-06-27,0,,2018,6,27,2
Prague_1,2018-06-28,0,,2018,6,28,3
Prague_1,2018-06-29,0,,2018,6,29,4
Prague_1,2018-06-30,0,,2018,6,30,5
Prague_1,2018-07-01,0,,2018,7,1,6
Prague_1,2018-07-02,0,,2018,7,2,0
Prague_1,2018-07-03,0,,2018,7,3,1
Prague_1,2018-07-04,0,,2018,7,4,2
Prague_1,2018-07-05,1,Cyrila a Metodej,2018,7,5,3
Prague_1,2018-07-06,1,Jan Hus,2018,7,6,4
Prague_1,2018-07-07,0,,2018,7,7,5
Prague_1,2018-07-08,0,,2018,7,8,6
Prague_1,2018-07-09,0,,2018,7,9,0
Prague_1,2018-07-10,0,,2018,7,10,1
Prague_1,2018-07-11,0,,2018,7,11,2
Prague_1,2018-07-12,0,,2018,7,12,3
Prague_1,2018-07-13,0,,2018,7,13,4
Prague_1,2018-07-14,0,,2018,7,14,5
Prague_1,2018-07-15,0,,2018,7,15,6
Prague_1,2018-07-16,0,,2018,7,16,0
Prague_1,2018-07-17,0,,2018,7,17,1
Prague_1,2018-07-18,0,,2018,7,18,2
Prague_1,2018-07-19,0,,2018,7,19,3
Prague_1,2018-07-20,0,,2018,7,20,4
Prague_1,2018-07-21,0,,2018,7,21,5
Prague_1,2018-07-22,0,,2018,7,22,6
Prague_1,2018-07-23,0,,2018,7,23,0
Prague_1,2018-07-24,0,,2018,7,24,1
Prague_1,2018-07-25,0,,2018,7,25,2
Prague_1,2018-07-26,0,,2018,7,26,3
Prague_1,2018-07-27,0,,2018,7,27,4
Prague_1,2018-07-28,0,,2018,7,28,5
Prague_1,2018-07-29,0,,2018,7,29,6
Prague_1,2018-07-30,0,,2018,7,30,0
Prague_1,2018-07-31,0,,2018,7,31,1
Prague_1,2018-08-01,0,,2018,8,1,2
Prague_1,2018-08-02,0,,2018,8,2,3
Prague_1,2018-08-03,0,,2018,8,3,4
Prague_1,2018-08-04,0,,2018,8,4,5
Prague_1,2018-08-05,0,,2018,8,5,6
Prague_1,2018-08-06,0,,2018,8,6,0
Prague_1,2018-08-07,0,,2018,8,7,1
Prague_1,2018-08-08,0,,2018,8,8,2
Prague_1,2018-08-09,0,,2018,8,9,3
Prague_1,2018-08-10,0,,2018,8,10,4
Prague_1,2018-08-11,0,,2018,8,11,5
Prague_1,2018-08-12,0,,2018,8,12,6
Prague_1,2018-08-13,0,,2018,8,13,0
Prague_1,2018-08-14,0,,2018,8,14,1
Prague_1,2018-08-15,0,,2018,8,15,2
Prague_1,2018-08-16,0,,2018,8,16,3
Prague_1,2018-08-17,0,,2018,8,17,4
Prague_1,2018-08-18,0,,2018,8,18,5
Prague_1,2018-08-19,0,,2018,8,19,6
Prague_1,2018-08-20,0,,2018,8,20,0
Prague_1,2018-08-21,0,,2018,8,21,1
Prague_1,2018-08-22,0,,2018,8,22,2
Prague_1,2018-08-23,0,,2018,8,23,3
Prague_1,2018-08-24,0,,2018,8,24,4
Prague_1,2018-08-25,0,,2018,8,25,5
Prague_1,2018-08-26,0,,2018,8,26,6
Prague_1,2018-08-27,0,,2018,8,27,0
Prague_1,2018-08-28,0,,2018,8,28,1
Prague_1,2018-08-29,0,,2018,8,29,2
Prague_1,2018-08-30,0,,2018,8,30,3
Prague_1,2018-08-31,0,,2018,8,31,4
Prague_1,2018-09-01,0,,2018,9,1,5
Prague_1,2018-09-02,0,,2018,9,2,6
Prague_1,2018-09-03,0,,2018,9,3,0
Prague_1,2018-09-04,0,,2018,9,4,1
Prague_1,2018-09-05,0,,2018,9,5,2
Prague_1,2018-09-06,0,,2018,9,6,3
Prague_1,2018-09-07,0,,2018,9,7,4
Prague_1,2018-09-08,0,,2018,9,8,5
Prague_1,2018-09-09,0,,2018,9,9,6
Prague_1,2018-09-10,0,,2018,9,10,0
Prague_1,2018-09-11,0,,2018,9,11,1
Prague_1,2018-09-12,0,,2018,9,12,2
Prague_1,2018-09-13,0,,2018,9,13,3
Prague_1,2018-09-14,0,,2018,9,14,4
Prague_1,2018-09-15,0,,2018,9,15,5
Prague_1,2018-09-16,0,,2018,9,16,6
Prague_1,2018-09-17,0,,2018,9,17,0
Prague_1,2018-09-18,0,,2018,9,18,1
Prague_1,2018-09-19,0,,2018,9,19,2
Prague_1,2018-09-20,0,,2018,9,20,3
Prague_1,2018-09-21,0,,2018,9,21,4
Prague_1,2018-09-22,0,,2018,9,22,5
Prague_1,2018-09-23,0,,2018,9,23,6
Prague_1,2018-09-24,0,,2018,9,24,0
Prague_1,2018-09-25,0,,2018,9,25,1
Prague_1,2018-09-26,0,,2018,9,26,2
Prague_1,2018-09-27,0,,2018,9,27,3
Prague_1,2018-09-28,1,Den ceske statnosti,2018,9,28,4
Prague_1,2018-09-29,0,,2018,9,29,5
Prague_1,2018-09-30,0,,2018,9,30,6
Prague_1,2018-10-01,0,,2018,10,1,0
Prague_1,2018-10-02,0,,2018,10,2,1
Prague_1,2018-10-03,0,,2018,10,3,2
Prague_1,2018-10-04,0,,2018,10,4,3
Prague_1,2018-10-05,0,,2018,10,5,4
Prague_1,2018-10-06,0,,2018,10,6,5
Prague_1,2018-10-07,0,,2018,10,7,6
Prague_1,2018-10-08,0,,2018,10,8,0
Prague_1,2018-10-09,0,,2018,10,9,1
Prague_1,2018-10-10,0,,2018,10,10,2
Prague_1,2018-10-11,0,,2018,10,11,3
Prague_1,2018-10-12,0,,2018,10,12,4
Prague_1,2018-10-13,0,,2018,10,13,5
Prague_1,2018-10-14,0,,2018,10,14,6
Prague_1,2018-10-15,0,,2018,10,15,0
Prague_1,2018-10-16,0,,2018,10,16,1
Prague_1,2018-10-17,0,,2018,10,17,2
Prague_1,2018-10-18,0,,2018,10,18,3
Prague_1,2018-10-19,0,,2018,10,19,4
Prague_1,2018-10-20,0,,2018,10,20,5
Prague_1,2018-10-21,0,,2018,10,21,6
Prague_1,2018-10-22,0,,2018,10,22,0
Prague_1,2018-10-23,0,,2018,10,23,1
Prague_1,2018-10-24,0,,2018,10,24,2
Prague_1,2018-10-25,0,,2018,10,25,3
Prague_1,2018-10-26,0,,2018,10,26,4
Prague_1,2018-10-27,0,,2018,10,27,5
Prague_1,2018-10-28,1,Den vzniku samostatneho ceskoslovenskeho statu,2018,10,28,6
Prague_1,2018-10-29,0,,2018,10,29,0
Prague_1,2018-10-30,0,,2018,10,30,1
Prague_1,2018-10-31,0,,2018,10,31,2
Prague_1,2018-11-01,0,,2018,11,1,3
Prague_1,2018-11-02,0,,2018,11,2,4
Prague_1,2018-11-03,0,,2018,11,3,5
Prague_1,2018-11-04,0,,2018,11,4,6
Prague_1,2018-11-05,0,,2018,11,5,0
Prague_1,2018-11-06,0,,2018,11,6,1
Prague_1,2018-11-07,0,,2018,11,7,2
Prague_1,2018-11-08,0,,2018,11,8,3
Prague_1,2018-11-09,0,,2018,11,9,4
Prague_1,2018-11-10,0,,2018,11,10,5
Prague_1,2018-11-11,0,,2018,11,11,6
Prague_1,2018-11-12,0,,2018,11,12,0
Prague_1,2018-11-13,0,,2018,11,13,1
Prague_1,2018-11-14,0,,2018,11,14,2
Prague_1,2018-11-15,0,,2018,11,15,3
Prague_1,2018-11-16,0,,2018,11,16,4
Prague_1,2018-11-17,1,Den boje za svobodu a demokracii,2018,11,17,5
Prague_1,2018-11-18,0,,2018,11,18,6
Prague_1,2018-11-19,0,,2018,11,19,0
Prague_1,2018-11-20,0,,2018,11,20,1
Prague_1,2018-11-21,0,,2018,11,21,2
Prague_1,2018-11-22,0,,2018,11,22,3
Prague_1,2018-11-23,0,,2018,11,23,4
Prague_1,2018-11-24,0,,2018,11,24,5
Prague_1,2018-11-25,0,,2018,11,25,6
Prague_1,2018-11-26,0,,2018,11,26,0
Prague_1,2018-11-27,0,,2018,11,27,1
Prague_1,2018-11-28,0,,2018,11,28,2
Prague_1,2018-11-29,0,,2018,11,29,3
Prague_1,2018-11-30,0,,2018,11,30,4
Prague_1,2018-12-01,0,,2018,12,1,5
Prague_1,2018-12-02,0,,2018,12,2,6
Prague_1,2018-12-03,0,,2018,12,3,0
Prague_1,2018-12-04,0,,2018,12,4,1
Prague_1,2018-12-05,0,,2018,12,5,2
Prague_1,2018-12-06,0,,2018,12,6,3
Prague_1,2018-12-07,0,,2018,12,7,4
Prague_1,2018-12-08,0,,2018,12,8,5
Prague_1,2018-12-09,0,,2018,12,9,6
Prague_1,2018-12-10,0,,2018,12,10,0
Prague_1,2018-12-11,0,,2018,12,11,1
Prague_1,2018-12-12,0,,2018,12,12,2
Prague_1,2018-12-13,0,,2018,12,13,3
Prague_1,2018-12-14,0,,2018,12,14,4
Prague_1,2018-12-15,0,,2018,12,15,5
Prague_1,2018-12-16,0,,2018,12,16,6
Prague_1,2018-12-17,0,,2018,12,17,0
Prague_1,2018-12-18,0,,2018,12,18,1
Prague_1,2018-12-19,0,,2018,12,19,2
Prague_1,2018-12-20,0,,2018,12,20,3
Prague_1,2018-12-21,0,,2018,12,21,4
Prague_1,2018-12-22,0,,2018,12,22,5
Prague_1,2018-12-23,0,,2018,12,23,6
Prague_1,2018-12-24,1,Christmas Eve,2018,12,24,0
Prague_1,2018-12-25,1,1st Christmas Day,2018,12,25,1
Prague_1,2018-12-26,1,2nd Christmas Day,2018,12,26,2
Prague_1,2018-12-27,0,,2018,12,27,3
Prague_1,2018-12-28,0,,2018,12,28,4
Prague_1,2018-12-29,0,,2018,12,29,5
Prague_1,2018-12-30,0,,2018,12,30,6
Prague_1,2018-12-31,0,,2018,12,31,0
Prague_1,2019-01-01,1,New Years Day,2019,1,1,1
Prague_1,2019-01-02,0,,2019,1,2,2
Prague_1,2019-01-03,0,,2019,1,3,3
Prague_1,2019-01-04,0,,2019,1,4,4
Prague_1,2019-01-05,0,,2019,1,5,5
Prague_1,2019-01-06,0,,2019,1,6,6
Prague_1,2019-01-07,0,,2019,1,7,0
Prague_1,2019-01-08,0,,2019,1,8,1
Prague_1,2019-01-09,0,,2019,1,9,2
Prague_1,2019-01-10,0,,2019,1,10,3
Prague_1,2019-01-11,0,,2019,1,11,4
Prague_1,2019-01-12,0,,2019,1,12,5
Prague_1,2019-01-13,0,,2019,1,13,6
Prague_1,2019-01-14,0,,2019,1,14,0
Prague_1,2019-01-15,0,,2019,1,15,1
Prague_1,2019-01-16,0,,2019,1,16,2
Prague_1,2019-01-17,0,,2019,1,17,3
Prague_1,2019-01-18,0,,2019,1,18,4
Prague_1,2019-01-19,0,,2019,1,19,5
Prague_1,2019-01-20,0,,2019,1,20,6
Prague_1,2019-01-21,0,,2019,1,21,0
Prague_1,2019-01-22,0,,2019,1,22,1
Prague_1,2019-01-23,0,,2019,1,23,2
Prague_1,2019-01-24,0,,2019,1,24,3
Prague_1,2019-01-25,0,,2019,1,25,4
Prague_1,2019-01-26,0,,2019,1,26,5
Prague_1,2019-01-27,0,,2019,1,27,6
Prague_1,2019-01-28,0,,2019,1,28,0
Prague_1,2019-01-29,0,,2019,1,29,1
Prague_1,2019-01-30,0,,2019,1,30,2
Prague_1,2019-01-31,0,,2019,1,31,3
Prague_1,2019-02-01,0,,2019,2,1,4
Prague_1,2019-02-02,0,,2019,2,2,5
Prague_1,2019-02-03,0,,2019,2,3,6
Prague_1,2019-02-04,0,,2019,2,4,0
Prague_1,2019-02-05,0,,2019,2,5,1
Prague_1,2019-02-06,0,,2019,2,6,2
Prague_1,2019-02-07,0,,2019,2,7,3
Prague_1,2019-02-08,0,,2019,2,8,4
Prague_1,2019-02-09,0,,2019,2,9,5
Prague_1,2019-02-10,0,,2019,2,10,6
Prague_1,2019-02-11,0,,2019,2,11,0
Prague_1,2019-02-12,0,,2019,2,12,1
Prague_1,2019-02-13,0,,2019,2,13,2
Prague_1,2019-02-14,0,,2019,2,14,3
Prague_1,2019-02-15,0,,2019,2,15,4
Prague_1,2019-02-16,0,,2019,2,16,5
Prague_1,2019-02-17,0,,2019,2,17,6
Prague_1,2019-02-18,0,,2019,2,18,0
Prague_1,2019-02-19,0,,2019,2,19,1
Prague_1,2019-02-20,0,,2019,2,20,2
Prague_1,2019-02-21,0,,2019,2,21,3
Prague_1,2019-02-22,0,,2019,2,22,4
Prague_1,2019-02-23,0,,2019,2,23,5
Prague_1,2019-02-24,0,,2019,2,24,6
Prague_1,2019-02-25,0,,2019,2,25,0
Prague_1,2019-02-26,0,,2019,2,26,1
Prague_1,2019-02-27,0,,2019,2,27,2
Prague_1,2019-02-28,0,,2019,2,28,3
Prague_1,2019-03-01,0,,2019,3,1,4
Prague_1,2019-03-02,0,,2019,3,2,5
Prague_1,2019-03-03,0,,2019,3,3,6
Prague_1,2019-03-04,0,,2019,3,4,0
Prague_1,2019-03-05,0,,2019,3,5,1
Prague_1,2019-03-06,0,,2019,3,6,2
Prague_1,2019-03-07,0,,2019,3,7,3
Prague_1,2019-03-08,1,International womens day,2019,3,8,4
Prague_1,2019-03-09,0,,2019,3,9,5
Prague_1,2019-03-10,0,,2019,3,10,6
Prague_1,2019-03-11,0,,2019,3,11,0
Prague_1,2019-03-12,0,,2019,3,12,1
Prague_1,2019-03-13,0,,2019,3,13,2
Prague_1,2019-03-14,0,,2019,3,14,3
Prague_1,2019-03-15,0,,2019,3,15,4
Prague_1,2019-03-16,0,,2019,3,16,5
Prague_1,2019-03-17,0,,2019,3,17,6
Prague_1,2019-03-18,0,,2019,3,18,0
Prague_1,2019-03-19,0,,2019,3,19,1
Prague_1,2019-03-20,0,,2019,3,20,2
Prague_1,2019-03-21,0,,2019,3,21,3
Prague_1,2019-03-22,0,,2019,3,22,4
Prague_1,2019-03-23,0,,2019,3,23,5
Prague_1,2019-03-24,0,,2019,3,24,6
Prague_1,2019-03-25,0,,2019,3,25,0
Prague_1,2019-03-26,0,,2019,3,26,1
Prague_1,2019-03-27,0,,2019,3,27,2
Prague_1,2019-03-28,0,,2019,3,28,3
Prague_1,2019-03-29,0,,2019,3,29,4
Prague_1,2019-03-30,1,Good Friday,2019,3,30,5
Prague_1,2019-03-31,0,,2019,3,31,6
Prague_1,2019-04-01,1,Easter Day,2019,4,1,0
Prague_1,2019-04-02,1,Easter Monday,2019,4,2,1
Prague_1,2019-04-03,0,,2019,4,3,2
Prague_1,2019-04-04,0,,2019,4,4,3
Prague_1,2019-04-05,0,,2019,4,5,4
Prague_1,2019-04-06,0,,2019,4,6,5
Prague_1,2019-04-07,0,,2019,4,7,6
Prague_1,2019-04-08,0,,2019,4,8,0
Prague_1,2019-04-09,0,,2019,4,9,1
Prague_1,2019-04-10,0,,2019,4,10,2
Prague_1,2019-04-11,0,,2019,4,11,3
Prague_1,2019-04-12,0,,2019,4,12,4
Prague_1,2019-04-13,0,,2019,4,13,5
Prague_1,2019-04-14,0,,2019,4,14,6
Prague_1,2019-04-15,0,,2019,4,15,0
Prague_1,2019-04-16,0,,2019,4,16,1
Prague_1,2019-04-17,0,,2019,4,17,2
Prague_1,2019-04-18,0,,2019,4,18,3
Prague_1,2019-04-19,1,Good Friday,2019,4,19,4
Prague_1,2019-04-20,1,Good Friday,2019,4,20,5
Prague_1,2019-04-21,1,Easter Day,2019,4,21,6
Prague_1,2019-04-22,1,Easter Monday,2019,4,22,0
Prague_1,2019-04-23,0,,2019,4,23,1
Prague_1,2019-04-24,0,,2019,4,24,2
Prague_1,2019-04-25,0,,2019,4,25,3
Prague_1,2019-04-26,0,,2019,4,26,4
Prague_1,2019-04-27,0,,2019,4,27,5
Prague_1,2019-04-28,0,,2019,4,28,6
Prague_1,2019-04-29,0,,2019,4,29,0
Prague_1,2019-04-30,0,,2019,4,30,1
Prague_1,2019-05-01,1,Labour Day,2019,5,1,2
Prague_1,2019-05-02,0,,2019,5,2,3
Prague_1,2019-05-03,0,,2019,5,3,4
Prague_1,2019-05-04,0,,2019,5,4,5
Prague_1,2019-05-05,0,,2019,5,5,6
Prague_1,2019-05-06,0,,2019,5,6,0
Prague_1,2019-05-07,0,,2019,5,7,1
Prague_1,2019-05-08,1,Den osvobozeni,2019,5,8,2
Prague_1,2019-05-09,0,,2019,5,9,3
Prague_1,2019-05-10,0,,2019,5,10,4
Prague_1,2019-05-11,0,,2019,5,11,5
Prague_1,2019-05-12,1,Mother's Day,2019,5,12,6
Prague_1,2019-05-13,1,Mother's Day,2019,5,13,0
Prague_1,2019-05-14,0,,2019,5,14,1
Prague_1,2019-05-15,0,,2019,5,15,2
Prague_1,2019-05-16,0,,2019,5,16,3
Prague_1,2019-05-17,0,,2019,5,17,4
Prague_1,2019-05-18,0,,2019,5,18,5
Prague_1,2019-05-19,0,,2019,5,19,6
Prague_1,2019-05-20,0,,2019,5,20,0
Prague_1,2019-05-21,0,,2019,5,21,1
Prague_1,2019-05-22,0,,2019,5,22,2
Prague_1,2019-05-23,0,,2019,5,23,3
Prague_1,2019-05-24,0,,2019,5,24,4
Prague_1,2019-05-25,0,,2019,5,25,5
Prague_1,2019-05-26,0,,2019,5,26,6
Prague_1,2019-05-27,0,,2019,5,27,0
Prague_1,2019-05-28,0,,2019,5,28,1
Prague_1,2019-05-29,0,,2019,5,29,2
Prague_1,2019-05-30,0,,2019,5,30,3
Prague_1,2019-05-31,0,,2019,5,31,4
Prague_1,2019-06-01,0,,2019,6,1,5
Prague_1,2019-06-02,0,,2019,6,2,6
Prague_1,2019-06-03,0,,2019,6,3,0
Prague_1,2019-06-04,0,,2019,6,4,1
Prague_1,2019-06-05,0,,2019,6,5,2
Prague_1,2019-06-06,0,,2019,6,6,3
Prague_1,2019-06-07,0,,2019,6,7,4
Prague_1,2019-06-08,0,,2019,6,8,5
Prague_1,2019-06-09,0,,2019,6,9,6
Prague_1,2019-06-10,0,,2019,6,10,0
Prague_1,2019-06-11,0,,2019,6,11,1
Prague_1,2019-06-12,0,,2019,6,12,2
Prague_1,2019-06-13,0,,2019,6,13,3
Prague_1,2019-06-14,0,,2019,6,14,4
Prague_1,2019-06-15,0,,2019,6,15,5
Prague_1,2019-06-16,0,,2019,6,16,6
Prague_1,2019-06-17,0,,2019,6,17,0
Prague_1,2019-06-18,0,,2019,6,18,1
Prague_1,2019-06-19,0,,2019,6,19,2
Prague_1,2019-06-20,0,,2019,6,20,3
Prague_1,2019-06-21,0,,2019,6,21,4
Prague_1,2019-06-22,0,,2019,6,22,5
Prague_1,2019-06-23,0,,2019,6,23,6
Prague_1,2019-06-24,0,,2019,6,24,0
Prague_1,2019-06-25,0,,2019,6,25,1
Prague_1,2019-06-26,0,,2019,6,26,2
Prague_1,2019-06-27,0,,2019,6,27,3
Prague_1,2019-06-28,0,,2019,6,28,4
Prague_1,2019-06-29,0,,2019,6,29,5
Prague_1,2019-06-30,0,,2019,6,30,6
Prague_1,2019-07-01,0,,2019,7,1,0
Prague_1,2019-07-02,0,,2019,7,2,1
Prague_1,2019-07-03,0,,2019,7,3,2
Prague_1,2019-07-04,0,,2019,7,4,3
Prague_1,2019-07-05,1,Cyrila a Metodej,2019,7,5,4
Prague_1,2019-07-06,1,Jan Hus,2019,7,6,5
Prague_1,2019-07-07,0,,2019,7,7,6
Prague_1,2019-07-08,0,,2019,7,8,0
Prague_1,2019-07-09,0,,2019,7,9,1
Prague_1,2019-07-10,0,,2019,7,10,2
Prague_1,2019-07-11,0,,2019,7,11,3
Prague_1,2019-07-12,0,,2019,7,12,4
Prague_1,2019-07-13,0,,2019,7,13,5
Prague_1,2019-07-14,0,,2019,7,14,6
Prague_1,2019-07-15,0,,2019,7,15,0
Prague_1,2019-07-16,0,,2019,7,16,1
Prague_1,2019-07-17,0,,2019,7,17,2
Prague_1,2019-07-18,0,,2019,7,18,3
Prague_1,2019-07-19,0,,2019,7,19,4
Prague_1,2019-07-20,0,,2019,7,20,5
Prague_1,2019-07-21,0,,2019,7,21,6
Prague_1,2019-07-22,0,,2019,7,22,0
Prague_1,2019-07-23,0,,2019,7,23,1
Prague_1,2019-07-24,0,,2019,7,24,2
Prague_1,2019-07-25,0,,2019,7,25,3
Prague_1,2019-07-26,0,,2019,7,26,4
Prague_1,2019-07-27,0,,2019,7,27,5
Prague_1,2019-07-28,0,,2019,7,28,6
Prague_1,2019-07-29,0,,2019,7,29,0
Prague_1,2019-07-30,0,,2019,7,30,1
Prague_1,2019-07-31,0,,2019,7,31,2
Prague_1,2019-08-01,0,,2019,8,1,3
Prague_1,2019-08-02,0,,2019,8,2,4
Prague_1,2019-08-03,0,,2019,8,3,5
Prague_1,2019-08-04,0,,2019,8,4,6
Prague_1,2019-08-05,0,,2019,8,5,0
Prague_1,2019-08-06,0,,2019,8,6,1
Prague_1,2019-08-07,0,,2019,8,7,2
Prague_1,2019-08-08,0,,2019,8,8,3
Prague_1,2019-08-09,0,,2019,8,9,4
Prague_1,2019-08-10,0,,2019,8,10,5
Prague_1,2019-08-11,0,,2019,8,11,6
Prague_1,2019-08-12,0,,2019,8,12,0
Prague_1,2019-08-13,0,,2019,8,13,1
Prague_1,2019-08-14,0,,2019,8,14,2
Prague_1,2019-08-15,0,,2019,8,15,3
Prague_1,2019-08-16,0,,2019,8,16,4
Prague_1,2019-08-17,0,,2019,8,17,5
Prague_1,2019-08-18,0,,2019,8,18,6
Prague_1,2019-08-19,0,,2019,8,19,0
Prague_1,2019-08-20,0,,2019,8,20,1
Prague_1,2019-08-21,0,,2019,8,21,2
Prague_1,2019-08-22,0,,2019,8,22,3
Prague_1,2019-08-23,0,,2019,8,23,4
Prague_1,2019-08-24,0,,2019,8,24,5
Prague_1,2019-08-25,0,,2019,8,25,6
Prague_1,2019-08-26,0,,2019,8,26,0
Prague_1,2019-08-27,0,,2019,8,27,1
Prague_1,2019-08-28,0,,2019,8,28,2
Prague_1,2019-08-29,0,,2019,8,29,3
Prague_1,2019-08-30,0,,2019,8,30,4
Prague_1,2019-08-31,0,,2019,8,31,5
Prague_1,2019-09-01,0,,2019,9,1,6
Prague_1,2019-09-02,0,,2019,9,2,0
Prague_1,2019-09-03,0,,2019,9,3,1
Prague_1,2019-09-04,0,,2019,9,4,2
Prague_1,2019-09-05,0,,2019,9,5,3
Prague_1,2019-09-06,0,,2019,9,6,4
Prague_1,2019-09-07,0,,2019,9,7,5
Prague_1,2019-09-08,0,,2019,9,8,6
Prague_1,2019-09-09,0,,2019,9,9,0
Prague_1,2019-09-10,0,,2019,9,10,1
Prague_1,2019-09-11,0,,2019,9,11,2
Prague_1,2019-09-12,0,,2019,9,12,3
Prague_1,2019-09-13,0,,2019,9,13,4
Prague_1,2019-09-14,0,,2019,9,14,5
Prague_1,2019-09-15,0,,2019,9,15,6
Prague_1,2019-09-16,0,,2019,9,16,0
Prague_1,2019-09-17,0,,2019,9,17,1
Prague_1,2019-09-18,0,,2019,9,18,2
Prague_1,2019-09-19,0,,2019,9,19,3
Prague_1,2019-09-20,0,,2019,9,20,4
Prague_1,2019-09-21,0,,2019,9,21,5
Prague_1,2019-09-22,0,,2019,9,22,6
Prague_1,2019-09-23,0,,2019,9,23,0
Prague_1,2019-09-24,0,,2019,9,24,1
Prague_1,2019-09-25,0,,2019,9,25,2
Prague_1,2019-09-26,0,,2019,9,26,3
Prague_1,2019-09-27,0,,2019,9,27,4
Prague_1,2019-09-28,1,Den ceske statnosti,2019,9,28,5
Prague_1,2019-09-29,0,,2019,9,29,6
Prague_1,2019-09-30,0,,2019,9,30,0
Prague_1,2019-10-01,0,,2019,10,1,1
Prague_1,2019-10-02,0,,2019,10,2,2
Prague_1,2019-10-03,0,,2019,10,3,3
Prague_1,2019-10-04,0,,2019,10,4,4
Prague_1,2019-10-05,0,,2019,10,5,5
Prague_1,2019-10-06,0,,2019,10,6,6
Prague_1,2019-10-07,0,,2019,10,7,0
Prague_1,2019-10-08,0,,2019,10,8,1
Prague_1,2019-10-09,0,,2019,10,9,2
Prague_1,2019-10-10,0,,2019,10,10,3
Prague_1,2019-10-11,0,,2019,10,11,4
Prague_1,2019-10-12,0,,2019,10,12,5
Prague_1,2019-10-13,0,,2019,10,13,6
Prague_1,2019-10-14,0,,2019,10,14,0
Prague_1,2019-10-15,0,,2019,10,15,1
Prague_1,2019-10-16,0,,2019,10,16,2
Prague_1,2019-10-17,0,,2019,10,17,3
Prague_1,2019-10-18,0,,2019,10,18,4
Prague_1,2019-10-19,0,,2019,10,19,5
Prague_1,2019-10-20,0,,2019,10,20,6
Prague_1,2019-10-21,0,,2019,10,21,0
Prague_1,2019-10-22,0,,2019,10,22,1
Prague_1,2019-10-23,0,,2019,10,23,2
Prague_1,2019-10-24,0,,2019,10,24,3
Prague_1,2019-10-25,0,,2019,10,25,4
Prague_1,2019-10-26,0,,2019,10,26,5
Prague_1,2019-10-27,0,,2019,10,27,6
Prague_1,2019-10-28,1,Den vzniku samostatneho ceskoslovenskeho statu,2019,10,28,0
Prague_1,2019-10-29,0,,2019,10,29,1
Prague_1,2019-10-30,0,,2019,10,30,2
Prague_1,2019-10-31,0,,2019,10,31,3
Prague_1,2019-11-01,0,,2019,11,1,4
Prague_1,2019-11-02,0,,2019,11,2,5
Prague_1,2019-11-03,0,,2019,11,3,6
Prague_1,2019-11-04,0,,2019,11,4,0
Prague_1,2019-11-05,0,,2019,11,5,1
Prague_1,2019-11-06,0,,2019,11,6,2
Prague_1,2019-11-07,0,,2019,11,7,3
Prague_1,2019-11-08,0,,2019,11,8,4
Prague_1,2019-11-09,0,,2019,11,9,5
Prague_1,2019-11-10,0,,2019,11,10,6
Prague_1,2019-11-11,0,,2019,11,11,0
Prague_1,2019-11-12,0,,2019,11,12,1
Prague_1,2019-11-13,0,,2019,11,13,2
Prague_1,2019-11-14,0,,2019,11,14,3
Prague_1,2019-11-15,0,,2019,11,15,4
Prague_1,2019-11-16,0,,2019,11,16,5
Prague_1,2019-11-17,1,Den boje za svobodu a demokracii,2019,11,17,6
Prague_1,2019-11-18,0,,2019,11,18,0
Prague_1,2019-11-19,0,,2019,11,19,1
Prague_1,2019-11-20,0,,2019,11,20,2
Prague_1,2019-11-21,0,,2019,11,21,3
Prague_1,2019-11-22,0,,2019,11,22,4
Prague_1,2019-11-23,0,,2019,11,23,5
Prague_1,2019-11-24,0,,2019,11,24,6
Prague_1,2019-11-25,0,,2019,11,25,0
Prague_1,2019-11-26,0,,2019,11,26,1
Prague_1,2019-11-27,0,,2019,11,27,2
Prague_1,2019-11-28,0,,2019,11,28,3
Prague_1,2019-11-29,0,,2019,11,29,4
Prague_1,2019-11-30,0,,2019,11,30,5
Prague_1,2019-12-01,0,,2019,12,1,6
Prague_1,2019-12-02,0,,2019,12,2,0
Prague_1,2019-12-03,0,,2019,12,3,1
Prague_1,2019-12-04,0,,2019,12,4,2
Prague_1,2019-12-05,0,,2019,12,5,3
Prague_1,2019-12-06,0,,2019,12,6,4
Prague_1,2019-12-07,0,,2019,12,7,5
Prague_1,2019-12-08,0,,2019,12,8,6
Prague_1,2019-12-09,0,,2019,12,9,0
Prague_1,2019-12-10,0,,2019,12,10,1
Prague_1,2019-12-11,0,,2019,12,11,2
Prague_1,2019-12-12,0,,2019,12,12,3
Prague_1,2019-12-13,0,,2019,12,13,4
Prague_1,2019-12-14,0,,2019,12,14,5
Prague_1,2019-12-15,0,,2019,12,15,6
Prague_1,2019-12-16,0,,2019,12,16,0
Prague_1,2019-12-17,0,,2019,12,17,1
Prague_1,2019-12-18,0,,2019,12,18,2
Prague_1,2019-12-19,0,,2019,12,19,3
Prague_1,2019-12-20,0,,2019,12,20,4
Prague_1,2019-12-21,0,,2019,12,21,5
Prague_1,2019-12-22,0,,2019,12,22,6
Prague_1,2019-12-23,0,,2019,12,23,0
Prague_1,2019-12-24,1,Christmas Eve,2019,12,24,1
Prague_1,2019-12-25,1,1st Christmas Day,2019,12,25,2
Prague_1,2019-12-26,1,2nd Christmas Day,2019,12,26,3
Prague_1,2019-12-27,0,,2019,12,27,4
Prague_1,2019-12-28,0,,2019,12,28,5
Prague_1,2019-12-29,0,,2019,12,29,6
Prague_1,2019-12-30,0,,2019,12,30,0
Prague_1,2019-12-31,0,,2019,12,31,1
Prague_1,2020-01-01,1,New Years Day,2020,1,1,2
Prague_1,2020-01-02,0,,2020,1,2,3
Prague_1,2020-01-03,0,,2020,1,3,4
Prague_1,2020-01-04,0,,2020,1,4,5
Prague_1,2020-01-05,0,,2020,1,5,6
Prague_1,2020-01-06,0,,2020,1,6,0
Prague_1,2020-01-07,0,,2020,1,7,1
Prague_1,2020-01-08,0,,2020,1,8,2
Prague_1,2020-01-09,0,,2020,1,9,3
Prague_1,2020-01-10,0,,2020,1,10,4
Prague_1,2020-01-11,0,,2020,1,11,5
Prague_1,2020-01-12,0,,2020,1,12,6
Prague_1,2020-01-13,0,,2020,1,13,0
Prague_1,2020-01-14,0,,2020,1,14,1
Prague_1,2020-01-15,0,,2020,1,15,2
Prague_1,2020-01-16,0,,2020,1,16,3
Prague_1,2020-01-17,0,,2020,1,17,4
Prague_1,2020-01-18,0,,2020,1,18,5
Prague_1,2020-01-19,0,,2020,1,19,6
Prague_1,2020-01-20,0,,2020,1,20,0
Prague_1,2020-01-21,0,,2020,1,21,1
Prague_1,2020-01-22,0,,2020,1,22,2
Prague_1,2020-01-23,0,,2020,1,23,3
Prague_1,2020-01-24,0,,2020,1,24,4
Prague_1,2020-01-25,0,,2020,1,25,5
Prague_1,2020-01-26,0,,2020,1,26,6
Prague_1,2020-01-27,0,,2020,1,27,0
Prague_1,2020-01-28,0,,2020,1,28,1
Prague_1,2020-01-29,0,,2020,1,29,2
Prague_1,2020-01-30,0,,2020,1,30,3
Prague_1,2020-01-31,0,,2020,1,31,4
Prague_1,2020-02-01,0,,2020,2,1,5
Prague_1,2020-02-02,0,,2020,2,2,6
Prague_1,2020-02-03,0,,2020,2,3,0
Prague_1,2020-02-04,0,,2020,2,4,1
Prague_1,2020-02-05,0,,2020,2,5,2
Prague_1,2020-02-06,0,,2020,2,6,3
Prague_1,2020-02-07,0,,2020,2,7,4
Prague_1,2020-02-08,0,,2020,2,8,5
Prague_1,2020-02-09,0,,2020,2,9,6
Prague_1,2020-02-10,0,,2020,2,10,0
Prague_1,2020-02-11,0,,2020,2,11,1
Prague_1,2020-02-12,0,,2020,2,12,2
Prague_1,2020-02-13,0,,2020,2,13,3
Prague_1,2020-02-14,0,,2020,2,14,4
Prague_1,2020-02-15,0,,2020,2,15,5
Prague_1,2020-02-16,0,,2020,2,16,6
Prague_1,2020-02-17,0,,2020,2,17,0
Prague_1,2020-02-18,0,,2020,2,18,1
Prague_1,2020-02-19,0,,2020,2,19,2
Prague_1,2020-02-20,0,,2020,2,20,3
Prague_1,2020-02-21,0,,2020,2,21,4
Prague_1,2020-02-22,0,,2020,2,22,5
Prague_1,2020-02-23,0,,2020,2,23,6
Prague_1,2020-02-24,0,,2020,2,24,0
Prague_1,2020-02-25,0,,2020,2,25,1
Prague_1,2020-02-26,0,,2020,2,26,2
Prague_1,2020-02-27,0,,2020,2,27,3
Prague_1,2020-02-28,0,,2020,2,28,4
Prague_1,2020-02-29,0,,2020,2,29,5
Prague_1,2020-03-01,0,,2020,3,1,6
Prague_1,2020-03-02,0,,2020,3,2,0
Prague_1,2020-03-03,0,,2020,3,3,1
Prague_1,2020-03-04,0,,2020,3,4,2
Prague_1,2020-03-05,0,,2020,3,5,3
Prague_1,2020-03-06,0,,2020,3,6,4
Prague_1,2020-03-07,0,,2020,3,7,5
Prague_1,2020-03-08,1,International womens day,2020,3,8,6
Prague_1,2020-03-09,0,,2020,3,9,0
Prague_1,2020-03-10,0,,2020,3,10,1
Prague_1,2020-03-11,0,,2020,3,11,2
Prague_1,2020-03-12,0,,2020,3,12,3
Prague_1,2020-03-13,0,,2020,3,13,4
Prague_1,2020-03-14,0,,2020,3,14,5
Prague_1,2020-03-15,0,,2020,3,15,6
Prague_1,2020-03-16,0,,2020,3,16,0
Prague_1,2020-03-17,0,,2020,3,17,1
Prague_1,2020-03-18,0,,2020,3,18,2
Prague_1,2020-03-19,0,,2020,3,19,3
Prague_1,2020-03-20,0,,2020,3,20,4
Prague_1,2020-03-21,0,,2020,3,21,5
Prague_1,2020-03-22,0,,2020,3,22,6
Prague_1,2020-03-23,0,,2020,3,23,0
Prague_1,2020-03-24,0,,2020,3,24,1
Prague_1,2020-03-25,0,,2020,3,25,2
Prague_1,2020-03-26,0,,2020,3,26,3
Prague_1,2020-03-27,0,,2020,3,27,4
Prague_1,2020-03-28,0,,2020,3,28,5
Prague_1,2020-03-29,0,,2020,3,29,6
Prague_1,2020-03-30,0,,2020,3,30,0
Prague_1,2020-03-31,0,,2020,3,31,1
Prague_1,2020-04-01,0,,2020,4,1,2
Prague_1,2020-04-02,0,,2020,4,2,3
Prague_1,2020-04-03,0,,2020,4,3,4
Prague_1,2020-04-04,0,,2020,4,4,5
Prague_1,2020-04-05,0,,2020,4,5,6
Prague_1,2020-04-06,0,,2020,4,6,0
Prague_1,2020-04-07,0,,2020,4,7,1
Prague_1,2020-04-08,0,,2020,4,8,2
Prague_1,2020-04-09,0,,2020,4,9,3
Prague_1,2020-04-10,1,Good Friday,2020,4,10,4
Prague_1,2020-04-11,1,Good Friday,2020,4,11,5
Prague_1,2020-04-12,1,Easter Day,2020,4,12,6
Prague_1,2020-04-13,1,Easter Monday,2020,4,13,0
Prague_1,2020-04-14,0,,2020,4,14,1
Prague_1,2020-04-15,0,,2020,4,15,2
Prague_1,2020-04-16,0,,2020,4,16,3
Prague_1,2020-04-17,0,,2020,4,17,4
Prague_1,2020-04-18,0,,2020,4,18,5
Prague_1,2020-04-19,1,Good Friday,2020,4,19,6
Prague_1,2020-04-20,1,Good Friday,2020,4,20,0
Prague_1,2020-04-21,1,Easter Day,2020,4,21,1
Prague_1,2020-04-22,1,Easter Monday,2020,4,22,2
Prague_1,2020-04-23,0,,2020,4,23,3
Prague_1,2020-04-24,0,,2020,4,24,4
Prague_1,2020-04-25,0,,2020,4,25,5
Prague_1,2020-04-26,0,,2020,4,26,6
Prague_1,2020-04-27,0,,2020,4,27,0
Prague_1,2020-04-28,0,,2020,4,28,1
Prague_1,2020-04-29,0,,2020,4,29,2
Prague_1,2020-04-30,0,,2020,4,30,3
Prague_1,2020-05-01,1,Labour Day,2020,5,1,4
Prague_1,2020-05-02,0,,2020,5,2,5
Prague_1,2020-05-03,0,,2020,5,3,6
Prague_1,2020-05-04,0,,2020,5,4,0
Prague_1,2020-05-05,0,,2020,5,5,1
Prague_1,2020-05-06,0,,2020,5,6,2
Prague_1,2020-05-07,0,,2020,5,7,3
Prague_1,2020-05-08,1,Den osvobozeni,2020,5,8,4
Prague_1,2020-05-09,0,,2020,5,9,5
Prague_1,2020-05-10,1,Mother's Day,2020,5,10,6
Prague_1,2020-05-11,0,,2020,5,11,0
Prague_1,2020-05-12,1,Mother's Day,2020,5,12,1
Prague_1,2020-05-13,0,,2020,5,13,2
Prague_1,2020-05-14,0,,2020,5,14,3
Prague_1,2020-05-15,0,,2020,5,15,4
Prague_1,2020-05-16,0,,2020,5,16,5
Prague_1,2020-05-17,0,,2020,5,17,6
Prague_1,2020-05-18,0,,2020,5,18,0
Prague_1,2020-05-19,0,,2020,5,19,1
Prague_1,2020-05-20,0,,2020,5,20,2
Prague_1,2020-05-21,0,,2020,5,21,3
Prague_1,2020-05-22,0,,2020,5,22,4
Prague_1,2020-05-23,0,,2020,5,23,5
Prague_1,2020-05-24,0,,2020,5,24,6
Prague_1,2020-05-25,0,,2020,5,25,0
Prague_1,2020-05-26,0,,2020,5,26,1
Prague_1,2020-05-27,0,,2020,5,27,2
Prague_1,2020-05-28,0,,2020,5,28,3
Prague_1,2020-05-29,0,,2020,5,29,4
Prague_1,2020-05-30,0,,2020,5,30,5
Prague_1,2020-05-31,0,,2020,5,31,6
Prague_1,2020-06-01,0,,2020,6,1,0
Prague_1,2020-06-02,0,,2020,6,2,1
Prague_1,2020-06-03,0,,2020,6,3,2
Prague_1,2020-06-04,0,,2020,6,4,3
Prague_1,2020-06-05,0,,2020,6,5,4
Prague_1,2020-06-06,0,,2020,6,6,5
Prague_1,2020-06-07,0,,2020,6,7,6
Prague_1,2020-06-08,0,,2020,6,8,0
Prague_1,2020-06-09,0,,2020,6,9,1
Prague_1,2020-06-10,0,,2020,6,10,2
Prague_1,2020-06-11,0,,2020,6,11,3
Prague_1,2020-06-12,0,,2020,6,12,4
Prague_1,2020-06-13,0,,2020,6,13,5
Prague_1,2020-06-14,0,,2020,6,14,6
Prague_1,2020-06-15,0,,2020,6,15,0
Prague_1,2020-06-16,0,,2020,6,16,1
Prague_1,2020-06-17,0,,2020,6,17,2
Prague_1,2020-06-18,0,,2020,6,18,3
Prague_1,2020-06-19,0,,2020,6,19,4
Prague_1,2020-06-20,0,,2020,6,20,5
Prague_1,2020-06-21,0,,2020,6,21,6
Prague_1,2020-06-22,0,,2020,6,22,0
Prague_1,2020-06-23,0,,2020,6,23,1
Prague_1,2020-06-24,0,,2020,6,24,2
Prague_1,2020-06-25,0,,2020,6,25,3
Prague_1,2020-06-26,0,,2020,6,26,4
Prague_1,2020-06-27,0,,2020,6,27,5
Prague_1,2020-06-28,0,,2020,6,28,6
Prague_1,2020-06-29,0,,2020,6,29,0
Prague_1,2020-06-30,0,,2020,6,30,1
Prague_1,2020-07-01,0,,2020,7,1,2
Prague_1,2020-07-02,0,,2020,7,2,3
Prague_1,2020-07-03,0,,2020,7,3,4
Prague_1,2020-07-04,0,,2020,7,4,5
Prague_1,2020-07-05,1,Cyrila a Metodej,2020,7,5,6
Prague_1,2020-07-06,1,Jan Hus,2020,7,6,0
Prague_1,2020-07-07,0,,2020,7,7,1
Prague_1,2020-07-08,0,,2020,7,8,2
Prague_1,2020-07-09,0,,2020,7,9,3
Prague_1,2020-07-10,0,,2020,7,10,4
Prague_1,2020-07-11,0,,2020,7,11,5
Prague_1,2020-07-12,0,,2020,7,12,6
Prague_1,2020-07-13,0,,2020,7,13,0
Prague_1,2020-07-14,0,,2020,7,14,1
Prague_1,2020-07-15,0,,2020,7,15,2
Prague_1,2020-07-16,0,,2020,7,16,3
Prague_1,2020-07-17,0,,2020,7,17,4
Prague_1,2020-07-18,0,,2020,7,18,5
Prague_1,2020-07-19,0,,2020,7,19,6
Prague_1,2020-07-20,0,,2020,7,20,0
Prague_1,2020-07-21,0,,2020,7,21,1
Prague_1,2020-07-22,0,,2020,7,22,2
Prague_1,2020-07-23,0,,2020,7,23,3
Prague_1,2020-07-24,0,,2020,7,24,4
Prague_1,2020-07-25,0,,2020,7,25,5
Prague_1,2020-07-26,0,,2020,7,26,6
Prague_1,2020-07-27,0,,2020,7,27,0
Prague_1,2020-07-28,0,,2020,7,28,1
Prague_1,2020-07-29,0,,2020,7,29,2
Prague_1,2020-07-30,0,,2020,7,30,3
Prague_1,2020-07-31,0,,2020,7,31,4
Prague_1,2020-08-01,0,,2020,8,1,5
Prague_1,2020-08-02,0,,2020,8,2,6
Prague_1,2020-08-03,0,,2020,8,3,0
Prague_1,2020-08-04,0,,2020,8,4,1
Prague_1,2020-08-05,0,,2020,8,5,2
Prague_1,2020-08-06,0,,2020,8,6,3
Prague_1,2020-08-07,0,,2020,8,7,4
Prague_1,2020-08-08,0,,2020,8,8,5
Prague_1,2020-08-09,0,,2020,8,9,6
Prague_1,2020-08-10,0,,2020,8,10,0
Prague_1,2020-08-11,0,,2020,8,11,1
Prague_1,2020-08-12,0,,2020,8,12,2
Prague_1,2020-08-13,0,,2020,8,13,3
Prague_1,2020-08-14,0,,2020,8,14,4
Prague_1,2020-08-15,0,,2020,8,15,5
Prague_1,2020-08-16,0,,2020,8,16,6
Prague_1,2020-08-17,0,,2020,8,17,0
Prague_1,2020-08-18,0,,2020,8,18,1
Prague_1,2020-08-19,0,,2020,8,19,2
Prague_1,2020-08-20,0,,2020,8,20,3
Prague_1,2020-08-21,0,,2020,8,21,4
Prague_1,2020-08-22,0,,2020,8,22,5
Prague_1,2020-08-23,0,,2020,8,23,6
Prague_1,2020-08-24,0,,2020,8,24,0
Prague_1,2020-08-25,0,,2020,8,25,1
Prague_1,2020-08-26,0,,2020,8,26,2
Prague_1,2020-08-27,0,,2020,8,27,3
Prague_1,2020-08-28,0,,2020,8,28,4
Prague_1,2020-08-29,0,,2020,8,29,5
Prague_1,2020-08-30,0,,2020,8,30,6
Prague_1,2020-08-31,0,,2020,8,31,0
Prague_1,2020-09-01,0,,2020,9,1,1
Prague_1,2020-09-02,0,,2020,9,2,2
Prague_1,2020-09-03,0,,2020,9,3,3
Prague_1,2020-09-04,0,,2020,9,4,4
Prague_1,2020-09-05,0,,2020,9,5,5
Prague_1,2020-09-06,0,,2020,9,6,6
Prague_1,2020-09-07,0,,2020,9,7,0
Prague_1,2020-09-08,0,,2020,9,8,1
Prague_1,2020-09-09,0,,2020,9,9,2
Prague_1,2020-09-10,0,,2020,9,10,3
Prague_1,2020-09-11,0,,2020,9,11,4
Prague_1,2020-09-12,0,,2020,9,12,5
Prague_1,2020-09-13,0,,2020,9,13,6
Prague_1,2020-09-14,0,,2020,9,14,0
Prague_1,2020-09-15,0,,2020,9,15,1
Prague_1,2020-09-16,0,,2020,9,16,2
Prague_1,2020-09-17,0,,2020,9,17,3
Prague_1,2020-09-18,0,,2020,9,18,4
Prague_1,2020-09-19,0,,2020,9,19,5
Prague_1,2020-09-20,0,,2020,9,20,6
Prague_1,2020-09-21,0,,2020,9,21,0
Prague_1,2020-09-22,0,,2020,9,22,1
Prague_1,2020-09-23,0,,2020,9,23,2
Prague_1,2020-09-24,0,,2020,9,24,3
Prague_1,2020-09-25,0,,2020,9,25,4
Prague_1,2020-09-26,0,,2020,9,26,5
Prague_1,2020-09-27,0,,2020,9,27,6
Prague_1,2020-09-28,1,Den ceske statnosti,2020,9,28,0
Prague_1,2020-09-29,0,,2020,9,29,1
Prague_1,2020-09-30,0,,2020,9,30,2
Prague_1,2020-10-01,0,,2020,10,1,3
Prague_1,2020-10-02,0,,2020,10,2,4
Prague_1,2020-10-03,0,,2020,10,3,5
Prague_1,2020-10-04,0,,2020,10,4,6
Prague_1,2020-10-05,0,,2020,10,5,0
Prague_1,2020-10-06,0,,2020,10,6,1
Prague_1,2020-10-07,0,,2020,10,7,2
Prague_1,2020-10-08,0,,2020,10,8,3
Prague_1,2020-10-09,0,,2020,10,9,4
Prague_1,2020-10-10,0,,2020,10,10,5
Prague_1,2020-10-11,0,,2020,10,11,6
Prague_1,2020-10-12,0,,2020,10,12,0
Prague_1,2020-10-13,0,,2020,10,13,1
Prague_1,2020-10-14,0,,2020,10,14,2
Prague_1,2020-10-15,0,,2020,10,15,3
Prague_1,2020-10-16,0,,2020,10,16,4
Prague_1,2020-10-17,0,,2020,10,17,5
Prague_1,2020-10-18,0,,2020,10,18,6
Prague_1,2020-10-19,0,,2020,10,19,0
Prague_1,2020-10-20,0,,2020,10,20,1
Prague_1,2020-10-21,0,,2020,10,21,2
Prague_1,2020-10-22,0,,2020,10,22,3
Prague_1,2020-10-23,0,,2020,10,23,4
Prague_1,2020-10-24,0,,2020,10,24,5
Prague_1,2020-10-25,0,,2020,10,25,6
Prague_1,2020-10-26,0,,2020,10,26,0
Prague_1,2020-10-27,0,,2020,10,27,1
Prague_1,2020-10-28,1,Den vzniku samostatneho ceskoslovenskeho statu,2020,10,28,2
Prague_1,2020-10-29,0,,2020,10,29,3
Prague_1,2020-10-30,0,,2020,10,30,4
Prague_1,2020-10-31,0,,2020,10,31,5
Prague_1,2020-11-01,0,,2020,11,1,6
Prague_1,2020-11-02,0,,2020,11,2,0
Prague_1,2020-11-03,0,,2020,11,3,1
Prague_1,2020-11-04,0,,2020,11,4,2
Prague_1,2020-11-05,0,,2020,11,5,3
Prague_1,2020-11-06,0,,2020,11,6,4
Prague_1,2020-11-07,0,,2020,11,7,5
Prague_1,2020-11-08,0,,2020,11,8,6
Prague_1,2020-11-09,0,,2020,11,9,0
Prague_1,2020-11-10,0,,2020,11,10,1
Prague_1,2020-11-11,0,,2020,11,11,2
Prague_1,2020-11-12,0,,2020,11,12,3
Prague_1,2020-11-13,0,,2020,11,13,4
Prague_1,2020-11-14,0,,2020,11,14,5
Prague_1,2020-11-15,0,,2020,11,15,6
Prague_1,2020-11-16,0,,2020,11,16,0
Prague_1,2020-11-17,1,Den boje za svobodu a demokracii,2020,11,17,1
Prague_1,2020-11-18,0,,2020,11,18,2
Prague_1,2020-11-19,0,,2020,11,19,3
Prague_1,2020-11-20,0,,2020,11,20,4
Prague_1,2020-11-21,0,,2020,11,21,5
Prague_1,2020-11-22,0,,2020,11,22,6
Prague_1,2020-11-23,0,,2020,11,23,0
Prague_1,2020-11-24,0,,2020,11,24,1
Prague_1,2020-11-25,0,,2020,11,25,2
Prague_1,2020-11-26,0,,2020,11,26,3
Prague_1,2020-11-27,0,,2020,11,27,4
Prague_1,2020-11-28,0,,2020,11,28,5
Prague_1,2020-11-29,0,,2020,11,29,6
Prague_1,2020-11-30,0,,2020,11,30,0
Prague_1,2020-12-01,0,,2020,12,1,1
Prague_1,2020-12-02,0,,2020,12,2,2
Prague_1,2020-12-03,0,,2020,12,3,3
Prague_1,2020-12-04,0,,2020,12,4,4
Prague_1,2020-12-05,0,,2020,12,5,5
Prague_1,2020-12-06,0,,2020,12,6,6
Prague_1,2020-12-07,0,,2020,12,7,0
Prague_1,2020-12-08,0,,2020,12,8,1
Prague_1,2020-12-09,0,,2020,12,9,2
Prague_1,2020-12-10,0,,2020,12,10,3
Prague_1,2020-12-11,0,,2020,12,11,4
Prague_1,2020-12-12,0,,2020,12,12,5
Prague_1,2020-12-13,0,,2020,12,13,6
Prague_1,2020-12-14,0,,2020,12,14,0
Prague_1,2020-12-15,0,,2020,12,15,1
Prague_1,2020-12-16,0,,2020,12,16,2
Prague_1,2020-12-17,0,,2020,12,17,3
Prague_1,2020-12-18,0,,2020,12,18,4
Prague_1,2020-12-19,0,,2020,12,19,5
Prague_1,2020-12-20,0,,2020,12,20,6
Prague_1,2020-12-21,0,,2020,12,21,0
Prague_1,2020-12-22,0,,2020,12,22,1
Prague_1,2020-12-23,0,,2020,12,23,2
Prague_1,2020-12-24,1,Christmas Eve,2020,12,24,3
Prague_1,2020-12-25,1,1st Christmas Day,2020,12,25,4
Prague_1,2020-12-26,1,2nd Christmas Day,2020,12,26,5
Prague_1,2020-12-27,0,,2020,12,27,6
Prague_1,2020-12-28,0,,2020,12,28,0
Prague_1,2020-12-29,0,,2020,12,29,1
Prague_1,2020-12-30,0,,2020,12,30,2
Prague_1,2020-12-31,0,,2020,12,31,3
Prague_1,2021-01-01,1,New Years Day,2021,1,1,4
Prague_1,2021-01-02,0,,2021,1,2,5
Prague_1,2021-01-03,0,,2021,1,3,6
Prague_1,2021-01-04,0,,2021,1,4,0
Prague_1,2021-01-05,0,,2021,1,5,1
Prague_1,2021-01-06,0,,2021,1,6,2
Prague_1,2021-01-07,0,,2021,1,7,3
Prague_1,2021-01-08,0,,2021,1,8,4
Prague_1,2021-01-09,0,,2021,1,9,5
Prague_1,2021-01-10,0,,2021,1,10,6
Prague_1,2021-01-11,0,,2021,1,11,0
Prague_1,2021-01-12,0,,2021,1,12,1
Prague_1,2021-01-13,0,,2021,1,13,2
Prague_1,2021-01-14,0,,2021,1,14,3
Prague_1,2021-01-15,0,,2021,1,15,4
Prague_1,2021-01-16,0,,2021,1,16,5
Prague_1,2021-01-17,0,,2021,1,17,6
Prague_1,2021-01-18,0,,2021,1,18,0
Prague_1,2021-01-19,0,,2021,1,19,1
Prague_1,2021-01-20,0,,2021,1,20,2
Prague_1,2021-01-21,0,,2021,1,21,3
Prague_1,2021-01-22,0,,2021,1,22,4
Prague_1,2021-01-23,0,,2021,1,23,5
Prague_1,2021-01-24,0,,2021,1,24,6
Prague_1,2021-01-25,0,,2021,1,25,0
Prague_1,2021-01-26,0,,2021,1,26,1
Prague_1,2021-01-27,0,,2021,1,27,2
Prague_1,2021-01-28,0,,2021,1,28,3
Prague_1,2021-01-29,0,,2021,1,29,4
Prague_1,2021-01-30,0,,2021,1,30,5
Prague_1,2021-01-31,0,,2021,1,31,6
Prague_1,2021-02-01,0,,2021,2,1,0
Prague_1,2021-02-02,0,,2021,2,2,1
Prague_1,2021-02-03,0,,2021,2,3,2
Prague_1,2021-02-04,0,,2021,2,4,3
Prague_1,2021-02-05,0,,2021,2,5,4
Prague_1,2021-02-06,0,,2021,2,6,5
Prague_1,2021-02-07,0,,2021,2,7,6
Prague_1,2021-02-08,0,,2021,2,8,0
Prague_1,2021-02-09,0,,2021,2,9,1
Prague_1,2021-02-10,0,,2021,2,10,2
Prague_1,2021-02-11,0,,2021,2,11,3
Prague_1,2021-02-12,0,,2021,2,12,4
Prague_1,2021-02-13,0,,2021,2,13,5
Prague_1,2021-02-14,0,,2021,2,14,6
Prague_1,2021-02-15,0,,2021,2,15,0
Prague_1,2021-02-16,0,,2021,2,16,1
Prague_1,2021-02-17,0,,2021,2,17,2
Prague_1,2021-02-18,0,,2021,2,18,3
Prague_1,2021-02-19,0,,2021,2,19,4
Prague_1,2021-02-20,0,,2021,2,20,5
Prague_1,2021-02-21,0,,2021,2,21,6
Prague_1,2021-02-22,0,,2021,2,22,0
Prague_1,2021-02-23,0,,2021,2,23,1
Prague_1,2021-02-24,0,,2021,2,24,2
Prague_1,2021-02-25,0,,2021,2,25,3
Prague_1,2021-02-26,0,,2021,2,26,4
Prague_1,2021-02-27,0,,2021,2,27,5
Prague_1,2021-02-28,0,,2021,2,28,6
Prague_1,2021-03-01,0,,2021,3,1,0
Prague_1,2021-03-02,0,,2021,3,2,1
Prague_1,2021-03-03,0,,2021,3,3,2
Prague_1,2021-03-04,0,,2021,3,4,3
Prague_1,2021-03-05,0,,2021,3,5,4
Prague_1,2021-03-06,0,,2021,3,6,5
Prague_1,2021-03-07,0,,2021,3,7,6
Prague_1,2021-03-08,1,International womens day,2021,3,8,0
Prague_1,2021-03-09,0,,2021,3,9,1
Prague_1,2021-03-10,0,,2021,3,10,2
Prague_1,2021-03-11,0,,2021,3,11,3
Prague_1,2021-03-12,0,,2021,3,12,4
Prague_1,2021-03-13,0,,2021,3,13,5
Prague_1,2021-03-14,0,,2021,3,14,6
Prague_1,2021-03-15,0,,2021,3,15,0
Prague_1,2021-03-16,0,,2021,3,16,1
Prague_1,2021-03-17,0,,2021,3,17,2
Prague_1,2021-03-18,0,,2021,3,18,3
Prague_1,2021-03-19,0,,2021,3,19,4
Prague_1,2021-03-20,0,,2021,3,20,5
Prague_1,2021-03-21,0,,2021,3,21,6
Prague_1,2021-03-22,0,,2021,3,22,0
Prague_1,2021-03-23,0,,2021,3,23,1
Prague_1,2021-03-24,0,,2021,3,24,2
Prague_1,2021-03-25,0,,2021,3,25,3
Prague_1,2021-03-26,0,,2021,3,26,4
Prague_1,2021-03-27,0,,2021,3,27,5
Prague_1,2021-03-28,0,,2021,3,28,6
Prague_1,2021-03-29,0,,2021,3,29,0
Prague_1,2021-03-30,0,,2021,3,30,1
Prague_1,2021-03-31,0,,2021,3,31,2
Prague_1,2021-04-01,0,,2021,4,1,3
Prague_1,2021-04-02,1,Good Friday,2021,4,2,4
Prague_1,2021-04-03,1,Good Friday,2021,4,3,5
Prague_1,2021-04-04,1,Easter Day,2021,4,4,6
Prague_1,2021-04-05,1,Easter Monday,2021,4,5,0
Prague_1,2021-04-06,0,,2021,4,6,1
Prague_1,2021-04-07,0,,2021,4,7,2
Prague_1,2021-04-08,0,,2021,4,8,3
Prague_1,2021-04-09,0,,2021,4,9,4
Prague_1,2021-04-10,1,Good Friday,2021,4,10,5
Prague_1,2021-04-11,1,Good Friday,2021,4,11,6
Prague_1,2021-04-12,1,Easter Day,2021,4,12,0
Prague_1,2021-04-13,1,Easter Monday,2021,4,13,1
Prague_1,2021-04-14,0,,2021,4,14,2
Prague_1,2021-04-15,0,,2021,4,15,3
Prague_1,2021-04-16,0,,2021,4,16,4
Prague_1,2021-04-17,0,,2021,4,17,5
Prague_1,2021-04-18,0,,2021,4,18,6
Prague_1,2021-04-19,0,,2021,4,19,0
Prague_1,2021-04-20,0,,2021,4,20,1
Prague_1,2021-04-21,0,,2021,4,21,2
Prague_1,2021-04-22,0,,2021,4,22,3
Prague_1,2021-04-23,0,,2021,4,23,4
Prague_1,2021-04-24,0,,2021,4,24,5
Prague_1,2021-04-25,0,,2021,4,25,6
Prague_1,2021-04-26,0,,2021,4,26,0
Prague_1,2021-04-27,0,,2021,4,27,1
Prague_1,2021-04-28,0,,2021,4,28,2
Prague_1,2021-04-29,0,,2021,4,29,3
Prague_1,2021-04-30,0,,2021,4,30,4
Prague_1,2021-05-01,1,Labour Day,2021,5,1,5
Prague_1,2021-05-02,0,,2021,5,2,6
Prague_1,2021-05-03,0,,2021,5,3,0
Prague_1,2021-05-04,0,,2021,5,4,1
Prague_1,2021-05-05,0,,2021,5,5,2
Prague_1,2021-05-06,0,,2021,5,6,3
Prague_1,2021-05-07,0,,2021,5,7,4
Prague_1,2021-05-08,1,Den osvobozeni,2021,5,8,5
Prague_1,2021-05-09,1,Mother's Day,2021,5,9,6
Prague_1,2021-05-10,1,Mother's Day,2021,5,10,0
Prague_1,2021-05-11,0,,2021,5,11,1
Prague_1,2021-05-12,0,,2021,5,12,2
Prague_1,2021-05-13,0,,2021,5,13,3
Prague_1,2021-05-14,0,,2021,5,14,4
Prague_1,2021-05-15,0,,2021,5,15,5
Prague_1,2021-05-16,0,,2021,5,16,6
Prague_1,2021-05-17,0,,2021,5,17,0
Prague_1,2021-05-18,0,,2021,5,18,1
Prague_1,2021-05-19,0,,2021,5,19,2
Prague_1,2021-05-20,0,,2021,5,20,3
Prague_1,2021-05-21,0,,2021,5,21,4
Prague_1,2021-05-22,0,,2021,5,22,5
Prague_1,2021-05-23,0,,2021,5,23,6
Prague_1,2021-05-24,0,,2021,5,24,0
Prague_1,2021-05-25,0,,2021,5,25,1
Prague_1,2021-05-26,0,,2021,5,26,2
Prague_1,2021-05-27,0,,2021,5,27,3
Prague_1,2021-05-28,0,,2021,5,28,4
Prague_1,2021-05-29,0,,2021,5,29,5
Prague_1,2021-05-30,0,,2021,5,30,6
Prague_1,2021-05-31,0,,2021,5,31,0
Prague_1,2021-06-01,0,,2021,6,1,1
Prague_1,2021-06-02,0,,2021,6,2,2
Prague_1,2021-06-03,0,,2021,6,3,3
Prague_1,2021-06-04,0,,2021,6,4,4
Prague_1,2021-06-05,0,,2021,6,5,5
Prague_1,2021-06-06,0,,2021,6,6,6
Prague_1,2021-06-07,0,,2021,6,7,0
Prague_1,2021-06-08,0,,2021,6,8,1
Prague_1,2021-06-09,0,,2021,6,9,2
Prague_1,2021-06-10,0,,2021,6,10,3
Prague_1,2021-06-11,0,,2021,6,11,4
Prague_1,2021-06-12,0,,2021,6,12,5
Prague_1,2021-06-13,0,,2021,6,13,6
Prague_1,2021-06-14,0,,2021,6,14,0
Prague_1,2021-06-15,0,,2021,6,15,1
Prague_1,2021-06-16,0,,2021,6,16,2
Prague_1,2021-06-17,0,,2021,6,17,3
Prague_1,2021-06-18,0,,2021,6,18,4
Prague_1,2021-06-19,0,,2021,6,19,5
Prague_1,2021-06-20,0,,2021,6,20,6
Prague_1,2021-06-21,0,,2021,6,21,0
Prague_1,2021-06-22,0,,2021,6,22,1
Prague_1,2021-06-23,0,,2021,6,23,2
Prague_1,2021-06-24,0,,2021,6,24,3
Prague_1,2021-06-25,0,,2021,6,25,4
Prague_1,2021-06-26,0,,2021,6,26,5
Prague_1,2021-06-27,0,,2021,6,27,6
Prague_1,2021-06-28,0,,2021,6,28,0
Prague_1,2021-06-29,0,,2021,6,29,1
Prague_1,2021-06-30,0,,2021,6,30,2
Prague_1,2021-07-01,0,,2021,7,1,3
Prague_1,2021-07-02,0,,2021,7,2,4
Prague_1,2021-07-03,0,,2021,7,3,5
Prague_1,2021-07-04,0,,2021,7,4,6
Prague_1,2021-07-05,1,Cyrila a Metodej,2021,7,5,0
Prague_1,2021-07-06,1,Jan Hus,2021,7,6,1
Prague_1,2021-07-07,0,,2021,7,7,2
Prague_1,2021-07-08,0,,2021,7,8,3
Prague_1,2021-07-09,0,,2021,7,9,4
Prague_1,2021-07-10,0,,2021,7,10,5
Prague_1,2021-07-11,0,,2021,7,11,6
Prague_1,2021-07-12,0,,2021,7,12,0
Prague_1,2021-07-13,0,,2021,7,13,1
Prague_1,2021-07-14,0,,2021,7,14,2
Prague_1,2021-07-15,0,,2021,7,15,3
Prague_1,2021-07-16,0,,2021,7,16,4
Prague_1,2021-07-17,0,,2021,7,17,5
Prague_1,2021-07-18,0,,2021,7,18,6
Prague_1,2021-07-19,0,,2021,7,19,0
Prague_1,2021-07-20,0,,2021,7,20,1
Prague_1,2021-07-21,0,,2021,7,21,2
Prague_1,2021-07-22,0,,2021,7,22,3
Prague_1,2021-07-23,0,,2021,7,23,4
Prague_1,2021-07-24,0,,2021,7,24,5
Prague_1,2021-07-25,0,,2021,7,25,6
Prague_1,2021-07-26,0,,2021,7,26,0
Prague_1,2021-07-27,0,,2021,7,27,1
Prague_1,2021-07-28,0,,2021,7,28,2
Prague_1,2021-07-29,0,,2021,7,29,3
Prague_1,2021-07-30,0,,2021,7,30,4
Prague_1,2021-07-31,0,,2021,7,31,5
Prague_1,2021-08-01,0,,2021,8,1,6
Prague_1,2021-08-02,0,,2021,8,2,0
Prague_1,2021-08-03,0,,2021,8,3,1
Prague_1,2021-08-04,0,,2021,8,4,2
Prague_1,2021-08-05,0,,2021,8,5,3
Prague_1,2021-08-06,0,,2021,8,6,4
Prague_1,2021-08-07,0,,2021,8,7,5
Prague_1,2021-08-08,0,,2021,8,8,6
Prague_1,2021-08-09,0,,2021,8,9,0
Prague_1,2021-08-10,0,,2021,8,10,1
Prague_1,2021-08-11,0,,2021,8,11,2
Prague_1,2021-08-12,0,,2021,8,12,3
Prague_1,2021-08-13,0,,2021,8,13,4
Prague_1,2021-08-14,0,,2021,8,14,5
Prague_1,2021-08-15,0,,2021,8,15,6
Prague_1,2021-08-16,0,,2021,8,16,0
Prague_1,2021-08-17,0,,2021,8,17,1
Prague_1,2021-08-18,0,,2021,8,18,2
Prague_1,2021-08-19,0,,2021,8,19,3
Prague_1,2021-08-20,0,,2021,8,20,4
Prague_1,2021-08-21,0,,2021,8,21,5
Prague_1,2021-08-22,0,,2021,8,22,6
Prague_1,2021-08-23,0,,2021,8,23,0
Prague_1,2021-08-24,0,,2021,8,24,1
Prague_1,2021-08-25,0,,2021,8,25,2
Prague_1,2021-08-26,0,,2021,8,26,3
Prague_1,2021-08-27,0,,2021,8,27,4
Prague_1,2021-08-28,0,,2021,8,28,5
Prague_1,2021-08-29,0,,2021,8,29,6
Prague_1,2021-08-30,0,,2021,8,30,0
Prague_1,2021-08-31,0,,2021,8,31,1
Prague_1,2021-09-01,0,,2021,9,1,2
Prague_1,2021-09-02,0,,2021,9,2,3
Prague_1,2021-09-03,0,,2021,9,3,4
Prague_1,2021-09-04,0,,2021,9,4,5
Prague_1,2021-09-05,0,,2021,9,5,6
Prague_1,2021-09-06,0,,2021,9,6,0
Prague_1,2021-09-07,0,,2021,9,7,1
Prague_1,2021-09-08,0,,2021,9,8,2
Prague_1,2021-09-09,0,,2021,9,9,3
Prague_1,2021-09-10,0,,2021,9,10,4
Prague_1,2021-09-11,0,,2021,9,11,5
Prague_1,2021-09-12,0,,2021,9,12,6
Prague_1,2021-09-13,0,,2021,9,13,0
Prague_1,2021-09-14,0,,2021,9,14,1
Prague_1,2021-09-15,0,,2021,9,15,2
Prague_1,2021-09-16,0,,2021,9,16,3
Prague_1,2021-09-17,0,,2021,9,17,4
Prague_1,2021-09-18,0,,2021,9,18,5
Prague_1,2021-09-19,0,,2021,9,19,6
Prague_1,2021-09-20,0,,2021,9,20,0
Prague_1,2021-09-21,0,,2021,9,21,1
Prague_1,2021-09-22,0,,2021,9,22,2
Prague_1,2021-09-23,0,,2021,9,23,3
Prague_1,2021-09-24,0,,2021,9,24,4
Prague_1,2021-09-25,0,,2021,9,25,5
Prague_1,2021-09-26,0,,2021,9,26,6
Prague_1,2021-09-27,0,,2021,9,27,0
Prague_1,2021-09-28,1,Den ceske statnosti,2021,9,28,1
Prague_1,2021-09-29,0,,2021,9,29,2
Prague_1,2021-09-30,0,,2021,9,30,3
Prague_1,2021-10-01,0,,2021,10,1,4
Prague_1,2021-10-02,0,,2021,10,2,5
Prague_1,2021-10-03,0,,2021,10,3,6
Prague_1,2021-10-04,0,,2021,10,4,0
Prague_1,2021-10-05,0,,2021,10,5,1
Prague_1,2021-10-06,0,,2021,10,6,2
Prague_1,2021-10-07,0,,2021,10,7,3
Prague_1,2021-10-08,0,,2021,10,8,4
Prague_1,2021-10-09,0,,2021,10,9,5
Prague_1,2021-10-10,0,,2021,10,10,6
Prague_1,2021-10-11,0,,2021,10,11,0
Prague_1,2021-10-12,0,,2021,10,12,1
Prague_1,2021-10-13,0,,2021,10,13,2
Prague_1,2021-10-14,0,,2021,10,14,3
Prague_1,2021-10-15,0,,2021,10,15,4
Prague_1,2021-10-16,0,,2021,10,16,5
Prague_1,2021-10-17,0,,2021,10,17,6
Prague_1,2021-10-18,0,,2021,10,18,0
Prague_1,2021-10-19,0,,2021,10,19,1
Prague_1,2021-10-20,0,,2021,10,20,2
Prague_1,2021-10-21,0,,2021,10,21,3
Prague_1,2021-10-22,0,,2021,10,22,4
Prague_1,2021-10-23,0,,2021,10,23,5
Prague_1,2021-10-24,0,,2021,10,24,6
Prague_1,2021-10-25,0,,2021,10,25,0
Prague_1,2021-10-26,0,,2021,10,26,1
Prague_1,2021-10-27,0,,2021,10,27,2
Prague_1,2021-10-28,1,Den vzniku samostatneho ceskoslovenskeho statu,2021,10,28,3
Prague_1,2021-10-29,0,,2021,10,29,4
Prague_1,2021-10-30,0,,2021,10,30,5
Prague_1,2021-10-31,0,,2021,10,31,6
Prague_1,2021-11-01,0,,2021,11,1,0
Prague_1,2021-11-02,0,,2021,11,2,1
Prague_1,2021-11-03,0,,2021,11,3,2
Prague_1,2021-11-04,0,,2021,11,4,3
Prague_1,2021-11-05,0,,2021,11,5,4
Prague_1,2021-11-06,0,,2021,11,6,5
Prague_1,2021-11-07,0,,2021,11,7,6
Prague_1,2021-11-08,0,,2021,11,8,0
Prague_1,2021-11-09,0,,2021,11,9,1
Prague_1,2021-11-10,0,,2021,11,10,2
Prague_1,2021-11-11,0,,2021,11,11,3
Prague_1,2021-11-12,0,,2021,11,12,4
Prague_1,2021-11-13,0,,2021,11,13,5
Prague_1,2021-11-14,0,,2021,11,14,6
Prague_1,2021-11-15,0,,2021,11,15,0
Prague_1,2021-11-16,0,,2021,11,16,1
Prague_1,2021-11-17,1,Den boje za svobodu a demokracii,2021,11,17,2
Prague_1,2021-11-18,0,,2021,11,18,3
Prague_1,2021-11-19,0,,2021,11,19,4
Prague_1,2021-11-20,0,,2021,11,20,5
Prague_1,2021-11-21,0,,2021,11,21,6
Prague_1,2021-11-22,0,,2021,11,22,0
Prague_1,2021-11-23,0,,2021,11,23,1
Prague_1,2021-11-24,0,,2021,11,24,2
Prague_1,2021-11-25,0,,2021,11,25,3
Prague_1,2021-11-26,0,,2021,11,26,4
Prague_1,2021-11-27,0,,2021,11,27,5
Prague_1,2021-11-28,0,,2021,11,28,6
Prague_1,2021-11-29,0,,2021,11,29,0
Prague_1,2021-11-30,0,,2021,11,30,1
Prague_1,2021-12-01,0,,2021,12,1,2
Prague_1,2021-12-02,0,,2021,12,2,3
Prague_1,2021-12-03,0,,2021,12,3,4
Prague_1,2021-12-04,0,,2021,12,4,5
Prague_1,2021-12-05,0,,2021,12,5,6
Prague_1,2021-12-06,0,,2021,12,6,0
Prague_1,2021-12-07,0,,2021,12,7,1
Prague_1,2021-12-08,0,,2021,12,8,2
Prague_1,2021-12-09,0,,2021,12,9,3
Prague_1,2021-12-10,0,,2021,12,10,4
Prague_1,2021-12-11,0,,2021,12,11,5
Prague_1,2021-12-12,0,,2021,12,12,6
Prague_1,2021-12-13,0,,2021,12,13,0
Prague_1,2021-12-14,0,,2021,12,14,1
Prague_1,2021-12-15,0,,2021,12,15,2
Prague_1,2021-12-16,0,,2021,12,16,3
Prague_1,2021-12-17,0,,2021,12,17,4
Prague_1,2021-12-18,0,,2021,12,18,5
Prague_1,2021-12-19,0,,2021,12,19,6
Prague_1,2021-12-20,0,,2021,12,20,0
Prague_1,2021-12-21,0,,2021,12,21,1
Prague_1,2021-12-22,0,,2021,12,22,2
Prague_1,2021-12-23,0,,2021,12,23,3
Prague_1,2021-12-24,1,Christmas Eve,2021,12,24,4
Prague_1,2021-12-25,1,1st Christmas Day,2021,12,25,5
Prague_1,2021-12-26,1,2nd Christmas Day,2021,12,26,6
Prague_1,2021-12-27,0,,2021,12,27,0
Prague_1,2021-12-28,0,,2021,12,28,1
Prague_1,2021-12-29,0,,2021,12,29,2
Prague_1,2021-12-30,0,,2021,12,30,3
Prague_1,2021-12-31,0,,2021,12,31,4
Prague_1,2022-01-01,1,New Years Day,2022,1,1,5
Prague_1,2022-01-02,0,,2022,1,2,6
Prague_1,2022-01-03,0,,2022,1,3,0
Prague_1,2022-01-04,0,,2022,1,4,1
Prague_1,2022-01-05,0,,2022,1,5,2
Prague_1,2022-01-06,0,,2022,1,6,3
Prague_1,2022-01-07,0,,2022,1,7,4
Prague_1,2022-01-08,0,,2022,1,8,5
Prague_1,2022-01-09,0,,2022,1,9,6
Prague_1,2022-01-10,0,,2022,1,10,0
Prague_1,2022-01-11,0,,2022,1,11,1
Prague_1,2022-01-12,0,,2022,1,12,2
Prague_1,2022-01-13,0,,2022,1,13,3
Prague_1,2022-01-14,0,,2022,1,14,4
Prague_1,2022-01-15,0,,2022,1,15,5
Prague_1,2022-01-16,0,,2022,1,16,6
Prague_1,2022-01-17,0,,2022,1,17,0
Prague_1,2022-01-18,0,,2022,1,18,1
Prague_1,2022-01-19,0,,2022,1,19,2
Prague_1,2022-01-20,0,,2022,1,20,3
Prague_1,2022-01-21,0,,2022,1,21,4
Prague_1,2022-01-22,0,,2022,1,22,5
Prague_1,2022-01-23,0,,2022,1,23,6
Prague_1,2022-01-24,0,,2022,1,24,0
Prague_1,2022-01-25,0,,2022,1,25,1
Prague_1,2022-01-26,0,,2022,1,26,2
Prague_1,2022-01-27,0,,2022,1,27,3
Prague_1,2022-01-28,0,,2022,1,28,4
Prague_1,2022-01-29,0,,2022,1,29,5
Prague_1,2022-01-30,0,,2022,1,30,6
Prague_1,2022-01-31,0,,2022,1,31,0
Prague_1,2022-02-01,0,,2022,2,1,1
Prague_1,2022-02-02,0,,2022,2,2,2
Prague_1,2022-02-03,0,,2022,2,3,3
Prague_1,2022-02-04,0,,2022,2,4,4
Prague_1,2022-02-05,0,,2022,2,5,5
Prague_1,2022-02-06,0,,2022,2,6,6
Prague_1,2022-02-07,0,,2022,2,7,0
Prague_1,2022-02-08,0,,2022,2,8,1
Prague_1,2022-02-09,0,,2022,2,9,2
Prague_1,2022-02-10,0,,2022,2,10,3
Prague_1,2022-02-11,0,,2022,2,11,4
Prague_1,2022-02-12,0,,2022,2,12,5
Prague_1,2022-02-13,0,,2022,2,13,6
Prague_1,2022-02-14,0,,2022,2,14,0
Prague_1,2022-02-15,0,,2022,2,15,1
Prague_1,2022-02-16,0,,2022,2,16,2
Prague_1,2022-02-17,0,,2022,2,17,3
Prague_1,2022-02-18,0,,2022,2,18,4
Prague_1,2022-02-19,0,,2022,2,19,5
Prague_1,2022-02-20,0,,2022,2,20,6
Prague_1,2022-02-21,0,,2022,2,21,0
Prague_1,2022-02-22,0,,2022,2,22,1
Prague_1,2022-02-23,0,,2022,2,23,2
Prague_1,2022-02-24,0,,2022,2,24,3
Prague_1,2022-02-25,0,,2022,2,25,4
Prague_1,2022-02-26,0,,2022,2,26,5
Prague_1,2022-02-27,0,,2022,2,27,6
Prague_1,2022-02-28,0,,2022,2,28,0
Prague_1,2022-03-01,0,,2022,3,1,1
Prague_1,2022-03-02,0,,2022,3,2,2
Prague_1,2022-03-03,0,,2022,3,3,3
Prague_1,2022-03-04,0,,2022,3,4,4
Prague_1,2022-03-05,0,,2022,3,5,5
Prague_1,2022-03-06,0,,2022,3,6,6
Prague_1,2022-03-07,0,,2022,3,7,0
Prague_1,2022-03-08,1,International womens day,2022,3,8,1
Prague_1,2022-03-09,0,,2022,3,9,2
Prague_1,2022-03-10,0,,2022,3,10,3
Prague_1,2022-03-11,0,,2022,3,11,4
Prague_1,2022-03-12,0,,2022,3,12,5
Prague_1,2022-03-13,0,,2022,3,13,6
Prague_1,2022-03-14,0,,2022,3,14,0
Prague_1,2022-03-15,0,,2022,3,15,1
Prague_1,2022-03-16,0,,2022,3,16,2
Prague_1,2022-03-17,0,,2022,3,17,3
Prague_1,2022-03-18,0,,2022,3,18,4
Prague_1,2022-03-19,0,,2022,3,19,5
Prague_1,2022-03-20,0,,2022,3,20,6
Prague_1,2022-03-21,0,,2022,3,21,0
Prague_1,2022-03-22,0,,2022,3,22,1
Prague_1,2022-03-23,0,,2022,3,23,2
Prague_1,2022-03-24,0,,2022,3,24,3
Prague_1,2022-03-25,0,,2022,3,25,4
Prague_1,2022-03-26,0,,2022,3,26,5
Prague_1,2022-03-27,0,,2022,3,27,6
Prague_1,2022-03-28,0,,2022,3,28,0
Prague_1,2022-03-29,0,,2022,3,29,1
Prague_1,2022-03-30,0,,2022,3,30,2
Prague_1,2022-03-31,0,,2022,3,31,3
Prague_1,2022-04-01,0,,2022,4,1,4
Prague_1,2022-04-02,1,Good Friday,2022,4,2,5
Prague_1,2022-04-03,1,Good Friday,2022,4,3,6
Prague_1,2022-04-04,1,Easter Day,2022,4,4,0
Prague_1,2022-04-05,1,Easter Monday,2022,4,5,1
Prague_1,2022-04-06,0,,2022,4,6,2
Prague_1,2022-04-07,0,,2022,4,7,3
Prague_1,2022-04-08,0,,2022,4,8,4
Prague_1,2022-04-09,0,,2022,4,9,5
Prague_1,2022-04-10,0,,2022,4,10,6
Prague_1,2022-04-11,0,,2022,4,11,0
Prague_1,2022-04-12,0,,2022,4,12,1
Prague_1,2022-04-13,0,,2022,4,13,2
Prague_1,2022-04-14,0,,2022,4,14,3
Prague_1,2022-04-15,1,Good Friday,2022,4,15,4
Prague_1,2022-04-16,1,Good Friday,2022,4,16,5
Prague_1,2022-04-17,1,Easter Day,2022,4,17,6
Prague_1,2022-04-18,1,Easter Monday,2022,4,18,0
Prague_1,2022-04-19,0,,2022,4,19,1
Prague_1,2022-04-20,0,,2022,4,20,2
Prague_1,2022-04-21,0,,2022,4,21,3
Prague_1,2022-04-22,0,,2022,4,22,4
Prague_1,2022-04-23,0,,2022,4,23,5
Prague_1,2022-04-24,0,,2022,4,24,6
Prague_1,2022-04-25,0,,2022,4,25,0
Prague_1,2022-04-26,0,,2022,4,26,1
Prague_1,2022-04-27,0,,2022,4,27,2
Prague_1,2022-04-28,0,,2022,4,28,3
Prague_1,2022-04-29,0,,2022,4,29,4
Prague_1,2022-04-30,0,,2022,4,30,5
Prague_1,2022-05-01,1,Labour Day,2022,5,1,6
Prague_1,2022-05-02,0,,2022,5,2,0
Prague_1,2022-05-03,0,,2022,5,3,1
Prague_1,2022-05-04,0,,2022,5,4,2
Prague_1,2022-05-05,0,,2022,5,5,3
Prague_1,2022-05-06,0,,2022,5,6,4
Prague_1,2022-05-07,0,,2022,5,7,5
Prague_1,2022-05-08,1,Den osvobozeni,2022,5,8,6
Prague_1,2022-05-09,1,Mother's Day,2022,5,9,0
Prague_1,2022-05-10,0,,2022,5,10,1
Prague_1,2022-05-11,0,,2022,5,11,2
Prague_1,2022-05-12,0,,2022,5,12,3
Prague_1,2022-05-13,0,,2022,5,13,4
Prague_1,2022-05-14,0,,2022,5,14,5
Prague_1,2022-05-15,0,,2022,5,15,6
Prague_1,2022-05-16,0,,2022,5,16,0
Prague_1,2022-05-17,0,,2022,5,17,1
Prague_1,2022-05-18,0,,2022,5,18,2
Prague_1,2022-05-19,0,,2022,5,19,3
Prague_1,2022-05-20,0,,2022,5,20,4
Prague_1,2022-05-21,0,,2022,5,21,5
Prague_1,2022-05-22,0,,2022,5,22,6
Prague_1,2022-05-23,0,,2022,5,23,0
Prague_1,2022-05-24,0,,2022,5,24,1
Prague_1,2022-05-25,0,,2022,5,25,2
Prague_1,2022-05-26,0,,2022,5,26,3
Prague_1,2022-05-27,0,,2022,5,27,4
Prague_1,2022-05-28,0,,2022,5,28,5
Prague_1,2022-05-29,0,,2022,5,29,6
Prague_1,2022-05-30,0,,2022,5,30,0
Prague_1,2022-05-31,0,,2022,5,31,1
Prague_1,2022-06-01,0,,2022,6,1,2
Prague_1,2022-06-02,0,,2022,6,2,3
Prague_1,2022-06-03,0,,2022,6,3,4
Prague_1,2022-06-04,0,,2022,6,4,5
Prague_1,2022-06-05,0,,2022,6,5,6
Prague_1,2022-06-06,0,,2022,6,6,0
Prague_1,2022-06-07,0,,2022,6,7,1
Prague_1,2022-06-08,0,,2022,6,8,2
Prague_1,2022-06-09,0,,2022,6,9,3
Prague_1,2022-06-10,0,,2022,6,10,4
Prague_1,2022-06-11,0,,2022,6,11,5
Prague_1,2022-06-12,0,,2022,6,12,6
Prague_1,2022-06-13,0,,2022,6,13,0
Prague_1,2022-06-14,0,,2022,6,14,1
Prague_1,2022-06-15,0,,2022,6,15,2
Prague_1,2022-06-16,0,,2022,6,16,3
Prague_1,2022-06-17,0,,2022,6,17,4
Prague_1,2022-06-18,0,,2022,6,18,5
Prague_1,2022-06-19,0,,2022,6,19,6
Prague_1,2022-06-20,0,,2022,6,20,0
Prague_1,2022-06-21,0,,2022,6,21,1
Prague_1,2022-06-22,0,,2022,6,22,2
Prague_1,2022-06-23,0,,2022,6,23,3
Prague_1,2022-06-24,0,,2022,6,24,4
Prague_1,2022-06-25,0,,2022,6,25,5
Prague_1,2022-06-26,0,,2022,6,26,6
Prague_1,2022-06-27,0,,2022,6,27,0
Prague_1,2022-06-28,0,,2022,6,28,1
Prague_1,2022-06-29,0,,2022,6,29,2
Prague_1,2022-06-30,0,,2022,6,30,3
Prague_1,2022-07-01,0,,2022,7,1,4
Prague_1,2022-07-02,0,,2022,7,2,5
Prague_1,2022-07-03,0,,2022,7,3,6
Prague_1,2022-07-04,0,,2022,7,4,0
Prague_1,2022-07-05,1,Cyrila a Metodej,2022,7,5,1
Prague_1,2022-07-06,1,Jan Hus,2022,7,6,2
Prague_1,2022-07-07,0,,2022,7,7,3
Prague_1,2022-07-08,0,,2022,7,8,4
Prague_1,2022-07-09,0,,2022,7,9,5
Prague_1,2022-07-10,0,,2022,7,10,6
Prague_1,2022-07-11,0,,2022,7,11,0
Prague_1,2022-07-12,0,,2022,7,12,1
Prague_1,2022-07-13,0,,2022,7,13,2
Prague_1,2022-07-14,0,,2022,7,14,3
Prague_1,2022-07-15,0,,2022,7,15,4
Prague_1,2022-07-16,0,,2022,7,16,5
Prague_1,2022-07-17,0,,2022,7,17,6
Prague_1,2022-07-18,0,,2022,7,18,0
Prague_1,2022-07-19,0,,2022,7,19,1
Prague_1,2022-07-20,0,,2022,7,20,2
Prague_1,2022-07-21,0,,2022,7,21,3
Prague_1,2022-07-22,0,,2022,7,22,4
Prague_1,2022-07-23,0,,2022,7,23,5
Prague_1,2022-07-24,0,,2022,7,24,6
Prague_1,2022-07-25,0,,2022,7,25,0
Prague_1,2022-07-26,0,,2022,7,26,1
Prague_1,2022-07-27,0,,2022,7,27,2
Prague_1,2022-07-28,0,,2022,7,28,3
Prague_1,2022-07-29,0,,2022,7,29,4
Prague_1,2022-07-30,0,,2022,7,30,5
Prague_1,2022-07-31,0,,2022,7,31,6
Prague_1,2022-08-01,0,,2022,8,1,0
Prague_1,2022-08-02,0,,2022,8,2,1
Prague_1,2022-08-03,0,,2022,8,3,2
Prague_1,2022-08-04,0,,2022,8,4,3
Prague_1,2022-08-05,0,,2022,8,5,4
Prague_1,2022-08-06,0,,2022,8,6,5
Prague_1,2022-08-07,0,,2022,8,7,6
Prague_1,2022-08-08,0,,2022,8,8,0
Prague_1,2022-08-09,0,,2022,8,9,1
Prague_1,2022-08-10,0,,2022,8,10,2
Prague_1,2022-08-11,0,,2022,8,11,3
Prague_1,2022-08-12,0,,2022,8,12,4
Prague_1,2022-08-13,0,,2022,8,13,5
Prague_1,2022-08-14,0,,2022,8,14,6
Prague_1,2022-08-15,0,,2022,8,15,0
Prague_1,2022-08-16,0,,2022,8,16,1
Prague_1,2022-08-17,0,,2022,8,17,2
Prague_1,2022-08-18,0,,2022,8,18,3
Prague_1,2022-08-19,0,,2022,8,19,4
Prague_1,2022-08-20,0,,2022,8,20,5
Prague_1,2022-08-21,0,,2022,8,21,6
Prague_1,2022-08-22,0,,2022,8,22,0
Prague_1,2022-08-23,0,,2022,8,23,1
Prague_1,2022-08-24,0,,2022,8,24,2
Prague_1,2022-08-25,0,,2022,8,25,3
Prague_1,2022-08-26,0,,2022,8,26,4
Prague_1,2022-08-27,0,,2022,8,27,5
Prague_1,2022-08-28,0,,2022,8,28,6
Prague_1,2022-08-29,0,,2022,8,29,0
Prague_1,2022-08-30,0,,2022,8,30,1
Prague_1,2022-08-31,0,,2022,8,31,2
Prague_1,2022-09-01,0,,2022,9,1,3
Prague_1,2022-09-02,0,,2022,9,2,4
Prague_1,2022-09-03,0,,2022,9,3,5
Prague_1,2022-09-04,0,,2022,9,4,6
Prague_1,2022-09-05,0,,2022,9,5,0
Prague_1,2022-09-06,0,,2022,9,6,1
Prague_1,2022-09-07,0,,2022,9,7,2
Prague_1,2022-09-08,0,,2022,9,8,3
Prague_1,2022-09-09,0,,2022,9,9,4
Prague_1,2022-09-10,0,,2022,9,10,5
Prague_1,2022-09-11,0,,2022,9,11,6
Prague_1,2022-09-12,0,,2022,9,12,0
Prague_1,2022-09-13,0,,2022,9,13,1
Prague_1,2022-09-14,0,,2022,9,14,2
Prague_1,2022-09-15,0,,2022,9,15,3
Prague_1,2022-09-16,0,,2022,9,16,4
Prague_1,2022-09-17,0,,2022,9,17,5
Prague_1,2022-09-18,0,,2022,9,18,6
Prague_1,2022-09-19,0,,2022,9,19,0
Prague_1,2022-09-20,0,,2022,9,20,1
Prague_1,2022-09-21,0,,2022,9,21,2
Prague_1,2022-09-22,0,,2022,9,22,3
Prague_1,2022-09-23,0,,2022,9,23,4
Prague_1,2022-09-24,0,,2022,9,24,5
Prague_1,2022-09-25,0,,2022,9,25,6
Prague_1,2022-09-26,0,,2022,9,26,0
Prague_1,2022-09-27,0,,2022,9,27,1
Prague_1,2022-09-28,1,Den ceske statnosti,2022,9,28,2
Prague_1,2022-09-29,0,,2022,9,29,3
Prague_1,2022-09-30,0,,2022,9,30,4
Prague_1,2022-10-01,0,,2022,10,1,5
Prague_1,2022-10-02,0,,2022,10,2,6
Prague_1,2022-10-03,0,,2022,10,3,0
Prague_1,2022-10-04,0,,2022,10,4,1
Prague_1,2022-10-05,0,,2022,10,5,2
Prague_1,2022-10-06,0,,2022,10,6,3
Prague_1,2022-10-07,0,,2022,10,7,4
Prague_1,2022-10-08,0,,2022,10,8,5
Prague_1,2022-10-09,0,,2022,10,9,6
Prague_1,2022-10-10,0,,2022,10,10,0
Prague_1,2022-10-11,0,,2022,10,11,1
Prague_1,2022-10-12,0,,2022,10,12,2
Prague_1,2022-10-13,0,,2022,10,13,3
Prague_1,2022-10-14,0,,2022,10,14,4
Prague_1,2022-10-15,0,,2022,10,15,5
Prague_1,2022-10-16,0,,2022,10,16,6
Prague_1,2022-10-17,0,,2022,10,17,0
Prague_1,2022-10-18,0,,2022,10,18,1
Prague_1,2022-10-19,0,,2022,10,19,2
Prague_1,2022-10-20,0,,2022,10,20,3
Prague_1,2022-10-21,0,,2022,10,21,4
Prague_1,2022-10-22,0,,2022,10,22,5
Prague_1,2022-10-23,0,,2022,10,23,6
Prague_1,2022-10-24,0,,2022,10,24,0
Prague_1,2022-10-25,0,,2022,10,25,1
Prague_1,2022-10-26,0,,2022,10,26,2
Prague_1,2022-10-27,0,,2022,10,27,3
Prague_1,2022-10-28,1,Den vzniku samostatneho ceskoslovenskeho statu,2022,10,28,4
Prague_1,2022-10-29,0,,2022,10,29,5
Prague_1,2022-10-30,0,,2022,10,30,6
Prague_1,2022-10-31,0,,2022,10,31,0
Prague_1,2022-11-01,0,,2022,11,1,1
Prague_1,2022-11-02,0,,2022,11,2,2
Prague_1,2022-11-03,0,,2022,11,3,3
Prague_1,2022-11-04,0,,2022,11,4,4
Prague_1,2022-11-05,0,,2022,11,5,5
Prague_1,2022-11-06,0,,2022,11,6,6
Prague_1,2022-11-07,0,,2022,11,7,0
Prague_1,2022-11-08,0,,2022,11,8,1
Prague_1,2022-11-09,0,,2022,11,9,2
Prague_1,2022-11-10,0,,2022,11,10,3
Prague_1,2022-11-11,0,,2022,11,11,4
Prague_1,2022-11-12,0,,2022,11,12,5
Prague_1,2022-11-13,0,,2022,11,13,6
Prague_1,2022-11-14,0,,2022,11,14,0
Prague_1,2022-11-15,0,,2022,11,15,1
Prague_1,2022-11-16,0,,2022,11,16,2
Prague_1,2022-11-17,1,Den boje za svobodu a demokracii,2022,11,17,3
Prague_1,2022-11-18,0,,2022,11,18,4
Prague_1,2022-11-19,0,,2022,11,19,5
Prague_1,2022-11-20,0,,2022,11,20,6
Prague_1,2022-11-21,0,,2022,11,21,0
Prague_1,2022-11-22,0,,2022,11,22,1
Prague_1,2022-11-23,0,,2022,11,23,2
Prague_1,2022-11-24,0,,2022,11,24,3
Prague_1,2022-11-25,0,,2022,11,25,4
Prague_1,2022-11-26,0,,2022,11,26,5
Prague_1,2022-11-27,0,,2022,11,27,6
Prague_1,2022-11-28,0,,2022,11,28,0
Prague_1,2022-11-29,0,,2022,11,29,1
Prague_1,2022-11-30,0,,2022,11,30,2
Prague_1,2022-12-01,0,,2022,12,1,3
Prague_1,2022-12-02,0,,2022,12,2,4
Prague_1,2022-12-03,0,,2022,12,3,5
Prague_1,2022-12-04,0,,2022,12,4,6
Prague_1,2022-12-05,0,,2022,12,5,0
Prague_1,2022-12-06,0,,2022,12,6,1
Prague_1,2022-12-07,0,,2022,12,7,2
Prague_1,2022-12-08,0,,2022,12,8,3
Prague_1,2022-12-09,0,,2022,12,9,4
Prague_1,2022-12-10,0,,2022,12,10,5
Prague_1,2022-12-11,0,,2022,12,11,6
Prague_1,2022-12-12,0,,2022,12,12,0
Prague_1,2022-12-13,0,,2022,12,13,1
Prague_1,2022-12-14,0,,2022,12,14,2
Prague_1,2022-12-15,0,,2022,12,15,3
Prague_1,2022-12-16,0,,2022,12,16,4
Prague_1,2022-12-17,0,,2022,12,17,5
Prague_1,2022-12-18,0,,2022,12,18,6
Prague_1,2022-12-19,0,,2022,12,19,0
Prague_1,2022-12-20,0,,2022,12,20,1
Prague_1,2022-12-21,0,,2022,12,21,2
Prague_1,2022-12-22,0,,2022,12,22,3
Prague_1,2022-12-23,0,,2022,12,23,4
Prague_1,2022-12-24,1,Christmas Eve,2022,12,24,5
Prague_1,2022-12-25,1,1st Christmas Day,2022,12,25,6
Prague_1,2022-12-26,1,2nd Christmas Day,2022,12,26,0
Prague_1,2022-12-27,0,,2022,12,27,1
Prague_1,2022-12-28,0,,2022,12,28,2
Prague_1,2022-12-29,0,,2022,12,29,3
Prague_1,2022-12-30,0,,2022,12,30,4
Prague_1,2022-12-31,0,,2022,12,31,5
Prague_1,2023-01-01,1,New Years Day,2023,1,1,6
Prague_1,2023-01-02,0,,2023,1,2,0
Prague_1,2023-01-03,0,,2023,1,3,1
Prague_1,2023-01-04,0,,2023,1,4,2
Prague_1,2023-01-05,0,,2023,1,5,3
Prague_1,2023-01-06,0,,2023,1,6,4
Prague_1,2023-01-07,0,,2023,1,7,5
Prague_1,2023-01-08,0,,2023,1,8,6
Prague_1,2023-01-09,0,,2023,1,9,0
Prague_1,2023-01-10,0,,2023,1,10,1
Prague_1,2023-01-11,0,,2023,1,11,2
Prague_1,2023-01-12,0,,2023,1,12,3
Prague_1,2023-01-13,0,,2023,1,13,4
Prague_1,2023-01-14,0,,2023,1,14,5
Prague_1,2023-01-15,0,,2023,1,15,6
Prague_1,2023-01-16,0,,2023,1,16,0
Prague_1,2023-01-17,0,,2023,1,17,1
Prague_1,2023-01-18,0,,2023,1,18,2
Prague_1,2023-01-19,0,,2023,1,19,3
Prague_1,2023-01-20,0,,2023,1,20,4
Prague_1,2023-01-21,0,,2023,1,21,5
Prague_1,2023-01-22,0,,2023,1,22,6
Prague_1,2023-01-23,0,,2023,1,23,0
Prague_1,2023-01-24,0,,2023,1,24,1
Prague_1,2023-01-25,0,,2023,1,25,2
Prague_1,2023-01-26,0,,2023,1,26,3
Prague_1,2023-01-27,0,,2023,1,27,4
Prague_1,2023-01-28,0,,2023,1,28,5
Prague_1,2023-01-29,0,,2023,1,29,6
Prague_1,2023-01-30,0,,2023,1,30,0
Prague_1,2023-01-31,0,,2023,1,31,1
Prague_1,2023-02-01,0,,2023,2,1,2
Prague_1,2023-02-02,0,,2023,2,2,3
Prague_1,2023-02-03,0,,2023,2,3,4
Prague_1,2023-02-04,0,,2023,2,4,5
Prague_1,2023-02-05,0,,2023,2,5,6
Prague_1,2023-02-06,0,,2023,2,6,0
Prague_1,2023-02-07,0,,2023,2,7,1
Prague_1,2023-02-08,0,,2023,2,8,2
Prague_1,2023-02-09,0,,2023,2,9,3
Prague_1,2023-02-10,0,,2023,2,10,4
Prague_1,2023-02-11,0,,2023,2,11,5
Prague_1,2023-02-12,0,,2023,2,12,6
Prague_1,2023-02-13,0,,2023,2,13,0
Prague_1,2023-02-14,0,,2023,2,14,1
Prague_1,2023-02-15,0,,2023,2,15,2
Prague_1,2023-02-16,0,,2023,2,16,3
Prague_1,2023-02-17,0,,2023,2,17,4
Prague_1,2023-02-18,0,,2023,2,18,5
Prague_1,2023-02-19,0,,2023,2,19,6
Prague_1,2023-02-20,0,,2023,2,20,0
Prague_1,2023-02-21,0,,2023,2,21,1
Prague_1,2023-02-22,0,,2023,2,22,2
Prague_1,2023-02-23,0,,2023,2,23,3
Prague_1,2023-02-24,0,,2023,2,24,4
Prague_1,2023-02-25,0,,2023,2,25,5
Prague_1,2023-02-26,0,,2023,2,26,6
Prague_1,2023-02-27,0,,2023,2,27,0
Prague_1,2023-02-28,0,,2023,2,28,1
Prague_1,2023-03-01,0,,2023,3,1,2
Prague_1,2023-03-02,0,,2023,3,2,3
Prague_1,2023-03-03,0,,2023,3,3,4
Prague_1,2023-03-04,0,,2023,3,4,5
Prague_1,2023-03-05,0,,2023,3,5,6
Prague_1,2023-03-06,0,,2023,3,6,0
Prague_1,2023-03-07,0,,2023,3,7,1
Prague_1,2023-03-08,1,International womens day,2023,3,8,2
Prague_1,2023-03-09,0,,2023,3,9,3
Prague_1,2023-03-10,0,,2023,3,10,4
Prague_1,2023-03-11,0,,2023,3,11,5
Prague_1,2023-03-12,0,,2023,3,12,6
Prague_1,2023-03-13,0,,2023,3,13,0
Prague_1,2023-03-14,0,,2023,3,14,1
Prague_1,2023-03-15,0,,2023,3,15,2
Prague_1,2023-03-16,0,,2023,3,16,3
Prague_1,2023-03-17,0,,2023,3,17,4
Prague_1,2023-03-18,0,,2023,3,18,5
Prague_1,2023-03-19,0,,2023,3,19,6
Prague_1,2023-03-20,0,,2023,3,20,0
Prague_1,2023-03-21,0,,2023,3,21,1
Prague_1,2023-03-22,0,,2023,3,22,2
Prague_1,2023-03-23,0,,2023,3,23,3
Prague_1,2023-03-24,0,,2023,3,24,4
Prague_1,2023-03-25,0,,2023,3,25,5
Prague_1,2023-03-26,0,,2023,3,26,6
Prague_1,2023-03-27,0,,2023,3,27,0
Prague_1,2023-03-28,0,,2023,3,28,1
Prague_1,2023-03-29,0,,2023,3,29,2
Prague_1,2023-03-30,0,,2023,3,30,3
Prague_1,2023-03-31,0,,2023,3,31,4
Prague_1,2023-04-01,0,,2023,4,1,5
Prague_1,2023-04-02,0,,2023,4,2,6
Prague_1,2023-04-03,0,,2023,4,3,0
Prague_1,2023-04-04,0,,2023,4,4,1
Prague_1,2023-04-05,0,,2023,4,5,2
Prague_1,2023-04-06,0,,2023,4,6,3
Prague_1,2023-04-07,1,Good Friday,2023,4,7,4
Prague_1,2023-04-08,1,Good Friday,2023,4,8,5
Prague_1,2023-04-09,1,Easter Day,2023,4,9,6
Prague_1,2023-04-10,1,Easter Monday,2023,4,10,0
Prague_1,2023-04-11,0,,2023,4,11,1
Prague_1,2023-04-12,0,,2023,4,12,2
Prague_1,2023-04-13,0,,2023,4,13,3
Prague_1,2023-04-14,0,,2023,4,14,4
Prague_1,2023-04-15,1,Good Friday,2023,4,15,5
Prague_1,2023-04-16,1,Good Friday,2023,4,16,6
Prague_1,2023-04-17,1,Easter Day,2023,4,17,0
Prague_1,2023-04-18,1,Easter Monday,2023,4,18,1
Prague_1,2023-04-19,0,,2023,4,19,2
Prague_1,2023-04-20,0,,2023,4,20,3
Prague_1,2023-04-21,0,,2023,4,21,4
Prague_1,2023-04-22,0,,2023,4,22,5
Prague_1,2023-04-23,0,,2023,4,23,6
Prague_1,2023-04-24,0,,2023,4,24,0
Prague_1,2023-04-25,0,,2023,4,25,1
Prague_1,2023-04-26,0,,2023,4,26,2
Prague_1,2023-04-27,0,,2023,4,27,3
Prague_1,2023-04-28,0,,2023,4,28,4
Prague_1,2023-04-29,0,,2023,4,29,5
Prague_1,2023-04-30,0,,2023,4,30,6
Prague_1,2023-05-01,1,Labour Day,2023,5,1,0
Prague_1,2023-05-02,0,,2023,5,2,1
Prague_1,2023-05-03,0,,2023,5,3,2
Prague_1,2023-05-04,0,,2023,5,4,3
Prague_1,2023-05-05,0,,2023,5,5,4
Prague_1,2023-05-06,0,,2023,5,6,5
Prague_1,2023-05-07,0,,2023,5,7,6
Prague_1,2023-05-08,1,Mother's Day,2023,5,8,0
Prague_1,2023-05-09,0,,2023,5,9,1
Prague_1,2023-05-10,0,,2023,5,10,2
Prague_1,2023-05-11,0,,2023,5,11,3
Prague_1,2023-05-12,0,,2023,5,12,4
Prague_1,2023-05-13,0,,2023,5,13,5
Prague_1,2023-05-14,1,Mother's Day,2023,5,14,6
Prague_1,2023-05-15,0,,2023,5,15,0
Prague_1,2023-05-16,0,,2023,5,16,1
Prague_1,2023-05-17,0,,2023,5,17,2
Prague_1,2023-05-18,0,,2023,5,18,3
Prague_1,2023-05-19,0,,2023,5,19,4
Prague_1,2023-05-20,0,,2023,5,20,5
Prague_1,2023-05-21,0,,2023,5,21,6
Prague_1,2023-05-22,0,,2023,5,22,0
Prague_1,2023-05-23,0,,2023,5,23,1
Prague_1,2023-05-24,0,,2023,5,24,2
Prague_1,2023-05-25,0,,2023,5,25,3
Prague_1,2023-05-26,0,,2023,5,26,4
Prague_1,2023-05-27,0,,2023,5,27,5
Prague_1,2023-05-28,0,,2023,5,28,6
Prague_1,2023-05-29,0,,2023,5,29,0
Prague_1,2023-05-30,0,,2023,5,30,1
Prague_1,2023-05-31,0,,2023,5,31,2
Prague_1,2023-06-01,0,,2023,6,1,3
Prague_1,2023-06-02,0,,2023,6,2,4
Prague_1,2023-06-03,0,,2023,6,3,5
Prague_1,2023-06-04,0,,2023,6,4,6
Prague_1,2023-06-05,0,,2023,6,5,0
Prague_1,2023-06-06,0,,2023,6,6,1
Prague_1,2023-06-07,0,,2023,6,7,2
Prague_1,2023-06-08,0,,2023,6,8,3
Prague_1,2023-06-09,0,,2023,6,9,4
Prague_1,2023-06-10,0,,2023,6,10,5
Prague_1,2023-06-11,0,,2023,6,11,6
Prague_1,2023-06-12,0,,2023,6,12,0
Prague_1,2023-06-13,0,,2023,6,13,1
Prague_1,2023-06-14,0,,2023,6,14,2
Prague_1,2023-06-15,0,,2023,6,15,3
Prague_1,2023-06-16,0,,2023,6,16,4
Prague_1,2023-06-17,0,,2023,6,17,5
Prague_1,2023-06-18,0,,2023,6,18,6
Prague_1,2023-06-19,0,,2023,6,19,0
Prague_1,2023-06-20,0,,2023,6,20,1
Prague_1,2023-06-21,0,,2023,6,21,2
Prague_1,2023-06-22,0,,2023,6,22,3
Prague_1,2023-06-23,0,,2023,6,23,4
Prague_1,2023-06-24,0,,2023,6,24,5
Prague_1,2023-06-25,0,,2023,6,25,6
Prague_1,2023-06-26,0,,2023,6,26,0
Prague_1,2023-06-27,0,,2023,6,27,1
Prague_1,2023-06-28,0,,2023,6,28,2
Prague_1,2023-06-29,0,,2023,6,29,3
Prague_1,2023-06-30,0,,2023,6,30,4
Prague_1,2023-07-01,0,,2023,7,1,5
Prague_1,2023-07-02,0,,2023,7,2,6
Prague_1,2023-07-03,0,,2023,7,3,0
Prague_1,2023-07-04,0,,2023,7,4,1
Prague_1,2023-07-05,1,Cyrila a Metodej,2023,7,5,2
Prague_1,2023-07-06,1,Jan Hus,2023,7,6,3
Prague_1,2023-07-07,0,,2023,7,7,4
Prague_1,2023-07-08,0,,2023,7,8,5
Prague_1,2023-07-09,0,,2023,7,9,6
Prague_1,2023-07-10,0,,2023,7,10,0
Prague_1,2023-07-11,0,,2023,7,11,1
Prague_1,2023-07-12,0,,2023,7,12,2
Prague_1,2023-07-13,0,,2023,7,13,3
Prague_1,2023-07-14,0,,2023,7,14,4
Prague_1,2023-07-15,0,,2023,7,15,5
Prague_1,2023-07-16,0,,2023,7,16,6
Prague_1,2023-07-17,0,,2023,7,17,0
Prague_1,2023-07-18,0,,2023,7,18,1
Prague_1,2023-07-19,0,,2023,7,19,2
Prague_1,2023-07-20,0,,2023,7,20,3
Prague_1,2023-07-21,0,,2023,7,21,4
Prague_1,2023-07-22,0,,2023,7,22,5
Prague_1,2023-07-23,0,,2023,7,23,6
Prague_1,2023-07-24,0,,2023,7,24,0
Prague_1,2023-07-25,0,,2023,7,25,1
Prague_1,2023-07-26,0,,2023,7,26,2
Prague_1,2023-07-27,0,,2023,7,27,3
Prague_1,2023-07-28,0,,2023,7,28,4
Prague_1,2023-07-29,0,,2023,7,29,5
Prague_1,2023-07-30,0,,2023,7,30,6
Prague_1,2023-07-31,0,,2023,7,31,0
Prague_1,2023-08-01,0,,2023,8,1,1
Prague_1,2023-08-02,0,,2023,8,2,2
Prague_1,2023-08-03,0,,2023,8,3,3
Prague_1,2023-08-04,0,,2023,8,4,4
Prague_1,2023-08-05,0,,2023,8,5,5
Prague_1,2023-08-06,0,,2023,8,6,6
Prague_1,2023-08-07,0,,2023,8,7,0
Prague_1,2023-08-08,0,,2023,8,8,1
Prague_1,2023-08-09,0,,2023,8,9,2
Prague_1,2023-08-10,0,,2023,8,10,3
Prague_1,2023-08-11,0,,2023,8,11,4
Prague_1,2023-08-12,0,,2023,8,12,5
Prague_1,2023-08-13,0,,2023,8,13,6
Prague_1,2023-08-14,0,,2023,8,14,0
Prague_1,2023-08-15,0,,2023,8,15,1
Prague_1,2023-08-16,0,,2023,8,16,2
Prague_1,2023-08-17,0,,2023,8,17,3
Prague_1,2023-08-18,0,,2023,8,18,4
Prague_1,2023-08-19,0,,2023,8,19,5
Prague_1,2023-08-20,0,,2023,8,20,6
Prague_1,2023-08-21,0,,2023,8,21,0
Prague_1,2023-08-22,0,,2023,8,22,1
Prague_1,2023-08-23,0,,2023,8,23,2
Prague_1,2023-08-24,0,,2023,8,24,3
Prague_1,2023-08-25,0,,2023,8,25,4
Prague_1,2023-08-26,0,,2023,8,26,5
Prague_1,2023-08-27,0,,2023,8,27,6
Prague_1,2023-08-28,0,,2023,8,28,0
Prague_1,2023-08-29,0,,2023,8,29,1
Prague_1,2023-08-30,0,,2023,8,30,2
Prague_1,2023-08-31,0,,2023,8,31,3
Prague_1,2023-09-01,0,,2023,9,1,4
Prague_1,2023-09-02,0,,2023,9,2,5
Prague_1,2023-09-03,0,,2023,9,3,6
Prague_1,2023-09-04,0,,2023,9,4,0
Prague_1,2023-09-05,0,,2023,9,5,1
Prague_1,2023-09-06,0,,2023,9,6,2
Prague_1,2023-09-07,0,,2023,9,7,3
Prague_1,2023-09-08,0,,2023,9,8,4
Prague_1,2023-09-09,0,,2023,9,9,5
Prague_1,2023-09-10,0,,2023,9,10,6
Prague_1,2023-09-11,0,,2023,9,11,0
Prague_1,2023-09-12,0,,2023,9,12,1
Prague_1,2023-09-13,0,,2023,9,13,2
Prague_1,2023-09-14,0,,2023,9,14,3
Prague_1,2023-09-15,0,,2023,9,15,4
Prague_1,2023-09-16,0,,2023,9,16,5
Prague_1,2023-09-17,0,,2023,9,17,6
Prague_1,2023-09-18,0,,2023,9,18,0
Prague_1,2023-09-19,0,,2023,9,19,1
Prague_1,2023-09-20,0,,2023,9,20,2
Prague_1,2023-09-21,0,,2023,9,21,3
Prague_1,2023-09-22,0,,2023,9,22,4
Prague_1,2023-09-23,0,,2023,9,23,5
Prague_1,2023-09-24,0,,2023,9,24,6
Prague_1,2023-09-25,0,,2023,9,25,0
Prague_1,2023-09-26,0,,2023,9,26,1
Prague_1,2023-09-27,0,,2023,9,27,2
Prague_1,2023-09-28,1,Den ceske statnosti,2023,9,28,3
Prague_1,2023-09-29,0,,2023,9,29,4
Prague_1,2023-09-30,0,,2023,9,30,5
Prague_1,2023-10-01,0,,2023,10,1,6
Prague_1,2023-10-02,0,,2023,10,2,0
Prague_1,2023-10-03,0,,2023,10,3,1
Prague_1,2023-10-04,0,,2023,10,4,2
Prague_1,2023-10-05,0,,2023,10,5,3
Prague_1,2023-10-06,0,,2023,10,6,4
Prague_1,2023-10-07,0,,2023,10,7,5
Prague_1,2023-10-08,0,,2023,10,8,6
Prague_1,2023-10-09,0,,2023,10,9,0
Prague_1,2023-10-10,0,,2023,10,10,1
Prague_1,2023-10-11,0,,2023,10,11,2
Prague_1,2023-10-12,0,,2023,10,12,3
Prague_1,2023-10-13,0,,2023,10,13,4
Prague_1,2023-10-14,0,,2023,10,14,5
Prague_1,2023-10-15,0,,2023,10,15,6
Prague_1,2023-10-16,0,,2023,10,16,0
Prague_1,2023-10-17,0,,2023,10,17,1
Prague_1,2023-10-18,0,,2023,10,18,2
Prague_1,2023-10-19,0,,2023,10,19,3
Prague_1,2023-10-20,0,,2023,10,20,4
Prague_1,2023-10-21,0,,2023,10,21,5
Prague_1,2023-10-22,0,,2023,10,22,6
Prague_1,2023-10-23,0,,2023,10,23,0
Prague_1,2023-10-24,0,,2023,10,24,1
Prague_1,2023-10-25,0,,2023,10,25,2
Prague_1,2023-10-26,0,,2023,10,26,3
Prague_1,2023-10-27,0,,2023,10,27,4
Prague_1,2023-10-28,1,Den vzniku samostatneho ceskoslovenskeho statu,2023,10,28,5
Prague_1,2023-10-29,0,,2023,10,29,6
Prague_1,2023-10-30,0,,2023,10,30,0
Prague_1,2023-10-31,0,,2023,10,31,1
Prague_1,2023-11-01,0,,2023,11,1,2
Prague_1,2023-11-02,0,,2023,11,2,3
Prague_1,2023-11-03,0,,2023,11,3,4
Prague_1,2023-11-04,0,,2023,11,4,5
Prague_1,2023-11-05,0,,2023,11,5,6
Prague_1,2023-11-06,0,,2023,11,6,0
Prague_1,2023-11-07,0,,2023,11,7,1
Prague_1,2023-11-08,0,,2023,11,8,2
Prague_1,2023-11-09,0,,2023,11,9,3
Prague_1,2023-11-10,0,,2023,11,10,4
Prague_1,2023-11-11,0,,2023,11,11,5
Prague_1,2023-11-12,0,,2023,11,12,6
Prague_1,2023-11-13,0,,2023,11,13,0
Prague_1,2023-11-14,0,,2023,11,14,1
Prague_1,2023-11-15,0,,2023,11,15,2
Prague_1,2023-11-16,0,,2023,11,16,3
Prague_1,2023-11-17,1,Den boje za svobodu a demokracii,2023,11,17,4
Prague_1,2023-11-18,0,,2023,11,18,5
Prague_1,2023-11-19,0,,2023,11,19,6
Prague_1,2023-11-20,0,,2023,11,20,0
Prague_1,2023-11-21,0,,2023,11,21,1
Prague_1,2023-11-22,0,,2023,11,22,2
Prague_1,2023-11-23,0,,2023,11,23,3
Prague_1,2023-11-24,0,,2023,11,24,4
Prague_1,2023-11-25,0,,2023,11,25,5
Prague_1,2023-11-26,0,,2023,11,26,6
Prague_1,2023-11-27,0,,2023,11,27,0
Prague_1,2023-11-28,0,,2023,11,28,1
Prague_1,2023-11-29,0,,2023,11,29,2
Prague_1,2023-11-30,0,,2023,11,30,3
Prague_1,2023-12-01,0,,2023,12,1,4
Prague_1,2023-12-02,0,,2023,12,2,5
Prague_1,2023-12-03,0,,2023,12,3,6
Prague_1,2023-12-04,0,,2023,12,4,0
Prague_1,2023-12-05,0,,2023,12,5,1
Prague_1,2023-12-06,0,,2023,12,6,2
Prague_1,2023-12-07,0,,2023,12,7,3
Prague_1,2023-12-08,0,,2023,12,8,4
Prague_1,2023-12-09,0,,2023,12,9,5
Prague_1,2023-12-10,0,,2023,12,10,6
Prague_1,2023-12-11,0,,2023,12,11,0
Prague_1,2023-12-12,0,,2023,12,12,1
Prague_1,2023-12-13,0,,2023,12,13,2
Prague_1,2023-12-14,0,,2023,12,14,3
Prague_1,2023-12-15,0,,2023,12,15,4
Prague_1,2023-12-16,0,,2023,12,16,5
Prague_1,2023-12-17,0,,2023,12,17,6
Prague_1,2023-12-18,0,,2023,12,18,0
Prague_1,2023-12-19,0,,2023,12,19,1
Prague_1,2023-12-20,0,,2023,12,20,2
Prague_1,2023-12-21,0,,2023,12,21,3
Prague_1,2023-12-22,0,,2023,12,22,4
Prague_1,2023-12-23,0,,2023,12,23,5
Prague_1,2023-12-24,1,Christmas Eve,2023,12,24,6
Prague_1,2023-12-25,1,1st Christmas Day,2023,12,25,0
Prague_1,2023-12-26,1,2nd Christmas Day,2023,12,26,1
Prague_1,2023-12-27,0,,2023,12,27,2
Prague_1,2023-12-28,0,,2023,12,28,3
Prague_1,2023-12-29,0,,2023,12,29,4
Prague_1,2023-12-30,0,,2023,12,30,5
Prague_1,2023-12-31,0,,2023,12,31,6
Prague_1,2024-01-01,1,New Years Day,2024,1,1,0
Prague_1,2024-01-02,0,,2024,1,2,1
Prague_1,2024-01-03,0,,2024,1,3,2
Prague_1,2024-01-04,0,,2024,1,4,3
Prague_1,2024-01-05,0,,2024,1,5,4
Prague_1,2024-01-06,0,,2024,1,6,5
Prague_1,2024-01-07,0,,2024,1,7,6
Prague_1,2024-01-08,0,,2024,1,8,0
Prague_1,2024-01-09,0,,2024,1,9,1
Prague_1,2024-01-10,0,,2024,1,10,2
Prague_1,2024-01-11,0,,2024,1,11,3
Prague_1,2024-01-12,0,,2024,1,12,4
Prague_1,2024-01-13,0,,2024,1,13,5
Prague_1,2024-01-14,0,,2024,1,14,6
Prague_1,2024-01-15,0,,2024,1,15,0
Prague_1,2024-01-16,0,,2024,1,16,1
Prague_1,2024-01-17,0,,2024,1,17,2
Prague_1,2024-01-18,0,,2024,1,18,3
Prague_1,2024-01-19,0,,2024,1,19,4
Prague_1,2024-01-20,0,,2024,1,20,5
Prague_1,2024-01-21,0,,2024,1,21,6
Prague_1,2024-01-22,0,,2024,1,22,0
Prague_1,2024-01-23,0,,2024,1,23,1
Prague_1,2024-01-24,0,,2024,1,24,2
Prague_1,2024-01-25,0,,2024,1,25,3
Prague_1,2024-01-26,0,,2024,1,26,4
Prague_1,2024-01-27,0,,2024,1,27,5
Prague_1,2024-01-28,0,,2024,1,28,6
Prague_1,2024-01-29,0,,2024,1,29,0
Prague_1,2024-01-30,0,,2024,1,30,1
Prague_1,2024-01-31,0,,2024,1,31,2
Prague_1,2024-02-01,0,,2024,2,1,3
Prague_1,2024-02-02,0,,2024,2,2,4
Prague_1,2024-02-03,0,,2024,2,3,5
Prague_1,2024-02-04,0,,2024,2,4,6
Prague_1,2024-02-05,0,,2024,2,5,0
Prague_1,2024-02-06,0,,2024,2,6,1
Prague_1,2024-02-07,0,,2024,2,7,2
Prague_1,2024-02-08,0,,2024,2,8,3
Prague_1,2024-02-09,0,,2024,2,9,4
Prague_1,2024-02-10,0,,2024,2,10,5
Prague_1,2024-02-11,0,,2024,2,11,6
Prague_1,2024-02-12,0,,2024,2,12,0
Prague_1,2024-02-13,0,,2024,2,13,1
Prague_1,2024-02-14,0,,2024,2,14,2
Prague_1,2024-02-15,0,,2024,2,15,3
Prague_1,2024-02-16,0,,2024,2,16,4
Prague_1,2024-02-17,0,,2024,2,17,5
Prague_1,2024-02-18,0,,2024,2,18,6
Prague_1,2024-02-19,0,,2024,2,19,0
Prague_1,2024-02-20,0,,2024,2,20,1
Prague_1,2024-02-21,0,,2024,2,21,2
Prague_1,2024-02-22,0,,2024,2,22,3
Prague_1,2024-02-23,0,,2024,2,23,4
Prague_1,2024-02-24,0,,2024,2,24,5
Prague_1,2024-02-25,0,,2024,2,25,6
Prague_1,2024-02-26,0,,2024,2,26,0
Prague_1,2024-02-27,0,,2024,2,27,1
Prague_1,2024-02-28,0,,2024,2,28,2
Prague_1,2024-02-29,0,,2024,2,29,3
Prague_1,2024-03-01,0,,2024,3,1,4
Prague_1,2024-03-02,0,,2024,3,2,5
Prague_1,2024-03-03,0,,2024,3,3,6
Prague_1,2024-03-04,0,,2024,3,4,0
Prague_1,2024-03-05,0,,2024,3,5,1
Prague_1,2024-03-06,0,,2024,3,6,2
Prague_1,2024-03-07,0,,2024,3,7,3
Prague_1,2024-03-08,1,International womens day,2024,3,8,4
Prague_1,2024-03-09,0,,2024,3,9,5
Prague_1,2024-03-10,0,,2024,3,10,6
Prague_1,2024-03-11,0,,2024,3,11,0
Prague_1,2024-03-12,0,,2024,3,12,1
Prague_1,2024-03-13,0,,2024,3,13,2
Prague_1,2024-03-14,0,,2024,3,14,3
Prague_1,2024-03-15,0,,2024,3,15,4
Prague_1,2024-03-16,0,,2024,3,16,5
Prague_1,2024-03-17,0,,2024,3,17,6
Prague_1,2024-03-18,0,,2024,3,18,0
Prague_1,2024-03-19,0,,2024,3,19,1
Prague_1,2024-03-20,0,,2024,3,20,2
Prague_1,2024-03-21,0,,2024,3,21,3
Prague_1,2024-03-22,0,,2024,3,22,4
Prague_1,2024-03-23,0,,2024,3,23,5
Prague_1,2024-03-24,0,,2024,3,24,6
Prague_1,2024-03-25,0,,2024,3,25,0
Prague_1,2024-03-26,0,,2024,3,26,1
Prague_1,2024-03-27,0,,2024,3,27,2
Prague_1,2024-03-28,0,,2024,3,28,3
Prague_1,2024-03-29,1,Good Friday,2024,3,29,4
Prague_1,2024-03-30,1,,2024,3,30,5
Prague_1,2024-03-31,1,Easter Day,2024,3,31,6
Prague_1,2024-04-01,1,Easter Monday,2024,4,1,0
Prague_1,2024-04-02,0,,2024,4,2,1
Prague_1,2024-04-03,0,,2024,4,3,2
Prague_1,2024-04-04,0,,2024,4,4,3
Prague_1,2024-04-05,0,,2024,4,5,4
Prague_1,2024-04-06,0,,2024,4,6,5
Prague_1,2024-04-07,1,Good Friday,2024,4,7,6
Prague_1,2024-04-08,1,Good Friday,2024,4,8,0
Prague_1,2024-04-09,1,Easter Day,2024,4,9,1
Prague_1,2024-04-10,1,Easter Monday,2024,4,10,2
Prague_1,2024-04-11,0,,2024,4,11,3
Prague_1,2024-04-12,0,,2024,4,12,4
Prague_1,2024-04-13,0,,2024,4,13,5
Prague_1,2024-04-14,0,,2024,4,14,6
Prague_1,2024-04-15,0,,2024,4,15,0
Prague_1,2024-04-16,0,,2024,4,16,1
Prague_1,2024-04-17,0,,2024,4,17,2
Prague_1,2024-04-18,0,,2024,4,18,3
Prague_1,2024-04-19,0,,2024,4,19,4
Prague_1,2024-04-20,0,,2024,4,20,5
Prague_1,2024-04-21,0,,2024,4,21,6
Prague_1,2024-04-22,0,,2024,4,22,0
Prague_1,2024-04-23,0,,2024,4,23,1
Prague_1,2024-04-24,0,,2024,4,24,2
Prague_1,2024-04-25,0,,2024,4,25,3
Prague_1,2024-04-26,0,,2024,4,26,4
Prague_1,2024-04-27,0,,2024,4,27,5
Prague_1,2024-04-28,0,,2024,4,28,6
Prague_1,2024-04-29,0,,2024,4,29,0
Prague_1,2024-04-30,0,,2024,4,30,1
Prague_1,2024-05-01,1,Labour Day,2024,5,1,2
Prague_1,2024-05-02,0,,2024,5,2,3
Prague_1,2024-05-03,0,,2024,5,3,4
Prague_1,2024-05-04,0,,2024,5,4,5
Prague_1,2024-05-05,0,,2024,5,5,6
Prague_1,2024-05-06,0,,2024,5,6,0
Prague_1,2024-05-07,0,,2024,5,7,1
Prague_1,2024-05-08,1,Den osvobozeni,2024,5,8,2
Prague_1,2024-05-09,0,,2024,5,9,3
Prague_1,2024-05-10,0,,2024,5,10,4
Prague_1,2024-05-11,0,,2024,5,11,5
Prague_1,2024-05-12,1,Mother's Day,2024,5,12,6
Prague_1,2024-05-13,0,,2024,5,13,0
Prague_1,2024-05-14,1,Mother's Day,2024,5,14,1
Prague_1,2024-05-15,0,,2024,5,15,2
Prague_1,2024-05-16,0,,2024,5,16,3
Prague_1,2024-05-17,0,,2024,5,17,4
Prague_1,2024-05-18,0,,2024,5,18,5
Prague_1,2024-05-19,0,,2024,5,19,6
Prague_1,2024-05-20,0,,2024,5,20,0
Prague_1,2024-05-21,0,,2024,5,21,1
Prague_1,2024-05-22,0,,2024,5,22,2
Prague_1,2024-05-23,0,,2024,5,23,3
Prague_1,2024-05-24,0,,2024,5,24,4
Prague_1,2024-05-25,0,,2024,5,25,5
Prague_1,2024-05-26,0,,2024,5,26,6
Prague_1,2024-05-27,0,,2024,5,27,0
Prague_1,2024-05-28,0,,2024,5,28,1
Prague_1,2024-05-29,0,,2024,5,29,2
Prague_1,2024-05-30,0,,2024,5,30,3
Prague_1,2024-05-31,0,,2024,5,31,4
Prague_1,2024-06-01,0,,2024,6,1,5
Prague_1,2024-06-02,0,,2024,6,2,6
Prague_1,2024-06-03,0,,2024,6,3,0
Prague_1,2024-06-04,0,,2024,6,4,1
Prague_1,2024-06-05,0,,2024,6,5,2
Prague_1,2024-06-06,0,,2024,6,6,3
Prague_1,2024-06-07,0,,2024,6,7,4
Prague_1,2024-06-08,0,,2024,6,8,5
Prague_1,2024-06-09,0,,2024,6,9,6
Prague_1,2024-06-10,0,,2024,6,10,0
Prague_1,2024-06-11,0,,2024,6,11,1
Prague_1,2024-06-12,0,,2024,6,12,2
Prague_1,2024-06-13,0,,2024,6,13,3
Prague_1,2024-06-14,0,,2024,6,14,4
Prague_1,2024-06-15,0,,2024,6,15,5
Prague_1,2024-06-16,0,,2024,6,16,6
Prague_1,2024-06-17,0,,2024,6,17,0
Prague_1,2024-06-18,0,,2024,6,18,1
Prague_1,2024-06-19,0,,2024,6,19,2
Prague_1,2024-06-20,0,,2024,6,20,3
Prague_1,2024-06-21,0,,2024,6,21,4
Prague_1,2024-06-22,0,,2024,6,22,5
Prague_1,2024-06-23,0,,2024,6,23,6
Prague_1,2024-06-24,0,,2024,6,24,0
Prague_1,2024-06-25,0,,2024,6,25,1
Prague_1,2024-06-26,0,,2024,6,26,2
Prague_1,2024-06-27,0,,2024,6,27,3
Prague_1,2024-06-28,0,,2024,6,28,4
Prague_1,2024-06-29,0,,2024,6,29,5
Prague_1,2024-06-30,0,,2024,6,30,6
Prague_1,2024-07-01,0,,2024,7,1,0
Prague_1,2024-07-02,0,,2024,7,2,1
Prague_1,2024-07-03,0,,2024,7,3,2
Prague_1,2024-07-04,0,,2024,7,4,3
Prague_1,2024-07-05,1,Cyrila a Metodej,2024,7,5,4
Prague_1,2024-07-06,1,Jan Hus,2024,7,6,5
Prague_1,2024-07-07,0,,2024,7,7,6
Prague_1,2024-07-08,0,,2024,7,8,0
Prague_1,2024-07-09,0,,2024,7,9,1
Prague_1,2024-07-10,0,,2024,7,10,2
Prague_1,2024-07-11,0,,2024,7,11,3
Prague_1,2024-07-12,0,,2024,7,12,4
Prague_1,2024-07-13,0,,2024,7,13,5
Prague_1,2024-07-14,0,,2024,7,14,6
Prague_1,2024-07-15,0,,2024,7,15,0
Prague_1,2024-07-16,0,,2024,7,16,1
Prague_1,2024-07-17,0,,2024,7,17,2
Prague_1,2024-07-18,0,,2024,7,18,3
Prague_1,2024-07-19,0,,2024,7,19,4
Prague_1,2024-07-20,0,,2024,7,20,5
Prague_1,2024-07-21,0,,2024,7,21,6
Prague_1,2024-07-22,0,,2024,7,22,0
Prague_1,2024-07-23,0,,2024,7,23,1
Prague_1,2024-07-24,0,,2024,7,24,2
Prague_1,2024-07-25,0,,2024,7,25,3
Prague_1,2024-07-26,0,,2024,7,26,4
Prague_1,2024-07-27,0,,2024,7,27,5
Prague_1,2024-07-28,0,,2024,7,28,6
Prague_1,2024-07-29,0,,2024,7,29,0
Prague_1,2024-07-30,0,,2024,7,30,1
Prague_1,2024-07-31,0,,2024,7,31,2
Prague_1,2024-08-01,0,,2024,8,1,3
Prague_1,2024-08-02,0,,2024,8,2,4
Prague_1,2024-08-03,0,,2024,8,3,5
Prague_1,2024-08-04,0,,2024,8,4,6
Prague_1,2024-08-05,0,,2024,8,5,0
Prague_1,2024-08-06,0,,2024,8,6,1
Prague_1,2024-08-07,0,,2024,8,7,2
Prague_1,2024-08-08,0,,2024,8,8,3
Prague_1,2024-08-09,0,,2024,8,9,4
Prague_1,2024-08-10,0,,2024,8,10,5
Prague_1,2024-08-11,0,,2024,8,11,6
Prague_1,2024-08-12,0,,2024,8,12,0
Prague_1,2024-08-13,0,,2024,8,13,1
Prague_1,2024-08-14,0,,2024,8,14,2
Prague_1,2024-08-15,0,,2024,8,15,3
Prague_1,2024-08-16,0,,2024,8,16,4
Prague_1,2024-08-17,0,,2024,8,17,5
Prague_1,2024-08-18,0,,2024,8,18,6
Prague_1,2024-08-19,0,,2024,8,19,0
Prague_1,2024-08-20,0,,2024,8,20,1
Prague_1,2024-08-21,0,,2024,8,21,2
Prague_1,2024-08-22,0,,2024,8,22,3
Prague_1,2024-08-23,0,,2024,8,23,4
Prague_1,2024-08-24,0,,2024,8,24,5
Prague_1,2024-08-25,0,,2024,8,25,6
Prague_1,2024-08-26,0,,2024,8,26,0
Prague_1,2024-08-27,0,,2024,8,27,1
Prague_1,2024-08-28,0,,2024,8,28,2
Prague_1,2024-08-29,0,,2024,8,29,3
Prague_1,2024-08-30,0,,2024,8,30,4
Prague_1,2024-08-31,0,,2024,8,31,5
Prague_1,2024-09-01,0,,2024,9,1,6
Prague_1,2024-09-02,0,,2024,9,2,0
Prague_1,2024-09-03,0,,2024,9,3,1
Prague_1,2024-09-04,0,,2024,9,4,2
Prague_1,2024-09-05,0,,2024,9,5,3
Prague_1,2024-09-06,0,,2024,9,6,4
Prague_1,2024-09-07,0,,2024,9,7,5
Prague_1,2024-09-08,0,,2024,9,8,6
Prague_1,2024-09-09,0,,2024,9,9,0
Prague_1,2024-09-10,0,,2024,9,10,1
Prague_1,2024-09-11,0,,2024,9,11,2
Prague_1,2024-09-12,0,,2024,9,12,3
Prague_1,2024-09-13,0,,2024,9,13,4
Prague_1,2024-09-14,0,,2024,9,14,5
Prague_1,2024-09-15,0,,2024,9,15,6
Prague_1,2024-09-16,0,,2024,9,16,0
Prague_1,2024-09-17,0,,2024,9,17,1
Prague_1,2024-09-18,0,,2024,9,18,2
Prague_1,2024-09-19,0,,2024,9,19,3
Prague_1,2024-09-20,0,,2024,9,20,4
Prague_1,2024-09-21,0,,2024,9,21,5
Prague_1,2024-09-22,0,,2024,9,22,6
Prague_1,2024-09-23,0,,2024,9,23,0
Prague_1,2024-09-24,0,,2024,9,24,1
Prague_1,2024-09-25,0,,2024,9,25,2
Prague_1,2024-09-26,0,,2024,9,26,3
Prague_1,2024-09-27,0,,2024,9,27,4
Prague_1,2024-09-28,1,Den ceske statnosti,2024,9,28,5
Prague_1,2024-09-29,0,,2024,9,29,6
Prague_1,2024-09-30,0,,2024,9,30,0
Prague_1,2024-10-01,0,,2024,10,1,1
Prague_1,2024-10-02,0,,2024,10,2,2
Prague_1,2024-10-03,0,,2024,10,3,3
Prague_1,2024-10-04,0,,2024,10,4,4
Prague_1,2024-10-05,0,,2024,10,5,5
Prague_1,2024-10-06,0,,2024,10,6,6
Prague_1,2024-10-07,0,,2024,10,7,0
Prague_1,2024-10-08,0,,2024,10,8,1
Prague_1,2024-10-09,0,,2024,10,9,2
Prague_1,2024-10-10,0,,2024,10,10,3
Prague_1,2024-10-11,0,,2024,10,11,4
Prague_1,2024-10-12,0,,2024,10,12,5
Prague_1,2024-10-13,0,,2024,10,13,6
Prague_1,2024-10-14,0,,2024,10,14,0
Prague_1,2024-10-15,0,,2024,10,15,1
Prague_1,2024-10-16,0,,2024,10,16,2
Prague_1,2024-10-17,0,,2024,10,17,3
Prague_1,2024-10-18,0,,2024,10,18,4
Prague_1,2024-10-19,0,,2024,10,19,5
Prague_1,2024-10-20,0,,2024,10,20,6
Prague_1,2024-10-21,0,,2024,10,21,0
Prague_1,2024-10-22,0,,2024,10,22,1
Prague_1,2024-10-23,0,,2024,10,23,2
Prague_1,2024-10-24,0,,2024,10,24,3
Prague_1,2024-10-25,0,,2024,10,25,4
Prague_1,2024-10-26,0,,2024,10,26,5
Prague_1,2024-10-27,0,,2024,10,27,6
Prague_1,2024-10-28,1,Den vzniku samostatneho ceskoslovenskeho statu,2024,10,28,0
Prague_1,2024-10-29,0,,2024,10,29,1
Prague_1,2024-10-30,0,,2024,10,30,2
Prague_1,2024-10-31,0,,2024,10,31,3
Prague_1,2024-11-01,0,,2024,11,1,4
Prague_1,2024-11-02,0,,2024,11,2,5
Prague_1,2024-11-03,0,,2024,11,3,6
Prague_1,2024-11-04,0,,2024,11,4,0
Prague_1,2024-11-05,0,,2024,11,5,1
Prague_1,2024-11-06,0,,2024,11,6,2
Prague_1,2024-11-07,0,,2024,11,7,3
Prague_1,2024-11-08,0,,2024,11,8,4
Prague_1,2024-11-09,0,,2024,11,9,5
Prague_1,2024-11-10,0,,2024,11,10,6
Prague_1,2024-11-11,0,,2024,11,11,0
Prague_1,2024-11-12,0,,2024,11,12,1
Prague_1,2024-11-13,0,,2024,11,13,2
Prague_1,2024-11-14,0,,2024,11,14,3
Prague_1,2024-11-15,0,,2024,11,15,4
Prague_1,2024-11-16,0,,2024,11,16,5
Prague_1,2024-11-17,1,Den boje za svobodu a demokracii,2024,11,17,6
Prague_1,2024-11-18,0,,2024,11,18,0
Prague_1,2024-11-19,0,,2024,11,19,1
Prague_1,2024-11-20,0,,2024,11,20,2
Prague_1,2024-11-21,0,,2024,11,21,3
Prague_1,2024-11-22,0,,2024,11,22,4
Prague_1,2024-11-23,0,,2024,11,23,5
Prague_1,2024-11-24,0,,2024,11,24,6
Prague_1,2024-11-25,0,,2024,11,25,0
Prague_1,2024-11-26,0,,2024,11,26,1
Prague_1,2024-11-27,0,,2024,11,27,2
Prague_1,2024-11-28,0,,2024,11,28,3
Prague_1,2024-11-29,0,,2024,11,29,4
Prague_1,2024-11-30,0,,2024,11,30,5
Prague_1,2024-12-01,0,,2024,12,1,6
Prague_1,2024-12-02,0,,2024,12,2,0
Prague_1,2024-12-03,0,,2024,12,3,1
Prague_1,2024-12-04,0,,2024,12,4,2
Prague_1,2024-12-05,0,,2024,12,5,3
Prague_1,2024-12-06,0,,2024,12,6,4
Prague_1,2024-12-07,0,,2024,12,7,5
Prague_1,2024-12-08,0,,2024,12,8,6
Prague_1,2024-12-09,0,,2024,12,9,0
Prague_1,2024-12-10,0,,2024,12,10,1
Prague_1,2024-12-11,0,,2024,12,11,2
Prague_1,2024-12-12,0,,2024,12,12,3
Prague_1,2024-12-13,0,,2024,12,13,4
Prague_1,2024-12-14,0,,2024,12,14,5
Prague_1,2024-12-15,0,,2024,12,15,6
Prague_1,2024-12-16,0,,2024,12,16,0
Prague_1,2024-12-17,0,,2024,12,17,1
Prague_1,2024-12-18,0,,2024,12,18,2
Prague_1,2024-12-19,0,,2024,12,19,3
Prague_1,2024-12-20,0,,2024,12,20,4
Prague_1,2024-12-21,0,,2024,12,21,5
Prague_1,2024-12-22,0,,2024,12,22,6
Prague_1,2024-12-23,0,,2024,12,23,0
Prague_1,2024-12-24,1,Christmas Eve,2024,12,24,1
Prague_1,2024-12-25,1,1st Christmas Day,2024,12,25,2
Prague_1,2024-12-26,1,2nd Christmas Day,2024,12,26,3
Prague_1,2024-12-27,0,,2024,12,27,4
Prague_1,2024-12-28,0,,2024,12,28,5
Prague_1,2024-12-29,0,,2024,12,29,6
Prague_1,2024-12-30,0,,2024,12,30,0
Prague_1,2024-12-31,0,,2024,12,31,1
Prague_2,2016-01-01,1,New Years Day,2016,1,1,4
Prague_2,2016-01-02,0,,2016,1,2,5
Prague_2,2016-01-03,0,,2016,1,3,6
Prague_2,2016-01-04,0,,2016,1,4,0
Prague_2,2016-01-05,0,,2016,1,5,1
Prague_2,2016-01-06,0,,2016,1,6,2
Prague_2,2016-01-07,0,,2016,1,7,3
Prague_2,2016-01-08,0,,2016,1,8,4
Prague_2,2016-01-09,0,,2016,1,9,5
Prague_2,2016-01-10,0,,2016,1,10,6
Prague_2,2016-01-11,0,,2016,1,11,0
Prague_2,2016-01-12,0,,2016,1,12,1
Prague_2,2016-01-13,0,,2016,1,13,2
Prague_2,2016-01-14,0,,2016,1,14,3
Prague_2,2016-01-15,0,,2016,1,15,4
Prague_2,2016-01-16,0,,2016,1,16,5
Prague_2,2016-01-17,0,,2016,1,17,6
Prague_2,2016-01-18,0,,2016,1,18,0
Prague_2,2016-01-19,0,,2016,1,19,1
Prague_2,2016-01-20,0,,2016,1,20,2
Prague_2,2016-01-21,0,,2016,1,21,3
Prague_2,2016-01-22,0,,2016,1,22,4
Prague_2,2016-01-23,0,,2016,1,23,5
Prague_2,2016-01-24,0,,2016,1,24,6
Prague_2,2016-01-25,0,,2016,1,25,0
Prague_2,2016-01-26,0,,2016,1,26,1
Prague_2,2016-01-27,0,,2016,1,27,2
Prague_2,2016-01-28,0,,2016,1,28,3
Prague_2,2016-01-29,0,,2016,1,29,4
Prague_2,2016-01-30,0,,2016,1,30,5
Prague_2,2016-01-31,0,,2016,1,31,6
Prague_2,2016-02-01,0,,2016,2,1,0
Prague_2,2016-02-02,0,,2016,2,2,1
Prague_2,2016-02-03,0,,2016,2,3,2
Prague_2,2016-02-04,0,,2016,2,4,3
Prague_2,2016-02-05,0,,2016,2,5,4
Prague_2,2016-02-06,0,,2016,2,6,5
Prague_2,2016-02-07,0,,2016,2,7,6
Prague_2,2016-02-08,0,,2016,2,8,0
Prague_2,2016-02-09,0,,2016,2,9,1
Prague_2,2016-02-10,0,,2016,2,10,2
Prague_2,2016-02-11,0,,2016,2,11,3
Prague_2,2016-02-12,0,,2016,2,12,4
Prague_2,2016-02-13,0,,2016,2,13,5
Prague_2,2016-02-14,0,,2016,2,14,6
Prague_2,2016-02-15,0,,2016,2,15,0
Prague_2,2016-02-16,0,,2016,2,16,1
Prague_2,2016-02-17,0,,2016,2,17,2
Prague_2,2016-02-18,0,,2016,2,18,3
Prague_2,2016-02-19,0,,2016,2,19,4
Prague_2,2016-02-20,0,,2016,2,20,5
Prague_2,2016-02-21,0,,2016,2,21,6
Prague_2,2016-02-22,0,,2016,2,22,0
Prague_2,2016-02-23,0,,2016,2,23,1
Prague_2,2016-02-24,0,,2016,2,24,2
Prague_2,2016-02-25,0,,2016,2,25,3
Prague_2,2016-02-26,0,,2016,2,26,4
Prague_2,2016-02-27,0,,2016,2,27,5
Prague_2,2016-02-28,0,,2016,2,28,6
Prague_2,2016-02-29,0,,2016,2,29,0
Prague_2,2016-03-01,0,,2016,3,1,1
Prague_2,2016-03-02,0,,2016,3,2,2
Prague_2,2016-03-03,0,,2016,3,3,3
Prague_2,2016-03-04,0,,2016,3,4,4
Prague_2,2016-03-05,0,,2016,3,5,5
Prague_2,2016-03-06,0,,2016,3,6,6
Prague_2,2016-03-07,0,,2016,3,7,0
Prague_2,2016-03-08,1,International womens day,2016,3,8,1
Prague_2,2016-03-09,0,,2016,3,9,2
Prague_2,2016-03-10,0,,2016,3,10,3
Prague_2,2016-03-11,0,,2016,3,11,4
Prague_2,2016-03-12,0,,2016,3,12,5
Prague_2,2016-03-13,0,,2016,3,13,6
Prague_2,2016-03-14,0,,2016,3,14,0
Prague_2,2016-03-15,0,,2016,3,15,1
Prague_2,2016-03-16,0,,2016,3,16,2
Prague_2,2016-03-17,0,,2016,3,17,3
Prague_2,2016-03-18,0,,2016,3,18,4
Prague_2,2016-03-19,0,,2016,3,19,5
Prague_2,2016-03-20,0,,2016,3,20,6
Prague_2,2016-03-21,0,,2016,3,21,0
Prague_2,2016-03-22,0,,2016,3,22,1
Prague_2,2016-03-23,0,,2016,3,23,2
Prague_2,2016-03-24,0,,2016,3,24,3
Prague_2,2016-03-25,1,Good Friday,2016,3,25,4
Prague_2,2016-03-26,1,,2016,3,26,5
Prague_2,2016-03-27,1,Easter Day,2016,3,27,6
Prague_2,2016-03-28,1,Easter Monday,2016,3,28,0
Prague_2,2016-03-29,0,,2016,3,29,1
Prague_2,2016-03-30,0,,2016,3,30,2
Prague_2,2016-03-31,0,,2016,3,31,3
Prague_2,2016-04-01,0,,2016,4,1,4
Prague_2,2016-04-02,0,,2016,4,2,5
Prague_2,2016-04-03,0,,2016,4,3,6
Prague_2,2016-04-04,0,,2016,4,4,0
Prague_2,2016-04-05,0,,2016,4,5,1
Prague_2,2016-04-06,0,,2016,4,6,2
Prague_2,2016-04-07,0,,2016,4,7,3
Prague_2,2016-04-08,0,,2016,4,8,4
Prague_2,2016-04-09,0,,2016,4,9,5
Prague_2,2016-04-10,0,,2016,4,10,6
Prague_2,2016-04-11,0,,2016,4,11,0
Prague_2,2016-04-12,0,,2016,4,12,1
Prague_2,2016-04-13,0,,2016,4,13,2
Prague_2,2016-04-14,0,,2016,4,14,3
Prague_2,2016-04-15,0,,2016,4,15,4
Prague_2,2016-04-16,0,,2016,4,16,5
Prague_2,2016-04-17,0,,2016,4,17,6
Prague_2,2016-04-18,0,,2016,4,18,0
Prague_2,2016-04-19,0,,2016,4,19,1
Prague_2,2016-04-20,0,,2016,4,20,2
Prague_2,2016-04-21,0,,2016,4,21,3
Prague_2,2016-04-22,0,,2016,4,22,4
Prague_2,2016-04-23,0,,2016,4,23,5
Prague_2,2016-04-24,0,,2016,4,24,6
Prague_2,2016-04-25,0,,2016,4,25,0
Prague_2,2016-04-26,0,,2016,4,26,1
Prague_2,2016-04-27,0,,2016,4,27,2
Prague_2,2016-04-28,0,,2016,4,28,3
Prague_2,2016-04-29,0,,2016,4,29,4
Prague_2,2016-04-30,0,,2016,4,30,5
Prague_2,2016-05-01,1,Labour Day,2016,5,1,6
Prague_2,2016-05-02,0,,2016,5,2,0
Prague_2,2016-05-03,0,,2016,5,3,1
Prague_2,2016-05-04,0,,2016,5,4,2
Prague_2,2016-05-05,0,,2016,5,5,3
Prague_2,2016-05-06,0,,2016,5,6,4
Prague_2,2016-05-07,0,,2016,5,7,5
Prague_2,2016-05-08,1,Mother's Day,2016,5,8,6
Prague_2,2016-05-09,0,,2016,5,9,0
Prague_2,2016-05-10,0,,2016,5,10,1
Prague_2,2016-05-11,0,,2016,5,11,2
Prague_2,2016-05-12,0,,2016,5,12,3
Prague_2,2016-05-13,0,,2016,5,13,4
Prague_2,2016-05-14,0,,2016,5,14,5
Prague_2,2016-05-15,0,,2016,5,15,6
Prague_2,2016-05-16,0,,2016,5,16,0
Prague_2,2016-05-17,0,,2016,5,17,1
Prague_2,2016-05-18,0,,2016,5,18,2
Prague_2,2016-05-19,0,,2016,5,19,3
Prague_2,2016-05-20,0,,2016,5,20,4
Prague_2,2016-05-21,0,,2016,5,21,5
Prague_2,2016-05-22,0,,2016,5,22,6
Prague_2,2016-05-23,0,,2016,5,23,0
Prague_2,2016-05-24,0,,2016,5,24,1
Prague_2,2016-05-25,0,,2016,5,25,2
Prague_2,2016-05-26,0,,2016,5,26,3
Prague_2,2016-05-27,0,,2016,5,27,4
Prague_2,2016-05-28,0,,2016,5,28,5
Prague_2,2016-05-29,0,,2016,5,29,6
Prague_2,2016-05-30,0,,2016,5,30,0
Prague_2,2016-05-31,0,,2016,5,31,1
Prague_2,2016-06-01,0,,2016,6,1,2
Prague_2,2016-06-02,0,,2016,6,2,3
Prague_2,2016-06-03,0,,2016,6,3,4
Prague_2,2016-06-04,0,,2016,6,4,5
Prague_2,2016-06-05,0,,2016,6,5,6
Prague_2,2016-06-06,0,,2016,6,6,0
Prague_2,2016-06-07,0,,2016,6,7,1
Prague_2,2016-06-08,0,,2016,6,8,2
Prague_2,2016-06-09,0,,2016,6,9,3
Prague_2,2016-06-10,0,,2016,6,10,4
Prague_2,2016-06-11,0,,2016,6,11,5
Prague_2,2016-06-12,0,,2016,6,12,6
Prague_2,2016-06-13,0,,2016,6,13,0
Prague_2,2016-06-14,0,,2016,6,14,1
Prague_2,2016-06-15,0,,2016,6,15,2
Prague_2,2016-06-16,0,,2016,6,16,3
Prague_2,2016-06-17,0,,2016,6,17,4
Prague_2,2016-06-18,0,,2016,6,18,5
Prague_2,2016-06-19,0,,2016,6,19,6
Prague_2,2016-06-20,0,,2016,6,20,0
Prague_2,2016-06-21,0,,2016,6,21,1
Prague_2,2016-06-22,0,,2016,6,22,2
Prague_2,2016-06-23,0,,2016,6,23,3
Prague_2,2016-06-24,0,,2016,6,24,4
Prague_2,2016-06-25,0,,2016,6,25,5
Prague_2,2016-06-26,0,,2016,6,26,6
Prague_2,2016-06-27,0,,2016,6,27,0
Prague_2,2016-06-28,0,,2016,6,28,1
Prague_2,2016-06-29,0,,2016,6,29,2
Prague_2,2016-06-30,0,,2016,6,30,3
Prague_2,2016-07-01,0,,2016,7,1,4
Prague_2,2016-07-02,0,,2016,7,2,5
Prague_2,2016-07-03,0,,2016,7,3,6
Prague_2,2016-07-04,0,,2016,7,4,0
Prague_2,2016-07-05,1,Cyrila a Metodej,2016,7,5,1
Prague_2,2016-07-06,1,Jan Hus,2016,7,6,2
Prague_2,2016-07-07,0,,2016,7,7,3
Prague_2,2016-07-08,0,,2016,7,8,4
Prague_2,2016-07-09,0,,2016,7,9,5
Prague_2,2016-07-10,0,,2016,7,10,6
Prague_2,2016-07-11,0,,2016,7,11,0
Prague_2,2016-07-12,0,,2016,7,12,1
Prague_2,2016-07-13,0,,2016,7,13,2
Prague_2,2016-07-14,0,,2016,7,14,3
Prague_2,2016-07-15,0,,2016,7,15,4
Prague_2,2016-07-16,0,,2016,7,16,5
Prague_2,2016-07-17,0,,2016,7,17,6
Prague_2,2016-07-18,0,,2016,7,18,0
Prague_2,2016-07-19,0,,2016,7,19,1
Prague_2,2016-07-20,0,,2016,7,20,2
Prague_2,2016-07-21,0,,2016,7,21,3
Prague_2,2016-07-22,0,,2016,7,22,4
Prague_2,2016-07-23,0,,2016,7,23,5
Prague_2,2016-07-24,0,,2016,7,24,6
Prague_2,2016-07-25,0,,2016,7,25,0
Prague_2,2016-07-26,0,,2016,7,26,1
Prague_2,2016-07-27,0,,2016,7,27,2
Prague_2,2016-07-28,0,,2016,7,28,3
Prague_2,2016-07-29,0,,2016,7,29,4
Prague_2,2016-07-30,0,,2016,7,30,5
Prague_2,2016-07-31,0,,2016,7,31,6
Prague_2,2016-08-01,0,,2016,8,1,0
Prague_2,2016-08-02,0,,2016,8,2,1
Prague_2,2016-08-03,0,,2016,8,3,2
Prague_2,2016-08-04,0,,2016,8,4,3
Prague_2,2016-08-05,0,,2016,8,5,4
Prague_2,2016-08-06,0,,2016,8,6,5
Prague_2,2016-08-07,0,,2016,8,7,6
Prague_2,2016-08-08,0,,2016,8,8,0
Prague_2,2016-08-09,0,,2016,8,9,1
Prague_2,2016-08-10,0,,2016,8,10,2
Prague_2,2016-08-11,0,,2016,8,11,3
Prague_2,2016-08-12,0,,2016,8,12,4
Prague_2,2016-08-13,0,,2016,8,13,5
Prague_2,2016-08-14,0,,2016,8,14,6
Prague_2,2016-08-15,0,,2016,8,15,0
Prague_2,2016-08-16,0,,2016,8,16,1
Prague_2,2016-08-17,0,,2016,8,17,2
Prague_2,2016-08-18,0,,2016,8,18,3
Prague_2,2016-08-19,0,,2016,8,19,4
Prague_2,2016-08-20,0,,2016,8,20,5
Prague_2,2016-08-21,0,,2016,8,21,6
Prague_2,2016-08-22,0,,2016,8,22,0
Prague_2,2016-08-23,0,,2016,8,23,1
Prague_2,2016-08-24,0,,2016,8,24,2
Prague_2,2016-08-25,0,,2016,8,25,3
Prague_2,2016-08-26,0,,2016,8,26,4
Prague_2,2016-08-27,0,,2016,8,27,5
Prague_2,2016-08-28,0,,2016,8,28,6
Prague_2,2016-08-29,0,,2016,8,29,0
Prague_2,2016-08-30,0,,2016,8,30,1
Prague_2,2016-08-31,0,,2016,8,31,2
Prague_2,2016-09-01,0,,2016,9,1,3
Prague_2,2016-09-02,0,,2016,9,2,4
Prague_2,2016-09-03,0,,2016,9,3,5
Prague_2,2016-09-04,0,,2016,9,4,6
Prague_2,2016-09-05,0,,2016,9,5,0
Prague_2,2016-09-06,0,,2016,9,6,1
Prague_2,2016-09-07,0,,2016,9,7,2
Prague_2,2016-09-08,0,,2016,9,8,3
Prague_2,2016-09-09,0,,2016,9,9,4
Prague_2,2016-09-10,0,,2016,9,10,5
Prague_2,2016-09-11,0,,2016,9,11,6
Prague_2,2016-09-12,0,,2016,9,12,0
Prague_2,2016-09-13,0,,2016,9,13,1
Prague_2,2016-09-14,0,,2016,9,14,2
Prague_2,2016-09-15,0,,2016,9,15,3
Prague_2,2016-09-16,0,,2016,9,16,4
Prague_2,2016-09-17,0,,2016,9,17,5
Prague_2,2016-09-18,0,,2016,9,18,6
Prague_2,2016-09-19,0,,2016,9,19,0
Prague_2,2016-09-20,0,,2016,9,20,1
Prague_2,2016-09-21,0,,2016,9,21,2
Prague_2,2016-09-22,0,,2016,9,22,3
Prague_2,2016-09-23,0,,2016,9,23,4
Prague_2,2016-09-24,0,,2016,9,24,5
Prague_2,2016-09-25,0,,2016,9,25,6
Prague_2,2016-09-26,0,,2016,9,26,0
Prague_2,2016-09-27,0,,2016,9,27,1
Prague_2,2016-09-28,1,Den ceske statnosti,2016,9,28,2
Prague_2,2016-09-29,0,,2016,9,29,3
Prague_2,2016-09-30,0,,2016,9,30,4
Prague_2,2016-10-01,0,,2016,10,1,5
Prague_2,2016-10-02,0,,2016,10,2,6
Prague_2,2016-10-03,0,,2016,10,3,0
Prague_2,2016-10-04,0,,2016,10,4,1
Prague_2,2016-10-05,0,,2016,10,5,2
Prague_2,2016-10-06,0,,2016,10,6,3
Prague_2,2016-10-07,0,,2016,10,7,4
Prague_2,2016-10-08,0,,2016,10,8,5
Prague_2,2016-10-09,0,,2016,10,9,6
Prague_2,2016-10-10,0,,2016,10,10,0
Prague_2,2016-10-11,0,,2016,10,11,1
Prague_2,2016-10-12,0,,2016,10,12,2
Prague_2,2016-10-13,0,,2016,10,13,3
Prague_2,2016-10-14,0,,2016,10,14,4
Prague_2,2016-10-15,0,,2016,10,15,5
Prague_2,2016-10-16,0,,2016,10,16,6
Prague_2,2016-10-17,0,,2016,10,17,0
Prague_2,2016-10-18,0,,2016,10,18,1
Prague_2,2016-10-19,0,,2016,10,19,2
Prague_2,2016-10-20,0,,2016,10,20,3
Prague_2,2016-10-21,0,,2016,10,21,4
Prague_2,2016-10-22,0,,2016,10,22,5
Prague_2,2016-10-23,0,,2016,10,23,6
Prague_2,2016-10-24,0,,2016,10,24,0
Prague_2,2016-10-25,0,,2016,10,25,1
Prague_2,2016-10-26,0,,2016,10,26,2
Prague_2,2016-10-27,0,,2016,10,27,3
Prague_2,2016-10-28,1,Den vzniku samostatneho ceskoslovenskeho statu,2016,10,28,4
Prague_2,2016-10-29,0,,2016,10,29,5
Prague_2,2016-10-30,0,,2016,10,30,6
Prague_2,2016-10-31,0,,2016,10,31,0
Prague_2,2016-11-01,0,,2016,11,1,1
Prague_2,2016-11-02,0,,2016,11,2,2
Prague_2,2016-11-03,0,,2016,11,3,3
Prague_2,2016-11-04,0,,2016,11,4,4
Prague_2,2016-11-05,0,,2016,11,5,5
Prague_2,2016-11-06,0,,2016,11,6,6
Prague_2,2016-11-07,0,,2016,11,7,0
Prague_2,2016-11-08,0,,2016,11,8,1
Prague_2,2016-11-09,0,,2016,11,9,2
Prague_2,2016-11-10,0,,2016,11,10,3
Prague_2,2016-11-11,0,,2016,11,11,4
Prague_2,2016-11-12,0,,2016,11,12,5
Prague_2,2016-11-13,0,,2016,11,13,6
Prague_2,2016-11-14,0,,2016,11,14,0
Prague_2,2016-11-15,0,,2016,11,15,1
Prague_2,2016-11-16,0,,2016,11,16,2
Prague_2,2016-11-17,1,Den boje za svobodu a demokracii,2016,11,17,3
Prague_2,2016-11-18,0,,2016,11,18,4
Prague_2,2016-11-19,0,,2016,11,19,5
Prague_2,2016-11-20,0,,2016,11,20,6
Prague_2,2016-11-21,0,,2016,11,21,0
Prague_2,2016-11-22,0,,2016,11,22,1
Prague_2,2016-11-23,0,,2016,11,23,2
Prague_2,2016-11-24,0,,2016,11,24,3
Prague_2,2016-11-25,0,,2016,11,25,4
Prague_2,2016-11-26,0,,2016,11,26,5
Prague_2,2016-11-27,0,,2016,11,27,6
Prague_2,2016-11-28,0,,2016,11,28,0
Prague_2,2016-11-29,0,,2016,11,29,1
Prague_2,2016-11-30,0,,2016,11,30,2
Prague_2,2016-12-01,0,,2016,12,1,3
Prague_2,2016-12-02,0,,2016,12,2,4
Prague_2,2016-12-03,0,,2016,12,3,5
Prague_2,2016-12-04,0,,2016,12,4,6
Prague_2,2016-12-05,0,,2016,12,5,0
Prague_2,2016-12-06,0,,2016,12,6,1
Prague_2,2016-12-07,0,,2016,12,7,2
Prague_2,2016-12-08,0,,2016,12,8,3
Prague_2,2016-12-09,0,,2016,12,9,4
Prague_2,2016-12-10,0,,2016,12,10,5
Prague_2,2016-12-11,0,,2016,12,11,6
Prague_2,2016-12-12,0,,2016,12,12,0
Prague_2,2016-12-13,0,,2016,12,13,1
Prague_2,2016-12-14,0,,2016,12,14,2
Prague_2,2016-12-15,0,,2016,12,15,3
Prague_2,2016-12-16,0,,2016,12,16,4
Prague_2,2016-12-17,0,,2016,12,17,5
Prague_2,2016-12-18,0,,2016,12,18,6
Prague_2,2016-12-19,0,,2016,12,19,0
Prague_2,2016-12-20,0,,2016,12,20,1
Prague_2,2016-12-21,0,,2016,12,21,2
Prague_2,2016-12-22,0,,2016,12,22,3
Prague_2,2016-12-23,0,,2016,12,23,4
Prague_2,2016-12-24,1,Christmas Eve,2016,12,24,5
Prague_2,2016-12-25,1,1st Christmas Day,2016,12,25,6
Prague_2,2016-12-26,1,2nd Christmas Day,2016,12,26,0
Prague_2,2016-12-27,0,,2016,12,27,1
Prague_2,2016-12-28,0,,2016,12,28,2
Prague_2,2016-12-29,0,,2016,12,29,3
Prague_2,2016-12-30,0,,2016,12,30,4
Prague_2,2016-12-31,0,,2016,12,31,5
Prague_2,2017-01-01,1,New Years Day,2017,1,1,6
Prague_2,2017-01-02,0,,2017,1,2,0
Prague_2,2017-01-03,0,,2017,1,3,1
Prague_2,2017-01-04,0,,2017,1,4,2
Prague_2,2017-01-05,0,,2017,1,5,3
Prague_2,2017-01-06,0,,2017,1,6,4
Prague_2,2017-01-07,0,,2017,1,7,5
Prague_2,2017-01-08,0,,2017,1,8,6
Prague_2,2017-01-09,0,,2017,1,9,0
Prague_2,2017-01-10,0,,2017,1,10,1
Prague_2,2017-01-11,0,,2017,1,11,2
Prague_2,2017-01-12,0,,2017,1,12,3
Prague_2,2017-01-13,0,,2017,1,13,4
Prague_2,2017-01-14,0,,2017,1,14,5
Prague_2,2017-01-15,0,,2017,1,15,6
Prague_2,2017-01-16,0,,2017,1,16,0
Prague_2,2017-01-17,0,,2017,1,17,1
Prague_2,2017-01-18,0,,2017,1,18,2
Prague_2,2017-01-19,0,,2017,1,19,3
Prague_2,2017-01-20,0,,2017,1,20,4
Prague_2,2017-01-21,0,,2017,1,21,5
Prague_2,2017-01-22,0,,2017,1,22,6
Prague_2,2017-01-23,0,,2017,1,23,0
Prague_2,2017-01-24,0,,2017,1,24,1
Prague_2,2017-01-25,0,,2017,1,25,2
Prague_2,2017-01-26,0,,2017,1,26,3
Prague_2,2017-01-27,0,,2017,1,27,4
Prague_2,2017-01-28,0,,2017,1,28,5
Prague_2,2017-01-29,0,,2017,1,29,6
Prague_2,2017-01-30,0,,2017,1,30,0
Prague_2,2017-01-31,0,,2017,1,31,1
Prague_2,2017-02-01,0,,2017,2,1,2
Prague_2,2017-02-02,0,,2017,2,2,3
Prague_2,2017-02-03,0,,2017,2,3,4
Prague_2,2017-02-04,0,,2017,2,4,5
Prague_2,2017-02-05,0,,2017,2,5,6
Prague_2,2017-02-06,0,,2017,2,6,0
Prague_2,2017-02-07,0,,2017,2,7,1
Prague_2,2017-02-08,0,,2017,2,8,2
Prague_2,2017-02-09,0,,2017,2,9,3
Prague_2,2017-02-10,0,,2017,2,10,4
Prague_2,2017-02-11,0,,2017,2,11,5
Prague_2,2017-02-12,0,,2017,2,12,6
Prague_2,2017-02-13,0,,2017,2,13,0
Prague_2,2017-02-14,0,,2017,2,14,1
Prague_2,2017-02-15,0,,2017,2,15,2
Prague_2,2017-02-16,0,,2017,2,16,3
Prague_2,2017-02-17,0,,2017,2,17,4
Prague_2,2017-02-18,0,,2017,2,18,5
Prague_2,2017-02-19,0,,2017,2,19,6
Prague_2,2017-02-20,0,,2017,2,20,0
Prague_2,2017-02-21,0,,2017,2,21,1
Prague_2,2017-02-22,0,,2017,2,22,2
Prague_2,2017-02-23,0,,2017,2,23,3
Prague_2,2017-02-24,0,,2017,2,24,4
Prague_2,2017-02-25,0,,2017,2,25,5
Prague_2,2017-02-26,0,,2017,2,26,6
Prague_2,2017-02-27,0,,2017,2,27,0
Prague_2,2017-02-28,0,,2017,2,28,1
Prague_2,2017-03-01,0,,2017,3,1,2
Prague_2,2017-03-02,0,,2017,3,2,3
Prague_2,2017-03-03,0,,2017,3,3,4
Prague_2,2017-03-04,0,,2017,3,4,5
Prague_2,2017-03-05,0,,2017,3,5,6
Prague_2,2017-03-06,0,,2017,3,6,0
Prague_2,2017-03-07,0,,2017,3,7,1
Prague_2,2017-03-08,1,International womens day,2017,3,8,2
Prague_2,2017-03-09,0,,2017,3,9,3
Prague_2,2017-03-10,0,,2017,3,10,4
Prague_2,2017-03-11,0,,2017,3,11,5
Prague_2,2017-03-12,0,,2017,3,12,6
Prague_2,2017-03-13,0,,2017,3,13,0
Prague_2,2017-03-14,0,,2017,3,14,1
Prague_2,2017-03-15,0,,2017,3,15,2
Prague_2,2017-03-16,0,,2017,3,16,3
Prague_2,2017-03-17,0,,2017,3,17,4
Prague_2,2017-03-18,0,,2017,3,18,5
Prague_2,2017-03-19,0,,2017,3,19,6
Prague_2,2017-03-20,0,,2017,3,20,0
Prague_2,2017-03-21,0,,2017,3,21,1
Prague_2,2017-03-22,0,,2017,3,22,2
Prague_2,2017-03-23,0,,2017,3,23,3
Prague_2,2017-03-24,0,,2017,3,24,4
Prague_2,2017-03-25,1,Good Friday,2017,3,25,5
Prague_2,2017-03-26,0,,2017,3,26,6
Prague_2,2017-03-27,1,Easter Day,2017,3,27,0
Prague_2,2017-03-28,1,Easter Monday,2017,3,28,1
Prague_2,2017-03-29,0,,2017,3,29,2
Prague_2,2017-03-30,0,,2017,3,30,3
Prague_2,2017-03-31,0,,2017,3,31,4
Prague_2,2017-04-01,0,,2017,4,1,5
Prague_2,2017-04-02,0,,2017,4,2,6
Prague_2,2017-04-03,0,,2017,4,3,0
Prague_2,2017-04-04,0,,2017,4,4,1
Prague_2,2017-04-05,0,,2017,4,5,2
Prague_2,2017-04-06,0,,2017,4,6,3
Prague_2,2017-04-07,0,,2017,4,7,4
Prague_2,2017-04-08,0,,2017,4,8,5
Prague_2,2017-04-09,0,,2017,4,9,6
Prague_2,2017-04-10,0,,2017,4,10,0
Prague_2,2017-04-11,0,,2017,4,11,1
Prague_2,2017-04-12,0,,2017,4,12,2
Prague_2,2017-04-13,0,,2017,4,13,3
Prague_2,2017-04-14,1,Good Friday,2017,4,14,4
Prague_2,2017-04-15,1,,2017,4,15,5
Prague_2,2017-04-16,1,Easter Day,2017,4,16,6
Prague_2,2017-04-17,1,Easter Monday,2017,4,17,0
Prague_2,2017-04-18,0,,2017,4,18,1
Prague_2,2017-04-19,0,,2017,4,19,2
Prague_2,2017-04-20,0,,2017,4,20,3
Prague_2,2017-04-21,0,,2017,4,21,4
Prague_2,2017-04-22,0,,2017,4,22,5
Prague_2,2017-04-23,0,,2017,4,23,6
Prague_2,2017-04-24,0,,2017,4,24,0
Prague_2,2017-04-25,0,,2017,4,25,1
Prague_2,2017-04-26,0,,2017,4,26,2
Prague_2,2017-04-27,0,,2017,4,27,3
Prague_2,2017-04-28,0,,2017,4,28,4
Prague_2,2017-04-29,0,,2017,4,29,5
Prague_2,2017-04-30,0,,2017,4,30,6
Prague_2,2017-05-01,1,Labour Day,2017,5,1,0
Prague_2,2017-05-02,0,,2017,5,2,1
Prague_2,2017-05-03,0,,2017,5,3,2
Prague_2,2017-05-04,0,,2017,5,4,3
Prague_2,2017-05-05,0,,2017,5,5,4
Prague_2,2017-05-06,0,,2017,5,6,5
Prague_2,2017-05-07,0,,2017,5,7,6
Prague_2,2017-05-08,1,Mother's Day,2017,5,8,0
Prague_2,2017-05-09,0,,2017,5,9,1
Prague_2,2017-05-10,0,,2017,5,10,2
Prague_2,2017-05-11,0,,2017,5,11,3
Prague_2,2017-05-12,0,,2017,5,12,4
Prague_2,2017-05-13,0,,2017,5,13,5
Prague_2,2017-05-14,1,Mother's Day,2017,5,14,6
Prague_2,2017-05-15,0,,2017,5,15,0
Prague_2,2017-05-16,0,,2017,5,16,1
Prague_2,2017-05-17,0,,2017,5,17,2
Prague_2,2017-05-18,0,,2017,5,18,3
Prague_2,2017-05-19,0,,2017,5,19,4
Prague_2,2017-05-20,0,,2017,5,20,5
Prague_2,2017-05-21,0,,2017,5,21,6
Prague_2,2017-05-22,0,,2017,5,22,0
Prague_2,2017-05-23,0,,2017,5,23,1
Prague_2,2017-05-24,0,,2017,5,24,2
Prague_2,2017-05-25,0,,2017,5,25,3
Prague_2,2017-05-26,0,,2017,5,26,4
Prague_2,2017-05-27,0,,2017,5,27,5
Prague_2,2017-05-28,0,,2017,5,28,6
Prague_2,2017-05-29,0,,2017,5,29,0
Prague_2,2017-05-30,0,,2017,5,30,1
Prague_2,2017-05-31,0,,2017,5,31,2
Prague_2,2017-06-01,0,,2017,6,1,3
Prague_2,2017-06-02,0,,2017,6,2,4
Prague_2,2017-06-03,0,,2017,6,3,5
Prague_2,2017-06-04,0,,2017,6,4,6
Prague_2,2017-06-05,0,,2017,6,5,0
Prague_2,2017-06-06,0,,2017,6,6,1
Prague_2,2017-06-07,0,,2017,6,7,2
Prague_2,2017-06-08,0,,2017,6,8,3
Prague_2,2017-06-09,0,,2017,6,9,4
Prague_2,2017-06-10,0,,2017,6,10,5
Prague_2,2017-06-11,0,,2017,6,11,6
Prague_2,2017-06-12,0,,2017,6,12,0
Prague_2,2017-06-13,0,,2017,6,13,1
Prague_2,2017-06-14,0,,2017,6,14,2
Prague_2,2017-06-15,0,,2017,6,15,3
Prague_2,2017-06-16,0,,2017,6,16,4
Prague_2,2017-06-17,0,,2017,6,17,5
Prague_2,2017-06-18,0,,2017,6,18,6
Prague_2,2017-06-19,0,,2017,6,19,0
Prague_2,2017-06-20,0,,2017,6,20,1
Prague_2,2017-06-21,0,,2017,6,21,2
Prague_2,2017-06-22,0,,2017,6,22,3
Prague_2,2017-06-23,0,,2017,6,23,4
Prague_2,2017-06-24,0,,2017,6,24,5
Prague_2,2017-06-25,0,,2017,6,25,6
Prague_2,2017-06-26,0,,2017,6,26,0
Prague_2,2017-06-27,0,,2017,6,27,1
Prague_2,2017-06-28,0,,2017,6,28,2
Prague_2,2017-06-29,0,,2017,6,29,3
Prague_2,2017-06-30,0,,2017,6,30,4
Prague_2,2017-07-01,0,,2017,7,1,5
Prague_2,2017-07-02,0,,2017,7,2,6
Prague_2,2017-07-03,0,,2017,7,3,0
Prague_2,2017-07-04,0,,2017,7,4,1
Prague_2,2017-07-05,1,Cyrila a Metodej,2017,7,5,2
Prague_2,2017-07-06,1,Jan Hus,2017,7,6,3
Prague_2,2017-07-07,0,,2017,7,7,4
Prague_2,2017-07-08,0,,2017,7,8,5
Prague_2,2017-07-09,0,,2017,7,9,6
Prague_2,2017-07-10,0,,2017,7,10,0
Prague_2,2017-07-11,0,,2017,7,11,1
Prague_2,2017-07-12,0,,2017,7,12,2
Prague_2,2017-07-13,0,,2017,7,13,3
Prague_2,2017-07-14,0,,2017,7,14,4
Prague_2,2017-07-15,0,,2017,7,15,5
Prague_2,2017-07-16,0,,2017,7,16,6
Prague_2,2017-07-17,0,,2017,7,17,0
Prague_2,2017-07-18,0,,2017,7,18,1
Prague_2,2017-07-19,0,,2017,7,19,2
Prague_2,2017-07-20,0,,2017,7,20,3
Prague_2,2017-07-21,0,,2017,7,21,4
Prague_2,2017-07-22,0,,2017,7,22,5
Prague_2,2017-07-23,0,,2017,7,23,6
Prague_2,2017-07-24,0,,2017,7,24,0
Prague_2,2017-07-25,0,,2017,7,25,1
Prague_2,2017-07-26,0,,2017,7,26,2
Prague_2,2017-07-27,0,,2017,7,27,3
Prague_2,2017-07-28,0,,2017,7,28,4
Prague_2,2017-07-29,0,,2017,7,29,5
Prague_2,2017-07-30,0,,2017,7,30,6
Prague_2,2017-07-31,0,,2017,7,31,0
Prague_2,2017-08-01,0,,2017,8,1,1
Prague_2,2017-08-02,0,,2017,8,2,2
Prague_2,2017-08-03,0,,2017,8,3,3
Prague_2,2017-08-04,0,,2017,8,4,4
Prague_2,2017-08-05,0,,2017,8,5,5
Prague_2,2017-08-06,0,,2017,8,6,6
Prague_2,2017-08-07,0,,2017,8,7,0
Prague_2,2017-08-08,0,,2017,8,8,1
Prague_2,2017-08-09,0,,2017,8,9,2
Prague_2,2017-08-10,0,,2017,8,10,3
Prague_2,2017-08-11,0,,2017,8,11,4
Prague_2,2017-08-12,0,,2017,8,12,5
Prague_2,2017-08-13,0,,2017,8,13,6
Prague_2,2017-08-14,0,,2017,8,14,0
Prague_2,2017-08-15,0,,2017,8,15,1
Prague_2,2017-08-16,0,,2017,8,16,2
Prague_2,2017-08-17,0,,2017,8,17,3
Prague_2,2017-08-18,0,,2017,8,18,4
Prague_2,2017-08-19,0,,2017,8,19,5
Prague_2,2017-08-20,0,,2017,8,20,6
Prague_2,2017-08-21,0,,2017,8,21,0
Prague_2,2017-08-22,0,,2017,8,22,1
Prague_2,2017-08-23,0,,2017,8,23,2
Prague_2,2017-08-24,0,,2017,8,24,3
Prague_2,2017-08-25,0,,2017,8,25,4
Prague_2,2017-08-26,0,,2017,8,26,5
Prague_2,2017-08-27,0,,2017,8,27,6
Prague_2,2017-08-28,0,,2017,8,28,0
Prague_2,2017-08-29,0,,2017,8,29,1
Prague_2,2017-08-30,0,,2017,8,30,2
Prague_2,2017-08-31,0,,2017,8,31,3
Prague_2,2017-09-01,0,,2017,9,1,4
Prague_2,2017-09-02,0,,2017,9,2,5
Prague_2,2017-09-03,0,,2017,9,3,6
Prague_2,2017-09-04,0,,2017,9,4,0
Prague_2,2017-09-05,0,,2017,9,5,1
Prague_2,2017-09-06,0,,2017,9,6,2
Prague_2,2017-09-07,0,,2017,9,7,3
Prague_2,2017-09-08,0,,2017,9,8,4
Prague_2,2017-09-09,0,,2017,9,9,5
Prague_2,2017-09-10,0,,2017,9,10,6
Prague_2,2017-09-11,0,,2017,9,11,0
Prague_2,2017-09-12,0,,2017,9,12,1
Prague_2,2017-09-13,0,,2017,9,13,2
Prague_2,2017-09-14,0,,2017,9,14,3
Prague_2,2017-09-15,0,,2017,9,15,4
Prague_2,2017-09-16,0,,2017,9,16,5
Prague_2,2017-09-17,0,,2017,9,17,6
Prague_2,2017-09-18,0,,2017,9,18,0
Prague_2,2017-09-19,0,,2017,9,19,1
Prague_2,2017-09-20,0,,2017,9,20,2
Prague_2,2017-09-21,0,,2017,9,21,3
Prague_2,2017-09-22,0,,2017,9,22,4
Prague_2,2017-09-23,0,,2017,9,23,5
Prague_2,2017-09-24,0,,2017,9,24,6
Prague_2,2017-09-25,0,,2017,9,25,0
Prague_2,2017-09-26,0,,2017,9,26,1
Prague_2,2017-09-27,0,,2017,9,27,2
Prague_2,2017-09-28,1,Den ceske statnosti,2017,9,28,3
Prague_2,2017-09-29,0,,2017,9,29,4
Prague_2,2017-09-30,0,,2017,9,30,5
Prague_2,2017-10-01,0,,2017,10,1,6
Prague_2,2017-10-02,0,,2017,10,2,0
Prague_2,2017-10-03,0,,2017,10,3,1
Prague_2,2017-10-04,0,,2017,10,4,2
Prague_2,2017-10-05,0,,2017,10,5,3
Prague_2,2017-10-06,0,,2017,10,6,4
Prague_2,2017-10-07,0,,2017,10,7,5
Prague_2,2017-10-08,0,,2017,10,8,6
Prague_2,2017-10-09,0,,2017,10,9,0
Prague_2,2017-10-10,0,,2017,10,10,1
Prague_2,2017-10-11,0,,2017,10,11,2
Prague_2,2017-10-12,0,,2017,10,12,3
Prague_2,2017-10-13,0,,2017,10,13,4
Prague_2,2017-10-14,0,,2017,10,14,5
Prague_2,2017-10-15,0,,2017,10,15,6
Prague_2,2017-10-16,0,,2017,10,16,0
Prague_2,2017-10-17,0,,2017,10,17,1
Prague_2,2017-10-18,0,,2017,10,18,2
Prague_2,2017-10-19,0,,2017,10,19,3
Prague_2,2017-10-20,0,,2017,10,20,4
Prague_2,2017-10-21,0,,2017,10,21,5
Prague_2,2017-10-22,0,,2017,10,22,6
Prague_2,2017-10-23,0,,2017,10,23,0
Prague_2,2017-10-24,0,,2017,10,24,1
Prague_2,2017-10-25,0,,2017,10,25,2
Prague_2,2017-10-26,0,,2017,10,26,3
Prague_2,2017-10-27,0,,2017,10,27,4
Prague_2,2017-10-28,1,Den vzniku samostatneho ceskoslovenskeho statu,2017,10,28,5
Prague_2,2017-10-29,0,,2017,10,29,6
Prague_2,2017-10-30,0,,2017,10,30,0
Prague_2,2017-10-31,0,,2017,10,31,1
Prague_2,2017-11-01,0,,2017,11,1,2
Prague_2,2017-11-02,0,,2017,11,2,3
Prague_2,2017-11-03,0,,2017,11,3,4
Prague_2,2017-11-04,0,,2017,11,4,5
Prague_2,2017-11-05,0,,2017,11,5,6
Prague_2,2017-11-06,0,,2017,11,6,0
Prague_2,2017-11-07,0,,2017,11,7,1
Prague_2,2017-11-08,0,,2017,11,8,2
Prague_2,2017-11-09,0,,2017,11,9,3
Prague_2,2017-11-10,0,,2017,11,10,4
Prague_2,2017-11-11,0,,2017,11,11,5
Prague_2,2017-11-12,0,,2017,11,12,6
Prague_2,2017-11-13,0,,2017,11,13,0
Prague_2,2017-11-14,0,,2017,11,14,1
Prague_2,2017-11-15,0,,2017,11,15,2
Prague_2,2017-11-16,0,,2017,11,16,3
Prague_2,2017-11-17,1,Den boje za svobodu a demokracii,2017,11,17,4
Prague_2,2017-11-18,0,,2017,11,18,5
Prague_2,2017-11-19,0,,2017,11,19,6
Prague_2,2017-11-20,0,,2017,11,20,0
Prague_2,2017-11-21,0,,2017,11,21,1
Prague_2,2017-11-22,0,,2017,11,22,2
Prague_2,2017-11-23,0,,2017,11,23,3
Prague_2,2017-11-24,0,,2017,11,24,4
Prague_2,2017-11-25,0,,2017,11,25,5
Prague_2,2017-11-26,0,,2017,11,26,6
Prague_2,2017-11-27,0,,2017,11,27,0
Prague_2,2017-11-28,0,,2017,11,28,1
Prague_2,2017-11-29,0,,2017,11,29,2
Prague_2,2017-11-30,0,,2017,11,30,3
Prague_2,2017-12-01,0,,2017,12,1,4
Prague_2,2017-12-02,0,,2017,12,2,5
Prague_2,2017-12-03,0,,2017,12,3,6
Prague_2,2017-12-04,0,,2017,12,4,0
Prague_2,2017-12-05,0,,2017,12,5,1
Prague_2,2017-12-06,0,,2017,12,6,2
Prague_2,2017-12-07,0,,2017,12,7,3
Prague_2,2017-12-08,0,,2017,12,8,4
Prague_2,2017-12-09,0,,2017,12,9,5
Prague_2,2017-12-10,0,,2017,12,10,6
Prague_2,2017-12-11,0,,2017,12,11,0
Prague_2,2017-12-12,0,,2017,12,12,1
Prague_2,2017-12-13,0,,2017,12,13,2
Prague_2,2017-12-14,0,,2017,12,14,3
Prague_2,2017-12-15,0,,2017,12,15,4
Prague_2,2017-12-16,0,,2017,12,16,5
Prague_2,2017-12-17,0,,2017,12,17,6
Prague_2,2017-12-18,0,,2017,12,18,0
Prague_2,2017-12-19,0,,2017,12,19,1
Prague_2,2017-12-20,0,,2017,12,20,2
Prague_2,2017-12-21,0,,2017,12,21,3
Prague_2,2017-12-22,0,,2017,12,22,4
Prague_2,2017-12-23,0,,2017,12,23,5
Prague_2,2017-12-24,1,Christmas Eve,2017,12,24,6
Prague_2,2017-12-25,1,1st Christmas Day,2017,12,25,0
Prague_2,2017-12-26,1,2nd Christmas Day,2017,12,26,1
Prague_2,2017-12-27,0,,2017,12,27,2
Prague_2,2017-12-28,0,,2017,12,28,3
Prague_2,2017-12-29,0,,2017,12,29,4
Prague_2,2017-12-30,0,,2017,12,30,5
Prague_2,2017-12-31,0,,2017,12,31,6
Prague_2,2018-01-01,1,New Years Day,2018,1,1,0
Prague_2,2018-01-02,0,,2018,1,2,1
Prague_2,2018-01-03,0,,2018,1,3,2
Prague_2,2018-01-04,0,,2018,1,4,3
Prague_2,2018-01-05,0,,2018,1,5,4
Prague_2,2018-01-06,0,,2018,1,6,5
Prague_2,2018-01-07,0,,2018,1,7,6
Prague_2,2018-01-08,0,,2018,1,8,0
Prague_2,2018-01-09,0,,2018,1,9,1
Prague_2,2018-01-10,0,,2018,1,10,2
Prague_2,2018-01-11,0,,2018,1,11,3
Prague_2,2018-01-12,0,,2018,1,12,4
Prague_2,2018-01-13,0,,2018,1,13,5
Prague_2,2018-01-14,0,,2018,1,14,6
Prague_2,2018-01-15,0,,2018,1,15,0
Prague_2,2018-01-16,0,,2018,1,16,1
Prague_2,2018-01-17,0,,2018,1,17,2
Prague_2,2018-01-18,0,,2018,1,18,3
Prague_2,2018-01-19,0,,2018,1,19,4
Prague_2,2018-01-20,0,,2018,1,20,5
Prague_2,2018-01-21,0,,2018,1,21,6
Prague_2,2018-01-22,0,,2018,1,22,0
Prague_2,2018-01-23,0,,2018,1,23,1
Prague_2,2018-01-24,0,,2018,1,24,2
Prague_2,2018-01-25,0,,2018,1,25,3
Prague_2,2018-01-26,0,,2018,1,26,4
Prague_2,2018-01-27,0,,2018,1,27,5
Prague_2,2018-01-28,0,,2018,1,28,6
Prague_2,2018-01-29,0,,2018,1,29,0
Prague_2,2018-01-30,0,,2018,1,30,1
Prague_2,2018-01-31,0,,2018,1,31,2
Prague_2,2018-02-01,0,,2018,2,1,3
Prague_2,2018-02-02,0,,2018,2,2,4
Prague_2,2018-02-03,0,,2018,2,3,5
Prague_2,2018-02-04,0,,2018,2,4,6
Prague_2,2018-02-05,0,,2018,2,5,0
Prague_2,2018-02-06,0,,2018,2,6,1
Prague_2,2018-02-07,0,,2018,2,7,2
Prague_2,2018-02-08,0,,2018,2,8,3
Prague_2,2018-02-09,0,,2018,2,9,4
Prague_2,2018-02-10,0,,2018,2,10,5
Prague_2,2018-02-11,0,,2018,2,11,6
Prague_2,2018-02-12,0,,2018,2,12,0
Prague_2,2018-02-13,0,,2018,2,13,1
Prague_2,2018-02-14,0,,2018,2,14,2
Prague_2,2018-02-15,0,,2018,2,15,3
Prague_2,2018-02-16,0,,2018,2,16,4
Prague_2,2018-02-17,0,,2018,2,17,5
Prague_2,2018-02-18,0,,2018,2,18,6
Prague_2,2018-02-19,0,,2018,2,19,0
Prague_2,2018-02-20,0,,2018,2,20,1
Prague_2,2018-02-21,0,,2018,2,21,2
Prague_2,2018-02-22,0,,2018,2,22,3
Prague_2,2018-02-23,0,,2018,2,23,4
Prague_2,2018-02-24,0,,2018,2,24,5
Prague_2,2018-02-25,0,,2018,2,25,6
Prague_2,2018-02-26,0,,2018,2,26,0
Prague_2,2018-02-27,0,,2018,2,27,1
Prague_2,2018-02-28,0,,2018,2,28,2
Prague_2,2018-03-01,0,,2018,3,1,3
Prague_2,2018-03-02,0,,2018,3,2,4
Prague_2,2018-03-03,0,,2018,3,3,5
Prague_2,2018-03-04,0,,2018,3,4,6
Prague_2,2018-03-05,0,,2018,3,5,0
Prague_2,2018-03-06,0,,2018,3,6,1
Prague_2,2018-03-07,0,,2018,3,7,2
Prague_2,2018-03-08,1,International womens day,2018,3,8,3
Prague_2,2018-03-09,0,,2018,3,9,4
Prague_2,2018-03-10,0,,2018,3,10,5
Prague_2,2018-03-11,0,,2018,3,11,6
Prague_2,2018-03-12,0,,2018,3,12,0
Prague_2,2018-03-13,0,,2018,3,13,1
Prague_2,2018-03-14,0,,2018,3,14,2
Prague_2,2018-03-15,0,,2018,3,15,3
Prague_2,2018-03-16,0,,2018,3,16,4
Prague_2,2018-03-17,0,,2018,3,17,5
Prague_2,2018-03-18,0,,2018,3,18,6
Prague_2,2018-03-19,0,,2018,3,19,0
Prague_2,2018-03-20,0,,2018,3,20,1
Prague_2,2018-03-21,0,,2018,3,21,2
Prague_2,2018-03-22,0,,2018,3,22,3
Prague_2,2018-03-23,0,,2018,3,23,4
Prague_2,2018-03-24,0,,2018,3,24,5
Prague_2,2018-03-25,0,,2018,3,25,6
Prague_2,2018-03-26,0,,2018,3,26,0
Prague_2,2018-03-27,0,,2018,3,27,1
Prague_2,2018-03-28,0,,2018,3,28,2
Prague_2,2018-03-29,0,,2018,3,29,3
Prague_2,2018-03-30,1,Good Friday,2018,3,30,4
Prague_2,2018-03-31,1,,2018,3,31,5
Prague_2,2018-04-01,1,Easter Day,2018,4,1,6
Prague_2,2018-04-02,1,Easter Monday,2018,4,2,0
Prague_2,2018-04-03,0,,2018,4,3,1
Prague_2,2018-04-04,0,,2018,4,4,2
Prague_2,2018-04-05,0,,2018,4,5,3
Prague_2,2018-04-06,0,,2018,4,6,4
Prague_2,2018-04-07,0,,2018,4,7,5
Prague_2,2018-04-08,0,,2018,4,8,6
Prague_2,2018-04-09,0,,2018,4,9,0
Prague_2,2018-04-10,0,,2018,4,10,1
Prague_2,2018-04-11,0,,2018,4,11,2
Prague_2,2018-04-12,0,,2018,4,12,3
Prague_2,2018-04-13,0,,2018,4,13,4
Prague_2,2018-04-14,1,Good Friday,2018,4,14,5
Prague_2,2018-04-15,0,,2018,4,15,6
Prague_2,2018-04-16,1,Easter Day,2018,4,16,0
Prague_2,2018-04-17,1,Easter Monday,2018,4,17,1
Prague_2,2018-04-18,0,,2018,4,18,2
Prague_2,2018-04-19,0,,2018,4,19,3
Prague_2,2018-04-20,0,,2018,4,20,4
Prague_2,2018-04-21,0,,2018,4,21,5
Prague_2,2018-04-22,0,,2018,4,22,6
Prague_2,2018-04-23,0,,2018,4,23,0
Prague_2,2018-04-24,0,,2018,4,24,1
Prague_2,2018-04-25,0,,2018,4,25,2
Prague_2,2018-04-26,0,,2018,4,26,3
Prague_2,2018-04-27,0,,2018,4,27,4
Prague_2,2018-04-28,0,,2018,4,28,5
Prague_2,2018-04-29,0,,2018,4,29,6
Prague_2,2018-04-30,0,,2018,4,30,0
Prague_2,2018-05-01,1,Labour Day,2018,5,1,1
Prague_2,2018-05-02,0,,2018,5,2,2
Prague_2,2018-05-03,0,,2018,5,3,3
Prague_2,2018-05-04,0,,2018,5,4,4
Prague_2,2018-05-05,0,,2018,5,5,5
Prague_2,2018-05-06,0,,2018,5,6,6
Prague_2,2018-05-07,0,,2018,5,7,0
Prague_2,2018-05-08,1,Den osvobozeni,2018,5,8,1
Prague_2,2018-05-09,0,,2018,5,9,2
Prague_2,2018-05-10,0,,2018,5,10,3
Prague_2,2018-05-11,0,,2018,5,11,4
Prague_2,2018-05-12,0,,2018,5,12,5
Prague_2,2018-05-13,1,Mother's Day,2018,5,13,6
Prague_2,2018-05-14,1,Mother's Day,2018,5,14,0
Prague_2,2018-05-15,0,,2018,5,15,1
Prague_2,2018-05-16,0,,2018,5,16,2
Prague_2,2018-05-17,0,,2018,5,17,3
Prague_2,2018-05-18,0,,2018,5,18,4
Prague_2,2018-05-19,0,,2018,5,19,5
Prague_2,2018-05-20,0,,2018,5,20,6
Prague_2,2018-05-21,0,,2018,5,21,0
Prague_2,2018-05-22,0,,2018,5,22,1
Prague_2,2018-05-23,0,,2018,5,23,2
Prague_2,2018-05-24,0,,2018,5,24,3
Prague_2,2018-05-25,0,,2018,5,25,4
Prague_2,2018-05-26,0,,2018,5,26,5
Prague_2,2018-05-27,0,,2018,5,27,6
Prague_2,2018-05-28,0,,2018,5,28,0
Prague_2,2018-05-29,0,,2018,5,29,1
Prague_2,2018-05-30,0,,2018,5,30,2
Prague_2,2018-05-31,0,,2018,5,31,3
Prague_2,2018-06-01,0,,2018,6,1,4
Prague_2,2018-06-02,0,,2018,6,2,5
Prague_2,2018-06-03,0,,2018,6,3,6
Prague_2,2018-06-04,0,,2018,6,4,0
Prague_2,2018-06-05,0,,2018,6,5,1
Prague_2,2018-06-06,0,,2018,6,6,2
Prague_2,2018-06-07,0,,2018,6,7,3
Prague_2,2018-06-08,0,,2018,6,8,4
Prague_2,2018-06-09,0,,2018,6,9,5
Prague_2,2018-06-10,0,,2018,6,10,6
Prague_2,2018-06-11,0,,2018,6,11,0
Prague_2,2018-06-12,0,,2018,6,12,1
Prague_2,2018-06-13,0,,2018,6,13,2
Prague_2,2018-06-14,0,,2018,6,14,3
Prague_2,2018-06-15,0,,2018,6,15,4
Prague_2,2018-06-16,0,,2018,6,16,5
Prague_2,2018-06-17,0,,2018,6,17,6
Prague_2,2018-06-18,0,,2018,6,18,0
Prague_2,2018-06-19,0,,2018,6,19,1
Prague_2,2018-06-20,0,,2018,6,20,2
Prague_2,2018-06-21,0,,2018,6,21,3
Prague_2,2018-06-22,0,,2018,6,22,4
Prague_2,2018-06-23,0,,2018,6,23,5
Prague_2,2018-06-24,0,,2018,6,24,6
Prague_2,2018-06-25,0,,2018,6,25,0
Prague_2,2018-06-26,0,,2018,6,26,1
Prague_2,2018-06-27,0,,2018,6,27,2
Prague_2,2018-06-28,0,,2018,6,28,3
Prague_2,2018-06-29,0,,2018,6,29,4
Prague_2,2018-06-30,0,,2018,6,30,5
Prague_2,2018-07-01,0,,2018,7,1,6
Prague_2,2018-07-02,0,,2018,7,2,0
Prague_2,2018-07-03,0,,2018,7,3,1
Prague_2,2018-07-04,0,,2018,7,4,2
Prague_2,2018-07-05,1,Cyrila a Metodej,2018,7,5,3
Prague_2,2018-07-06,1,Jan Hus,2018,7,6,4
Prague_2,2018-07-07,0,,2018,7,7,5
Prague_2,2018-07-08,0,,2018,7,8,6
Prague_2,2018-07-09,0,,2018,7,9,0
Prague_2,2018-07-10,0,,2018,7,10,1
Prague_2,2018-07-11,0,,2018,7,11,2
Prague_2,2018-07-12,0,,2018,7,12,3
Prague_2,2018-07-13,0,,2018,7,13,4
Prague_2,2018-07-14,0,,2018,7,14,5
Prague_2,2018-07-15,0,,2018,7,15,6
Prague_2,2018-07-16,0,,2018,7,16,0
Prague_2,2018-07-17,0,,2018,7,17,1
Prague_2,2018-07-18,0,,2018,7,18,2
Prague_2,2018-07-19,0,,2018,7,19,3
Prague_2,2018-07-20,0,,2018,7,20,4
Prague_2,2018-07-21,0,,2018,7,21,5
Prague_2,2018-07-22,0,,2018,7,22,6
Prague_2,2018-07-23,0,,2018,7,23,0
Prague_2,2018-07-24,0,,2018,7,24,1
Prague_2,2018-07-25,0,,2018,7,25,2
Prague_2,2018-07-26,0,,2018,7,26,3
Prague_2,2018-07-27,0,,2018,7,27,4
Prague_2,2018-07-28,0,,2018,7,28,5
Prague_2,2018-07-29,0,,2018,7,29,6
Prague_2,2018-07-30,0,,2018,7,30,0
Prague_2,2018-07-31,0,,2018,7,31,1
Prague_2,2018-08-01,0,,2018,8,1,2
Prague_2,2018-08-02,0,,2018,8,2,3
Prague_2,2018-08-03,0,,2018,8,3,4
Prague_2,2018-08-04,0,,2018,8,4,5
Prague_2,2018-08-05,0,,2018,8,5,6
Prague_2,2018-08-06,0,,2018,8,6,0
Prague_2,2018-08-07,0,,2018,8,7,1
Prague_2,2018-08-08,0,,2018,8,8,2
Prague_2,2018-08-09,0,,2018,8,9,3
Prague_2,2018-08-10,0,,2018,8,10,4
Prague_2,2018-08-11,0,,2018,8,11,5
Prague_2,2018-08-12,0,,2018,8,12,6
Prague_2,2018-08-13,0,,2018,8,13,0
Prague_2,2018-08-14,0,,2018,8,14,1
Prague_2,2018-08-15,0,,2018,8,15,2
Prague_2,2018-08-16,0,,2018,8,16,3
Prague_2,2018-08-17,0,,2018,8,17,4
Prague_2,2018-08-18,0,,2018,8,18,5
Prague_2,2018-08-19,0,,2018,8,19,6
Prague_2,2018-08-20,0,,2018,8,20,0
Prague_2,2018-08-21,0,,2018,8,21,1
Prague_2,2018-08-22,0,,2018,8,22,2
Prague_2,2018-08-23,0,,2018,8,23,3
Prague_2,2018-08-24,0,,2018,8,24,4
Prague_2,2018-08-25,0,,2018,8,25,5
Prague_2,2018-08-26,0,,2018,8,26,6
Prague_2,2018-08-27,0,,2018,8,27,0
Prague_2,2018-08-28,0,,2018,8,28,1
Prague_2,2018-08-29,0,,2018,8,29,2
Prague_2,2018-08-30,0,,2018,8,30,3
Prague_2,2018-08-31,0,,2018,8,31,4
Prague_2,2018-09-01,0,,2018,9,1,5
Prague_2,2018-09-02,0,,2018,9,2,6
Prague_2,2018-09-03,0,,2018,9,3,0
Prague_2,2018-09-04,0,,2018,9,4,1
Prague_2,2018-09-05,0,,2018,9,5,2
Prague_2,2018-09-06,0,,2018,9,6,3
Prague_2,2018-09-07,0,,2018,9,7,4
Prague_2,2018-09-08,0,,2018,9,8,5
Prague_2,2018-09-09,0,,2018,9,9,6
Prague_2,2018-09-10,0,,2018,9,10,0
Prague_2,2018-09-11,0,,2018,9,11,1
Prague_2,2018-09-12,0,,2018,9,12,2
Prague_2,2018-09-13,0,,2018,9,13,3
Prague_2,2018-09-14,0,,2018,9,14,4
Prague_2,2018-09-15,0,,2018,9,15,5
Prague_2,2018-09-16,0,,2018,9,16,6
Prague_2,2018-09-17,0,,2018,9,17,0
Prague_2,2018-09-18,0,,2018,9,18,1
Prague_2,2018-09-19,0,,2018,9,19,2
Prague_2,2018-09-20,0,,2018,9,20,3
Prague_2,2018-09-21,0,,2018,9,21,4
Prague_2,2018-09-22,0,,2018,9,22,5
Prague_2,2018-09-23,0,,2018,9,23,6
Prague_2,2018-09-24,0,,2018,9,24,0
Prague_2,2018-09-25,0,,2018,9,25,1
Prague_2,2018-09-26,0,,2018,9,26,2
Prague_2,2018-09-27,0,,2018,9,27,3
Prague_2,2018-09-28,1,Den ceske statnosti,2018,9,28,4
Prague_2,2018-09-29,0,,2018,9,29,5
Prague_2,2018-09-30,0,,2018,9,30,6
Prague_2,2018-10-01,0,,2018,10,1,0
Prague_2,2018-10-02,0,,2018,10,2,1
Prague_2,2018-10-03,0,,2018,10,3,2
Prague_2,2018-10-04,0,,2018,10,4,3
Prague_2,2018-10-05,0,,2018,10,5,4
Prague_2,2018-10-06,0,,2018,10,6,5
Prague_2,2018-10-07,0,,2018,10,7,6
Prague_2,2018-10-08,0,,2018,10,8,0
Prague_2,2018-10-09,0,,2018,10,9,1
Prague_2,2018-10-10,0,,2018,10,10,2
Prague_2,2018-10-11,0,,2018,10,11,3
Prague_2,2018-10-12,0,,2018,10,12,4
Prague_2,2018-10-13,0,,2018,10,13,5
Prague_2,2018-10-14,0,,2018,10,14,6
Prague_2,2018-10-15,0,,2018,10,15,0
Prague_2,2018-10-16,0,,2018,10,16,1
Prague_2,2018-10-17,0,,2018,10,17,2
Prague_2,2018-10-18,0,,2018,10,18,3
Prague_2,2018-10-19,0,,2018,10,19,4
Prague_2,2018-10-20,0,,2018,10,20,5
Prague_2,2018-10-21,0,,2018,10,21,6
Prague_2,2018-10-22,0,,2018,10,22,0
Prague_2,2018-10-23,0,,2018,10,23,1
Prague_2,2018-10-24,0,,2018,10,24,2
Prague_2,2018-10-25,0,,2018,10,25,3
Prague_2,2018-10-26,0,,2018,10,26,4
Prague_2,2018-10-27,0,,2018,10,27,5
Prague_2,2018-10-28,1,Den vzniku samostatneho ceskoslovenskeho statu,2018,10,28,6
Prague_2,2018-10-29,0,,2018,10,29,0
Prague_2,2018-10-30,0,,2018,10,30,1
Prague_2,2018-10-31,0,,2018,10,31,2
Prague_2,2018-11-01,0,,2018,11,1,3
Prague_2,2018-11-02,0,,2018,11,2,4
Prague_2,2018-11-03,0,,2018,11,3,5
Prague_2,2018-11-04,0,,2018,11,4,6
Prague_2,2018-11-05,0,,2018,11,5,0
Prague_2,2018-11-06,0,,2018,11,6,1
Prague_2,2018-11-07,0,,2018,11,7,2
Prague_2,2018-11-08,0,,2018,11,8,3
Prague_2,2018-11-09,0,,2018,11,9,4
Prague_2,2018-11-10,0,,2018,11,10,5
Prague_2,2018-11-11,0,,2018,11,11,6
Prague_2,2018-11-12,0,,2018,11,12,0
Prague_2,2018-11-13,0,,2018,11,13,1
Prague_2,2018-11-14,0,,2018,11,14,2
Prague_2,2018-11-15,0,,2018,11,15,3
Prague_2,2018-11-16,0,,2018,11,16,4
Prague_2,2018-11-17,1,Den boje za svobodu a demokracii,2018,11,17,5
Prague_2,2018-11-18,0,,2018,11,18,6
Prague_2,2018-11-19,0,,2018,11,19,0
Prague_2,2018-11-20,0,,2018,11,20,1
Prague_2,2018-11-21,0,,2018,11,21,2
Prague_2,2018-11-22,0,,2018,11,22,3
Prague_2,2018-11-23,0,,2018,11,23,4
Prague_2,2018-11-24,0,,2018,11,24,5
Prague_2,2018-11-25,0,,2018,11,25,6
Prague_2,2018-11-26,0,,2018,11,26,0
Prague_2,2018-11-27,0,,2018,11,27,1
Prague_2,2018-11-28,0,,2018,11,28,2
Prague_2,2018-11-29,0,,2018,11,29,3
Prague_2,2018-11-30,0,,2018,11,30,4
Prague_2,2018-12-01,0,,2018,12,1,5
Prague_2,2018-12-02,0,,2018,12,2,6
Prague_2,2018-12-03,0,,2018,12,3,0
Prague_2,2018-12-04,0,,2018,12,4,1
Prague_2,2018-12-05,0,,2018,12,5,2
Prague_2,2018-12-06,0,,2018,12,6,3
Prague_2,2018-12-07,0,,2018,12,7,4
Prague_2,2018-12-08,0,,2018,12,8,5
Prague_2,2018-12-09,0,,2018,12,9,6
Prague_2,2018-12-10,0,,2018,12,10,0
Prague_2,2018-12-11,0,,2018,12,11,1
Prague_2,2018-12-12,0,,2018,12,12,2
Prague_2,2018-12-13,0,,2018,12,13,3
Prague_2,2018-12-14,0,,2018,12,14,4
Prague_2,2018-12-15,0,,2018,12,15,5
Prague_2,2018-12-16,0,,2018,12,16,6
Prague_2,2018-12-17,0,,2018,12,17,0
Prague_2,2018-12-18,0,,2018,12,18,1
Prague_2,2018-12-19,0,,2018,12,19,2
Prague_2,2018-12-20,0,,2018,12,20,3
Prague_2,2018-12-21,0,,2018,12,21,4
Prague_2,2018-12-22,0,,2018,12,22,5
Prague_2,2018-12-23,0,,2018,12,23,6
Prague_2,2018-12-24,1,Christmas Eve,2018,12,24,0
Prague_2,2018-12-25,1,1st Christmas Day,2018,12,25,1
Prague_2,2018-12-26,1,2nd Christmas Day,2018,12,26,2
Prague_2,2018-12-27,0,,2018,12,27,3
Prague_2,2018-12-28,0,,2018,12,28,4
Prague_2,2018-12-29,0,,2018,12,29,5
Prague_2,2018-12-30,0,,2018,12,30,6
Prague_2,2018-12-31,0,,2018,12,31,0
Prague_2,2019-01-01,1,New Years Day,2019,1,1,1
Prague_2,2019-01-02,0,,2019,1,2,2
Prague_2,2019-01-03,0,,2019,1,3,3
Prague_2,2019-01-04,0,,2019,1,4,4
Prague_2,2019-01-05,0,,2019,1,5,5
Prague_2,2019-01-06,0,,2019,1,6,6
Prague_2,2019-01-07,0,,2019,1,7,0
Prague_2,2019-01-08,0,,2019,1,8,1
Prague_2,2019-01-09,0,,2019,1,9,2
Prague_2,2019-01-10,0,,2019,1,10,3
Prague_2,2019-01-11,0,,2019,1,11,4
Prague_2,2019-01-12,0,,2019,1,12,5
Prague_2,2019-01-13,0,,2019,1,13,6
Prague_2,2019-01-14,0,,2019,1,14,0
Prague_2,2019-01-15,0,,2019,1,15,1
Prague_2,2019-01-16,0,,2019,1,16,2
Prague_2,2019-01-17,0,,2019,1,17,3
Prague_2,2019-01-18,0,,2019,1,18,4
Prague_2,2019-01-19,0,,2019,1,19,5
Prague_2,2019-01-20,0,,2019,1,20,6
Prague_2,2019-01-21,0,,2019,1,21,0
Prague_2,2019-01-22,0,,2019,1,22,1
Prague_2,2019-01-23,0,,2019,1,23,2
Prague_2,2019-01-24,0,,2019,1,24,3
Prague_2,2019-01-25,0,,2019,1,25,4
Prague_2,2019-01-26,0,,2019,1,26,5
Prague_2,2019-01-27,0,,2019,1,27,6
Prague_2,2019-01-28,0,,2019,1,28,0
Prague_2,2019-01-29,0,,2019,1,29,1
Prague_2,2019-01-30,0,,2019,1,30,2
Prague_2,2019-01-31,0,,2019,1,31,3
Prague_2,2019-02-01,0,,2019,2,1,4
Prague_2,2019-02-02,0,,2019,2,2,5
Prague_2,2019-02-03,0,,2019,2,3,6
Prague_2,2019-02-04,0,,2019,2,4,0
Prague_2,2019-02-05,0,,2019,2,5,1
Prague_2,2019-02-06,0,,2019,2,6,2
Prague_2,2019-02-07,0,,2019,2,7,3
Prague_2,2019-02-08,0,,2019,2,8,4
Prague_2,2019-02-09,0,,2019,2,9,5
Prague_2,2019-02-10,0,,2019,2,10,6
Prague_2,2019-02-11,0,,2019,2,11,0
Prague_2,2019-02-12,0,,2019,2,12,1
Prague_2,2019-02-13,0,,2019,2,13,2
Prague_2,2019-02-14,0,,2019,2,14,3
Prague_2,2019-02-15,0,,2019,2,15,4
Prague_2,2019-02-16,0,,2019,2,16,5
Prague_2,2019-02-17,0,,2019,2,17,6
Prague_2,2019-02-18,0,,2019,2,18,0
Prague_2,2019-02-19,0,,2019,2,19,1
Prague_2,2019-02-20,0,,2019,2,20,2
Prague_2,2019-02-21,0,,2019,2,21,3
Prague_2,2019-02-22,0,,2019,2,22,4
Prague_2,2019-02-23,0,,2019,2,23,5
Prague_2,2019-02-24,0,,2019,2,24,6
Prague_2,2019-02-25,0,,2019,2,25,0
Prague_2,2019-02-26,0,,2019,2,26,1
Prague_2,2019-02-27,0,,2019,2,27,2
Prague_2,2019-02-28,0,,2019,2,28,3
Prague_2,2019-03-01,0,,2019,3,1,4
Prague_2,2019-03-02,0,,2019,3,2,5
Prague_2,2019-03-03,0,,2019,3,3,6
Prague_2,2019-03-04,0,,2019,3,4,0
Prague_2,2019-03-05,0,,2019,3,5,1
Prague_2,2019-03-06,0,,2019,3,6,2
Prague_2,2019-03-07,0,,2019,3,7,3
Prague_2,2019-03-08,1,International womens day,2019,3,8,4
Prague_2,2019-03-09,0,,2019,3,9,5
Prague_2,2019-03-10,0,,2019,3,10,6
Prague_2,2019-03-11,0,,2019,3,11,0
Prague_2,2019-03-12,0,,2019,3,12,1
Prague_2,2019-03-13,0,,2019,3,13,2
Prague_2,2019-03-14,0,,2019,3,14,3
Prague_2,2019-03-15,0,,2019,3,15,4
Prague_2,2019-03-16,0,,2019,3,16,5
Prague_2,2019-03-17,0,,2019,3,17,6
Prague_2,2019-03-18,0,,2019,3,18,0
Prague_2,2019-03-19,0,,2019,3,19,1
Prague_2,2019-03-20,0,,2019,3,20,2
Prague_2,2019-03-21,0,,2019,3,21,3
Prague_2,2019-03-22,0,,2019,3,22,4
Prague_2,2019-03-23,0,,2019,3,23,5
Prague_2,2019-03-24,0,,2019,3,24,6
Prague_2,2019-03-25,0,,2019,3,25,0
Prague_2,2019-03-26,0,,2019,3,26,1
Prague_2,2019-03-27,0,,2019,3,27,2
Prague_2,2019-03-28,0,,2019,3,28,3
Prague_2,2019-03-29,0,,2019,3,29,4
Prague_2,2019-03-30,1,Good Friday,2019,3,30,5
Prague_2,2019-03-31,0,,2019,3,31,6
Prague_2,2019-04-01,1,Easter Day,2019,4,1,0
Prague_2,2019-04-02,1,Easter Monday,2019,4,2,1
Prague_2,2019-04-03,0,,2019,4,3,2
Prague_2,2019-04-04,0,,2019,4,4,3
Prague_2,2019-04-05,0,,2019,4,5,4
Prague_2,2019-04-06,0,,2019,4,6,5
Prague_2,2019-04-07,0,,2019,4,7,6
Prague_2,2019-04-08,0,,2019,4,8,0
Prague_2,2019-04-09,0,,2019,4,9,1
Prague_2,2019-04-10,0,,2019,4,10,2
Prague_2,2019-04-11,0,,2019,4,11,3
Prague_2,2019-04-12,0,,2019,4,12,4
Prague_2,2019-04-13,0,,2019,4,13,5
Prague_2,2019-04-14,0,,2019,4,14,6
Prague_2,2019-04-15,0,,2019,4,15,0
Prague_2,2019-04-16,0,,2019,4,16,1
Prague_2,2019-04-17,0,,2019,4,17,2
Prague_2,2019-04-18,0,,2019,4,18,3
Prague_2,2019-04-19,1,Good Friday,2019,4,19,4
Prague_2,2019-04-20,1,Good Friday,2019,4,20,5
Prague_2,2019-04-21,1,Easter Day,2019,4,21,6
Prague_2,2019-04-22,1,Easter Monday,2019,4,22,0
Prague_2,2019-04-23,0,,2019,4,23,1
Prague_2,2019-04-24,0,,2019,4,24,2
Prague_2,2019-04-25,0,,2019,4,25,3
Prague_2,2019-04-26,0,,2019,4,26,4
Prague_2,2019-04-27,0,,2019,4,27,5
Prague_2,2019-04-28,0,,2019,4,28,6
Prague_2,2019-04-29,0,,2019,4,29,0
Prague_2,2019-04-30,0,,2019,4,30,1
Prague_2,2019-05-01,1,Labour Day,2019,5,1,2
Prague_2,2019-05-02,0,,2019,5,2,3
Prague_2,2019-05-03,0,,2019,5,3,4
Prague_2,2019-05-04,0,,2019,5,4,5
Prague_2,2019-05-05,0,,2019,5,5,6
Prague_2,2019-05-06,0,,2019,5,6,0
Prague_2,2019-05-07,0,,2019,5,7,1
Prague_2,2019-05-08,1,Den osvobozeni,2019,5,8,2
Prague_2,2019-05-09,0,,2019,5,9,3
Prague_2,2019-05-10,0,,2019,5,10,4
Prague_2,2019-05-11,0,,2019,5,11,5
Prague_2,2019-05-12,1,Mother's Day,2019,5,12,6
Prague_2,2019-05-13,1,Mother's Day,2019,5,13,0
Prague_2,2019-05-14,0,,2019,5,14,1
Prague_2,2019-05-15,0,,2019,5,15,2
Prague_2,2019-05-16,0,,2019,5,16,3
Prague_2,2019-05-17,0,,2019,5,17,4
Prague_2,2019-05-18,0,,2019,5,18,5
Prague_2,2019-05-19,0,,2019,5,19,6
Prague_2,2019-05-20,0,,2019,5,20,0
Prague_2,2019-05-21,0,,2019,5,21,1
Prague_2,2019-05-22,0,,2019,5,22,2
Prague_2,2019-05-23,0,,2019,5,23,3
Prague_2,2019-05-24,0,,2019,5,24,4
Prague_2,2019-05-25,0,,2019,5,25,5
Prague_2,2019-05-26,0,,2019,5,26,6
Prague_2,2019-05-27,0,,2019,5,27,0
Prague_2,2019-05-28,0,,2019,5,28,1
Prague_2,2019-05-29,0,,2019,5,29,2
Prague_2,2019-05-30,0,,2019,5,30,3
Prague_2,2019-05-31,0,,2019,5,31,4
Prague_2,2019-06-01,0,,2019,6,1,5
Prague_2,2019-06-02,0,,2019,6,2,6
Prague_2,2019-06-03,0,,2019,6,3,0
Prague_2,2019-06-04,0,,2019,6,4,1
Prague_2,2019-06-05,0,,2019,6,5,2
Prague_2,2019-06-06,0,,2019,6,6,3
Prague_2,2019-06-07,0,,2019,6,7,4
Prague_2,2019-06-08,0,,2019,6,8,5
Prague_2,2019-06-09,0,,2019,6,9,6
Prague_2,2019-06-10,0,,2019,6,10,0
Prague_2,2019-06-11,0,,2019,6,11,1
Prague_2,2019-06-12,0,,2019,6,12,2
Prague_2,2019-06-13,0,,2019,6,13,3
Prague_2,2019-06-14,0,,2019,6,14,4
Prague_2,2019-06-15,0,,2019,6,15,5
Prague_2,2019-06-16,0,,2019,6,16,6
Prague_2,2019-06-17,0,,2019,6,17,0
Prague_2,2019-06-18,0,,2019,6,18,1
Prague_2,2019-06-19,0,,2019,6,19,2
Prague_2,2019-06-20,0,,2019,6,20,3
Prague_2,2019-06-21,0,,2019,6,21,4
Prague_2,2019-06-22,0,,2019,6,22,5
Prague_2,2019-06-23,0,,2019,6,23,6
Prague_2,2019-06-24,0,,2019,6,24,0
Prague_2,2019-06-25,0,,2019,6,25,1
Prague_2,2019-06-26,0,,2019,6,26,2
Prague_2,2019-06-27,0,,2019,6,27,3
Prague_2,2019-06-28,0,,2019,6,28,4
Prague_2,2019-06-29,0,,2019,6,29,5
Prague_2,2019-06-30,0,,2019,6,30,6
Prague_2,2019-07-01,0,,2019,7,1,0
Prague_2,2019-07-02,0,,2019,7,2,1
Prague_2,2019-07-03,0,,2019,7,3,2
Prague_2,2019-07-04,0,,2019,7,4,3
Prague_2,2019-07-05,1,Cyrila a Metodej,2019,7,5,4
Prague_2,2019-07-06,1,Jan Hus,2019,7,6,5
Prague_2,2019-07-07,0,,2019,7,7,6
Prague_2,2019-07-08,0,,2019,7,8,0
Prague_2,2019-07-09,0,,2019,7,9,1
Prague_2,2019-07-10,0,,2019,7,10,2
Prague_2,2019-07-11,0,,2019,7,11,3
Prague_2,2019-07-12,0,,2019,7,12,4
Prague_2,2019-07-13,0,,2019,7,13,5
Prague_2,2019-07-14,0,,2019,7,14,6
Prague_2,2019-07-15,0,,2019,7,15,0
Prague_2,2019-07-16,0,,2019,7,16,1
Prague_2,2019-07-17,0,,2019,7,17,2
Prague_2,2019-07-18,0,,2019,7,18,3
Prague_2,2019-07-19,0,,2019,7,19,4
Prague_2,2019-07-20,0,,2019,7,20,5
Prague_2,2019-07-21,0,,2019,7,21,6
Prague_2,2019-07-22,0,,2019,7,22,0
Prague_2,2019-07-23,0,,2019,7,23,1
Prague_2,2019-07-24,0,,2019,7,24,2
Prague_2,2019-07-25,0,,2019,7,25,3
Prague_2,2019-07-26,0,,2019,7,26,4
Prague_2,2019-07-27,0,,2019,7,27,5
Prague_2,2019-07-28,0,,2019,7,28,6
Prague_2,2019-07-29,0,,2019,7,29,0
Prague_2,2019-07-30,0,,2019,7,30,1
Prague_2,2019-07-31,0,,2019,7,31,2
Prague_2,2019-08-01,0,,2019,8,1,3
Prague_2,2019-08-02,0,,2019,8,2,4
Prague_2,2019-08-03,0,,2019,8,3,5
Prague_2,2019-08-04,0,,2019,8,4,6
Prague_2,2019-08-05,0,,2019,8,5,0
Prague_2,2019-08-06,0,,2019,8,6,1
Prague_2,2019-08-07,0,,2019,8,7,2
Prague_2,2019-08-08,0,,2019,8,8,3
Prague_2,2019-08-09,0,,2019,8,9,4
Prague_2,2019-08-10,0,,2019,8,10,5
Prague_2,2019-08-11,0,,2019,8,11,6
Prague_2,2019-08-12,0,,2019,8,12,0
Prague_2,2019-08-13,0,,2019,8,13,1
Prague_2,2019-08-14,0,,2019,8,14,2
Prague_2,2019-08-15,0,,2019,8,15,3
Prague_2,2019-08-16,0,,2019,8,16,4
Prague_2,2019-08-17,0,,2019,8,17,5
Prague_2,2019-08-18,0,,2019,8,18,6
Prague_2,2019-08-19,0,,2019,8,19,0
Prague_2,2019-08-20,0,,2019,8,20,1
Prague_2,2019-08-21,0,,2019,8,21,2
Prague_2,2019-08-22,0,,2019,8,22,3
Prague_2,2019-08-23,0,,2019,8,23,4
Prague_2,2019-08-24,0,,2019,8,24,5
Prague_2,2019-08-25,0,,2019,8,25,6
Prague_2,2019-08-26,0,,2019,8,26,0
Prague_2,2019-08-27,0,,2019,8,27,1
Prague_2,2019-08-28,0,,2019,8,28,2
Prague_2,2019-08-29,0,,2019,8,29,3
Prague_2,2019-08-30,0,,2019,8,30,4
Prague_2,2019-08-31,0,,2019,8,31,5
Prague_2,2019-09-01,0,,2019,9,1,6
Prague_2,2019-09-02,0,,2019,9,2,0
Prague_2,2019-09-03,0,,2019,9,3,1
Prague_2,2019-09-04,0,,2019,9,4,2
Prague_2,2019-09-05,0,,2019,9,5,3
Prague_2,2019-09-06,0,,2019,9,6,4
Prague_2,2019-09-07,0,,2019,9,7,5
Prague_2,2019-09-08,0,,2019,9,8,6
Prague_2,2019-09-09,0,,2019,9,9,0
Prague_2,2019-09-10,0,,2019,9,10,1
Prague_2,2019-09-11,0,,2019,9,11,2
Prague_2,2019-09-12,0,,2019,9,12,3
Prague_2,2019-09-13,0,,2019,9,13,4
Prague_2,2019-09-14,0,,2019,9,14,5
Prague_2,2019-09-15,0,,2019,9,15,6
Prague_2,2019-09-16,0,,2019,9,16,0
Prague_2,2019-09-17,0,,2019,9,17,1
Prague_2,2019-09-18,0,,2019,9,18,2
Prague_2,2019-09-19,0,,2019,9,19,3
Prague_2,2019-09-20,0,,2019,9,20,4
Prague_2,2019-09-21,0,,2019,9,21,5
Prague_2,2019-09-22,0,,2019,9,22,6
Prague_2,2019-09-23,0,,2019,9,23,0
Prague_2,2019-09-24,0,,2019,9,24,1
Prague_2,2019-09-25,0,,2019,9,25,2
Prague_2,2019-09-26,0,,2019,9,26,3
Prague_2,2019-09-27,0,,2019,9,27,4
Prague_2,2019-09-28,1,Den ceske statnosti,2019,9,28,5
Prague_2,2019-09-29,0,,2019,9,29,6
Prague_2,2019-09-30,0,,2019,9,30,0
Prague_2,2019-10-01,0,,2019,10,1,1
Prague_2,2019-10-02,0,,2019,10,2,2
Prague_2,2019-10-03,0,,2019,10,3,3
Prague_2,2019-10-04,0,,2019,10,4,4
Prague_2,2019-10-05,0,,2019,10,5,5
Prague_2,2019-10-06,0,,2019,10,6,6
Prague_2,2019-10-07,0,,2019,10,7,0
Prague_2,2019-10-08,0,,2019,10,8,1
Prague_2,2019-10-09,0,,2019,10,9,2
Prague_2,2019-10-10,0,,2019,10,10,3
Prague_2,2019-10-11,0,,2019,10,11,4
Prague_2,2019-10-12,0,,2019,10,12,5
Prague_2,2019-10-13,0,,2019,10,13,6
Prague_2,2019-10-14,0,,2019,10,14,0
Prague_2,2019-10-15,0,,2019,10,15,1
Prague_2,2019-10-16,0,,2019,10,16,2
Prague_2,2019-10-17,0,,2019,10,17,3
Prague_2,2019-10-18,0,,2019,10,18,4
Prague_2,2019-10-19,0,,2019,10,19,5
Prague_2,2019-10-20,0,,2019,10,20,6
Prague_2,2019-10-21,0,,2019,10,21,0
Prague_2,2019-10-22,0,,2019,10,22,1
Prague_2,2019-10-23,0,,2019,10,23,2
Prague_2,2019-10-24,0,,2019,10,24,3
Prague_2,2019-10-25,0,,2019,10,25,4
Prague_2,2019-10-26,0,,2019,10,26,5
Prague_2,2019-10-27,0,,2019,10,27,6
Prague_2,2019-10-28,1,Den vzniku samostatneho ceskoslovenskeho statu,2019,10,28,0
Prague_2,2019-10-29,0,,2019,10,29,1
Prague_2,2019-10-30,0,,2019,10,30,2
Prague_2,2019-10-31,0,,2019,10,31,3
Prague_2,2019-11-01,0,,2019,11,1,4
Prague_2,2019-11-02,0,,2019,11,2,5
Prague_2,2019-11-03,0,,2019,11,3,6
Prague_2,2019-11-04,0,,2019,11,4,0
Prague_2,2019-11-05,0,,2019,11,5,1
Prague_2,2019-11-06,0,,2019,11,6,2
Prague_2,2019-11-07,0,,2019,11,7,3
Prague_2,2019-11-08,0,,2019,11,8,4
Prague_2,2019-11-09,0,,2019,11,9,5
Prague_2,2019-11-10,0,,2019,11,10,6
Prague_2,2019-11-11,0,,2019,11,11,0
Prague_2,2019-11-12,0,,2019,11,12,1
Prague_2,2019-11-13,0,,2019,11,13,2
Prague_2,2019-11-14,0,,2019,11,14,3
Prague_2,2019-11-15,0,,2019,11,15,4
Prague_2,2019-11-16,0,,2019,11,16,5
Prague_2,2019-11-17,1,Den boje za svobodu a demokracii,2019,11,17,6
Prague_2,2019-11-18,0,,2019,11,18,0
Prague_2,2019-11-19,0,,2019,11,19,1
Prague_2,2019-11-20,0,,2019,11,20,2
Prague_2,2019-11-21,0,,2019,11,21,3
Prague_2,2019-11-22,0,,2019,11,22,4
Prague_2,2019-11-23,0,,2019,11,23,5
Prague_2,2019-11-24,0,,2019,11,24,6
Prague_2,2019-11-25,0,,2019,11,25,0
Prague_2,2019-11-26,0,,2019,11,26,1
Prague_2,2019-11-27,0,,2019,11,27,2
Prague_2,2019-11-28,0,,2019,11,28,3
Prague_2,2019-11-29,0,,2019,11,29,4
Prague_2,2019-11-30,0,,2019,11,30,5
Prague_2,2019-12-01,0,,2019,12,1,6
Prague_2,2019-12-02,0,,2019,12,2,0
Prague_2,2019-12-03,0,,2019,12,3,1
Prague_2,2019-12-04,0,,2019,12,4,2
Prague_2,2019-12-05,0,,2019,12,5,3
Prague_2,2019-12-06,0,,2019,12,6,4
Prague_2,2019-12-07,0,,2019,12,7,5
Prague_2,2019-12-08,0,,2019,12,8,6
Prague_2,2019-12-09,0,,2019,12,9,0
Prague_2,2019-12-10,0,,2019,12,10,1
Prague_2,2019-12-11,0,,2019,12,11,2
Prague_2,2019-12-12,0,,2019,12,12,3
Prague_2,2019-12-13,0,,2019,12,13,4
Prague_2,2019-12-14,0,,2019,12,14,5
Prague_2,2019-12-15,0,,2019,12,15,6
Prague_2,2019-12-16,0,,2019,12,16,0
Prague_2,2019-12-17,0,,2019,12,17,1
Prague_2,2019-12-18,0,,2019,12,18,2
Prague_2,2019-12-19,0,,2019,12,19,3
Prague_2,2019-12-20,0,,2019,12,20,4
Prague_2,2019-12-21,0,,2019,12,21,5
Prague_2,2019-12-22,0,,2019,12,22,6
Prague_2,2019-12-23,0,,2019,12,23,0
Prague_2,2019-12-24,1,Christmas Eve,2019,12,24,1
Prague_2,2019-12-25,1,1st Christmas Day,2019,12,25,2
Prague_2,2019-12-26,1,2nd Christmas Day,2019,12,26,3
Prague_2,2019-12-27,0,,2019,12,27,4
Prague_2,2019-12-28,0,,2019,12,28,5
Prague_2,2019-12-29,0,,2019,12,29,6
Prague_2,2019-12-30,0,,2019,12,30,0
Prague_2,2019-12-31,0,,2019,12,31,1
Prague_2,2020-01-01,1,New Years Day,2020,1,1,2
Prague_2,2020-01-02,0,,2020,1,2,3
Prague_2,2020-01-03,0,,2020,1,3,4
Prague_2,2020-01-04,0,,2020,1,4,5
Prague_2,2020-01-05,0,,2020,1,5,6
Prague_2,2020-01-06,0,,2020,1,6,0
Prague_2,2020-01-07,0,,2020,1,7,1
Prague_2,2020-01-08,0,,2020,1,8,2
Prague_2,2020-01-09,0,,2020,1,9,3
Prague_2,2020-01-10,0,,2020,1,10,4
Prague_2,2020-01-11,0,,2020,1,11,5
Prague_2,2020-01-12,0,,2020,1,12,6
Prague_2,2020-01-13,0,,2020,1,13,0
Prague_2,2020-01-14,0,,2020,1,14,1
Prague_2,2020-01-15,0,,2020,1,15,2
Prague_2,2020-01-16,0,,2020,1,16,3
Prague_2,2020-01-17,0,,2020,1,17,4
Prague_2,2020-01-18,0,,2020,1,18,5
Prague_2,2020-01-19,0,,2020,1,19,6
Prague_2,2020-01-20,0,,2020,1,20,0
Prague_2,2020-01-21,0,,2020,1,21,1
Prague_2,2020-01-22,0,,2020,1,22,2
Prague_2,2020-01-23,0,,2020,1,23,3
Prague_2,2020-01-24,0,,2020,1,24,4
Prague_2,2020-01-25,0,,2020,1,25,5
Prague_2,2020-01-26,0,,2020,1,26,6
Prague_2,2020-01-27,0,,2020,1,27,0
Prague_2,2020-01-28,0,,2020,1,28,1
Prague_2,2020-01-29,0,,2020,1,29,2
Prague_2,2020-01-30,0,,2020,1,30,3
Prague_2,2020-01-31,0,,2020,1,31,4
Prague_2,2020-02-01,0,,2020,2,1,5
Prague_2,2020-02-02,0,,2020,2,2,6
Prague_2,2020-02-03,0,,2020,2,3,0
Prague_2,2020-02-04,0,,2020,2,4,1
Prague_2,2020-02-05,0,,2020,2,5,2
Prague_2,2020-02-06,0,,2020,2,6,3
Prague_2,2020-02-07,0,,2020,2,7,4
Prague_2,2020-02-08,0,,2020,2,8,5
Prague_2,2020-02-09,0,,2020,2,9,6
Prague_2,2020-02-10,0,,2020,2,10,0
Prague_2,2020-02-11,0,,2020,2,11,1
Prague_2,2020-02-12,0,,2020,2,12,2
Prague_2,2020-02-13,0,,2020,2,13,3
Prague_2,2020-02-14,0,,2020,2,14,4
Prague_2,2020-02-15,0,,2020,2,15,5
Prague_2,2020-02-16,0,,2020,2,16,6
Prague_2,2020-02-17,0,,2020,2,17,0
Prague_2,2020-02-18,0,,2020,2,18,1
Prague_2,2020-02-19,0,,2020,2,19,2
Prague_2,2020-02-20,0,,2020,2,20,3
Prague_2,2020-02-21,0,,2020,2,21,4
Prague_2,2020-02-22,0,,2020,2,22,5
Prague_2,2020-02-23,0,,2020,2,23,6
Prague_2,2020-02-24,0,,2020,2,24,0
Prague_2,2020-02-25,0,,2020,2,25,1
Prague_2,2020-02-26,0,,2020,2,26,2
Prague_2,2020-02-27,0,,2020,2,27,3
Prague_2,2020-02-28,0,,2020,2,28,4
Prague_2,2020-02-29,0,,2020,2,29,5
Prague_2,2020-03-01,0,,2020,3,1,6
Prague_2,2020-03-02,0,,2020,3,2,0
Prague_2,2020-03-03,0,,2020,3,3,1
Prague_2,2020-03-04,0,,2020,3,4,2
Prague_2,2020-03-05,0,,2020,3,5,3
Prague_2,2020-03-06,0,,2020,3,6,4
Prague_2,2020-03-07,0,,2020,3,7,5
Prague_2,2020-03-08,1,International womens day,2020,3,8,6
Prague_2,2020-03-09,0,,2020,3,9,0
Prague_2,2020-03-10,0,,2020,3,10,1
Prague_2,2020-03-11,0,,2020,3,11,2
Prague_2,2020-03-12,0,,2020,3,12,3
Prague_2,2020-03-13,0,,2020,3,13,4
Prague_2,2020-03-14,0,,2020,3,14,5
Prague_2,2020-03-15,0,,2020,3,15,6
Prague_2,2020-03-16,0,,2020,3,16,0
Prague_2,2020-03-17,0,,2020,3,17,1
Prague_2,2020-03-18,0,,2020,3,18,2
Prague_2,2020-03-19,0,,2020,3,19,3
Prague_2,2020-03-20,0,,2020,3,20,4
Prague_2,2020-03-21,0,,2020,3,21,5
Prague_2,2020-03-22,0,,2020,3,22,6
Prague_2,2020-03-23,0,,2020,3,23,0
Prague_2,2020-03-24,0,,2020,3,24,1
Prague_2,2020-03-25,0,,2020,3,25,2
Prague_2,2020-03-26,0,,2020,3,26,3
Prague_2,2020-03-27,0,,2020,3,27,4
Prague_2,2020-03-28,0,,2020,3,28,5
Prague_2,2020-03-29,0,,2020,3,29,6
Prague_2,2020-03-30,0,,2020,3,30,0
Prague_2,2020-03-31,0,,2020,3,31,1
Prague_2,2020-04-01,0,,2020,4,1,2
Prague_2,2020-04-02,0,,2020,4,2,3
Prague_2,2020-04-03,0,,2020,4,3,4
Prague_2,2020-04-04,0,,2020,4,4,5
Prague_2,2020-04-05,0,,2020,4,5,6
Prague_2,2020-04-06,0,,2020,4,6,0
Prague_2,2020-04-07,0,,2020,4,7,1
Prague_2,2020-04-08,0,,2020,4,8,2
Prague_2,2020-04-09,0,,2020,4,9,3
Prague_2,2020-04-10,1,Good Friday,2020,4,10,4
Prague_2,2020-04-11,1,Good Friday,2020,4,11,5
Prague_2,2020-04-12,1,Easter Day,2020,4,12,6
Prague_2,2020-04-13,1,Easter Monday,2020,4,13,0
Prague_2,2020-04-14,0,,2020,4,14,1
Prague_2,2020-04-15,0,,2020,4,15,2
Prague_2,2020-04-16,0,,2020,4,16,3
Prague_2,2020-04-17,0,,2020,4,17,4
Prague_2,2020-04-18,0,,2020,4,18,5
Prague_2,2020-04-19,1,Good Friday,2020,4,19,6
Prague_2,2020-04-20,1,Good Friday,2020,4,20,0
Prague_2,2020-04-21,1,Easter Day,2020,4,21,1
Prague_2,2020-04-22,1,Easter Monday,2020,4,22,2
Prague_2,2020-04-23,0,,2020,4,23,3
Prague_2,2020-04-24,0,,2020,4,24,4
Prague_2,2020-04-25,0,,2020,4,25,5
Prague_2,2020-04-26,0,,2020,4,26,6
Prague_2,2020-04-27,0,,2020,4,27,0
Prague_2,2020-04-28,0,,2020,4,28,1
Prague_2,2020-04-29,0,,2020,4,29,2
Prague_2,2020-04-30,0,,2020,4,30,3
Prague_2,2020-05-01,1,Labour Day,2020,5,1,4
Prague_2,2020-05-02,0,,2020,5,2,5
Prague_2,2020-05-03,0,,2020,5,3,6
Prague_2,2020-05-04,0,,2020,5,4,0
Prague_2,2020-05-05,0,,2020,5,5,1
Prague_2,2020-05-06,0,,2020,5,6,2
Prague_2,2020-05-07,0,,2020,5,7,3
Prague_2,2020-05-08,1,Den osvobozeni,2020,5,8,4
Prague_2,2020-05-09,0,,2020,5,9,5
Prague_2,2020-05-10,1,Mother's Day,2020,5,10,6
Prague_2,2020-05-11,0,,2020,5,11,0
Prague_2,2020-05-12,1,Mother's Day,2020,5,12,1
Prague_2,2020-05-13,0,,2020,5,13,2
Prague_2,2020-05-14,0,,2020,5,14,3
Prague_2,2020-05-15,0,,2020,5,15,4
Prague_2,2020-05-16,0,,2020,5,16,5
Prague_2,2020-05-17,0,,2020,5,17,6
Prague_2,2020-05-18,0,,2020,5,18,0
Prague_2,2020-05-19,0,,2020,5,19,1
Prague_2,2020-05-20,0,,2020,5,20,2
Prague_2,2020-05-21,0,,2020,5,21,3
Prague_2,2020-05-22,0,,2020,5,22,4
Prague_2,2020-05-23,0,,2020,5,23,5
Prague_2,2020-05-24,0,,2020,5,24,6
Prague_2,2020-05-25,0,,2020,5,25,0
Prague_2,2020-05-26,0,,2020,5,26,1
Prague_2,2020-05-27,0,,2020,5,27,2
Prague_2,2020-05-28,0,,2020,5,28,3
Prague_2,2020-05-29,0,,2020,5,29,4
Prague_2,2020-05-30,0,,2020,5,30,5
Prague_2,2020-05-31,0,,2020,5,31,6
Prague_2,2020-06-01,0,,2020,6,1,0
Prague_2,2020-06-02,0,,2020,6,2,1
Prague_2,2020-06-03,0,,2020,6,3,2
Prague_2,2020-06-04,0,,2020,6,4,3
Prague_2,2020-06-05,0,,2020,6,5,4
Prague_2,2020-06-06,0,,2020,6,6,5
Prague_2,2020-06-07,0,,2020,6,7,6
Prague_2,2020-06-08,0,,2020,6,8,0
Prague_2,2020-06-09,0,,2020,6,9,1
Prague_2,2020-06-10,0,,2020,6,10,2
Prague_2,2020-06-11,0,,2020,6,11,3
Prague_2,2020-06-12,0,,2020,6,12,4
Prague_2,2020-06-13,0,,2020,6,13,5
Prague_2,2020-06-14,0,,2020,6,14,6
Prague_2,2020-06-15,0,,2020,6,15,0
Prague_2,2020-06-16,0,,2020,6,16,1
Prague_2,2020-06-17,0,,2020,6,17,2
Prague_2,2020-06-18,0,,2020,6,18,3
Prague_2,2020-06-19,0,,2020,6,19,4
Prague_2,2020-06-20,0,,2020,6,20,5
Prague_2,2020-06-21,0,,2020,6,21,6
Prague_2,2020-06-22,0,,2020,6,22,0
Prague_2,2020-06-23,0,,2020,6,23,1
Prague_2,2020-06-24,0,,2020,6,24,2
Prague_2,2020-06-25,0,,2020,6,25,3
Prague_2,2020-06-26,0,,2020,6,26,4
Prague_2,2020-06-27,0,,2020,6,27,5
Prague_2,2020-06-28,0,,2020,6,28,6
Prague_2,2020-06-29,0,,2020,6,29,0
Prague_2,2020-06-30,0,,2020,6,30,1
Prague_2,2020-07-01,0,,2020,7,1,2
Prague_2,2020-07-02,0,,2020,7,2,3
Prague_2,2020-07-03,0,,2020,7,3,4
Prague_2,2020-07-04,0,,2020,7,4,5
Prague_2,2020-07-05,1,Cyrila a Metodej,2020,7,5,6
Prague_2,2020-07-06,1,Jan Hus,2020,7,6,0
Prague_2,2020-07-07,0,,2020,7,7,1
Prague_2,2020-07-08,0,,2020,7,8,2
Prague_2,2020-07-09,0,,2020,7,9,3
Prague_2,2020-07-10,0,,2020,7,10,4
Prague_2,2020-07-11,0,,2020,7,11,5
Prague_2,2020-07-12,0,,2020,7,12,6
Prague_2,2020-07-13,0,,2020,7,13,0
Prague_2,2020-07-14,0,,2020,7,14,1
Prague_2,2020-07-15,0,,2020,7,15,2
Prague_2,2020-07-16,0,,2020,7,16,3
Prague_2,2020-07-17,0,,2020,7,17,4
Prague_2,2020-07-18,0,,2020,7,18,5
Prague_2,2020-07-19,0,,2020,7,19,6
Prague_2,2020-07-20,0,,2020,7,20,0
Prague_2,2020-07-21,0,,2020,7,21,1
Prague_2,2020-07-22,0,,2020,7,22,2
Prague_2,2020-07-23,0,,2020,7,23,3
Prague_2,2020-07-24,0,,2020,7,24,4
Prague_2,2020-07-25,0,,2020,7,25,5
Prague_2,2020-07-26,0,,2020,7,26,6
Prague_2,2020-07-27,0,,2020,7,27,0
Prague_2,2020-07-28,0,,2020,7,28,1
Prague_2,2020-07-29,0,,2020,7,29,2
Prague_2,2020-07-30,0,,2020,7,30,3
Prague_2,2020-07-31,0,,2020,7,31,4
Prague_2,2020-08-01,0,,2020,8,1,5
Prague_2,2020-08-02,0,,2020,8,2,6
Prague_2,2020-08-03,0,,2020,8,3,0
Prague_2,2020-08-04,0,,2020,8,4,1
Prague_2,2020-08-05,0,,2020,8,5,2
Prague_2,2020-08-06,0,,2020,8,6,3
Prague_2,2020-08-07,0,,2020,8,7,4
Prague_2,2020-08-08,0,,2020,8,8,5
Prague_2,2020-08-09,0,,2020,8,9,6
Prague_2,2020-08-10,0,,2020,8,10,0
Prague_2,2020-08-11,0,,2020,8,11,1
Prague_2,2020-08-12,0,,2020,8,12,2
Prague_2,2020-08-13,0,,2020,8,13,3
Prague_2,2020-08-14,0,,2020,8,14,4
Prague_2,2020-08-15,0,,2020,8,15,5
Prague_2,2020-08-16,0,,2020,8,16,6
Prague_2,2020-08-17,0,,2020,8,17,0
Prague_2,2020-08-18,0,,2020,8,18,1
Prague_2,2020-08-19,0,,2020,8,19,2
Prague_2,2020-08-20,0,,2020,8,20,3
Prague_2,2020-08-21,0,,2020,8,21,4
Prague_2,2020-08-22,0,,2020,8,22,5
Prague_2,2020-08-23,0,,2020,8,23,6
Prague_2,2020-08-24,0,,2020,8,24,0
Prague_2,2020-08-25,0,,2020,8,25,1
Prague_2,2020-08-26,0,,2020,8,26,2
Prague_2,2020-08-27,0,,2020,8,27,3
Prague_2,2020-08-28,0,,2020,8,28,4
Prague_2,2020-08-29,0,,2020,8,29,5
Prague_2,2020-08-30,0,,2020,8,30,6
Prague_2,2020-08-31,0,,2020,8,31,0
Prague_2,2020-09-01,0,,2020,9,1,1
Prague_2,2020-09-02,0,,2020,9,2,2
Prague_2,2020-09-03,0,,2020,9,3,3
Prague_2,2020-09-04,0,,2020,9,4,4
Prague_2,2020-09-05,0,,2020,9,5,5
Prague_2,2020-09-06,0,,2020,9,6,6
Prague_2,2020-09-07,0,,2020,9,7,0
Prague_2,2020-09-08,0,,2020,9,8,1
Prague_2,2020-09-09,0,,2020,9,9,2
Prague_2,2020-09-10,0,,2020,9,10,3
Prague_2,2020-09-11,0,,2020,9,11,4
Prague_2,2020-09-12,0,,2020,9,12,5
Prague_2,2020-09-13,0,,2020,9,13,6
Prague_2,2020-09-14,0,,2020,9,14,0
Prague_2,2020-09-15,0,,2020,9,15,1
Prague_2,2020-09-16,0,,2020,9,16,2
Prague_2,2020-09-17,0,,2020,9,17,3
Prague_2,2020-09-18,0,,2020,9,18,4
Prague_2,2020-09-19,0,,2020,9,19,5
Prague_2,2020-09-20,0,,2020,9,20,6
Prague_2,2020-09-21,0,,2020,9,21,0
Prague_2,2020-09-22,0,,2020,9,22,1
Prague_2,2020-09-23,0,,2020,9,23,2
Prague_2,2020-09-24,0,,2020,9,24,3
Prague_2,2020-09-25,0,,2020,9,25,4
Prague_2,2020-09-26,0,,2020,9,26,5
Prague_2,2020-09-27,0,,2020,9,27,6
Prague_2,2020-09-28,1,Den ceske statnosti,2020,9,28,0
Prague_2,2020-09-29,0,,2020,9,29,1
Prague_2,2020-09-30,0,,2020,9,30,2
Prague_2,2020-10-01,0,,2020,10,1,3
Prague_2,2020-10-02,0,,2020,10,2,4
Prague_2,2020-10-03,0,,2020,10,3,5
Prague_2,2020-10-04,0,,2020,10,4,6
Prague_2,2020-10-05,0,,2020,10,5,0
Prague_2,2020-10-06,0,,2020,10,6,1
Prague_2,2020-10-07,0,,2020,10,7,2
Prague_2,2020-10-08,0,,2020,10,8,3
Prague_2,2020-10-09,0,,2020,10,9,4
Prague_2,2020-10-10,0,,2020,10,10,5
Prague_2,2020-10-11,0,,2020,10,11,6
Prague_2,2020-10-12,0,,2020,10,12,0
Prague_2,2020-10-13,0,,2020,10,13,1
Prague_2,2020-10-14,0,,2020,10,14,2
Prague_2,2020-10-15,0,,2020,10,15,3
Prague_2,2020-10-16,0,,2020,10,16,4
Prague_2,2020-10-17,0,,2020,10,17,5
Prague_2,2020-10-18,0,,2020,10,18,6
Prague_2,2020-10-19,0,,2020,10,19,0
Prague_2,2020-10-20,0,,2020,10,20,1
Prague_2,2020-10-21,0,,2020,10,21,2
Prague_2,2020-10-22,0,,2020,10,22,3
Prague_2,2020-10-23,0,,2020,10,23,4
Prague_2,2020-10-24,0,,2020,10,24,5
Prague_2,2020-10-25,0,,2020,10,25,6
Prague_2,2020-10-26,0,,2020,10,26,0
Prague_2,2020-10-27,0,,2020,10,27,1
Prague_2,2020-10-28,1,Den vzniku samostatneho ceskoslovenskeho statu,2020,10,28,2
Prague_2,2020-10-29,0,,2020,10,29,3
Prague_2,2020-10-30,0,,2020,10,30,4
Prague_2,2020-10-31,0,,2020,10,31,5
Prague_2,2020-11-01,0,,2020,11,1,6
Prague_2,2020-11-02,0,,2020,11,2,0
Prague_2,2020-11-03,0,,2020,11,3,1
Prague_2,2020-11-04,0,,2020,11,4,2
Prague_2,2020-11-05,0,,2020,11,5,3
Prague_2,2020-11-06,0,,2020,11,6,4
Prague_2,2020-11-07,0,,2020,11,7,5
Prague_2,2020-11-08,0,,2020,11,8,6
Prague_2,2020-11-09,0,,2020,11,9,0
Prague_2,2020-11-10,0,,2020,11,10,1
Prague_2,2020-11-11,0,,2020,11,11,2
Prague_2,2020-11-12,0,,2020,11,12,3
Prague_2,2020-11-13,0,,2020,11,13,4
Prague_2,2020-11-14,0,,2020,11,14,5
Prague_2,2020-11-15,0,,2020,11,15,6
Prague_2,2020-11-16,0,,2020,11,16,0
Prague_2,2020-11-17,1,Den boje za svobodu a demokracii,2020,11,17,1
Prague_2,2020-11-18,0,,2020,11,18,2
Prague_2,2020-11-19,0,,2020,11,19,3
Prague_2,2020-11-20,0,,2020,11,20,4
Prague_2,2020-11-21,0,,2020,11,21,5
Prague_2,2020-11-22,0,,2020,11,22,6
Prague_2,2020-11-23,0,,2020,11,23,0
Prague_2,2020-11-24,0,,2020,11,24,1
Prague_2,2020-11-25,0,,2020,11,25,2
Prague_2,2020-11-26,0,,2020,11,26,3
Prague_2,2020-11-27,0,,2020,11,27,4
Prague_2,2020-11-28,0,,2020,11,28,5
Prague_2,2020-11-29,0,,2020,11,29,6
Prague_2,2020-11-30,0,,2020,11,30,0
Prague_2,2020-12-01,0,,2020,12,1,1
Prague_2,2020-12-02,0,,2020,12,2,2
Prague_2,2020-12-03,0,,2020,12,3,3
Prague_2,2020-12-04,0,,2020,12,4,4
Prague_2,2020-12-05,0,,2020,12,5,5
Prague_2,2020-12-06,0,,2020,12,6,6
Prague_2,2020-12-07,0,,2020,12,7,0
Prague_2,2020-12-08,0,,2020,12,8,1
Prague_2,2020-12-09,0,,2020,12,9,2
Prague_2,2020-12-10,0,,2020,12,10,3
Prague_2,2020-12-11,0,,2020,12,11,4
Prague_2,2020-12-12,0,,2020,12,12,5
Prague_2,2020-12-13,0,,2020,12,13,6
Prague_2,2020-12-14,0,,2020,12,14,0
Prague_2,2020-12-15,0,,2020,12,15,1
Prague_2,2020-12-16,0,,2020,12,16,2
Prague_2,2020-12-17,0,,2020,12,17,3
Prague_2,2020-12-18,0,,2020,12,18,4
Prague_2,2020-12-19,0,,2020,12,19,5
Prague_2,2020-12-20,0,,2020,12,20,6
Prague_2,2020-12-21,0,,2020,12,21,0
Prague_2,2020-12-22,0,,2020,12,22,1
Prague_2,2020-12-23,0,,2020,12,23,2
Prague_2,2020-12-24,1,Christmas Eve,2020,12,24,3
Prague_2,2020-12-25,1,1st Christmas Day,2020,12,25,4
Prague_2,2020-12-26,1,2nd Christmas Day,2020,12,26,5
Prague_2,2020-12-27,0,,2020,12,27,6
Prague_2,2020-12-28,0,,2020,12,28,0
Prague_2,2020-12-29,0,,2020,12,29,1
Prague_2,2020-12-30,0,,2020,12,30,2
Prague_2,2020-12-31,0,,2020,12,31,3
Prague_2,2021-01-01,1,New Years Day,2021,1,1,4
Prague_2,2021-01-02,0,,2021,1,2,5
Prague_2,2021-01-03,0,,2021,1,3,6
Prague_2,2021-01-04,0,,2021,1,4,0
Prague_2,2021-01-05,0,,2021,1,5,1
Prague_2,2021-01-06,0,,2021,1,6,2
Prague_2,2021-01-07,0,,2021,1,7,3
Prague_2,2021-01-08,0,,2021,1,8,4
Prague_2,2021-01-09,0,,2021,1,9,5
Prague_2,2021-01-10,0,,2021,1,10,6
Prague_2,2021-01-11,0,,2021,1,11,0
Prague_2,2021-01-12,0,,2021,1,12,1
Prague_2,2021-01-13,0,,2021,1,13,2
Prague_2,2021-01-14,0,,2021,1,14,3
Prague_2,2021-01-15,0,,2021,1,15,4
Prague_2,2021-01-16,0,,2021,1,16,5
Prague_2,2021-01-17,0,,2021,1,17,6
Prague_2,2021-01-18,0,,2021,1,18,0
Prague_2,2021-01-19,0,,2021,1,19,1
Prague_2,2021-01-20,0,,2021,1,20,2
Prague_2,2021-01-21,0,,2021,1,21,3
Prague_2,2021-01-22,0,,2021,1,22,4
Prague_2,2021-01-23,0,,2021,1,23,5
Prague_2,2021-01-24,0,,2021,1,24,6
Prague_2,2021-01-25,0,,2021,1,25,0
Prague_2,2021-01-26,0,,2021,1,26,1
Prague_2,2021-01-27,0,,2021,1,27,2
Prague_2,2021-01-28,0,,2021,1,28,3
Prague_2,2021-01-29,0,,2021,1,29,4
Prague_2,2021-01-30,0,,2021,1,30,5
Prague_2,2021-01-31,0,,2021,1,31,6
Prague_2,2021-02-01,0,,2021,2,1,0
Prague_2,2021-02-02,0,,2021,2,2,1
Prague_2,2021-02-03,0,,2021,2,3,2
Prague_2,2021-02-04,0,,2021,2,4,3
Prague_2,2021-02-05,0,,2021,2,5,4
Prague_2,2021-02-06,0,,2021,2,6,5
Prague_2,2021-02-07,0,,2021,2,7,6
Prague_2,2021-02-08,0,,2021,2,8,0
Prague_2,2021-02-09,0,,2021,2,9,1
Prague_2,2021-02-10,0,,2021,2,10,2
Prague_2,2021-02-11,0,,2021,2,11,3
Prague_2,2021-02-12,0,,2021,2,12,4
Prague_2,2021-02-13,0,,2021,2,13,5
Prague_2,2021-02-14,0,,2021,2,14,6
Prague_2,2021-02-15,0,,2021,2,15,0
Prague_2,2021-02-16,0,,2021,2,16,1
Prague_2,2021-02-17,0,,2021,2,17,2
Prague_2,2021-02-18,0,,2021,2,18,3
Prague_2,2021-02-19,0,,2021,2,19,4
Prague_2,2021-02-20,0,,2021,2,20,5
Prague_2,2021-02-21,0,,2021,2,21,6
Prague_2,2021-02-22,0,,2021,2,22,0
Prague_2,2021-02-23,0,,2021,2,23,1
Prague_2,2021-02-24,0,,2021,2,24,2
Prague_2,2021-02-25,0,,2021,2,25,3
Prague_2,2021-02-26,0,,2021,2,26,4
Prague_2,2021-02-27,0,,2021,2,27,5
Prague_2,2021-02-28,0,,2021,2,28,6
Prague_2,2021-03-01,0,,2021,3,1,0
Prague_2,2021-03-02,0,,2021,3,2,1
Prague_2,2021-03-03,0,,2021,3,3,2
Prague_2,2021-03-04,0,,2021,3,4,3
Prague_2,2021-03-05,0,,2021,3,5,4
Prague_2,2021-03-06,0,,2021,3,6,5
Prague_2,2021-03-07,0,,2021,3,7,6
Prague_2,2021-03-08,1,International womens day,2021,3,8,0
Prague_2,2021-03-09,0,,2021,3,9,1
Prague_2,2021-03-10,0,,2021,3,10,2
Prague_2,2021-03-11,0,,2021,3,11,3
Prague_2,2021-03-12,0,,2021,3,12,4
Prague_2,2021-03-13,0,,2021,3,13,5
Prague_2,2021-03-14,0,,2021,3,14,6
Prague_2,2021-03-15,0,,2021,3,15,0
Prague_2,2021-03-16,0,,2021,3,16,1
Prague_2,2021-03-17,0,,2021,3,17,2
Prague_2,2021-03-18,0,,2021,3,18,3
Prague_2,2021-03-19,0,,2021,3,19,4
Prague_2,2021-03-20,0,,2021,3,20,5
Prague_2,2021-03-21,0,,2021,3,21,6
Prague_2,2021-03-22,0,,2021,3,22,0
Prague_2,2021-03-23,0,,2021,3,23,1
Prague_2,2021-03-24,0,,2021,3,24,2
Prague_2,2021-03-25,0,,2021,3,25,3
Prague_2,2021-03-26,0,,2021,3,26,4
Prague_2,2021-03-27,0,,2021,3,27,5
Prague_2,2021-03-28,0,,2021,3,28,6
Prague_2,2021-03-29,0,,2021,3,29,0
Prague_2,2021-03-30,0,,2021,3,30,1
Prague_2,2021-03-31,0,,2021,3,31,2
Prague_2,2021-04-01,0,,2021,4,1,3
Prague_2,2021-04-02,1,Good Friday,2021,4,2,4
Prague_2,2021-04-03,1,Good Friday,2021,4,3,5
Prague_2,2021-04-04,1,Easter Day,2021,4,4,6
Prague_2,2021-04-05,1,Easter Monday,2021,4,5,0
Prague_2,2021-04-06,0,,2021,4,6,1
Prague_2,2021-04-07,0,,2021,4,7,2
Prague_2,2021-04-08,0,,2021,4,8,3
Prague_2,2021-04-09,0,,2021,4,9,4
Prague_2,2021-04-10,1,Good Friday,2021,4,10,5
Prague_2,2021-04-11,1,Good Friday,2021,4,11,6
Prague_2,2021-04-12,1,Easter Day,2021,4,12,0
Prague_2,2021-04-13,1,Easter Monday,2021,4,13,1
Prague_2,2021-04-14,0,,2021,4,14,2
Prague_2,2021-04-15,0,,2021,4,15,3
Prague_2,2021-04-16,0,,2021,4,16,4
Prague_2,2021-04-17,0,,2021,4,17,5
Prague_2,2021-04-18,0,,2021,4,18,6
Prague_2,2021-04-19,0,,2021,4,19,0
Prague_2,2021-04-20,0,,2021,4,20,1
Prague_2,2021-04-21,0,,2021,4,21,2
Prague_2,2021-04-22,0,,2021,4,22,3
Prague_2,2021-04-23,0,,2021,4,23,4
Prague_2,2021-04-24,0,,2021,4,24,5
Prague_2,2021-04-25,0,,2021,4,25,6
Prague_2,2021-04-26,0,,2021,4,26,0
Prague_2,2021-04-27,0,,2021,4,27,1
Prague_2,2021-04-28,0,,2021,4,28,2
Prague_2,2021-04-29,0,,2021,4,29,3
Prague_2,2021-04-30,0,,2021,4,30,4
Prague_2,2021-05-01,1,Labour Day,2021,5,1,5
Prague_2,2021-05-02,0,,2021,5,2,6
Prague_2,2021-05-03,0,,2021,5,3,0
Prague_2,2021-05-04,0,,2021,5,4,1
Prague_2,2021-05-05,0,,2021,5,5,2
Prague_2,2021-05-06,0,,2021,5,6,3
Prague_2,2021-05-07,0,,2021,5,7,4
Prague_2,2021-05-08,1,Den osvobozeni,2021,5,8,5
Prague_2,2021-05-09,1,Mother's Day,2021,5,9,6
Prague_2,2021-05-10,1,Mother's Day,2021,5,10,0
Prague_2,2021-05-11,0,,2021,5,11,1
Prague_2,2021-05-12,0,,2021,5,12,2
Prague_2,2021-05-13,0,,2021,5,13,3
Prague_2,2021-05-14,0,,2021,5,14,4
Prague_2,2021-05-15,0,,2021,5,15,5
Prague_2,2021-05-16,0,,2021,5,16,6
Prague_2,2021-05-17,0,,2021,5,17,0
Prague_2,2021-05-18,0,,2021,5,18,1
Prague_2,2021-05-19,0,,2021,5,19,2
Prague_2,2021-05-20,0,,2021,5,20,3
Prague_2,2021-05-21,0,,2021,5,21,4
Prague_2,2021-05-22,0,,2021,5,22,5
Prague_2,2021-05-23,0,,2021,5,23,6
Prague_2,2021-05-24,0,,2021,5,24,0
Prague_2,2021-05-25,0,,2021,5,25,1
Prague_2,2021-05-26,0,,2021,5,26,2
Prague_2,2021-05-27,0,,2021,5,27,3
Prague_2,2021-05-28,0,,2021,5,28,4
Prague_2,2021-05-29,0,,2021,5,29,5
Prague_2,2021-05-30,0,,2021,5,30,6
Prague_2,2021-05-31,0,,2021,5,31,0
Prague_2,2021-06-01,0,,2021,6,1,1
Prague_2,2021-06-02,0,,2021,6,2,2
Prague_2,2021-06-03,0,,2021,6,3,3
Prague_2,2021-06-04,0,,2021,6,4,4
Prague_2,2021-06-05,0,,2021,6,5,5
Prague_2,2021-06-06,0,,2021,6,6,6
Prague_2,2021-06-07,0,,2021,6,7,0
Prague_2,2021-06-08,0,,2021,6,8,1
Prague_2,2021-06-09,0,,2021,6,9,2
Prague_2,2021-06-10,0,,2021,6,10,3
Prague_2,2021-06-11,0,,2021,6,11,4
Prague_2,2021-06-12,0,,2021,6,12,5
Prague_2,2021-06-13,0,,2021,6,13,6
Prague_2,2021-06-14,0,,2021,6,14,0
Prague_2,2021-06-15,0,,2021,6,15,1
Prague_2,2021-06-16,0,,2021,6,16,2
Prague_2,2021-06-17,0,,2021,6,17,3
Prague_2,2021-06-18,0,,2021,6,18,4
Prague_2,2021-06-19,0,,2021,6,19,5
Prague_2,2021-06-20,0,,2021,6,20,6
Prague_2,2021-06-21,0,,2021,6,21,0
Prague_2,2021-06-22,0,,2021,6,22,1
Prague_2,2021-06-23,0,,2021,6,23,2
Prague_2,2021-06-24,0,,2021,6,24,3
Prague_2,2021-06-25,0,,2021,6,25,4
Prague_2,2021-06-26,0,,2021,6,26,5
Prague_2,2021-06-27,0,,2021,6,27,6
Prague_2,2021-06-28,0,,2021,6,28,0
Prague_2,2021-06-29,0,,2021,6,29,1
Prague_2,2021-06-30,0,,2021,6,30,2
Prague_2,2021-07-01,0,,2021,7,1,3
Prague_2,2021-07-02,0,,2021,7,2,4
Prague_2,2021-07-03,0,,2021,7,3,5
Prague_2,2021-07-04,0,,2021,7,4,6
Prague_2,2021-07-05,1,Cyrila a Metodej,2021,7,5,0
Prague_2,2021-07-06,1,Jan Hus,2021,7,6,1
Prague_2,2021-07-07,0,,2021,7,7,2
Prague_2,2021-07-08,0,,2021,7,8,3
Prague_2,2021-07-09,0,,2021,7,9,4
Prague_2,2021-07-10,0,,2021,7,10,5
Prague_2,2021-07-11,0,,2021,7,11,6
Prague_2,2021-07-12,0,,2021,7,12,0
Prague_2,2021-07-13,0,,2021,7,13,1
Prague_2,2021-07-14,0,,2021,7,14,2
Prague_2,2021-07-15,0,,2021,7,15,3
Prague_2,2021-07-16,0,,2021,7,16,4
Prague_2,2021-07-17,0,,2021,7,17,5
Prague_2,2021-07-18,0,,2021,7,18,6
Prague_2,2021-07-19,0,,2021,7,19,0
Prague_2,2021-07-20,0,,2021,7,20,1
Prague_2,2021-07-21,0,,2021,7,21,2
Prague_2,2021-07-22,0,,2021,7,22,3
Prague_2,2021-07-23,0,,2021,7,23,4
Prague_2,2021-07-24,0,,2021,7,24,5
Prague_2,2021-07-25,0,,2021,7,25,6
Prague_2,2021-07-26,0,,2021,7,26,0
Prague_2,2021-07-27,0,,2021,7,27,1
Prague_2,2021-07-28,0,,2021,7,28,2
Prague_2,2021-07-29,0,,2021,7,29,3
Prague_2,2021-07-30,0,,2021,7,30,4
Prague_2,2021-07-31,0,,2021,7,31,5
Prague_2,2021-08-01,0,,2021,8,1,6
Prague_2,2021-08-02,0,,2021,8,2,0
Prague_2,2021-08-03,0,,2021,8,3,1
Prague_2,2021-08-04,0,,2021,8,4,2
Prague_2,2021-08-05,0,,2021,8,5,3
Prague_2,2021-08-06,0,,2021,8,6,4
Prague_2,2021-08-07,0,,2021,8,7,5
Prague_2,2021-08-08,0,,2021,8,8,6
Prague_2,2021-08-09,0,,2021,8,9,0
Prague_2,2021-08-10,0,,2021,8,10,1
Prague_2,2021-08-11,0,,2021,8,11,2
Prague_2,2021-08-12,0,,2021,8,12,3
Prague_2,2021-08-13,0,,2021,8,13,4
Prague_2,2021-08-14,0,,2021,8,14,5
Prague_2,2021-08-15,0,,2021,8,15,6
Prague_2,2021-08-16,0,,2021,8,16,0
Prague_2,2021-08-17,0,,2021,8,17,1
Prague_2,2021-08-18,0,,2021,8,18,2
Prague_2,2021-08-19,0,,2021,8,19,3
Prague_2,2021-08-20,0,,2021,8,20,4
Prague_2,2021-08-21,0,,2021,8,21,5
Prague_2,2021-08-22,0,,2021,8,22,6
Prague_2,2021-08-23,0,,2021,8,23,0
Prague_2,2021-08-24,0,,2021,8,24,1
Prague_2,2021-08-25,0,,2021,8,25,2
Prague_2,2021-08-26,0,,2021,8,26,3
Prague_2,2021-08-27,0,,2021,8,27,4
Prague_2,2021-08-28,0,,2021,8,28,5
Prague_2,2021-08-29,0,,2021,8,29,6
Prague_2,2021-08-30,0,,2021,8,30,0
Prague_2,2021-08-31,0,,2021,8,31,1
Prague_2,2021-09-01,0,,2021,9,1,2
Prague_2,2021-09-02,0,,2021,9,2,3
Prague_2,2021-09-03,0,,2021,9,3,4
Prague_2,2021-09-04,0,,2021,9,4,5
Prague_2,2021-09-05,0,,2021,9,5,6
Prague_2,2021-09-06,0,,2021,9,6,0
Prague_2,2021-09-07,0,,2021,9,7,1
Prague_2,2021-09-08,0,,2021,9,8,2
Prague_2,2021-09-09,0,,2021,9,9,3
Prague_2,2021-09-10,0,,2021,9,10,4
Prague_2,2021-09-11,0,,2021,9,11,5
Prague_2,2021-09-12,0,,2021,9,12,6
Prague_2,2021-09-13,0,,2021,9,13,0
Prague_2,2021-09-14,0,,2021,9,14,1
Prague_2,2021-09-15,0,,2021,9,15,2
Prague_2,2021-09-16,0,,2021,9,16,3
Prague_2,2021-09-17,0,,2021,9,17,4
Prague_2,2021-09-18,0,,2021,9,18,5
Prague_2,2021-09-19,0,,2021,9,19,6
Prague_2,2021-09-20,0,,2021,9,20,0
Prague_2,2021-09-21,0,,2021,9,21,1
Prague_2,2021-09-22,0,,2021,9,22,2
Prague_2,2021-09-23,0,,2021,9,23,3
Prague_2,2021-09-24,0,,2021,9,24,4
Prague_2,2021-09-25,0,,2021,9,25,5
Prague_2,2021-09-26,0,,2021,9,26,6
Prague_2,2021-09-27,0,,2021,9,27,0
Prague_2,2021-09-28,1,Den ceske statnosti,2021,9,28,1
Prague_2,2021-09-29,0,,2021,9,29,2
Prague_2,2021-09-30,0,,2021,9,30,3
Prague_2,2021-10-01,0,,2021,10,1,4
Prague_2,2021-10-02,0,,2021,10,2,5
Prague_2,2021-10-03,0,,2021,10,3,6
Prague_2,2021-10-04,0,,2021,10,4,0
Prague_2,2021-10-05,0,,2021,10,5,1
Prague_2,2021-10-06,0,,2021,10,6,2
Prague_2,2021-10-07,0,,2021,10,7,3
Prague_2,2021-10-08,0,,2021,10,8,4
Prague_2,2021-10-09,0,,2021,10,9,5
Prague_2,2021-10-10,0,,2021,10,10,6
Prague_2,2021-10-11,0,,2021,10,11,0
Prague_2,2021-10-12,0,,2021,10,12,1
Prague_2,2021-10-13,0,,2021,10,13,2
Prague_2,2021-10-14,0,,2021,10,14,3
Prague_2,2021-10-15,0,,2021,10,15,4
Prague_2,2021-10-16,0,,2021,10,16,5
Prague_2,2021-10-17,0,,2021,10,17,6
Prague_2,2021-10-18,0,,2021,10,18,0
Prague_2,2021-10-19,0,,2021,10,19,1
Prague_2,2021-10-20,0,,2021,10,20,2
Prague_2,2021-10-21,0,,2021,10,21,3
Prague_2,2021-10-22,0,,2021,10,22,4
Prague_2,2021-10-23,0,,2021,10,23,5
Prague_2,2021-10-24,0,,2021,10,24,6
Prague_2,2021-10-25,0,,2021,10,25,0
Prague_2,2021-10-26,0,,2021,10,26,1
Prague_2,2021-10-27,0,,2021,10,27,2
Prague_2,2021-10-28,1,Den vzniku samostatneho ceskoslovenskeho statu,2021,10,28,3
Prague_2,2021-10-29,0,,2021,10,29,4
Prague_2,2021-10-30,0,,2021,10,30,5
Prague_2,2021-10-31,0,,2021,10,31,6
Prague_2,2021-11-01,0,,2021,11,1,0
Prague_2,2021-11-02,0,,2021,11,2,1
Prague_2,2021-11-03,0,,2021,11,3,2
Prague_2,2021-11-04,0,,2021,11,4,3
Prague_2,2021-11-05,0,,2021,11,5,4
Prague_2,2021-11-06,0,,2021,11,6,5
Prague_2,2021-11-07,0,,2021,11,7,6
Prague_2,2021-11-08,0,,2021,11,8,0
Prague_2,2021-11-09,0,,2021,11,9,1
Prague_2,2021-11-10,0,,2021,11,10,2
Prague_2,2021-11-11,0,,2021,11,11,3
Prague_2,2021-11-12,0,,2021,11,12,4
Prague_2,2021-11-13,0,,2021,11,13,5
Prague_2,2021-11-14,0,,2021,11,14,6
Prague_2,2021-11-15,0,,2021,11,15,0
Prague_2,2021-11-16,0,,2021,11,16,1
Prague_2,2021-11-17,1,Den boje za svobodu a demokracii,2021,11,17,2
Prague_2,2021-11-18,0,,2021,11,18,3
Prague_2,2021-11-19,0,,2021,11,19,4
Prague_2,2021-11-20,0,,2021,11,20,5
Prague_2,2021-11-21,0,,2021,11,21,6
Prague_2,2021-11-22,0,,2021,11,22,0
Prague_2,2021-11-23,0,,2021,11,23,1
Prague_2,2021-11-24,0,,2021,11,24,2
Prague_2,2021-11-25,0,,2021,11,25,3
Prague_2,2021-11-26,0,,2021,11,26,4
Prague_2,2021-11-27,0,,2021,11,27,5
Prague_2,2021-11-28,0,,2021,11,28,6
Prague_2,2021-11-29,0,,2021,11,29,0
Prague_2,2021-11-30,0,,2021,11,30,1
Prague_2,2021-12-01,0,,2021,12,1,2
Prague_2,2021-12-02,0,,2021,12,2,3
Prague_2,2021-12-03,0,,2021,12,3,4
Prague_2,2021-12-04,0,,2021,12,4,5
Prague_2,2021-12-05,0,,2021,12,5,6
Prague_2,2021-12-06,0,,2021,12,6,0
Prague_2,2021-12-07,0,,2021,12,7,1
Prague_2,2021-12-08,0,,2021,12,8,2
Prague_2,2021-12-09,0,,2021,12,9,3
Prague_2,2021-12-10,0,,2021,12,10,4
Prague_2,2021-12-11,0,,2021,12,11,5
Prague_2,2021-12-12,0,,2021,12,12,6
Prague_2,2021-12-13,0,,2021,12,13,0
Prague_2,2021-12-14,0,,2021,12,14,1
Prague_2,2021-12-15,0,,2021,12,15,2
Prague_2,2021-12-16,0,,2021,12,16,3
Prague_2,2021-12-17,0,,2021,12,17,4
Prague_2,2021-12-18,0,,2021,12,18,5
Prague_2,2021-12-19,0,,2021,12,19,6
Prague_2,2021-12-20,0,,2021,12,20,0
Prague_2,2021-12-21,0,,2021,12,21,1
Prague_2,2021-12-22,0,,2021,12,22,2
Prague_2,2021-12-23,0,,2021,12,23,3
Prague_2,2021-12-24,1,Christmas Eve,2021,12,24,4
Prague_2,2021-12-25,1,1st Christmas Day,2021,12,25,5
Prague_2,2021-12-26,1,2nd Christmas Day,2021,12,26,6
Prague_2,2021-12-27,0,,2021,12,27,0
Prague_2,2021-12-28,0,,2021,12,28,1
Prague_2,2021-12-29,0,,2021,12,29,2
Prague_2,2021-12-30,0,,2021,12,30,3
Prague_2,2021-12-31,0,,2021,12,31,4
Prague_2,2022-01-01,1,New Years Day,2022,1,1,5
Prague_2,2022-01-02,0,,2022,1,2,6
Prague_2,2022-01-03,0,,2022,1,3,0
Prague_2,2022-01-04,0,,2022,1,4,1
Prague_2,2022-01-05,0,,2022,1,5,2
Prague_2,2022-01-06,0,,2022,1,6,3
Prague_2,2022-01-07,0,,2022,1,7,4
Prague_2,2022-01-08,0,,2022,1,8,5
Prague_2,2022-01-09,0,,2022,1,9,6
Prague_2,2022-01-10,0,,2022,1,10,0
Prague_2,2022-01-11,0,,2022,1,11,1
Prague_2,2022-01-12,0,,2022,1,12,2
Prague_2,2022-01-13,0,,2022,1,13,3
Prague_2,2022-01-14,0,,2022,1,14,4
Prague_2,2022-01-15,0,,2022,1,15,5
Prague_2,2022-01-16,0,,2022,1,16,6
Prague_2,2022-01-17,0,,2022,1,17,0
Prague_2,2022-01-18,0,,2022,1,18,1
Prague_2,2022-01-19,0,,2022,1,19,2
Prague_2,2022-01-20,0,,2022,1,20,3
Prague_2,2022-01-21,0,,2022,1,21,4
Prague_2,2022-01-22,0,,2022,1,22,5
Prague_2,2022-01-23,0,,2022,1,23,6
Prague_2,2022-01-24,0,,2022,1,24,0
Prague_2,2022-01-25,0,,2022,1,25,1
Prague_2,2022-01-26,0,,2022,1,26,2
Prague_2,2022-01-27,0,,2022,1,27,3
Prague_2,2022-01-28,0,,2022,1,28,4
Prague_2,2022-01-29,0,,2022,1,29,5
Prague_2,2022-01-30,0,,2022,1,30,6
Prague_2,2022-01-31,0,,2022,1,31,0
Prague_2,2022-02-01,0,,2022,2,1,1
Prague_2,2022-02-02,0,,2022,2,2,2
Prague_2,2022-02-03,0,,2022,2,3,3
Prague_2,2022-02-04,0,,2022,2,4,4
Prague_2,2022-02-05,0,,2022,2,5,5
Prague_2,2022-02-06,0,,2022,2,6,6
Prague_2,2022-02-07,0,,2022,2,7,0
Prague_2,2022-02-08,0,,2022,2,8,1
Prague_2,2022-02-09,0,,2022,2,9,2
Prague_2,2022-02-10,0,,2022,2,10,3
Prague_2,2022-02-11,0,,2022,2,11,4
Prague_2,2022-02-12,0,,2022,2,12,5
Prague_2,2022-02-13,0,,2022,2,13,6
Prague_2,2022-02-14,0,,2022,2,14,0
Prague_2,2022-02-15,0,,2022,2,15,1
Prague_2,2022-02-16,0,,2022,2,16,2
Prague_2,2022-02-17,0,,2022,2,17,3
Prague_2,2022-02-18,0,,2022,2,18,4
Prague_2,2022-02-19,0,,2022,2,19,5
Prague_2,2022-02-20,0,,2022,2,20,6
Prague_2,2022-02-21,0,,2022,2,21,0
Prague_2,2022-02-22,0,,2022,2,22,1
Prague_2,2022-02-23,0,,2022,2,23,2
Prague_2,2022-02-24,0,,2022,2,24,3
Prague_2,2022-02-25,0,,2022,2,25,4
Prague_2,2022-02-26,0,,2022,2,26,5
Prague_2,2022-02-27,0,,2022,2,27,6
Prague_2,2022-02-28,0,,2022,2,28,0
Prague_2,2022-03-01,0,,2022,3,1,1
Prague_2,2022-03-02,0,,2022,3,2,2
Prague_2,2022-03-03,0,,2022,3,3,3
Prague_2,2022-03-04,0,,2022,3,4,4
Prague_2,2022-03-05,0,,2022,3,5,5
Prague_2,2022-03-06,0,,2022,3,6,6
Prague_2,2022-03-07,0,,2022,3,7,0
Prague_2,2022-03-08,1,International womens day,2022,3,8,1
Prague_2,2022-03-09,0,,2022,3,9,2
Prague_2,2022-03-10,0,,2022,3,10,3
Prague_2,2022-03-11,0,,2022,3,11,4
Prague_2,2022-03-12,0,,2022,3,12,5
Prague_2,2022-03-13,0,,2022,3,13,6
Prague_2,2022-03-14,0,,2022,3,14,0
Prague_2,2022-03-15,0,,2022,3,15,1
Prague_2,2022-03-16,0,,2022,3,16,2
Prague_2,2022-03-17,0,,2022,3,17,3
Prague_2,2022-03-18,0,,2022,3,18,4
Prague_2,2022-03-19,0,,2022,3,19,5
Prague_2,2022-03-20,0,,2022,3,20,6
Prague_2,2022-03-21,0,,2022,3,21,0
Prague_2,2022-03-22,0,,2022,3,22,1
Prague_2,2022-03-23,0,,2022,3,23,2
Prague_2,2022-03-24,0,,2022,3,24,3
Prague_2,2022-03-25,0,,2022,3,25,4
Prague_2,2022-03-26,0,,2022,3,26,5
Prague_2,2022-03-27,0,,2022,3,27,6
Prague_2,2022-03-28,0,,2022,3,28,0
Prague_2,2022-03-29,0,,2022,3,29,1
Prague_2,2022-03-30,0,,2022,3,30,2
Prague_2,2022-03-31,0,,2022,3,31,3
Prague_2,2022-04-01,0,,2022,4,1,4
Prague_2,2022-04-02,1,Good Friday,2022,4,2,5
Prague_2,2022-04-03,1,Good Friday,2022,4,3,6
Prague_2,2022-04-04,1,Easter Day,2022,4,4,0
Prague_2,2022-04-05,1,Easter Monday,2022,4,5,1
Prague_2,2022-04-06,0,,2022,4,6,2
Prague_2,2022-04-07,0,,2022,4,7,3
Prague_2,2022-04-08,0,,2022,4,8,4
Prague_2,2022-04-09,0,,2022,4,9,5
Prague_2,2022-04-10,0,,2022,4,10,6
Prague_2,2022-04-11,0,,2022,4,11,0
Prague_2,2022-04-12,0,,2022,4,12,1
Prague_2,2022-04-13,0,,2022,4,13,2
Prague_2,2022-04-14,0,,2022,4,14,3
Prague_2,2022-04-15,1,Good Friday,2022,4,15,4
Prague_2,2022-04-16,1,Good Friday,2022,4,16,5
Prague_2,2022-04-17,1,Easter Day,2022,4,17,6
Prague_2,2022-04-18,1,Easter Monday,2022,4,18,0
Prague_2,2022-04-19,0,,2022,4,19,1
Prague_2,2022-04-20,0,,2022,4,20,2
Prague_2,2022-04-21,0,,2022,4,21,3
Prague_2,2022-04-22,0,,2022,4,22,4
Prague_2,2022-04-23,0,,2022,4,23,5
Prague_2,2022-04-24,0,,2022,4,24,6
Prague_2,2022-04-25,0,,2022,4,25,0
Prague_2,2022-04-26,0,,2022,4,26,1
Prague_2,2022-04-27,0,,2022,4,27,2
Prague_2,2022-04-28,0,,2022,4,28,3
Prague_2,2022-04-29,0,,2022,4,29,4
Prague_2,2022-04-30,0,,2022,4,30,5
Prague_2,2022-05-01,1,Labour Day,2022,5,1,6
Prague_2,2022-05-02,0,,2022,5,2,0
Prague_2,2022-05-03,0,,2022,5,3,1
Prague_2,2022-05-04,0,,2022,5,4,2
Prague_2,2022-05-05,0,,2022,5,5,3
Prague_2,2022-05-06,0,,2022,5,6,4
Prague_2,2022-05-07,0,,2022,5,7,5
Prague_2,2022-05-08,1,Den osvobozeni,2022,5,8,6
Prague_2,2022-05-09,1,Mother's Day,2022,5,9,0
Prague_2,2022-05-10,0,,2022,5,10,1
Prague_2,2022-05-11,0,,2022,5,11,2
Prague_2,2022-05-12,0,,2022,5,12,3
Prague_2,2022-05-13,0,,2022,5,13,4
Prague_2,2022-05-14,0,,2022,5,14,5
Prague_2,2022-05-15,0,,2022,5,15,6
Prague_2,2022-05-16,0,,2022,5,16,0
Prague_2,2022-05-17,0,,2022,5,17,1
Prague_2,2022-05-18,0,,2022,5,18,2
Prague_2,2022-05-19,0,,2022,5,19,3
Prague_2,2022-05-20,0,,2022,5,20,4
Prague_2,2022-05-21,0,,2022,5,21,5
Prague_2,2022-05-22,0,,2022,5,22,6
Prague_2,2022-05-23,0,,2022,5,23,0
Prague_2,2022-05-24,0,,2022,5,24,1
Prague_2,2022-05-25,0,,2022,5,25,2
Prague_2,2022-05-26,0,,2022,5,26,3
Prague_2,2022-05-27,0,,2022,5,27,4
Prague_2,2022-05-28,0,,2022,5,28,5
Prague_2,2022-05-29,0,,2022,5,29,6
Prague_2,2022-05-30,0,,2022,5,30,0
Prague_2,2022-05-31,0,,2022,5,31,1
Prague_2,2022-06-01,0,,2022,6,1,2
Prague_2,2022-06-02,0,,2022,6,2,3
Prague_2,2022-06-03,0,,2022,6,3,4
Prague_2,2022-06-04,0,,2022,6,4,5
Prague_2,2022-06-05,0,,2022,6,5,6
Prague_2,2022-06-06,0,,2022,6,6,0
Prague_2,2022-06-07,0,,2022,6,7,1
Prague_2,2022-06-08,0,,2022,6,8,2
Prague_2,2022-06-09,0,,2022,6,9,3
Prague_2,2022-06-10,0,,2022,6,10,4
Prague_2,2022-06-11,0,,2022,6,11,5
Prague_2,2022-06-12,0,,2022,6,12,6
Prague_2,2022-06-13,0,,2022,6,13,0
Prague_2,2022-06-14,0,,2022,6,14,1
Prague_2,2022-06-15,0,,2022,6,15,2
Prague_2,2022-06-16,0,,2022,6,16,3
Prague_2,2022-06-17,0,,2022,6,17,4
Prague_2,2022-06-18,0,,2022,6,18,5
Prague_2,2022-06-19,0,,2022,6,19,6
Prague_2,2022-06-20,0,,2022,6,20,0
Prague_2,2022-06-21,0,,2022,6,21,1
Prague_2,2022-06-22,0,,2022,6,22,2
Prague_2,2022-06-23,0,,2022,6,23,3
Prague_2,2022-06-24,0,,2022,6,24,4
Prague_2,2022-06-25,0,,2022,6,25,5
Prague_2,2022-06-26,0,,2022,6,26,6
Prague_2,2022-06-27,0,,2022,6,27,0
Prague_2,2022-06-28,0,,2022,6,28,1
Prague_2,2022-06-29,0,,2022,6,29,2
Prague_2,2022-06-30,0,,2022,6,30,3
Prague_2,2022-07-01,0,,2022,7,1,4
Prague_2,2022-07-02,0,,2022,7,2,5
Prague_2,2022-07-03,0,,2022,7,3,6
Prague_2,2022-07-04,0,,2022,7,4,0
Prague_2,2022-07-05,1,Cyrila a Metodej,2022,7,5,1
Prague_2,2022-07-06,1,Jan Hus,2022,7,6,2
Prague_2,2022-07-07,0,,2022,7,7,3
Prague_2,2022-07-08,0,,2022,7,8,4
Prague_2,2022-07-09,0,,2022,7,9,5
Prague_2,2022-07-10,0,,2022,7,10,6
Prague_2,2022-07-11,0,,2022,7,11,0
Prague_2,2022-07-12,0,,2022,7,12,1
Prague_2,2022-07-13,0,,2022,7,13,2
Prague_2,2022-07-14,0,,2022,7,14,3
Prague_2,2022-07-15,0,,2022,7,15,4
Prague_2,2022-07-16,0,,2022,7,16,5
Prague_2,2022-07-17,0,,2022,7,17,6
Prague_2,2022-07-18,0,,2022,7,18,0
Prague_2,2022-07-19,0,,2022,7,19,1
Prague_2,2022-07-20,0,,2022,7,20,2
Prague_2,2022-07-21,0,,2022,7,21,3
Prague_2,2022-07-22,0,,2022,7,22,4
Prague_2,2022-07-23,0,,2022,7,23,5
Prague_2,2022-07-24,0,,2022,7,24,6
Prague_2,2022-07-25,0,,2022,7,25,0
Prague_2,2022-07-26,0,,2022,7,26,1
Prague_2,2022-07-27,0,,2022,7,27,2
Prague_2,2022-07-28,0,,2022,7,28,3
Prague_2,2022-07-29,0,,2022,7,29,4
Prague_2,2022-07-30,0,,2022,7,30,5
Prague_2,2022-07-31,0,,2022,7,31,6
Prague_2,2022-08-01,0,,2022,8,1,0
Prague_2,2022-08-02,0,,2022,8,2,1
Prague_2,2022-08-03,0,,2022,8,3,2
Prague_2,2022-08-04,0,,2022,8,4,3
Prague_2,2022-08-05,0,,2022,8,5,4
Prague_2,2022-08-06,0,,2022,8,6,5
Prague_2,2022-08-07,0,,2022,8,7,6
Prague_2,2022-08-08,0,,2022,8,8,0
Prague_2,2022-08-09,0,,2022,8,9,1
Prague_2,2022-08-10,0,,2022,8,10,2
Prague_2,2022-08-11,0,,2022,8,11,3
Prague_2,2022-08-12,0,,2022,8,12,4
Prague_2,2022-08-13,0,,2022,8,13,5
Prague_2,2022-08-14,0,,2022,8,14,6
Prague_2,2022-08-15,0,,2022,8,15,0
Prague_2,2022-08-16,0,,2022,8,16,1
Prague_2,2022-08-17,0,,2022,8,17,2
Prague_2,2022-08-18,0,,2022,8,18,3
Prague_2,2022-08-19,0,,2022,8,19,4
Prague_2,2022-08-20,0,,2022,8,20,5
Prague_2,2022-08-21,0,,2022,8,21,6
Prague_2,2022-08-22,0,,2022,8,22,0
Prague_2,2022-08-23,0,,2022,8,23,1
Prague_2,2022-08-24,0,,2022,8,24,2
Prague_2,2022-08-25,0,,2022,8,25,3
Prague_2,2022-08-26,0,,2022,8,26,4
Prague_2,2022-08-27,0,,2022,8,27,5
Prague_2,2022-08-28,0,,2022,8,28,6
Prague_2,2022-08-29,0,,2022,8,29,0
Prague_2,2022-08-30,0,,2022,8,30,1
Prague_2,2022-08-31,0,,2022,8,31,2
Prague_2,2022-09-01,0,,2022,9,1,3
Prague_2,2022-09-02,0,,2022,9,2,4
Prague_2,2022-09-03,0,,2022,9,3,5
Prague_2,2022-09-04,0,,2022,9,4,6
Prague_2,2022-09-05,0,,2022,9,5,0
Prague_2,2022-09-06,0,,2022,9,6,1
Prague_2,2022-09-07,0,,2022,9,7,2
Prague_2,2022-09-08,0,,2022,9,8,3
Prague_2,2022-09-09,0,,2022,9,9,4
Prague_2,2022-09-10,0,,2022,9,10,5
Prague_2,2022-09-11,0,,2022,9,11,6
Prague_2,2022-09-12,0,,2022,9,12,0
Prague_2,2022-09-13,0,,2022,9,13,1
Prague_2,2022-09-14,0,,2022,9,14,2
Prague_2,2022-09-15,0,,2022,9,15,3
Prague_2,2022-09-16,0,,2022,9,16,4
Prague_2,2022-09-17,0,,2022,9,17,5
Prague_2,2022-09-18,0,,2022,9,18,6
Prague_2,2022-09-19,0,,2022,9,19,0
Prague_2,2022-09-20,0,,2022,9,20,1
Prague_2,2022-09-21,0,,2022,9,21,2
Prague_2,2022-09-22,0,,2022,9,22,3
Prague_2,2022-09-23,0,,2022,9,23,4
Prague_2,2022-09-24,0,,2022,9,24,5
Prague_2,2022-09-25,0,,2022,9,25,6
Prague_2,2022-09-26,0,,2022,9,26,0
Prague_2,2022-09-27,0,,2022,9,27,1
Prague_2,2022-09-28,1,Den ceske statnosti,2022,9,28,2
Prague_2,2022-09-29,0,,2022,9,29,3
Prague_2,2022-09-30,0,,2022,9,30,4
Prague_2,2022-10-01,0,,2022,10,1,5
Prague_2,2022-10-02,0,,2022,10,2,6
Prague_2,2022-10-03,0,,2022,10,3,0
Prague_2,2022-10-04,0,,2022,10,4,1
Prague_2,2022-10-05,0,,2022,10,5,2
Prague_2,2022-10-06,0,,2022,10,6,3
Prague_2,2022-10-07,0,,2022,10,7,4
Prague_2,2022-10-08,0,,2022,10,8,5
Prague_2,2022-10-09,0,,2022,10,9,6
Prague_2,2022-10-10,0,,2022,10,10,0
Prague_2,2022-10-11,0,,2022,10,11,1
Prague_2,2022-10-12,0,,2022,10,12,2
Prague_2,2022-10-13,0,,2022,10,13,3
Prague_2,2022-10-14,0,,2022,10,14,4
Prague_2,2022-10-15,0,,2022,10,15,5
Prague_2,2022-10-16,0,,2022,10,16,6
Prague_2,2022-10-17,0,,2022,10,17,0
Prague_2,2022-10-18,0,,2022,10,18,1
Prague_2,2022-10-19,0,,2022,10,19,2
Prague_2,2022-10-20,0,,2022,10,20,3
Prague_2,2022-10-21,0,,2022,10,21,4
Prague_2,2022-10-22,0,,2022,10,22,5
Prague_2,2022-10-23,0,,2022,10,23,6
Prague_2,2022-10-24,0,,2022,10,24,0
Prague_2,2022-10-25,0,,2022,10,25,1
Prague_2,2022-10-26,0,,2022,10,26,2
Prague_2,2022-10-27,0,,2022,10,27,3
Prague_2,2022-10-28,1,Den vzniku samostatneho ceskoslovenskeho statu,2022,10,28,4
Prague_2,2022-10-29,0,,2022,10,29,5
Prague_2,2022-10-30,0,,2022,10,30,6
Prague_2,2022-10-31,0,,2022,10,31,0
Prague_2,2022-11-01,0,,2022,11,1,1
Prague_2,2022-11-02,0,,2022,11,2,2
Prague_2,2022-11-03,0,,2022,11,3,3
Prague_2,2022-11-04,0,,2022,11,4,4
Prague_2,2022-11-05,0,,2022,11,5,5
Prague_2,2022-11-06,0,,2022,11,6,6
Prague_2,2022-11-07,0,,2022,11,7,0
Prague_2,2022-11-08,0,,2022,11,8,1
Prague_2,2022-11-09,0,,2022,11,9,2
Prague_2,2022-11-10,0,,2022,11,10,3
Prague_2,2022-11-11,0,,2022,11,11,4
Prague_2,2022-11-12,0,,2022,11,12,5
Prague_2,2022-11-13,0,,2022,11,13,6
Prague_2,2022-11-14,0,,2022,11,14,0
Prague_2,2022-11-15,0,,2022,11,15,1
Prague_2,2022-11-16,0,,2022,11,16,2
Prague_2,2022-11-17,1,Den boje za svobodu a demokracii,2022,11,17,3
Prague_2,2022-11-18,0,,2022,11,18,4
Prague_2,2022-11-19,0,,2022,11,19,5
Prague_2,2022-11-20,0,,2022,11,20,6
Prague_2,2022-11-21,0,,2022,11,21,0
Prague_2,2022-11-22,0,,2022,11,22,1
Prague_2,2022-11-23,0,,2022,11,23,2
Prague_2,2022-11-24,0,,2022,11,24,3
Prague_2,2022-11-25,0,,2022,11,25,4
Prague_2,2022-11-26,0,,2022,11,26,5
Prague_2,2022-11-27,0,,2022,11,27,6
Prague_2,2022-11-28,0,,2022,11,28,0
Prague_2,2022-11-29,0,,2022,11,29,1
Prague_2,2022-11-30,0,,2022,11,30,2
Prague_2,2022-12-01,0,,2022,12,1,3
Prague_2,2022-12-02,0,,2022,12,2,4
Prague_2,2022-12-03,0,,2022,12,3,5
Prague_2,2022-12-04,0,,2022,12,4,6
Prague_2,2022-12-05,0,,2022,12,5,0
Prague_2,2022-12-06,0,,2022,12,6,1
Prague_2,2022-12-07,0,,2022,12,7,2
Prague_2,2022-12-08,0,,2022,12,8,3
Prague_2,2022-12-09,0,,2022,12,9,4
Prague_2,2022-12-10,0,,2022,12,10,5
Prague_2,2022-12-11,0,,2022,12,11,6
Prague_2,2022-12-12,0,,2022,12,12,0
Prague_2,2022-12-13,0,,2022,12,13,1
Prague_2,2022-12-14,0,,2022,12,14,2
Prague_2,2022-12-15,0,,2022,12,15,3
Prague_2,2022-12-16,0,,2022,12,16,4
Prague_2,2022-12-17,0,,2022,12,17,5
Prague_2,2022-12-18,0,,2022,12,18,6
Prague_2,2022-12-19,0,,2022,12,19,0
Prague_2,2022-12-20,0,,2022,12,20,1
Prague_2,2022-12-21,0,,2022,12,21,2
Prague_2,2022-12-22,0,,2022,12,22,3
Prague_2,2022-12-23,0,,2022,12,23,4
Prague_2,2022-12-24,1,Christmas Eve,2022,12,24,5
Prague_2,2022-12-25,1,1st Christmas Day,2022,12,25,6
Prague_2,2022-12-26,1,2nd Christmas Day,2022,12,26,0
Prague_2,2022-12-27,0,,2022,12,27,1
Prague_2,2022-12-28,0,,2022,12,28,2
Prague_2,2022-12-29,0,,2022,12,29,3
Prague_2,2022-12-30,0,,2022,12,30,4
Prague_2,2022-12-31,0,,2022,12,31,5
Prague_2,2023-01-01,1,New Years Day,2023,1,1,6
Prague_2,2023-01-02,0,,2023,1,2,0
Prague_2,2023-01-03,0,,2023,1,3,1
Prague_2,2023-01-04,0,,2023,1,4,2
Prague_2,2023-01-05,0,,2023,1,5,3
Prague_2,2023-01-06,0,,2023,1,6,4
Prague_2,2023-01-07,0,,2023,1,7,5
Prague_2,2023-01-08,0,,2023,1,8,6
Prague_2,2023-01-09,0,,2023,1,9,0
Prague_2,2023-01-10,0,,2023,1,10,1
Prague_2,2023-01-11,0,,2023,1,11,2
Prague_2,2023-01-12,0,,2023,1,12,3
Prague_2,2023-01-13,0,,2023,1,13,4
Prague_2,2023-01-14,0,,2023,1,14,5
Prague_2,2023-01-15,0,,2023,1,15,6
Prague_2,2023-01-16,0,,2023,1,16,0
Prague_2,2023-01-17,0,,2023,1,17,1
Prague_2,2023-01-18,0,,2023,1,18,2
Prague_2,2023-01-19,0,,2023,1,19,3
Prague_2,2023-01-20,0,,2023,1,20,4
Prague_2,2023-01-21,0,,2023,1,21,5
Prague_2,2023-01-22,0,,2023,1,22,6
Prague_2,2023-01-23,0,,2023,1,23,0
Prague_2,2023-01-24,0,,2023,1,24,1
Prague_2,2023-01-25,0,,2023,1,25,2
Prague_2,2023-01-26,0,,2023,1,26,3
Prague_2,2023-01-27,0,,2023,1,27,4
Prague_2,2023-01-28,0,,2023,1,28,5
Prague_2,2023-01-29,0,,2023,1,29,6
Prague_2,2023-01-30,0,,2023,1,30,0
Prague_2,2023-01-31,0,,2023,1,31,1
Prague_2,2023-02-01,0,,2023,2,1,2
Prague_2,2023-02-02,0,,2023,2,2,3
Prague_2,2023-02-03,0,,2023,2,3,4
Prague_2,2023-02-04,0,,2023,2,4,5
Prague_2,2023-02-05,0,,2023,2,5,6
Prague_2,2023-02-06,0,,2023,2,6,0
Prague_2,2023-02-07,0,,2023,2,7,1
Prague_2,2023-02-08,0,,2023,2,8,2
Prague_2,2023-02-09,0,,2023,2,9,3
Prague_2,2023-02-10,0,,2023,2,10,4
Prague_2,2023-02-11,0,,2023,2,11,5
Prague_2,2023-02-12,0,,2023,2,12,6
Prague_2,2023-02-13,0,,2023,2,13,0
Prague_2,2023-02-14,0,,2023,2,14,1
Prague_2,2023-02-15,0,,2023,2,15,2
Prague_2,2023-02-16,0,,2023,2,16,3
Prague_2,2023-02-17,0,,2023,2,17,4
Prague_2,2023-02-18,0,,2023,2,18,5
Prague_2,2023-02-19,0,,2023,2,19,6
Prague_2,2023-02-20,0,,2023,2,20,0
Prague_2,2023-02-21,0,,2023,2,21,1
Prague_2,2023-02-22,0,,2023,2,22,2
Prague_2,2023-02-23,0,,2023,2,23,3
Prague_2,2023-02-24,0,,2023,2,24,4
Prague_2,2023-02-25,0,,2023,2,25,5
Prague_2,2023-02-26,0,,2023,2,26,6
Prague_2,2023-02-27,0,,2023,2,27,0
Prague_2,2023-02-28,0,,2023,2,28,1
Prague_2,2023-03-01,0,,2023,3,1,2
Prague_2,2023-03-02,0,,2023,3,2,3
Prague_2,2023-03-03,0,,2023,3,3,4
Prague_2,2023-03-04,0,,2023,3,4,5
Prague_2,2023-03-05,0,,2023,3,5,6
Prague_2,2023-03-06,0,,2023,3,6,0
Prague_2,2023-03-07,0,,2023,3,7,1
Prague_2,2023-03-08,1,International womens day,2023,3,8,2
Prague_2,2023-03-09,0,,2023,3,9,3
Prague_2,2023-03-10,0,,2023,3,10,4
Prague_2,2023-03-11,0,,2023,3,11,5
Prague_2,2023-03-12,0,,2023,3,12,6
Prague_2,2023-03-13,0,,2023,3,13,0
Prague_2,2023-03-14,0,,2023,3,14,1
Prague_2,2023-03-15,0,,2023,3,15,2
Prague_2,2023-03-16,0,,2023,3,16,3
Prague_2,2023-03-17,0,,2023,3,17,4
Prague_2,2023-03-18,0,,2023,3,18,5
Prague_2,2023-03-19,0,,2023,3,19,6
Prague_2,2023-03-20,0,,2023,3,20,0
Prague_2,2023-03-21,0,,2023,3,21,1
Prague_2,2023-03-22,0,,2023,3,22,2
Prague_2,2023-03-23,0,,2023,3,23,3
Prague_2,2023-03-24,0,,2023,3,24,4
Prague_2,2023-03-25,0,,2023,3,25,5
Prague_2,2023-03-26,0,,2023,3,26,6
Prague_2,2023-03-27,0,,2023,3,27,0
Prague_2,2023-03-28,0,,2023,3,28,1
Prague_2,2023-03-29,0,,2023,3,29,2
Prague_2,2023-03-30,0,,2023,3,30,3
Prague_2,2023-03-31,0,,2023,3,31,4
Prague_2,2023-04-01,0,,2023,4,1,5
Prague_2,2023-04-02,0,,2023,4,2,6
Prague_2,2023-04-03,0,,2023,4,3,0
Prague_2,2023-04-04,0,,2023,4,4,1
Prague_2,2023-04-05,0,,2023,4,5,2
Prague_2,2023-04-06,0,,2023,4,6,3
Prague_2,2023-04-07,1,Good Friday,2023,4,7,4
Prague_2,2023-04-08,1,Good Friday,2023,4,8,5
Prague_2,2023-04-09,1,Easter Day,2023,4,9,6
Prague_2,2023-04-10,1,Easter Monday,2023,4,10,0
Prague_2,2023-04-11,0,,2023,4,11,1
Prague_2,2023-04-12,0,,2023,4,12,2
Prague_2,2023-04-13,0,,2023,4,13,3
Prague_2,2023-04-14,0,,2023,4,14,4
Prague_2,2023-04-15,1,Good Friday,2023,4,15,5
Prague_2,2023-04-16,1,Good Friday,2023,4,16,6
Prague_2,2023-04-17,1,Easter Day,2023,4,17,0
Prague_2,2023-04-18,1,Easter Monday,2023,4,18,1
Prague_2,2023-04-19,0,,2023,4,19,2
Prague_2,2023-04-20,0,,2023,4,20,3
Prague_2,2023-04-21,0,,2023,4,21,4
Prague_2,2023-04-22,0,,2023,4,22,5
Prague_2,2023-04-23,0,,2023,4,23,6
Prague_2,2023-04-24,0,,2023,4,24,0
Prague_2,2023-04-25,0,,2023,4,25,1
Prague_2,2023-04-26,0,,2023,4,26,2
Prague_2,2023-04-27,0,,2023,4,27,3
Prague_2,2023-04-28,0,,2023,4,28,4
Prague_2,2023-04-29,0,,2023,4,29,5
Prague_2,2023-04-30,0,,2023,4,30,6
Prague_2,2023-05-01,1,Labour Day,2023,5,1,0
Prague_2,2023-05-02,0,,2023,5,2,1
Prague_2,2023-05-03,0,,2023,5,3,2
Prague_2,2023-05-04,0,,2023,5,4,3
Prague_2,2023-05-05,0,,2023,5,5,4
Prague_2,2023-05-06,0,,2023,5,6,5
Prague_2,2023-05-07,0,,2023,5,7,6
Prague_2,2023-05-08,1,Mother's Day,2023,5,8,0
Prague_2,2023-05-09,0,,2023,5,9,1
Prague_2,2023-05-10,0,,2023,5,10,2
Prague_2,2023-05-11,0,,2023,5,11,3
Prague_2,2023-05-12,0,,2023,5,12,4
Prague_2,2023-05-13,0,,2023,5,13,5
Prague_2,2023-05-14,1,Mother's Day,2023,5,14,6
Prague_2,2023-05-15,0,,2023,5,15,0
Prague_2,2023-05-16,0,,2023,5,16,1
Prague_2,2023-05-17,0,,2023,5,17,2
Prague_2,2023-05-18,0,,2023,5,18,3
Prague_2,2023-05-19,0,,2023,5,19,4
Prague_2,2023-05-20,0,,2023,5,20,5
Prague_2,2023-05-21,0,,2023,5,21,6
Prague_2,2023-05-22,0,,2023,5,22,0
Prague_2,2023-05-23,0,,2023,5,23,1
Prague_2,2023-05-24,0,,2023,5,24,2
Prague_2,2023-05-25,0,,2023,5,25,3
Prague_2,2023-05-26,0,,2023,5,26,4
Prague_2,2023-05-27,0,,2023,5,27,5
Prague_2,2023-05-28,0,,2023,5,28,6
Prague_2,2023-05-29,0,,2023,5,29,0
Prague_2,2023-05-30,0,,2023,5,30,1
Prague_2,2023-05-31,0,,2023,5,31,2
Prague_2,2023-06-01,0,,2023,6,1,3
Prague_2,2023-06-02,0,,2023,6,2,4
Prague_2,2023-06-03,0,,2023,6,3,5
Prague_2,2023-06-04,0,,2023,6,4,6
Prague_2,2023-06-05,0,,2023,6,5,0
Prague_2,2023-06-06,0,,2023,6,6,1
Prague_2,2023-06-07,0,,2023,6,7,2
Prague_2,2023-06-08,0,,2023,6,8,3
Prague_2,2023-06-09,0,,2023,6,9,4
Prague_2,2023-06-10,0,,2023,6,10,5
Prague_2,2023-06-11,0,,2023,6,11,6
Prague_2,2023-06-12,0,,2023,6,12,0
Prague_2,2023-06-13,0,,2023,6,13,1
Prague_2,2023-06-14,0,,2023,6,14,2
Prague_2,2023-06-15,0,,2023,6,15,3
Prague_2,2023-06-16,0,,2023,6,16,4
Prague_2,2023-06-17,0,,2023,6,17,5
Prague_2,2023-06-18,0,,2023,6,18,6
Prague_2,2023-06-19,0,,2023,6,19,0
Prague_2,2023-06-20,0,,2023,6,20,1
Prague_2,2023-06-21,0,,2023,6,21,2
Prague_2,2023-06-22,0,,2023,6,22,3
Prague_2,2023-06-23,0,,2023,6,23,4
Prague_2,2023-06-24,0,,2023,6,24,5
Prague_2,2023-06-25,0,,2023,6,25,6
Prague_2,2023-06-26,0,,2023,6,26,0
Prague_2,2023-06-27,0,,2023,6,27,1
Prague_2,2023-06-28,0,,2023,6,28,2
Prague_2,2023-06-29,0,,2023,6,29,3
Prague_2,2023-06-30,0,,2023,6,30,4
Prague_2,2023-07-01,0,,2023,7,1,5
Prague_2,2023-07-02,0,,2023,7,2,6
Prague_2,2023-07-03,0,,2023,7,3,0
Prague_2,2023-07-04,0,,2023,7,4,1
Prague_2,2023-07-05,1,Cyrila a Metodej,2023,7,5,2
Prague_2,2023-07-06,1,Jan Hus,2023,7,6,3
Prague_2,2023-07-07,0,,2023,7,7,4
Prague_2,2023-07-08,0,,2023,7,8,5
Prague_2,2023-07-09,0,,2023,7,9,6
Prague_2,2023-07-10,0,,2023,7,10,0
Prague_2,2023-07-11,0,,2023,7,11,1
Prague_2,2023-07-12,0,,2023,7,12,2
Prague_2,2023-07-13,0,,2023,7,13,3
Prague_2,2023-07-14,0,,2023,7,14,4
Prague_2,2023-07-15,0,,2023,7,15,5
Prague_2,2023-07-16,0,,2023,7,16,6
Prague_2,2023-07-17,0,,2023,7,17,0
Prague_2,2023-07-18,0,,2023,7,18,1
Prague_2,2023-07-19,0,,2023,7,19,2
Prague_2,2023-07-20,0,,2023,7,20,3
Prague_2,2023-07-21,0,,2023,7,21,4
Prague_2,2023-07-22,0,,2023,7,22,5
Prague_2,2023-07-23,0,,2023,7,23,6
Prague_2,2023-07-24,0,,2023,7,24,0
Prague_2,2023-07-25,0,,2023,7,25,1
Prague_2,2023-07-26,0,,2023,7,26,2
Prague_2,2023-07-27,0,,2023,7,27,3
Prague_2,2023-07-28,0,,2023,7,28,4
Prague_2,2023-07-29,0,,2023,7,29,5
Prague_2,2023-07-30,0,,2023,7,30,6
Prague_2,2023-07-31,0,,2023,7,31,0
Prague_2,2023-08-01,0,,2023,8,1,1
Prague_2,2023-08-02,0,,2023,8,2,2
Prague_2,2023-08-03,0,,2023,8,3,3
Prague_2,2023-08-04,0,,2023,8,4,4
Prague_2,2023-08-05,0,,2023,8,5,5
Prague_2,2023-08-06,0,,2023,8,6,6
Prague_2,2023-08-07,0,,2023,8,7,0
Prague_2,2023-08-08,0,,2023,8,8,1
Prague_2,2023-08-09,0,,2023,8,9,2
Prague_2,2023-08-10,0,,2023,8,10,3
Prague_2,2023-08-11,0,,2023,8,11,4
Prague_2,2023-08-12,0,,2023,8,12,5
Prague_2,2023-08-13,0,,2023,8,13,6
Prague_2,2023-08-14,0,,2023,8,14,0
Prague_2,2023-08-15,0,,2023,8,15,1
Prague_2,2023-08-16,0,,2023,8,16,2
Prague_2,2023-08-17,0,,2023,8,17,3
Prague_2,2023-08-18,0,,2023,8,18,4
Prague_2,2023-08-19,0,,2023,8,19,5
Prague_2,2023-08-20,0,,2023,8,20,6
Prague_2,2023-08-21,0,,2023,8,21,0
Prague_2,2023-08-22,0,,2023,8,22,1
Prague_2,2023-08-23,0,,2023,8,23,2
Prague_2,2023-08-24,0,,2023,8,24,3
Prague_2,2023-08-25,0,,2023,8,25,4
Prague_2,2023-08-26,0,,2023,8,26,5
Prague_2,2023-08-27,0,,2023,8,27,6
Prague_2,2023-08-28,0,,2023,8,28,0
Prague_2,2023-08-29,0,,2023,8,29,1
Prague_2,2023-08-30,0,,2023,8,30,2
Prague_2,2023-08-31,0,,2023,8,31,3
Prague_2,2023-09-01,0,,2023,9,1,4
Prague_2,2023-09-02,0,,2023,9,2,5
Prague_2,2023-09-03,0,,2023,9,3,6
Prague_2,2023-09-04,0,,2023,9,4,0
Prague_2,2023-09-05,0,,2023,9,5,1
Prague_2,2023-09-06,0,,2023,9,6,2
Prague_2,2023-09-07,0,,2023,9,7,3
Prague_2,2023-09-08,0,,2023,9,8,4
Prague_2,2023-09-09,0,,2023,9,9,5
Prague_2,2023-09-10,0,,2023,9,10,6
Prague_2,2023-09-11,0,,2023,9,11,0
Prague_2,2023-09-12,0,,2023,9,12,1
Prague_2,2023-09-13,0,,2023,9,13,2
Prague_2,2023-09-14,0,,2023,9,14,3
Prague_2,2023-09-15,0,,2023,9,15,4
Prague_2,2023-09-16,0,,2023,9,16,5
Prague_2,2023-09-17,0,,2023,9,17,6
Prague_2,2023-09-18,0,,2023,9,18,0
Prague_2,2023-09-19,0,,2023,9,19,1
Prague_2,2023-09-20,0,,2023,9,20,2
Prague_2,2023-09-21,0,,2023,9,21,3
Prague_2,2023-09-22,0,,2023,9,22,4
Prague_2,2023-09-23,0,,2023,9,23,5
Prague_2,2023-09-24,0,,2023,9,24,6
Prague_2,2023-09-25,0,,2023,9,25,0
Prague_2,2023-09-26,0,,2023,9,26,1
Prague_2,2023-09-27,0,,2023,9,27,2
Prague_2,2023-09-28,1,Den ceske statnosti,2023,9,28,3
Prague_2,2023-09-29,0,,2023,9,29,4
Prague_2,2023-09-30,0,,2023,9,30,5
Prague_2,2023-10-01,0,,2023,10,1,6
Prague_2,2023-10-02,0,,2023,10,2,0
Prague_2,2023-10-03,0,,2023,10,3,1
Prague_2,2023-10-04,0,,2023,10,4,2
Prague_2,2023-10-05,0,,2023,10,5,3
Prague_2,2023-10-06,0,,2023,10,6,4
Prague_2,2023-10-07,0,,2023,10,7,5
Prague_2,2023-10-08,0,,2023,10,8,6
Prague_2,2023-10-09,0,,2023,10,9,0
Prague_2,2023-10-10,0,,2023,10,10,1
Prague_2,2023-10-11,0,,2023,10,11,2
Prague_2,2023-10-12,0,,2023,10,12,3
Prague_2,2023-10-13,0,,2023,10,13,4
Prague_2,2023-10-14,0,,2023,10,14,5
Prague_2,2023-10-15,0,,2023,10,15,6
Prague_2,2023-10-16,0,,2023,10,16,0
Prague_2,2023-10-17,0,,2023,10,17,1
Prague_2,2023-10-18,0,,2023,10,18,2
Prague_2,2023-10-19,0,,2023,10,19,3
Prague_2,2023-10-20,0,,2023,10,20,4
Prague_2,2023-10-21,0,,2023,10,21,5
Prague_2,2023-10-22,0,,2023,10,22,6
Prague_2,2023-10-23,0,,2023,10,23,0
Prague_2,2023-10-24,0,,2023,10,24,1
Prague_2,2023-10-25,0,,2023,10,25,2
Prague_2,2023-10-26,0,,2023,10,26,3
Prague_2,2023-10-27,0,,2023,10,27,4
Prague_2,2023-10-28,1,Den vzniku samostatneho ceskoslovenskeho statu,2023,10,28,5
Prague_2,2023-10-29,0,,2023,10,29,6
Prague_2,2023-10-30,0,,2023,10,30,0
Prague_2,2023-10-31,0,,2023,10,31,1
Prague_2,2023-11-01,0,,2023,11,1,2
Prague_2,2023-11-02,0,,2023,11,2,3
Prague_2,2023-11-03,0,,2023,11,3,4
Prague_2,2023-11-04,0,,2023,11,4,5
Prague_2,2023-11-05,0,,2023,11,5,6
Prague_2,2023-11-06,0,,2023,11,6,0
Prague_2,2023-11-07,0,,2023,11,7,1
Prague_2,2023-11-08,0,,2023,11,8,2
Prague_2,2023-11-09,0,,2023,11,9,3
Prague_2,2023-11-10,0,,2023,11,10,4
Prague_2,2023-11-11,0,,2023,11,11,5
Prague_2,2023-11-12,0,,2023,11,12,6
Prague_2,2023-11-13,0,,2023,11,13,0
Prague_2,2023-11-14,0,,2023,11,14,1
Prague_2,2023-11-15,0,,2023,11,15,2
Prague_2,2023-11-16,0,,2023,11,16,3
Prague_2,2023-11-17,1,Den boje za svobodu a demokracii,2023,11,17,4
Prague_2,2023-11-18,0,,2023,11,18,5
Prague_2,2023-11-19,0,,2023,11,19,6
Prague_2,2023-11-20,0,,2023,11,20,0
Prague_2,2023-11-21,0,,2023,11,21,1
Prague_2,2023-11-22,0,,2023,11,22,2
Prague_2,2023-11-23,0,,2023,11,23,3
Prague_2,2023-11-24,0,,2023,11,24,4
Prague_2,2023-11-25,0,,2023,11,25,5
Prague_2,2023-11-26,0,,2023,11,26,6
Prague_2,2023-11-27,0,,2023,11,27,0
Prague_2,2023-11-28,0,,2023,11,28,1
Prague_2,2023-11-29,0,,2023,11,29,2
Prague_2,2023-11-30,0,,2023,11,30,3
Prague_2,2023-12-01,0,,2023,12,1,4
Prague_2,2023-12-02,0,,2023,12,2,5
Prague_2,2023-12-03,0,,2023,12,3,6
Prague_2,2023-12-04,0,,2023,12,4,0
Prague_2,2023-12-05,0,,2023,12,5,1
Prague_2,2023-12-06,0,,2023,12,6,2
Prague_2,2023-12-07,0,,2023,12,7,3
Prague_2,2023-12-08,0,,2023,12,8,4
Prague_2,2023-12-09,0,,2023,12,9,5
Prague_2,2023-12-10,0,,2023,12,10,6
Prague_2,2023-12-11,0,,2023,12,11,0
Prague_2,2023-12-12,0,,2023,12,12,1
Prague_2,2023-12-13,0,,2023,12,13,2
Prague_2,2023-12-14,0,,2023,12,14,3
Prague_2,2023-12-15,0,,2023,12,15,4
Prague_2,2023-12-16,0,,2023,12,16,5
Prague_2,2023-12-17,0,,2023,12,17,6
Prague_2,2023-12-18,0,,2023,12,18,0
Prague_2,2023-12-19,0,,2023,12,19,1
Prague_2,2023-12-20,0,,2023,12,20,2
Prague_2,2023-12-21,0,,2023,12,21,3
Prague_2,2023-12-22,0,,2023,12,22,4
Prague_2,2023-12-23,0,,2023,12,23,5
Prague_2,2023-12-24,1,Christmas Eve,2023,12,24,6
Prague_2,2023-12-25,1,1st Christmas Day,2023,12,25,0
Prague_2,2023-12-26,1,2nd Christmas Day,2023,12,26,1
Prague_2,2023-12-27,0,,2023,12,27,2
Prague_2,2023-12-28,0,,2023,12,28,3
Prague_2,2023-12-29,0,,2023,12,29,4
Prague_2,2023-12-30,0,,2023,12,30,5
Prague_2,2023-12-31,0,,2023,12,31,6
Prague_2,2024-01-01,1,New Years Day,2024,1,1,0
Prague_2,2024-01-02,0,,2024,1,2,1
Prague_2,2024-01-03,0,,2024,1,3,2
Prague_2,2024-01-04,0,,2024,1,4,3
Prague_2,2024-01-05,0,,2024,1,5,4
Prague_2,2024-01-06,0,,2024,1,6,5
Prague_2,2024-01-07,0,,2024,1,7,6
Prague_2,2024-01-08,0,,2024,1,8,0
Prague_2,2024-01-09,0,,2024,1,9,1
Prague_2,2024-01-10,0,,2024,1,10,2
Prague_2,2024-01-11,0,,2024,1,11,3
Prague_2,2024-01-12,0,,2024,1,12,4
Prague_2,2024-01-13,0,,2024,1,13,5
Prague_2,2024-01-14,0,,2024,1,14,6
Prague_2,2024-01-15,0,,2024,1,15,0
Prague_2,2024-01-16,0,,2024,1,16,1
Prague_2,2024-01-17,0,,2024,1,17,2
Prague_2,2024-01-18,0,,2024,1,18,3
Prague_2,2024-01-19,0,,2024,1,19,4
Prague_2,2024-01-20,0,,2024,1,20,5
Prague_2,2024-01-21,0,,2024,1,21,6
Prague_2,2024-01-22,0,,2024,1,22,0
Prague_2,2024-01-23,0,,2024,1,23,1
Prague_2,2024-01-24,0,,2024,1,24,2
Prague_2,2024-01-25,0,,2024,1,25,3
Prague_2,2024-01-26,0,,2024,1,26,4
Prague_2,2024-01-27,0,,2024,1,27,5
Prague_2,2024-01-28,0,,2024,1,28,6
Prague_2,2024-01-29,0,,2024,1,29,0
Prague_2,2024-01-30,0,,2024,1,30,1
Prague_2,2024-01-31,0,,2024,1,31,2
Prague_2,2024-02-01,0,,2024,2,1,3
Prague_2,2024-02-02,0,,2024,2,2,4
Prague_2,2024-02-03,0,,2024,2,3,5
Prague_2,2024-02-04,0,,2024,2,4,6
Prague_2,2024-02-05,0,,2024,2,5,0
Prague_2,2024-02-06,0,,2024,2,6,1
Prague_2,2024-02-07,0,,2024,2,7,2
Prague_2,2024-02-08,0,,2024,2,8,3
Prague_2,2024-02-09,0,,2024,2,9,4
Prague_2,2024-02-10,0,,2024,2,10,5
Prague_2,2024-02-11,0,,2024,2,11,6
Prague_2,2024-02-12,0,,2024,2,12,0
Prague_2,2024-02-13,0,,2024,2,13,1
Prague_2,2024-02-14,0,,2024,2,14,2
Prague_2,2024-02-15,0,,2024,2,15,3
Prague_2,2024-02-16,0,,2024,2,16,4
Prague_2,2024-02-17,0,,2024,2,17,5
Prague_2,2024-02-18,0,,2024,2,18,6
Prague_2,2024-02-19,0,,2024,2,19,0
Prague_2,2024-02-20,0,,2024,2,20,1
Prague_2,2024-02-21,0,,2024,2,21,2
Prague_2,2024-02-22,0,,2024,2,22,3
Prague_2,2024-02-23,0,,2024,2,23,4
Prague_2,2024-02-24,0,,2024,2,24,5
Prague_2,2024-02-25,0,,2024,2,25,6
Prague_2,2024-02-26,0,,2024,2,26,0
Prague_2,2024-02-27,0,,2024,2,27,1
Prague_2,2024-02-28,0,,2024,2,28,2
Prague_2,2024-02-29,0,,2024,2,29,3
Prague_2,2024-03-01,0,,2024,3,1,4
Prague_2,2024-03-02,0,,2024,3,2,5
Prague_2,2024-03-03,0,,2024,3,3,6
Prague_2,2024-03-04,0,,2024,3,4,0
Prague_2,2024-03-05,0,,2024,3,5,1
Prague_2,2024-03-06,0,,2024,3,6,2
Prague_2,2024-03-07,0,,2024,3,7,3
Prague_2,2024-03-08,1,International womens day,2024,3,8,4
Prague_2,2024-03-09,0,,2024,3,9,5
Prague_2,2024-03-10,0,,2024,3,10,6
Prague_2,2024-03-11,0,,2024,3,11,0
Prague_2,2024-03-12,0,,2024,3,12,1
Prague_2,2024-03-13,0,,2024,3,13,2
Prague_2,2024-03-14,0,,2024,3,14,3
Prague_2,2024-03-15,0,,2024,3,15,4
Prague_2,2024-03-16,0,,2024,3,16,5
Prague_2,2024-03-17,0,,2024,3,17,6
Prague_2,2024-03-18,0,,2024,3,18,0
Prague_2,2024-03-19,0,,2024,3,19,1
Prague_2,2024-03-20,0,,2024,3,20,2
Prague_2,2024-03-21,0,,2024,3,21,3
Prague_2,2024-03-22,0,,2024,3,22,4
Prague_2,2024-03-23,0,,2024,3,23,5
Prague_2,2024-03-24,0,,2024,3,24,6
Prague_2,2024-03-25,0,,2024,3,25,0
Prague_2,2024-03-26,0,,2024,3,26,1
Prague_2,2024-03-27,0,,2024,3,27,2
Prague_2,2024-03-28,0,,2024,3,28,3
Prague_2,2024-03-29,1,Good Friday,2024,3,29,4
Prague_2,2024-03-30,1,,2024,3,30,5
Prague_2,2024-03-31,1,Easter Day,2024,3,31,6
Prague_2,2024-04-01,1,Easter Monday,2024,4,1,0
Prague_2,2024-04-02,0,,2024,4,2,1
Prague_2,2024-04-03,0,,2024,4,3,2
Prague_2,2024-04-04,0,,2024,4,4,3
Prague_2,2024-04-05,0,,2024,4,5,4
Prague_2,2024-04-06,0,,2024,4,6,5
Prague_2,2024-04-07,1,Good Friday,2024,4,7,6
Prague_2,2024-04-08,1,Good Friday,2024,4,8,0
Prague_2,2024-04-09,1,Easter Day,2024,4,9,1
Prague_2,2024-04-10,1,Easter Monday,2024,4,10,2
Prague_2,2024-04-11,0,,2024,4,11,3
Prague_2,2024-04-12,0,,2024,4,12,4
Prague_2,2024-04-13,0,,2024,4,13,5
Prague_2,2024-04-14,0,,2024,4,14,6
Prague_2,2024-04-15,0,,2024,4,15,0
Prague_2,2024-04-16,0,,2024,4,16,1
Prague_2,2024-04-17,0,,2024,4,17,2
Prague_2,2024-04-18,0,,2024,4,18,3
Prague_2,2024-04-19,0,,2024,4,19,4
Prague_2,2024-04-20,0,,2024,4,20,5
Prague_2,2024-04-21,0,,2024,4,21,6
Prague_2,2024-04-22,0,,2024,4,22,0
Prague_2,2024-04-23,0,,2024,4,23,1
Prague_2,2024-04-24,0,,2024,4,24,2
Prague_2,2024-04-25,0,,2024,4,25,3
Prague_2,2024-04-26,0,,2024,4,26,4
Prague_2,2024-04-27,0,,2024,4,27,5
Prague_2,2024-04-28,0,,2024,4,28,6
Prague_2,2024-04-29,0,,2024,4,29,0
Prague_2,2024-04-30,0,,2024,4,30,1
Prague_2,2024-05-01,1,Labour Day,2024,5,1,2
Prague_2,2024-05-02,0,,2024,5,2,3
Prague_2,2024-05-03,0,,2024,5,3,4
Prague_2,2024-05-04,0,,2024,5,4,5
Prague_2,2024-05-05,0,,2024,5,5,6
Prague_2,2024-05-06,0,,2024,5,6,0
Prague_2,2024-05-07,0,,2024,5,7,1
Prague_2,2024-05-08,1,Den osvobozeni,2024,5,8,2
Prague_2,2024-05-09,0,,2024,5,9,3
Prague_2,2024-05-10,0,,2024,5,10,4
Prague_2,2024-05-11,0,,2024,5,11,5
Prague_2,2024-05-12,1,Mother's Day,2024,5,12,6
Prague_2,2024-05-13,0,,2024,5,13,0
Prague_2,2024-05-14,1,Mother's Day,2024,5,14,1
Prague_2,2024-05-15,0,,2024,5,15,2
Prague_2,2024-05-16,0,,2024,5,16,3
Prague_2,2024-05-17,0,,2024,5,17,4
Prague_2,2024-05-18,0,,2024,5,18,5
Prague_2,2024-05-19,0,,2024,5,19,6
Prague_2,2024-05-20,0,,2024,5,20,0
Prague_2,2024-05-21,0,,2024,5,21,1
Prague_2,2024-05-22,0,,2024,5,22,2
Prague_2,2024-05-23,0,,2024,5,23,3
Prague_2,2024-05-24,0,,2024,5,24,4
Prague_2,2024-05-25,0,,2024,5,25,5
Prague_2,2024-05-26,0,,2024,5,26,6
Prague_2,2024-05-27,0,,2024,5,27,0
Prague_2,2024-05-28,0,,2024,5,28,1
Prague_2,2024-05-29,0,,2024,5,29,2
Prague_2,2024-05-30,0,,2024,5,30,3
Prague_2,2024-05-31,0,,2024,5,31,4
Prague_2,2024-06-01,0,,2024,6,1,5
Prague_2,2024-06-02,0,,2024,6,2,6
Prague_2,2024-06-03,0,,2024,6,3,0
Prague_2,2024-06-04,0,,2024,6,4,1
Prague_2,2024-06-05,0,,2024,6,5,2
Prague_2,2024-06-06,0,,2024,6,6,3
Prague_2,2024-06-07,0,,2024,6,7,4
Prague_2,2024-06-08,0,,2024,6,8,5
Prague_2,2024-06-09,0,,2024,6,9,6
Prague_2,2024-06-10,0,,2024,6,10,0
Prague_2,2024-06-11,0,,2024,6,11,1
Prague_2,2024-06-12,0,,2024,6,12,2
Prague_2,2024-06-13,0,,2024,6,13,3
Prague_2,2024-06-14,0,,2024,6,14,4
Prague_2,2024-06-15,0,,2024,6,15,5
Prague_2,2024-06-16,0,,2024,6,16,6
Prague_2,2024-06-17,0,,2024,6,17,0
Prague_2,2024-06-18,0,,2024,6,18,1
Prague_2,2024-06-19,0,,2024,6,19,2
Prague_2,2024-06-20,0,,2024,6,20,3
Prague_2,2024-06-21,0,,2024,6,21,4
Prague_2,2024-06-22,0,,2024,6,22,5
Prague_2,2024-06-23,0,,2024,6,23,6
Prague_2,2024-06-24,0,,2024,6,24,0
Prague_2,2024-06-25,0,,2024,6,25,1
Prague_2,2024-06-26,0,,2024,6,26,2
Prague_2,2024-06-27,0,,2024,6,27,3
Prague_2,2024-06-28,0,,2024,6,28,4
Prague_2,2024-06-29,0,,2024,6,29,5
Prague_2,2024-06-30,0,,2024,6,30,6
Prague_2,2024-07-01,0,,2024,7,1,0
Prague_2,2024-07-02,0,,2024,7,2,1
Prague_2,2024-07-03,0,,2024,7,3,2
Prague_2,2024-07-04,0,,2024,7,4,3
Prague_2,2024-07-05,1,Cyrila a Metodej,2024,7,5,4
Prague_2,2024-07-06,1,Jan Hus,2024,7,6,5
Prague_2,2024-07-07,0,,2024,7,7,6
Prague_2,2024-07-08,0,,2024,7,8,0
Prague_2,2024-07-09,0,,2024,7,9,1
Prague_2,2024-07-10,0,,2024,7,10,2
Prague_2,2024-07-11,0,,2024,7,11,3
Prague_2,2024-07-12,0,,2024,7,12,4
Prague_2,2024-07-13,0,,2024,7,13,5
Prague_2,2024-07-14,0,,2024,7,14,6
Prague_2,2024-07-15,0,,2024,7,15,0
Prague_2,2024-07-16,0,,2024,7,16,1
Prague_2,2024-07-17,0,,2024,7,17,2
Prague_2,2024-07-18,0,,2024,7,18,3
Prague_2,2024-07-19,0,,2024,7,19,4
Prague_2,2024-07-20,0,,2024,7,20,5
Prague_2,2024-07-21,0,,2024,7,21,6
Prague_2,2024-07-22,0,,2024,7,22,0
Prague_2,2024-07-23,0,,2024,7,23,1
Prague_2,2024-07-24,0,,2024,7,24,2
Prague_2,2024-07-25,0,,2024,7,25,3
Prague_2,2024-07-26,0,,2024,7,26,4
Prague_2,2024-07-27,0,,2024,7,27,5
Prague_2,2024-07-28,0,,2024,7,28,6
Prague_2,2024-07-29,0,,2024,7,29,0
Prague_2,2024-07-30,0,,2024,7,30,1
Prague_2,2024-07-31,0,,2024,7,31,2
Prague_2,2024-08-01,0,,2024,8,1,3
Prague_2,2024-08-02,0,,2024,8,2,4
Prague_2,2024-08-03,0,,2024,8,3,5
Prague_2,2024-08-04,0,,2024,8,4,6
Prague_2,2024-08-05,0,,2024,8,5,0
Prague_2,2024-08-06,0,,2024,8,6,1
Prague_2,2024-08-07,0,,2024,8,7,2
Prague_2,2024-08-08,0,,2024,8,8,3
Prague_2,2024-08-09,0,,2024,8,9,4
Prague_2,2024-08-10,0,,2024,8,10,5
Prague_2,2024-08-11,0,,2024,8,11,6
Prague_2,2024-08-12,0,,2024,8,12,0
Prague_2,2024-08-13,0,,2024,8,13,1
Prague_2,2024-08-14,0,,2024,8,14,2
Prague_2,2024-08-15,0,,2024,8,15,3
Prague_2,2024-08-16,0,,2024,8,16,4
Prague_2,2024-08-17,0,,2024,8,17,5
Prague_2,2024-08-18,0,,2024,8,18,6
Prague_2,2024-08-19,0,,2024,8,19,0
Prague_2,2024-08-20,0,,2024,8,20,1
Prague_2,2024-08-21,0,,2024,8,21,2
Prague_2,2024-08-22,0,,2024,8,22,3
Prague_2,2024-08-23,0,,2024,8,23,4
Prague_2,2024-08-24,0,,2024,8,24,5
Prague_2,2024-08-25,0,,2024,8,25,6
Prague_2,2024-08-26,0,,2024,8,26,0
Prague_2,2024-08-27,0,,2024,8,27,1
Prague_2,2024-08-28,0,,2024,8,28,2
Prague_2,2024-08-29,0,,2024,8,29,3
Prague_2,2024-08-30,0,,2024,8,30,4
Prague_2,2024-08-31,0,,2024,8,31,5
Prague_2,2024-09-01,0,,2024,9,1,6
Prague_2,2024-09-02,0,,2024,9,2,0
Prague_2,2024-09-03,0,,2024,9,3,1
Prague_2,2024-09-04,0,,2024,9,4,2
Prague_2,2024-09-05,0,,2024,9,5,3
Prague_2,2024-09-06,0,,2024,9,6,4
Prague_2,2024-09-07,0,,2024,9,7,5
Prague_2,2024-09-08,0,,2024,9,8,6
Prague_2,2024-09-09,0,,2024,9,9,0
Prague_2,2024-09-10,0,,2024,9,10,1
Prague_2,2024-09-11,0,,2024,9,11,2
Prague_2,2024-09-12,0,,2024,9,12,3
Prague_2,2024-09-13,0,,2024,9,13,4
Prague_2,2024-09-14,0,,2024,9,14,5
Prague_2,2024-09-15,0,,2024,9,15,6
Prague_2,2024-09-16,0,,2024,9,16,0
Prague_2,2024-09-17,0,,2024,9,17,1
Prague_2,2024-09-18,0,,2024,9,18,2
Prague_2,2024-09-19,0,,2024,9,19,3
Prague_2,2024-09-20,0,,2024,9,20,4
Prague_2,2024-09-21,0,,2024,9,21,5
Prague_2,2024-09-22,0,,2024,9,22,6
Prague_2,2024-09-23,0,,2024,9,23,0
Prague_2,2024-09-24,0,,2024,9,24,1
Prague_2,2024-09-25,0,,2024,9,25,2
Prague_2,2024-09-26,0,,2024,9,26,3
Prague_2,2024-09-27,0,,2024,9,27,4
Prague_2,2024-09-28,1,Den ceske statnosti,2024,9,28,5
Prague_2,2024-09-29,0,,2024,9,29,6
Prague_2,2024-09-30,0,,2024,9,30,0
Prague_2,2024-10-01,0,,2024,10,1,1
Prague_2,2024-10-02,0,,2024,10,2,2
Prague_2,2024-10-03,0,,2024,10,3,3
Prague_2,2024-10-04,0,,2024,10,4,4
Prague_2,2024-10-05,0,,2024,10,5,5
Prague_2,2024-10-06,0,,2024,10,6,6
Prague_2,2024-10-07,0,,2024,10,7,0
Prague_2,2024-10-08,0,,2024,10,8,1
Prague_2,2024-10-09,0,,2024,10,9,2
Prague_2,2024-10-10,0,,2024,10,10,3
Prague_2,2024-10-11,0,,2024,10,11,4
Prague_2,2024-10-12,0,,2024,10,12,5
Prague_2,2024-10-13,0,,2024,10,13,6
Prague_2,2024-10-14,0,,2024,10,14,0
Prague_2,2024-10-15,0,,2024,10,15,1
Prague_2,2024-10-16,0,,2024,10,16,2
Prague_2,2024-10-17,0,,2024,10,17,3
Prague_2,2024-10-18,0,,2024,10,18,4
Prague_2,2024-10-19,0,,2024,10,19,5
Prague_2,2024-10-20,0,,2024,10,20,6
Prague_2,2024-10-21,0,,2024,10,21,0
Prague_2,2024-10-22,0,,2024,10,22,1
Prague_2,2024-10-23,0,,2024,10,23,2
Prague_2,2024-10-24,0,,2024,10,24,3
Prague_2,2024-10-25,0,,2024,10,25,4
Prague_2,2024-10-26,0,,2024,10,26,5
Prague_2,2024-10-27,0,,2024,10,27,6
Prague_2,2024-10-28,1,Den vzniku samostatneho ceskoslovenskeho statu,2024,10,28,0
Prague_2,2024-10-29,0,,2024,10,29,1
Prague_2,2024-10-30,0,,2024,10,30,2
Prague_2,2024-10-31,0,,2024,10,31,3
Prague_2,2024-11-01,0,,2024,11,1,4
Prague_2,2024-11-02,0,,2024,11,2,5
Prague_2,2024-11-03,0,,2024,11,3,6
Prague_2,2024-11-04,0,,2024,11,4,0
Prague_2,2024-11-05,0,,2024,11,5,1
Prague_2,2024-11-06,0,,2024,11,6,2
Prague_2,2024-11-07,0,,2024,11,7,3
Prague_2,2024-11-08,0,,2024,11,8,4
Prague_2,2024-11-09,0,,2024,11,9,5
Prague_2,2024-11-10,0,,2024,11,10,6
Prague_2,2024-11-11,0,,2024,11,11,0
Prague_2,2024-11-12,0,,2024,11,12,1
Prague_2,2024-11-13,0,,2024,11,13,2
Prague_2,2024-11-14,0,,2024,11,14,3
Prague_2,2024-11-15,0,,2024,11,15,4
Prague_2,2024-11-16,0,,2024,11,16,5
Prague_2,2024-11-17,1,Den boje za svobodu a demokracii,2024,11,17,6
Prague_2,2024-11-18,0,,2024,11,18,0
Prague_2,2024-11-19,0,,2024,11,19,1
Prague_2,2024-11-20,0,,2024,11,20,2
Prague_2,2024-11-21,0,,2024,11,21,3
Prague_2,2024-11-22,0,,2024,11,22,4
Prague_2,2024-11-23,0,,2024,11,23,5
Prague_2,2024-11-24,0,,2024,11,24,6
Prague_2,2024-11-25,0,,2024,11,25,0
Prague_2,2024-11-26,0,,2024,11,26,1
Prague_2,2024-11-27,0,,2024,11,27,2
Prague_2,2024-11-28,0,,2024,11,28,3
Prague_2,2024-11-29,0,,2024,11,29,4
Prague_2,2024-11-30,0,,2024,11,30,5
Prague_2,2024-12-01,0,,2024,12,1,6
Prague_2,2024-12-02,0,,2024,12,2,0
Prague_2,2024-12-03,0,,2024,12,3,1
Prague_2,2024-12-04,0,,2024,12,4,2
Prague_2,2024-12-05,0,,2024,12,5,3
Prague_2,2024-12-06,0,,2024,12,6,4
Prague_2,2024-12-07,0,,2024,12,7,5
Prague_2,2024-12-08,0,,2024,12,8,6
Prague_2,2024-12-09,0,,2024,12,9,0
Prague_2,2024-12-10,0,,2024,12,10,1
Prague_2,2024-12-11,0,,2024,12,11,2
Prague_2,2024-12-12,0,,2024,12,12,3
Prague_2,2024-12-13,0,,2024,12,13,4
Prague_2,2024-12-14,0,,2024,12,14,5
Prague_2,2024-12-15,0,,2024,12,15,6
Prague_2,2024-12-16,0,,2024,12,16,0
Prague_2,2024-12-17,0,,2024,12,17,1
Prague_2,2024-12-18,0,,2024,12,18,2
Prague_2,2024-12-19,0,,2024,12,19,3
Prague_2,2024-12-20,0,,2024,12,20,4
Prague_2,2024-12-21,0,,2024,12,21,5
Prague_2,2024-12-22,0,,2024,12,22,6
Prague_2,2024-12-23,0,,2024,12,23,0
Prague_2,2024-12-24,1,Christmas Eve,2024,12,24,1
Prague_2,2024-12-25,1,1st Christmas Day,2024,12,25,2
Prague_2,2024-12-26,1,2nd Christmas Day,2024,12,26,3
Prague_2,2024-12-27,0,,2024,12,27,4
Prague_2,2024-12-28,0,,2024,12,28,5
Prague_2,2024-12-29,0,,2024,12,29,6
Prague_2,2024-12-30,0,,2024,12,30,0
Prague_2,2024-12-31,0,,2024,12,31,1
Prague_3,2016-01-01,1,New Years Day,2016,1,1,4
Prague_3,2016-01-02,0,,2016,1,2,5
Prague_3,2016-01-03,0,,2016,1,3,6
Prague_3,2016-01-04,0,,2016,1,4,0
Prague_3,2016-01-05,0,,2016,1,5,1
Prague_3,2016-01-06,0,,2016,1,6,2
Prague_3,2016-01-07,0,,2016,1,7,3
Prague_3,2016-01-08,0,,2016,1,8,4
Prague_3,2016-01-09,0,,2016,1,9,5
Prague_3,2016-01-10,0,,2016,1,10,6
Prague_3,2016-01-11,0,,2016,1,11,0
Prague_3,2016-01-12,0,,2016,1,12,1
Prague_3,2016-01-13,0,,2016,1,13,2
Prague_3,2016-01-14,0,,2016,1,14,3
Prague_3,2016-01-15,0,,2016,1,15,4
Prague_3,2016-01-16,0,,2016,1,16,5
Prague_3,2016-01-17,0,,2016,1,17,6
Prague_3,2016-01-18,0,,2016,1,18,0
Prague_3,2016-01-19,0,,2016,1,19,1
Prague_3,2016-01-20,0,,2016,1,20,2
Prague_3,2016-01-21,0,,2016,1,21,3
Prague_3,2016-01-22,0,,2016,1,22,4
Prague_3,2016-01-23,0,,2016,1,23,5
Prague_3,2016-01-24,0,,2016,1,24,6
Prague_3,2016-01-25,0,,2016,1,25,0
Prague_3,2016-01-26,0,,2016,1,26,1
Prague_3,2016-01-27,0,,2016,1,27,2
Prague_3,2016-01-28,0,,2016,1,28,3
Prague_3,2016-01-29,0,,2016,1,29,4
Prague_3,2016-01-30,0,,2016,1,30,5
Prague_3,2016-01-31,0,,2016,1,31,6
Prague_3,2016-02-01,0,,2016,2,1,0
Prague_3,2016-02-02,0,,2016,2,2,1
Prague_3,2016-02-03,0,,2016,2,3,2
Prague_3,2016-02-04,0,,2016,2,4,3
Prague_3,2016-02-05,0,,2016,2,5,4
Prague_3,2016-02-06,0,,2016,2,6,5
Prague_3,2016-02-07,0,,2016,2,7,6
Prague_3,2016-02-08,0,,2016,2,8,0
Prague_3,2016-02-09,0,,2016,2,9,1
Prague_3,2016-02-10,0,,2016,2,10,2
Prague_3,2016-02-11,0,,2016,2,11,3
Prague_3,2016-02-12,0,,2016,2,12,4
Prague_3,2016-02-13,0,,2016,2,13,5
Prague_3,2016-02-14,0,,2016,2,14,6
Prague_3,2016-02-15,0,,2016,2,15,0
Prague_3,2016-02-16,0,,2016,2,16,1
Prague_3,2016-02-17,0,,2016,2,17,2
Prague_3,2016-02-18,0,,2016,2,18,3
Prague_3,2016-02-19,0,,2016,2,19,4
Prague_3,2016-02-20,0,,2016,2,20,5
Prague_3,2016-02-21,0,,2016,2,21,6
Prague_3,2016-02-22,0,,2016,2,22,0
Prague_3,2016-02-23,0,,2016,2,23,1
Prague_3,2016-02-24,0,,2016,2,24,2
Prague_3,2016-02-25,0,,2016,2,25,3
Prague_3,2016-02-26,0,,2016,2,26,4
Prague_3,2016-02-27,0,,2016,2,27,5
Prague_3,2016-02-28,0,,2016,2,28,6
Prague_3,2016-02-29,0,,2016,2,29,0
Prague_3,2016-03-01,0,,2016,3,1,1
Prague_3,2016-03-02,0,,2016,3,2,2
Prague_3,2016-03-03,0,,2016,3,3,3
Prague_3,2016-03-04,0,,2016,3,4,4
Prague_3,2016-03-05,0,,2016,3,5,5
Prague_3,2016-03-06,0,,2016,3,6,6
Prague_3,2016-03-07,0,,2016,3,7,0
Prague_3,2016-03-08,1,International womens day,2016,3,8,1
Prague_3,2016-03-09,0,,2016,3,9,2
Prague_3,2016-03-10,0,,2016,3,10,3
Prague_3,2016-03-11,0,,2016,3,11,4
Prague_3,2016-03-12,0,,2016,3,12,5
Prague_3,2016-03-13,0,,2016,3,13,6
Prague_3,2016-03-14,0,,2016,3,14,0
Prague_3,2016-03-15,0,,2016,3,15,1
Prague_3,2016-03-16,0,,2016,3,16,2
Prague_3,2016-03-17,0,,2016,3,17,3
Prague_3,2016-03-18,0,,2016,3,18,4
Prague_3,2016-03-19,0,,2016,3,19,5
Prague_3,2016-03-20,0,,2016,3,20,6
Prague_3,2016-03-21,0,,2016,3,21,0
Prague_3,2016-03-22,0,,2016,3,22,1
Prague_3,2016-03-23,0,,2016,3,23,2
Prague_3,2016-03-24,0,,2016,3,24,3
Prague_3,2016-03-25,1,Good Friday,2016,3,25,4
Prague_3,2016-03-26,1,,2016,3,26,5
Prague_3,2016-03-27,1,Easter Day,2016,3,27,6
Prague_3,2016-03-28,1,Easter Monday,2016,3,28,0
Prague_3,2016-03-29,0,,2016,3,29,1
Prague_3,2016-03-30,0,,2016,3,30,2
Prague_3,2016-03-31,0,,2016,3,31,3
Prague_3,2016-04-01,0,,2016,4,1,4
Prague_3,2016-04-02,0,,2016,4,2,5
Prague_3,2016-04-03,0,,2016,4,3,6
Prague_3,2016-04-04,0,,2016,4,4,0
Prague_3,2016-04-05,0,,2016,4,5,1
Prague_3,2016-04-06,0,,2016,4,6,2
Prague_3,2016-04-07,0,,2016,4,7,3
Prague_3,2016-04-08,0,,2016,4,8,4
Prague_3,2016-04-09,0,,2016,4,9,5
Prague_3,2016-04-10,0,,2016,4,10,6
Prague_3,2016-04-11,0,,2016,4,11,0
Prague_3,2016-04-12,0,,2016,4,12,1
Prague_3,2016-04-13,0,,2016,4,13,2
Prague_3,2016-04-14,0,,2016,4,14,3
Prague_3,2016-04-15,0,,2016,4,15,4
Prague_3,2016-04-16,0,,2016,4,16,5
Prague_3,2016-04-17,0,,2016,4,17,6
Prague_3,2016-04-18,0,,2016,4,18,0
Prague_3,2016-04-19,0,,2016,4,19,1
Prague_3,2016-04-20,0,,2016,4,20,2
Prague_3,2016-04-21,0,,2016,4,21,3
Prague_3,2016-04-22,0,,2016,4,22,4
Prague_3,2016-04-23,0,,2016,4,23,5
Prague_3,2016-04-24,0,,2016,4,24,6
Prague_3,2016-04-25,0,,2016,4,25,0
Prague_3,2016-04-26,0,,2016,4,26,1
Prague_3,2016-04-27,0,,2016,4,27,2
Prague_3,2016-04-28,0,,2016,4,28,3
Prague_3,2016-04-29,0,,2016,4,29,4
Prague_3,2016-04-30,0,,2016,4,30,5
Prague_3,2016-05-01,1,Labour Day,2016,5,1,6
Prague_3,2016-05-02,0,,2016,5,2,0
Prague_3,2016-05-03,0,,2016,5,3,1
Prague_3,2016-05-04,0,,2016,5,4,2
Prague_3,2016-05-05,0,,2016,5,5,3
Prague_3,2016-05-06,0,,2016,5,6,4
Prague_3,2016-05-07,0,,2016,5,7,5
Prague_3,2016-05-08,1,Mother's Day,2016,5,8,6
Prague_3,2016-05-09,0,,2016,5,9,0
Prague_3,2016-05-10,0,,2016,5,10,1
Prague_3,2016-05-11,0,,2016,5,11,2
Prague_3,2016-05-12,0,,2016,5,12,3
Prague_3,2016-05-13,0,,2016,5,13,4
Prague_3,2016-05-14,0,,2016,5,14,5
Prague_3,2016-05-15,0,,2016,5,15,6
Prague_3,2016-05-16,0,,2016,5,16,0
Prague_3,2016-05-17,0,,2016,5,17,1
Prague_3,2016-05-18,0,,2016,5,18,2
Prague_3,2016-05-19,0,,2016,5,19,3
Prague_3,2016-05-20,0,,2016,5,20,4
Prague_3,2016-05-21,0,,2016,5,21,5
Prague_3,2016-05-22,0,,2016,5,22,6
Prague_3,2016-05-23,0,,2016,5,23,0
Prague_3,2016-05-24,0,,2016,5,24,1
Prague_3,2016-05-25,0,,2016,5,25,2
Prague_3,2016-05-26,0,,2016,5,26,3
Prague_3,2016-05-27,0,,2016,5,27,4
Prague_3,2016-05-28,0,,2016,5,28,5
Prague_3,2016-05-29,0,,2016,5,29,6
Prague_3,2016-05-30,0,,2016,5,30,0
Prague_3,2016-05-31,0,,2016,5,31,1
Prague_3,2016-06-01,0,,2016,6,1,2
Prague_3,2016-06-02,0,,2016,6,2,3
Prague_3,2016-06-03,0,,2016,6,3,4
Prague_3,2016-06-04,0,,2016,6,4,5
Prague_3,2016-06-05,0,,2016,6,5,6
Prague_3,2016-06-06,0,,2016,6,6,0
Prague_3,2016-06-07,0,,2016,6,7,1
Prague_3,2016-06-08,0,,2016,6,8,2
Prague_3,2016-06-09,0,,2016,6,9,3
Prague_3,2016-06-10,0,,2016,6,10,4
Prague_3,2016-06-11,0,,2016,6,11,5
Prague_3,2016-06-12,0,,2016,6,12,6
Prague_3,2016-06-13,0,,2016,6,13,0
Prague_3,2016-06-14,0,,2016,6,14,1
Prague_3,2016-06-15,0,,2016,6,15,2
Prague_3,2016-06-16,0,,2016,6,16,3
Prague_3,2016-06-17,0,,2016,6,17,4
Prague_3,2016-06-18,0,,2016,6,18,5
Prague_3,2016-06-19,0,,2016,6,19,6
Prague_3,2016-06-20,0,,2016,6,20,0
Prague_3,2016-06-21,0,,2016,6,21,1
Prague_3,2016-06-22,0,,2016,6,22,2
Prague_3,2016-06-23,0,,2016,6,23,3
Prague_3,2016-06-24,0,,2016,6,24,4
Prague_3,2016-06-25,0,,2016,6,25,5
Prague_3,2016-06-26,0,,2016,6,26,6
Prague_3,2016-06-27,0,,2016,6,27,0
Prague_3,2016-06-28,0,,2016,6,28,1
Prague_3,2016-06-29,0,,2016,6,29,2
Prague_3,2016-06-30,0,,2016,6,30,3
Prague_3,2016-07-01,0,,2016,7,1,4
Prague_3,2016-07-02,0,,2016,7,2,5
Prague_3,2016-07-03,0,,2016,7,3,6
Prague_3,2016-07-04,0,,2016,7,4,0
Prague_3,2016-07-05,1,Cyrila a Metodej,2016,7,5,1
Prague_3,2016-07-06,1,Jan Hus,2016,7,6,2
Prague_3,2016-07-07,0,,2016,7,7,3
Prague_3,2016-07-08,0,,2016,7,8,4
Prague_3,2016-07-09,0,,2016,7,9,5
Prague_3,2016-07-10,0,,2016,7,10,6
Prague_3,2016-07-11,0,,2016,7,11,0
Prague_3,2016-07-12,0,,2016,7,12,1
Prague_3,2016-07-13,0,,2016,7,13,2
Prague_3,2016-07-14,0,,2016,7,14,3
Prague_3,2016-07-15,0,,2016,7,15,4
Prague_3,2016-07-16,0,,2016,7,16,5
Prague_3,2016-07-17,0,,2016,7,17,6
Prague_3,2016-07-18,0,,2016,7,18,0
Prague_3,2016-07-19,0,,2016,7,19,1
Prague_3,2016-07-20,0,,2016,7,20,2
Prague_3,2016-07-21,0,,2016,7,21,3
Prague_3,2016-07-22,0,,2016,7,22,4
Prague_3,2016-07-23,0,,2016,7,23,5
Prague_3,2016-07-24,0,,2016,7,24,6
Prague_3,2016-07-25,0,,2016,7,25,0
Prague_3,2016-07-26,0,,2016,7,26,1
Prague_3,2016-07-27,0,,2016,7,27,2
Prague_3,2016-07-28,0,,2016,7,28,3
Prague_3,2016-07-29,0,,2016,7,29,4
Prague_3,2016-07-30,0,,2016,7,30,5
Prague_3,2016-07-31,0,,2016,7,31,6
Prague_3,2016-08-01,0,,2016,8,1,0
Prague_3,2016-08-02,0,,2016,8,2,1
Prague_3,2016-08-03,0,,2016,8,3,2
Prague_3,2016-08-04,0,,2016,8,4,3
Prague_3,2016-08-05,0,,2016,8,5,4
Prague_3,2016-08-06,0,,2016,8,6,5
Prague_3,2016-08-07,0,,2016,8,7,6
Prague_3,2016-08-08,0,,2016,8,8,0
Prague_3,2016-08-09,0,,2016,8,9,1
Prague_3,2016-08-10,0,,2016,8,10,2
Prague_3,2016-08-11,0,,2016,8,11,3
Prague_3,2016-08-12,0,,2016,8,12,4
Prague_3,2016-08-13,0,,2016,8,13,5
Prague_3,2016-08-14,0,,2016,8,14,6
Prague_3,2016-08-15,0,,2016,8,15,0
Prague_3,2016-08-16,0,,2016,8,16,1
Prague_3,2016-08-17,0,,2016,8,17,2
Prague_3,2016-08-18,0,,2016,8,18,3
Prague_3,2016-08-19,0,,2016,8,19,4
Prague_3,2016-08-20,0,,2016,8,20,5
Prague_3,2016-08-21,0,,2016,8,21,6
Prague_3,2016-08-22,0,,2016,8,22,0
Prague_3,2016-08-23,0,,2016,8,23,1
Prague_3,2016-08-24,0,,2016,8,24,2
Prague_3,2016-08-25,0,,2016,8,25,3
Prague_3,2016-08-26,0,,2016,8,26,4
Prague_3,2016-08-27,0,,2016,8,27,5
Prague_3,2016-08-28,0,,2016,8,28,6
Prague_3,2016-08-29,0,,2016,8,29,0
Prague_3,2016-08-30,0,,2016,8,30,1
Prague_3,2016-08-31,0,,2016,8,31,2
Prague_3,2016-09-01,0,,2016,9,1,3
Prague_3,2016-09-02,0,,2016,9,2,4
Prague_3,2016-09-03,0,,2016,9,3,5
Prague_3,2016-09-04,0,,2016,9,4,6
Prague_3,2016-09-05,0,,2016,9,5,0
Prague_3,2016-09-06,0,,2016,9,6,1
Prague_3,2016-09-07,0,,2016,9,7,2
Prague_3,2016-09-08,0,,2016,9,8,3
Prague_3,2016-09-09,0,,2016,9,9,4
Prague_3,2016-09-10,0,,2016,9,10,5
Prague_3,2016-09-11,0,,2016,9,11,6
Prague_3,2016-09-12,0,,2016,9,12,0
Prague_3,2016-09-13,0,,2016,9,13,1
Prague_3,2016-09-14,0,,2016,9,14,2
Prague_3,2016-09-15,0,,2016,9,15,3
Prague_3,2016-09-16,0,,2016,9,16,4
Prague_3,2016-09-17,0,,2016,9,17,5
Prague_3,2016-09-18,0,,2016,9,18,6
Prague_3,2016-09-19,0,,2016,9,19,0
Prague_3,2016-09-20,0,,2016,9,20,1
Prague_3,2016-09-21,0,,2016,9,21,2
Prague_3,2016-09-22,0,,2016,9,22,3
Prague_3,2016-09-23,0,,2016,9,23,4
Prague_3,2016-09-24,0,,2016,9,24,5
Prague_3,2016-09-25,0,,2016,9,25,6
Prague_3,2016-09-26,0,,2016,9,26,0
Prague_3,2016-09-27,0,,2016,9,27,1
Prague_3,2016-09-28,1,Den ceske statnosti,2016,9,28,2
Prague_3,2016-09-29,0,,2016,9,29,3
Prague_3,2016-09-30,0,,2016,9,30,4
Prague_3,2016-10-01,0,,2016,10,1,5
Prague_3,2016-10-02,0,,2016,10,2,6
Prague_3,2016-10-03,0,,2016,10,3,0
Prague_3,2016-10-04,0,,2016,10,4,1
Prague_3,2016-10-05,0,,2016,10,5,2
Prague_3,2016-10-06,0,,2016,10,6,3
Prague_3,2016-10-07,0,,2016,10,7,4
Prague_3,2016-10-08,0,,2016,10,8,5
Prague_3,2016-10-09,0,,2016,10,9,6
Prague_3,2016-10-10,0,,2016,10,10,0
Prague_3,2016-10-11,0,,2016,10,11,1
Prague_3,2016-10-12,0,,2016,10,12,2
Prague_3,2016-10-13,0,,2016,10,13,3
Prague_3,2016-10-14,0,,2016,10,14,4
Prague_3,2016-10-15,0,,2016,10,15,5
Prague_3,2016-10-16,0,,2016,10,16,6
Prague_3,2016-10-17,0,,2016,10,17,0
Prague_3,2016-10-18,0,,2016,10,18,1
Prague_3,2016-10-19,0,,2016,10,19,2
Prague_3,2016-10-20,0,,2016,10,20,3
Prague_3,2016-10-21,0,,2016,10,21,4
Prague_3,2016-10-22,0,,2016,10,22,5
Prague_3,2016-10-23,0,,2016,10,23,6
Prague_3,2016-10-24,0,,2016,10,24,0
Prague_3,2016-10-25,0,,2016,10,25,1
Prague_3,2016-10-26,0,,2016,10,26,2
Prague_3,2016-10-27,0,,2016,10,27,3
Prague_3,2016-10-28,1,Den vzniku samostatneho ceskoslovenskeho statu,2016,10,28,4
Prague_3,2016-10-29,0,,2016,10,29,5
Prague_3,2016-10-30,0,,2016,10,30,6
Prague_3,2016-10-31,0,,2016,10,31,0
Prague_3,2016-11-01,0,,2016,11,1,1
Prague_3,2016-11-02,0,,2016,11,2,2
Prague_3,2016-11-03,0,,2016,11,3,3
Prague_3,2016-11-04,0,,2016,11,4,4
Prague_3,2016-11-05,0,,2016,11,5,5
Prague_3,2016-11-06,0,,2016,11,6,6
Prague_3,2016-11-07,0,,2016,11,7,0
Prague_3,2016-11-08,0,,2016,11,8,1
Prague_3,2016-11-09,0,,2016,11,9,2
Prague_3,2016-11-10,0,,2016,11,10,3
Prague_3,2016-11-11,0,,2016,11,11,4
Prague_3,2016-11-12,0,,2016,11,12,5
Prague_3,2016-11-13,0,,2016,11,13,6
Prague_3,2016-11-14,0,,2016,11,14,0
Prague_3,2016-11-15,0,,2016,11,15,1
Prague_3,2016-11-16,0,,2016,11,16,2
Prague_3,2016-11-17,1,Den boje za svobodu a demokracii,2016,11,17,3
Prague_3,2016-11-18,0,,2016,11,18,4
Prague_3,2016-11-19,0,,2016,11,19,5
Prague_3,2016-11-20,0,,2016,11,20,6
Prague_3,2016-11-21,0,,2016,11,21,0
Prague_3,2016-11-22,0,,2016,11,22,1
Prague_3,2016-11-23,0,,2016,11,23,2
Prague_3,2016-11-24,0,,2016,11,24,3
Prague_3,2016-11-25,0,,2016,11,25,4
Prague_3,2016-11-26,0,,2016,11,26,5
Prague_3,2016-11-27,0,,2016,11,27,6
Prague_3,2016-11-28,0,,2016,11,28,0
Prague_3,2016-11-29,0,,2016,11,29,1
Prague_3,2016-11-30,0,,2016,11,30,2
Prague_3,2016-12-01,0,,2016,12,1,3
Prague_3,2016-12-02,0,,2016,12,2,4
Prague_3,2016-12-03,0,,2016,12,3,5
Prague_3,2016-12-04,0,,2016,12,4,6
Prague_3,2016-12-05,0,,2016,12,5,0
Prague_3,2016-12-06,0,,2016,12,6,1
Prague_3,2016-12-07,0,,2016,12,7,2
Prague_3,2016-12-08,0,,2016,12,8,3
Prague_3,2016-12-09,0,,2016,12,9,4
Prague_3,2016-12-10,0,,2016,12,10,5
Prague_3,2016-12-11,0,,2016,12,11,6
Prague_3,2016-12-12,0,,2016,12,12,0
Prague_3,2016-12-13,0,,2016,12,13,1
Prague_3,2016-12-14,0,,2016,12,14,2
Prague_3,2016-12-15,0,,2016,12,15,3
Prague_3,2016-12-16,0,,2016,12,16,4
Prague_3,2016-12-17,0,,2016,12,17,5
Prague_3,2016-12-18,0,,2016,12,18,6
Prague_3,2016-12-19,0,,2016,12,19,0
Prague_3,2016-12-20,0,,2016,12,20,1
Prague_3,2016-12-21,0,,2016,12,21,2
Prague_3,2016-12-22,0,,2016,12,22,3
Prague_3,2016-12-23,0,,2016,12,23,4
Prague_3,2016-12-24,1,Christmas Eve,2016,12,24,5
Prague_3,2016-12-25,1,1st Christmas Day,2016,12,25,6
Prague_3,2016-12-26,1,2nd Christmas Day,2016,12,26,0
Prague_3,2016-12-27,0,,2016,12,27,1
Prague_3,2016-12-28,0,,2016,12,28,2
Prague_3,2016-12-29,0,,2016,12,29,3
Prague_3,2016-12-30,0,,2016,12,30,4
Prague_3,2016-12-31,0,,2016,12,31,5
Prague_3,2017-01-01,1,New Years Day,2017,1,1,6
Prague_3,2017-01-02,0,,2017,1,2,0
Prague_3,2017-01-03,0,,2017,1,3,1
Prague_3,2017-01-04,0,,2017,1,4,2
Prague_3,2017-01-05,0,,2017,1,5,3
Prague_3,2017-01-06,0,,2017,1,6,4
Prague_3,2017-01-07,0,,2017,1,7,5
Prague_3,2017-01-08,0,,2017,1,8,6
Prague_3,2017-01-09,0,,2017,1,9,0
Prague_3,2017-01-10,0,,2017,1,10,1
Prague_3,2017-01-11,0,,2017,1,11,2
Prague_3,2017-01-12,0,,2017,1,12,3
Prague_3,2017-01-13,0,,2017,1,13,4
Prague_3,2017-01-14,0,,2017,1,14,5
Prague_3,2017-01-15,0,,2017,1,15,6
Prague_3,2017-01-16,0,,2017,1,16,0
Prague_3,2017-01-17,0,,2017,1,17,1
Prague_3,2017-01-18,0,,2017,1,18,2
Prague_3,2017-01-19,0,,2017,1,19,3
Prague_3,2017-01-20,0,,2017,1,20,4
Prague_3,2017-01-21,0,,2017,1,21,5
Prague_3,2017-01-22,0,,2017,1,22,6
Prague_3,2017-01-23,0,,2017,1,23,0
Prague_3,2017-01-24,0,,2017,1,24,1
Prague_3,2017-01-25,0,,2017,1,25,2
Prague_3,2017-01-26,0,,2017,1,26,3
Prague_3,2017-01-27,0,,2017,1,27,4
Prague_3,2017-01-28,0,,2017,1,28,5
Prague_3,2017-01-29,0,,2017,1,29,6
Prague_3,2017-01-30,0,,2017,1,30,0
Prague_3,2017-01-31,0,,2017,1,31,1
Prague_3,2017-02-01,0,,2017,2,1,2
Prague_3,2017-02-02,0,,2017,2,2,3
Prague_3,2017-02-03,0,,2017,2,3,4
Prague_3,2017-02-04,0,,2017,2,4,5
Prague_3,2017-02-05,0,,2017,2,5,6
Prague_3,2017-02-06,0,,2017,2,6,0
Prague_3,2017-02-07,0,,2017,2,7,1
Prague_3,2017-02-08,0,,2017,2,8,2
Prague_3,2017-02-09,0,,2017,2,9,3
Prague_3,2017-02-10,0,,2017,2,10,4
Prague_3,2017-02-11,0,,2017,2,11,5
Prague_3,2017-02-12,0,,2017,2,12,6
Prague_3,2017-02-13,0,,2017,2,13,0
Prague_3,2017-02-14,0,,2017,2,14,1
Prague_3,2017-02-15,0,,2017,2,15,2
Prague_3,2017-02-16,0,,2017,2,16,3
Prague_3,2017-02-17,0,,2017,2,17,4
Prague_3,2017-02-18,0,,2017,2,18,5
Prague_3,2017-02-19,0,,2017,2,19,6
Prague_3,2017-02-20,0,,2017,2,20,0
Prague_3,2017-02-21,0,,2017,2,21,1
Prague_3,2017-02-22,0,,2017,2,22,2
Prague_3,2017-02-23,0,,2017,2,23,3
Prague_3,2017-02-24,0,,2017,2,24,4
Prague_3,2017-02-25,0,,2017,2,25,5
Prague_3,2017-02-26,0,,2017,2,26,6
Prague_3,2017-02-27,0,,2017,2,27,0
Prague_3,2017-02-28,0,,2017,2,28,1
Prague_3,2017-03-01,0,,2017,3,1,2
Prague_3,2017-03-02,0,,2017,3,2,3
Prague_3,2017-03-03,0,,2017,3,3,4
Prague_3,2017-03-04,0,,2017,3,4,5
Prague_3,2017-03-05,0,,2017,3,5,6
Prague_3,2017-03-06,0,,2017,3,6,0
Prague_3,2017-03-07,0,,2017,3,7,1
Prague_3,2017-03-08,1,International womens day,2017,3,8,2
Prague_3,2017-03-09,0,,2017,3,9,3
Prague_3,2017-03-10,0,,2017,3,10,4
Prague_3,2017-03-11,0,,2017,3,11,5
Prague_3,2017-03-12,0,,2017,3,12,6
Prague_3,2017-03-13,0,,2017,3,13,0
Prague_3,2017-03-14,0,,2017,3,14,1
Prague_3,2017-03-15,0,,2017,3,15,2
Prague_3,2017-03-16,0,,2017,3,16,3
Prague_3,2017-03-17,0,,2017,3,17,4
Prague_3,2017-03-18,0,,2017,3,18,5
Prague_3,2017-03-19,0,,2017,3,19,6
Prague_3,2017-03-20,0,,2017,3,20,0
Prague_3,2017-03-21,0,,2017,3,21,1
Prague_3,2017-03-22,0,,2017,3,22,2
Prague_3,2017-03-23,0,,2017,3,23,3
Prague_3,2017-03-24,0,,2017,3,24,4
Prague_3,2017-03-25,1,Good Friday,2017,3,25,5
Prague_3,2017-03-26,0,,2017,3,26,6
Prague_3,2017-03-27,1,Easter Day,2017,3,27,0
Prague_3,2017-03-28,1,Easter Monday,2017,3,28,1
Prague_3,2017-03-29,0,,2017,3,29,2
Prague_3,2017-03-30,0,,2017,3,30,3
Prague_3,2017-03-31,0,,2017,3,31,4
Prague_3,2017-04-01,0,,2017,4,1,5
Prague_3,2017-04-02,0,,2017,4,2,6
Prague_3,2017-04-03,0,,2017,4,3,0
Prague_3,2017-04-04,0,,2017,4,4,1
Prague_3,2017-04-05,0,,2017,4,5,2
Prague_3,2017-04-06,0,,2017,4,6,3
Prague_3,2017-04-07,0,,2017,4,7,4
Prague_3,2017-04-08,0,,2017,4,8,5
Prague_3,2017-04-09,0,,2017,4,9,6
Prague_3,2017-04-10,0,,2017,4,10,0
Prague_3,2017-04-11,0,,2017,4,11,1
Prague_3,2017-04-12,0,,2017,4,12,2
Prague_3,2017-04-13,0,,2017,4,13,3
Prague_3,2017-04-14,1,Good Friday,2017,4,14,4
Prague_3,2017-04-15,1,,2017,4,15,5
Prague_3,2017-04-16,1,Easter Day,2017,4,16,6
Prague_3,2017-04-17,1,Easter Monday,2017,4,17,0
Prague_3,2017-04-18,0,,2017,4,18,1
Prague_3,2017-04-19,0,,2017,4,19,2
Prague_3,2017-04-20,0,,2017,4,20,3
Prague_3,2017-04-21,0,,2017,4,21,4
Prague_3,2017-04-22,0,,2017,4,22,5
Prague_3,2017-04-23,0,,2017,4,23,6
Prague_3,2017-04-24,0,,2017,4,24,0
Prague_3,2017-04-25,0,,2017,4,25,1
Prague_3,2017-04-26,0,,2017,4,26,2
Prague_3,2017-04-27,0,,2017,4,27,3
Prague_3,2017-04-28,0,,2017,4,28,4
Prague_3,2017-04-29,0,,2017,4,29,5
Prague_3,2017-04-30,0,,2017,4,30,6
Prague_3,2017-05-01,1,Labour Day,2017,5,1,0
Prague_3,2017-05-02,0,,2017,5,2,1
Prague_3,2017-05-03,0,,2017,5,3,2
Prague_3,2017-05-04,0,,2017,5,4,3
Prague_3,2017-05-05,0,,2017,5,5,4
Prague_3,2017-05-06,0,,2017,5,6,5
Prague_3,2017-05-07,0,,2017,5,7,6
Prague_3,2017-05-08,1,Mother's Day,2017,5,8,0
Prague_3,2017-05-09,0,,2017,5,9,1
Prague_3,2017-05-10,0,,2017,5,10,2
Prague_3,2017-05-11,0,,2017,5,11,3
Prague_3,2017-05-12,0,,2017,5,12,4
Prague_3,2017-05-13,0,,2017,5,13,5
Prague_3,2017-05-14,1,Mother's Day,2017,5,14,6
Prague_3,2017-05-15,0,,2017,5,15,0
Prague_3,2017-05-16,0,,2017,5,16,1
Prague_3,2017-05-17,0,,2017,5,17,2
Prague_3,2017-05-18,0,,2017,5,18,3
Prague_3,2017-05-19,0,,2017,5,19,4
Prague_3,2017-05-20,0,,2017,5,20,5
Prague_3,2017-05-21,0,,2017,5,21,6
Prague_3,2017-05-22,0,,2017,5,22,0
Prague_3,2017-05-23,0,,2017,5,23,1
Prague_3,2017-05-24,0,,2017,5,24,2
Prague_3,2017-05-25,0,,2017,5,25,3
Prague_3,2017-05-26,0,,2017,5,26,4
Prague_3,2017-05-27,0,,2017,5,27,5
Prague_3,2017-05-28,0,,2017,5,28,6
Prague_3,2017-05-29,0,,2017,5,29,0
Prague_3,2017-05-30,0,,2017,5,30,1
Prague_3,2017-05-31,0,,2017,5,31,2
Prague_3,2017-06-01,0,,2017,6,1,3
Prague_3,2017-06-02,0,,2017,6,2,4
Prague_3,2017-06-03,0,,2017,6,3,5
Prague_3,2017-06-04,0,,2017,6,4,6
Prague_3,2017-06-05,0,,2017,6,5,0
Prague_3,2017-06-06,0,,2017,6,6,1
Prague_3,2017-06-07,0,,2017,6,7,2
Prague_3,2017-06-08,0,,2017,6,8,3
Prague_3,2017-06-09,0,,2017,6,9,4
Prague_3,2017-06-10,0,,2017,6,10,5
Prague_3,2017-06-11,0,,2017,6,11,6
Prague_3,2017-06-12,0,,2017,6,12,0
Prague_3,2017-06-13,0,,2017,6,13,1
Prague_3,2017-06-14,0,,2017,6,14,2
Prague_3,2017-06-15,0,,2017,6,15,3
Prague_3,2017-06-16,0,,2017,6,16,4
Prague_3,2017-06-17,0,,2017,6,17,5
Prague_3,2017-06-18,0,,2017,6,18,6
Prague_3,2017-06-19,0,,2017,6,19,0
Prague_3,2017-06-20,0,,2017,6,20,1
Prague_3,2017-06-21,0,,2017,6,21,2
Prague_3,2017-06-22,0,,2017,6,22,3
Prague_3,2017-06-23,0,,2017,6,23,4
Prague_3,2017-06-24,0,,2017,6,24,5
Prague_3,2017-06-25,0,,2017,6,25,6
Prague_3,2017-06-26,0,,2017,6,26,0
Prague_3,2017-06-27,0,,2017,6,27,1
Prague_3,2017-06-28,0,,2017,6,28,2
Prague_3,2017-06-29,0,,2017,6,29,3
Prague_3,2017-06-30,0,,2017,6,30,4
Prague_3,2017-07-01,0,,2017,7,1,5
Prague_3,2017-07-02,0,,2017,7,2,6
Prague_3,2017-07-03,0,,2017,7,3,0
Prague_3,2017-07-04,0,,2017,7,4,1
Prague_3,2017-07-05,1,Cyrila a Metodej,2017,7,5,2
Prague_3,2017-07-06,1,Jan Hus,2017,7,6,3
Prague_3,2017-07-07,0,,2017,7,7,4
Prague_3,2017-07-08,0,,2017,7,8,5
Prague_3,2017-07-09,0,,2017,7,9,6
Prague_3,2017-07-10,0,,2017,7,10,0
Prague_3,2017-07-11,0,,2017,7,11,1
Prague_3,2017-07-12,0,,2017,7,12,2
Prague_3,2017-07-13,0,,2017,7,13,3
Prague_3,2017-07-14,0,,2017,7,14,4
Prague_3,2017-07-15,0,,2017,7,15,5
Prague_3,2017-07-16,0,,2017,7,16,6
Prague_3,2017-07-17,0,,2017,7,17,0
Prague_3,2017-07-18,0,,2017,7,18,1
Prague_3,2017-07-19,0,,2017,7,19,2
Prague_3,2017-07-20,0,,2017,7,20,3
Prague_3,2017-07-21,0,,2017,7,21,4
Prague_3,2017-07-22,0,,2017,7,22,5
Prague_3,2017-07-23,0,,2017,7,23,6
Prague_3,2017-07-24,0,,2017,7,24,0
Prague_3,2017-07-25,0,,2017,7,25,1
Prague_3,2017-07-26,0,,2017,7,26,2
Prague_3,2017-07-27,0,,2017,7,27,3
Prague_3,2017-07-28,0,,2017,7,28,4
Prague_3,2017-07-29,0,,2017,7,29,5
Prague_3,2017-07-30,0,,2017,7,30,6
Prague_3,2017-07-31,0,,2017,7,31,0
Prague_3,2017-08-01,0,,2017,8,1,1
Prague_3,2017-08-02,0,,2017,8,2,2
Prague_3,2017-08-03,0,,2017,8,3,3
Prague_3,2017-08-04,0,,2017,8,4,4
Prague_3,2017-08-05,0,,2017,8,5,5
Prague_3,2017-08-06,0,,2017,8,6,6
Prague_3,2017-08-07,0,,2017,8,7,0
Prague_3,2017-08-08,0,,2017,8,8,1
Prague_3,2017-08-09,0,,2017,8,9,2
Prague_3,2017-08-10,0,,2017,8,10,3
Prague_3,2017-08-11,0,,2017,8,11,4
Prague_3,2017-08-12,0,,2017,8,12,5
Prague_3,2017-08-13,0,,2017,8,13,6
Prague_3,2017-08-14,0,,2017,8,14,0
Prague_3,2017-08-15,0,,2017,8,15,1
Prague_3,2017-08-16,0,,2017,8,16,2
Prague_3,2017-08-17,0,,2017,8,17,3
Prague_3,2017-08-18,0,,2017,8,18,4
Prague_3,2017-08-19,0,,2017,8,19,5
Prague_3,2017-08-20,0,,2017,8,20,6
Prague_3,2017-08-21,0,,2017,8,21,0
Prague_3,2017-08-22,0,,2017,8,22,1
Prague_3,2017-08-23,0,,2017,8,23,2
Prague_3,2017-08-24,0,,2017,8,24,3
Prague_3,2017-08-25,0,,2017,8,25,4
Prague_3,2017-08-26,0,,2017,8,26,5
Prague_3,2017-08-27,0,,2017,8,27,6
Prague_3,2017-08-28,0,,2017,8,28,0
Prague_3,2017-08-29,0,,2017,8,29,1
Prague_3,2017-08-30,0,,2017,8,30,2
Prague_3,2017-08-31,0,,2017,8,31,3
Prague_3,2017-09-01,0,,2017,9,1,4
Prague_3,2017-09-02,0,,2017,9,2,5
Prague_3,2017-09-03,0,,2017,9,3,6
Prague_3,2017-09-04,0,,2017,9,4,0
Prague_3,2017-09-05,0,,2017,9,5,1
Prague_3,2017-09-06,0,,2017,9,6,2
Prague_3,2017-09-07,0,,2017,9,7,3
Prague_3,2017-09-08,0,,2017,9,8,4
Prague_3,2017-09-09,0,,2017,9,9,5
Prague_3,2017-09-10,0,,2017,9,10,6
Prague_3,2017-09-11,0,,2017,9,11,0
Prague_3,2017-09-12,0,,2017,9,12,1
Prague_3,2017-09-13,0,,2017,9,13,2
Prague_3,2017-09-14,0,,2017,9,14,3
Prague_3,2017-09-15,0,,2017,9,15,4
Prague_3,2017-09-16,0,,2017,9,16,5
Prague_3,2017-09-17,0,,2017,9,17,6
Prague_3,2017-09-18,0,,2017,9,18,0
Prague_3,2017-09-19,0,,2017,9,19,1
Prague_3,2017-09-20,0,,2017,9,20,2
Prague_3,2017-09-21,0,,2017,9,21,3
Prague_3,2017-09-22,0,,2017,9,22,4
Prague_3,2017-09-23,0,,2017,9,23,5
Prague_3,2017-09-24,0,,2017,9,24,6
Prague_3,2017-09-25,0,,2017,9,25,0
Prague_3,2017-09-26,0,,2017,9,26,1
Prague_3,2017-09-27,0,,2017,9,27,2
Prague_3,2017-09-28,1,Den ceske statnosti,2017,9,28,3
Prague_3,2017-09-29,0,,2017,9,29,4
Prague_3,2017-09-30,0,,2017,9,30,5
Prague_3,2017-10-01,0,,2017,10,1,6
Prague_3,2017-10-02,0,,2017,10,2,0
Prague_3,2017-10-03,0,,2017,10,3,1
Prague_3,2017-10-04,0,,2017,10,4,2
Prague_3,2017-10-05,0,,2017,10,5,3
Prague_3,2017-10-06,0,,2017,10,6,4
Prague_3,2017-10-07,0,,2017,10,7,5
Prague_3,2017-10-08,0,,2017,10,8,6
Prague_3,2017-10-09,0,,2017,10,9,0
Prague_3,2017-10-10,0,,2017,10,10,1
Prague_3,2017-10-11,0,,2017,10,11,2
Prague_3,2017-10-12,0,,2017,10,12,3
Prague_3,2017-10-13,0,,2017,10,13,4
Prague_3,2017-10-14,0,,2017,10,14,5
Prague_3,2017-10-15,0,,2017,10,15,6
Prague_3,2017-10-16,0,,2017,10,16,0
Prague_3,2017-10-17,0,,2017,10,17,1
Prague_3,2017-10-18,0,,2017,10,18,2
Prague_3,2017-10-19,0,,2017,10,19,3
Prague_3,2017-10-20,0,,2017,10,20,4
Prague_3,2017-10-21,0,,2017,10,21,5
Prague_3,2017-10-22,0,,2017,10,22,6
Prague_3,2017-10-23,0,,2017,10,23,0
Prague_3,2017-10-24,0,,2017,10,24,1
Prague_3,2017-10-25,0,,2017,10,25,2
Prague_3,2017-10-26,0,,2017,10,26,3
Prague_3,2017-10-27,0,,2017,10,27,4
Prague_3,2017-10-28,1,Den vzniku samostatneho ceskoslovenskeho statu,2017,10,28,5
Prague_3,2017-10-29,0,,2017,10,29,6
Prague_3,2017-10-30,0,,2017,10,30,0
Prague_3,2017-10-31,0,,2017,10,31,1
Prague_3,2017-11-01,0,,2017,11,1,2
Prague_3,2017-11-02,0,,2017,11,2,3
Prague_3,2017-11-03,0,,2017,11,3,4
Prague_3,2017-11-04,0,,2017,11,4,5
Prague_3,2017-11-05,0,,2017,11,5,6
Prague_3,2017-11-06,0,,2017,11,6,0
Prague_3,2017-11-07,0,,2017,11,7,1
Prague_3,2017-11-08,0,,2017,11,8,2
Prague_3,2017-11-09,0,,2017,11,9,3
Prague_3,2017-11-10,0,,2017,11,10,4
Prague_3,2017-11-11,0,,2017,11,11,5
Prague_3,2017-11-12,0,,2017,11,12,6
Prague_3,2017-11-13,0,,2017,11,13,0
Prague_3,2017-11-14,0,,2017,11,14,1
Prague_3,2017-11-15,0,,2017,11,15,2
Prague_3,2017-11-16,0,,2017,11,16,3
Prague_3,2017-11-17,1,Den boje za svobodu a demokracii,2017,11,17,4
Prague_3,2017-11-18,0,,2017,11,18,5
Prague_3,2017-11-19,0,,2017,11,19,6
Prague_3,2017-11-20,0,,2017,11,20,0
Prague_3,2017-11-21,0,,2017,11,21,1
Prague_3,2017-11-22,0,,2017,11,22,2
Prague_3,2017-11-23,0,,2017,11,23,3
Prague_3,2017-11-24,0,,2017,11,24,4
Prague_3,2017-11-25,0,,2017,11,25,5
Prague_3,2017-11-26,0,,2017,11,26,6
Prague_3,2017-11-27,0,,2017,11,27,0
Prague_3,2017-11-28,0,,2017,11,28,1
Prague_3,2017-11-29,0,,2017,11,29,2
Prague_3,2017-11-30,0,,2017,11,30,3
Prague_3,2017-12-01,0,,2017,12,1,4
Prague_3,2017-12-02,0,,2017,12,2,5
Prague_3,2017-12-03,0,,2017,12,3,6
Prague_3,2017-12-04,0,,2017,12,4,0
Prague_3,2017-12-05,0,,2017,12,5,1
Prague_3,2017-12-06,0,,2017,12,6,2
Prague_3,2017-12-07,0,,2017,12,7,3
Prague_3,2017-12-08,0,,2017,12,8,4
Prague_3,2017-12-09,0,,2017,12,9,5
Prague_3,2017-12-10,0,,2017,12,10,6
Prague_3,2017-12-11,0,,2017,12,11,0
Prague_3,2017-12-12,0,,2017,12,12,1
Prague_3,2017-12-13,0,,2017,12,13,2
Prague_3,2017-12-14,0,,2017,12,14,3
Prague_3,2017-12-15,0,,2017,12,15,4
Prague_3,2017-12-16,0,,2017,12,16,5
Prague_3,2017-12-17,0,,2017,12,17,6
Prague_3,2017-12-18,0,,2017,12,18,0
Prague_3,2017-12-19,0,,2017,12,19,1
Prague_3,2017-12-20,0,,2017,12,20,2
Prague_3,2017-12-21,0,,2017,12,21,3
Prague_3,2017-12-22,0,,2017,12,22,4
Prague_3,2017-12-23,0,,2017,12,23,5
Prague_3,2017-12-24,1,Christmas Eve,2017,12,24,6
Prague_3,2017-12-25,1,1st Christmas Day,2017,12,25,0
Prague_3,2017-12-26,1,2nd Christmas Day,2017,12,26,1
Prague_3,2017-12-27,0,,2017,12,27,2
Prague_3,2017-12-28,0,,2017,12,28,3
Prague_3,2017-12-29,0,,2017,12,29,4
Prague_3,2017-12-30,0,,2017,12,30,5
Prague_3,2017-12-31,0,,2017,12,31,6
Prague_3,2018-01-01,1,New Years Day,2018,1,1,0
Prague_3,2018-01-02,0,,2018,1,2,1
Prague_3,2018-01-03,0,,2018,1,3,2
Prague_3,2018-01-04,0,,2018,1,4,3
Prague_3,2018-01-05,0,,2018,1,5,4
Prague_3,2018-01-06,0,,2018,1,6,5
Prague_3,2018-01-07,0,,2018,1,7,6
Prague_3,2018-01-08,0,,2018,1,8,0
Prague_3,2018-01-09,0,,2018,1,9,1
Prague_3,2018-01-10,0,,2018,1,10,2
Prague_3,2018-01-11,0,,2018,1,11,3
Prague_3,2018-01-12,0,,2018,1,12,4
Prague_3,2018-01-13,0,,2018,1,13,5
Prague_3,2018-01-14,0,,2018,1,14,6
Prague_3,2018-01-15,0,,2018,1,15,0
Prague_3,2018-01-16,0,,2018,1,16,1
Prague_3,2018-01-17,0,,2018,1,17,2
Prague_3,2018-01-18,0,,2018,1,18,3
Prague_3,2018-01-19,0,,2018,1,19,4
Prague_3,2018-01-20,0,,2018,1,20,5
Prague_3,2018-01-21,0,,2018,1,21,6
Prague_3,2018-01-22,0,,2018,1,22,0
Prague_3,2018-01-23,0,,2018,1,23,1
Prague_3,2018-01-24,0,,2018,1,24,2
Prague_3,2018-01-25,0,,2018,1,25,3
Prague_3,2018-01-26,0,,2018,1,26,4
Prague_3,2018-01-27,0,,2018,1,27,5
Prague_3,2018-01-28,0,,2018,1,28,6
Prague_3,2018-01-29,0,,2018,1,29,0
Prague_3,2018-01-30,0,,2018,1,30,1
Prague_3,2018-01-31,0,,2018,1,31,2
Prague_3,2018-02-01,0,,2018,2,1,3
Prague_3,2018-02-02,0,,2018,2,2,4
Prague_3,2018-02-03,0,,2018,2,3,5
Prague_3,2018-02-04,0,,2018,2,4,6
Prague_3,2018-02-05,0,,2018,2,5,0
Prague_3,2018-02-06,0,,2018,2,6,1
Prague_3,2018-02-07,0,,2018,2,7,2
Prague_3,2018-02-08,0,,2018,2,8,3
Prague_3,2018-02-09,0,,2018,2,9,4
Prague_3,2018-02-10,0,,2018,2,10,5
Prague_3,2018-02-11,0,,2018,2,11,6
Prague_3,2018-02-12,0,,2018,2,12,0
Prague_3,2018-02-13,0,,2018,2,13,1
Prague_3,2018-02-14,0,,2018,2,14,2
Prague_3,2018-02-15,0,,2018,2,15,3
Prague_3,2018-02-16,0,,2018,2,16,4
Prague_3,2018-02-17,0,,2018,2,17,5
Prague_3,2018-02-18,0,,2018,2,18,6
Prague_3,2018-02-19,0,,2018,2,19,0
Prague_3,2018-02-20,0,,2018,2,20,1
Prague_3,2018-02-21,0,,2018,2,21,2
Prague_3,2018-02-22,0,,2018,2,22,3
Prague_3,2018-02-23,0,,2018,2,23,4
Prague_3,2018-02-24,0,,2018,2,24,5
Prague_3,2018-02-25,0,,2018,2,25,6
Prague_3,2018-02-26,0,,2018,2,26,0
Prague_3,2018-02-27,0,,2018,2,27,1
Prague_3,2018-02-28,0,,2018,2,28,2
Prague_3,2018-03-01,0,,2018,3,1,3
Prague_3,2018-03-02,0,,2018,3,2,4
Prague_3,2018-03-03,0,,2018,3,3,5
Prague_3,2018-03-04,0,,2018,3,4,6
Prague_3,2018-03-05,0,,2018,3,5,0
Prague_3,2018-03-06,0,,2018,3,6,1
Prague_3,2018-03-07,0,,2018,3,7,2
Prague_3,2018-03-08,1,International womens day,2018,3,8,3
Prague_3,2018-03-09,0,,2018,3,9,4
Prague_3,2018-03-10,0,,2018,3,10,5
Prague_3,2018-03-11,0,,2018,3,11,6
Prague_3,2018-03-12,0,,2018,3,12,0
Prague_3,2018-03-13,0,,2018,3,13,1
Prague_3,2018-03-14,0,,2018,3,14,2
Prague_3,2018-03-15,0,,2018,3,15,3
Prague_3,2018-03-16,0,,2018,3,16,4
Prague_3,2018-03-17,0,,2018,3,17,5
Prague_3,2018-03-18,0,,2018,3,18,6
Prague_3,2018-03-19,0,,2018,3,19,0
Prague_3,2018-03-20,0,,2018,3,20,1
Prague_3,2018-03-21,0,,2018,3,21,2
Prague_3,2018-03-22,0,,2018,3,22,3
Prague_3,2018-03-23,0,,2018,3,23,4
Prague_3,2018-03-24,0,,2018,3,24,5
Prague_3,2018-03-25,0,,2018,3,25,6
Prague_3,2018-03-26,0,,2018,3,26,0
Prague_3,2018-03-27,0,,2018,3,27,1
Prague_3,2018-03-28,0,,2018,3,28,2
Prague_3,2018-03-29,0,,2018,3,29,3
Prague_3,2018-03-30,1,Good Friday,2018,3,30,4
Prague_3,2018-03-31,1,,2018,3,31,5
Prague_3,2018-04-01,1,Easter Day,2018,4,1,6
Prague_3,2018-04-02,1,Easter Monday,2018,4,2,0
Prague_3,2018-04-03,0,,2018,4,3,1
Prague_3,2018-04-04,0,,2018,4,4,2
Prague_3,2018-04-05,0,,2018,4,5,3
Prague_3,2018-04-06,0,,2018,4,6,4
Prague_3,2018-04-07,0,,2018,4,7,5
Prague_3,2018-04-08,0,,2018,4,8,6
Prague_3,2018-04-09,0,,2018,4,9,0
Prague_3,2018-04-10,0,,2018,4,10,1
Prague_3,2018-04-11,0,,2018,4,11,2
Prague_3,2018-04-12,0,,2018,4,12,3
Prague_3,2018-04-13,0,,2018,4,13,4
Prague_3,2018-04-14,1,Good Friday,2018,4,14,5
Prague_3,2018-04-15,0,,2018,4,15,6
Prague_3,2018-04-16,1,Easter Day,2018,4,16,0
Prague_3,2018-04-17,1,Easter Monday,2018,4,17,1
Prague_3,2018-04-18,0,,2018,4,18,2
Prague_3,2018-04-19,0,,2018,4,19,3
Prague_3,2018-04-20,0,,2018,4,20,4
Prague_3,2018-04-21,0,,2018,4,21,5
Prague_3,2018-04-22,0,,2018,4,22,6
Prague_3,2018-04-23,0,,2018,4,23,0
Prague_3,2018-04-24,0,,2018,4,24,1
Prague_3,2018-04-25,0,,2018,4,25,2
Prague_3,2018-04-26,0,,2018,4,26,3
Prague_3,2018-04-27,0,,2018,4,27,4
Prague_3,2018-04-28,0,,2018,4,28,5
Prague_3,2018-04-29,0,,2018,4,29,6
Prague_3,2018-04-30,0,,2018,4,30,0
Prague_3,2018-05-01,1,Labour Day,2018,5,1,1
Prague_3,2018-05-02,0,,2018,5,2,2
Prague_3,2018-05-03,0,,2018,5,3,3
Prague_3,2018-05-04,0,,2018,5,4,4
Prague_3,2018-05-05,0,,2018,5,5,5
Prague_3,2018-05-06,0,,2018,5,6,6
Prague_3,2018-05-07,0,,2018,5,7,0
Prague_3,2018-05-08,1,Den osvobozeni,2018,5,8,1
Prague_3,2018-05-09,0,,2018,5,9,2
Prague_3,2018-05-10,0,,2018,5,10,3
Prague_3,2018-05-11,0,,2018,5,11,4
Prague_3,2018-05-12,0,,2018,5,12,5
Prague_3,2018-05-13,1,Mother's Day,2018,5,13,6
Prague_3,2018-05-14,1,Mother's Day,2018,5,14,0
Prague_3,2018-05-15,0,,2018,5,15,1
Prague_3,2018-05-16,0,,2018,5,16,2
Prague_3,2018-05-17,0,,2018,5,17,3
Prague_3,2018-05-18,0,,2018,5,18,4
Prague_3,2018-05-19,0,,2018,5,19,5
Prague_3,2018-05-20,0,,2018,5,20,6
Prague_3,2018-05-21,0,,2018,5,21,0
Prague_3,2018-05-22,0,,2018,5,22,1
Prague_3,2018-05-23,0,,2018,5,23,2
Prague_3,2018-05-24,0,,2018,5,24,3
Prague_3,2018-05-25,0,,2018,5,25,4
Prague_3,2018-05-26,0,,2018,5,26,5
Prague_3,2018-05-27,0,,2018,5,27,6
Prague_3,2018-05-28,0,,2018,5,28,0
Prague_3,2018-05-29,0,,2018,5,29,1
Prague_3,2018-05-30,0,,2018,5,30,2
Prague_3,2018-05-31,0,,2018,5,31,3
Prague_3,2018-06-01,0,,2018,6,1,4
Prague_3,2018-06-02,0,,2018,6,2,5
Prague_3,2018-06-03,0,,2018,6,3,6
Prague_3,2018-06-04,0,,2018,6,4,0
Prague_3,2018-06-05,0,,2018,6,5,1
Prague_3,2018-06-06,0,,2018,6,6,2
Prague_3,2018-06-07,0,,2018,6,7,3
Prague_3,2018-06-08,0,,2018,6,8,4
Prague_3,2018-06-09,0,,2018,6,9,5
Prague_3,2018-06-10,0,,2018,6,10,6
Prague_3,2018-06-11,0,,2018,6,11,0
Prague_3,2018-06-12,0,,2018,6,12,1
Prague_3,2018-06-13,0,,2018,6,13,2
Prague_3,2018-06-14,0,,2018,6,14,3
Prague_3,2018-06-15,0,,2018,6,15,4
Prague_3,2018-06-16,0,,2018,6,16,5
Prague_3,2018-06-17,0,,2018,6,17,6
Prague_3,2018-06-18,0,,2018,6,18,0
Prague_3,2018-06-19,0,,2018,6,19,1
Prague_3,2018-06-20,0,,2018,6,20,2
Prague_3,2018-06-21,0,,2018,6,21,3
Prague_3,2018-06-22,0,,2018,6,22,4
Prague_3,2018-06-23,0,,2018,6,23,5
Prague_3,2018-06-24,0,,2018,6,24,6
Prague_3,2018-06-25,0,,2018,6,25,0
Prague_3,2018-06-26,0,,2018,6,26,1
Prague_3,2018-06-27,0,,2018,6,27,2
Prague_3,2018-06-28,0,,2018,6,28,3
Prague_3,2018-06-29,0,,2018,6,29,4
Prague_3,2018-06-30,0,,2018,6,30,5
Prague_3,2018-07-01,0,,2018,7,1,6
Prague_3,2018-07-02,0,,2018,7,2,0
Prague_3,2018-07-03,0,,2018,7,3,1
Prague_3,2018-07-04,0,,2018,7,4,2
Prague_3,2018-07-05,1,Cyrila a Metodej,2018,7,5,3
Prague_3,2018-07-06,1,Jan Hus,2018,7,6,4
Prague_3,2018-07-07,0,,2018,7,7,5
Prague_3,2018-07-08,0,,2018,7,8,6
Prague_3,2018-07-09,0,,2018,7,9,0
Prague_3,2018-07-10,0,,2018,7,10,1
Prague_3,2018-07-11,0,,2018,7,11,2
Prague_3,2018-07-12,0,,2018,7,12,3
Prague_3,2018-07-13,0,,2018,7,13,4
Prague_3,2018-07-14,0,,2018,7,14,5
Prague_3,2018-07-15,0,,2018,7,15,6
Prague_3,2018-07-16,0,,2018,7,16,0
Prague_3,2018-07-17,0,,2018,7,17,1
Prague_3,2018-07-18,0,,2018,7,18,2
Prague_3,2018-07-19,0,,2018,7,19,3
Prague_3,2018-07-20,0,,2018,7,20,4
Prague_3,2018-07-21,0,,2018,7,21,5
Prague_3,2018-07-22,0,,2018,7,22,6
Prague_3,2018-07-23,0,,2018,7,23,0
Prague_3,2018-07-24,0,,2018,7,24,1
Prague_3,2018-07-25,0,,2018,7,25,2
Prague_3,2018-07-26,0,,2018,7,26,3
Prague_3,2018-07-27,0,,2018,7,27,4
Prague_3,2018-07-28,0,,2018,7,28,5
Prague_3,2018-07-29,0,,2018,7,29,6
Prague_3,2018-07-30,0,,2018,7,30,0
Prague_3,2018-07-31,0,,2018,7,31,1
Prague_3,2018-08-01,0,,2018,8,1,2
Prague_3,2018-08-02,0,,2018,8,2,3
Prague_3,2018-08-03,0,,2018,8,3,4
Prague_3,2018-08-04,0,,2018,8,4,5
Prague_3,2018-08-05,0,,2018,8,5,6
Prague_3,2018-08-06,0,,2018,8,6,0
Prague_3,2018-08-07,0,,2018,8,7,1
Prague_3,2018-08-08,0,,2018,8,8,2
Prague_3,2018-08-09,0,,2018,8,9,3
Prague_3,2018-08-10,0,,2018,8,10,4
Prague_3,2018-08-11,0,,2018,8,11,5
Prague_3,2018-08-12,0,,2018,8,12,6
Prague_3,2018-08-13,0,,2018,8,13,0
Prague_3,2018-08-14,0,,2018,8,14,1
Prague_3,2018-08-15,0,,2018,8,15,2
Prague_3,2018-08-16,0,,2018,8,16,3
Prague_3,2018-08-17,0,,2018,8,17,4
Prague_3,2018-08-18,0,,2018,8,18,5
Prague_3,2018-08-19,0,,2018,8,19,6
Prague_3,2018-08-20,0,,2018,8,20,0
Prague_3,2018-08-21,0,,2018,8,21,1
Prague_3,2018-08-22,0,,2018,8,22,2
Prague_3,2018-08-23,0,,2018,8,23,3
Prague_3,2018-08-24,0,,2018,8,24,4
Prague_3,2018-08-25,0,,2018,8,25,5
Prague_3,2018-08-26,0,,2018,8,26,6
Prague_3,2018-08-27,0,,2018,8,27,0
Prague_3,2018-08-28,0,,2018,8,28,1
Prague_3,2018-08-29,0,,2018,8,29,2
Prague_3,2018-08-30,0,,2018,8,30,3
Prague_3,2018-08-31,0,,2018,8,31,4
Prague_3,2018-09-01,0,,2018,9,1,5
Prague_3,2018-09-02,0,,2018,9,2,6
Prague_3,2018-09-03,0,,2018,9,3,0
Prague_3,2018-09-04,0,,2018,9,4,1
Prague_3,2018-09-05,0,,2018,9,5,2
Prague_3,2018-09-06,0,,2018,9,6,3
Prague_3,2018-09-07,0,,2018,9,7,4
Prague_3,2018-09-08,0,,2018,9,8,5
Prague_3,2018-09-09,0,,2018,9,9,6
Prague_3,2018-09-10,0,,2018,9,10,0
Prague_3,2018-09-11,0,,2018,9,11,1
Prague_3,2018-09-12,0,,2018,9,12,2
Prague_3,2018-09-13,0,,2018,9,13,3
Prague_3,2018-09-14,0,,2018,9,14,4
Prague_3,2018-09-15,0,,2018,9,15,5
Prague_3,2018-09-16,0,,2018,9,16,6
Prague_3,2018-09-17,0,,2018,9,17,0
Prague_3,2018-09-18,0,,2018,9,18,1
Prague_3,2018-09-19,0,,2018,9,19,2
Prague_3,2018-09-20,0,,2018,9,20,3
Prague_3,2018-09-21,0,,2018,9,21,4
Prague_3,2018-09-22,0,,2018,9,22,5
Prague_3,2018-09-23,0,,2018,9,23,6
Prague_3,2018-09-24,0,,2018,9,24,0
Prague_3,2018-09-25,0,,2018,9,25,1
Prague_3,2018-09-26,0,,2018,9,26,2
Prague_3,2018-09-27,0,,2018,9,27,3
Prague_3,2018-09-28,1,Den ceske statnosti,2018,9,28,4
Prague_3,2018-09-29,0,,2018,9,29,5
Prague_3,2018-09-30,0,,2018,9,30,6
Prague_3,2018-10-01,0,,2018,10,1,0
Prague_3,2018-10-02,0,,2018,10,2,1
Prague_3,2018-10-03,0,,2018,10,3,2
Prague_3,2018-10-04,0,,2018,10,4,3
Prague_3,2018-10-05,0,,2018,10,5,4
Prague_3,2018-10-06,0,,2018,10,6,5
Prague_3,2018-10-07,0,,2018,10,7,6
Prague_3,2018-10-08,0,,2018,10,8,0
Prague_3,2018-10-09,0,,2018,10,9,1
Prague_3,2018-10-10,0,,2018,10,10,2
Prague_3,2018-10-11,0,,2018,10,11,3
Prague_3,2018-10-12,0,,2018,10,12,4
Prague_3,2018-10-13,0,,2018,10,13,5
Prague_3,2018-10-14,0,,2018,10,14,6
Prague_3,2018-10-15,0,,2018,10,15,0
Prague_3,2018-10-16,0,,2018,10,16,1
Prague_3,2018-10-17,0,,2018,10,17,2
Prague_3,2018-10-18,0,,2018,10,18,3
Prague_3,2018-10-19,0,,2018,10,19,4
Prague_3,2018-10-20,0,,2018,10,20,5
Prague_3,2018-10-21,0,,2018,10,21,6
Prague_3,2018-10-22,0,,2018,10,22,0
Prague_3,2018-10-23,0,,2018,10,23,1
Prague_3,2018-10-24,0,,2018,10,24,2
Prague_3,2018-10-25,0,,2018,10,25,3
Prague_3,2018-10-26,0,,2018,10,26,4
Prague_3,2018-10-27,0,,2018,10,27,5
Prague_3,2018-10-28,1,Den vzniku samostatneho ceskoslovenskeho statu,2018,10,28,6
Prague_3,2018-10-29,0,,2018,10,29,0
Prague_3,2018-10-30,0,,2018,10,30,1
Prague_3,2018-10-31,0,,2018,10,31,2
Prague_3,2018-11-01,0,,2018,11,1,3
Prague_3,2018-11-02,0,,2018,11,2,4
Prague_3,2018-11-03,0,,2018,11,3,5
Prague_3,2018-11-04,0,,2018,11,4,6
Prague_3,2018-11-05,0,,2018,11,5,0
Prague_3,2018-11-06,0,,2018,11,6,1
Prague_3,2018-11-07,0,,2018,11,7,2
Prague_3,2018-11-08,0,,2018,11,8,3
Prague_3,2018-11-09,0,,2018,11,9,4
Prague_3,2018-11-10,0,,2018,11,10,5
Prague_3,2018-11-11,0,,2018,11,11,6
Prague_3,2018-11-12,0,,2018,11,12,0
Prague_3,2018-11-13,0,,2018,11,13,1
Prague_3,2018-11-14,0,,2018,11,14,2
Prague_3,2018-11-15,0,,2018,11,15,3
Prague_3,2018-11-16,0,,2018,11,16,4
Prague_3,2018-11-17,1,Den boje za svobodu a demokracii,2018,11,17,5
Prague_3,2018-11-18,0,,2018,11,18,6
Prague_3,2018-11-19,0,,2018,11,19,0
Prague_3,2018-11-20,0,,2018,11,20,1
Prague_3,2018-11-21,0,,2018,11,21,2
Prague_3,2018-11-22,0,,2018,11,22,3
Prague_3,2018-11-23,0,,2018,11,23,4
Prague_3,2018-11-24,0,,2018,11,24,5
Prague_3,2018-11-25,0,,2018,11,25,6
Prague_3,2018-11-26,0,,2018,11,26,0
Prague_3,2018-11-27,0,,2018,11,27,1
Prague_3,2018-11-28,0,,2018,11,28,2
Prague_3,2018-11-29,0,,2018,11,29,3
Prague_3,2018-11-30,0,,2018,11,30,4
Prague_3,2018-12-01,0,,2018,12,1,5
Prague_3,2018-12-02,0,,2018,12,2,6
Prague_3,2018-12-03,0,,2018,12,3,0
Prague_3,2018-12-04,0,,2018,12,4,1
Prague_3,2018-12-05,0,,2018,12,5,2
Prague_3,2018-12-06,0,,2018,12,6,3
Prague_3,2018-12-07,0,,2018,12,7,4
Prague_3,2018-12-08,0,,2018,12,8,5
Prague_3,2018-12-09,0,,2018,12,9,6
Prague_3,2018-12-10,0,,2018,12,10,0
Prague_3,2018-12-11,0,,2018,12,11,1
Prague_3,2018-12-12,0,,2018,12,12,2
Prague_3,2018-12-13,0,,2018,12,13,3
Prague_3,2018-12-14,0,,2018,12,14,4
Prague_3,2018-12-15,0,,2018,12,15,5
Prague_3,2018-12-16,0,,2018,12,16,6
Prague_3,2018-12-17,0,,2018,12,17,0
Prague_3,2018-12-18,0,,2018,12,18,1
Prague_3,2018-12-19,0,,2018,12,19,2
Prague_3,2018-12-20,0,,2018,12,20,3
Prague_3,2018-12-21,0,,2018,12,21,4
Prague_3,2018-12-22,0,,2018,12,22,5
Prague_3,2018-12-23,0,,2018,12,23,6
Prague_3,2018-12-24,1,Christmas Eve,2018,12,24,0
Prague_3,2018-12-25,1,1st Christmas Day,2018,12,25,1
Prague_3,2018-12-26,1,2nd Christmas Day,2018,12,26,2
Prague_3,2018-12-27,0,,2018,12,27,3
Prague_3,2018-12-28,0,,2018,12,28,4
Prague_3,2018-12-29,0,,2018,12,29,5
Prague_3,2018-12-30,0,,2018,12,30,6
Prague_3,2018-12-31,0,,2018,12,31,0
Prague_3,2019-01-01,1,New Years Day,2019,1,1,1
Prague_3,2019-01-02,0,,2019,1,2,2
Prague_3,2019-01-03,0,,2019,1,3,3
Prague_3,2019-01-04,0,,2019,1,4,4
Prague_3,2019-01-05,0,,2019,1,5,5
Prague_3,2019-01-06,0,,2019,1,6,6
Prague_3,2019-01-07,0,,2019,1,7,0
Prague_3,2019-01-08,0,,2019,1,8,1
Prague_3,2019-01-09,0,,2019,1,9,2
Prague_3,2019-01-10,0,,2019,1,10,3
Prague_3,2019-01-11,0,,2019,1,11,4
Prague_3,2019-01-12,0,,2019,1,12,5
Prague_3,2019-01-13,0,,2019,1,13,6
Prague_3,2019-01-14,0,,2019,1,14,0
Prague_3,2019-01-15,0,,2019,1,15,1
Prague_3,2019-01-16,0,,2019,1,16,2
Prague_3,2019-01-17,0,,2019,1,17,3
Prague_3,2019-01-18,0,,2019,1,18,4
Prague_3,2019-01-19,0,,2019,1,19,5
Prague_3,2019-01-20,0,,2019,1,20,6
Prague_3,2019-01-21,0,,2019,1,21,0
Prague_3,2019-01-22,0,,2019,1,22,1
Prague_3,2019-01-23,0,,2019,1,23,2
Prague_3,2019-01-24,0,,2019,1,24,3
Prague_3,2019-01-25,0,,2019,1,25,4
Prague_3,2019-01-26,0,,2019,1,26,5
Prague_3,2019-01-27,0,,2019,1,27,6
Prague_3,2019-01-28,0,,2019,1,28,0
Prague_3,2019-01-29,0,,2019,1,29,1
Prague_3,2019-01-30,0,,2019,1,30,2
Prague_3,2019-01-31,0,,2019,1,31,3
Prague_3,2019-02-01,0,,2019,2,1,4
Prague_3,2019-02-02,0,,2019,2,2,5
Prague_3,2019-02-03,0,,2019,2,3,6
Prague_3,2019-02-04,0,,2019,2,4,0
Prague_3,2019-02-05,0,,2019,2,5,1
Prague_3,2019-02-06,0,,2019,2,6,2
Prague_3,2019-02-07,0,,2019,2,7,3
Prague_3,2019-02-08,0,,2019,2,8,4
Prague_3,2019-02-09,0,,2019,2,9,5
Prague_3,2019-02-10,0,,2019,2,10,6
Prague_3,2019-02-11,0,,2019,2,11,0
Prague_3,2019-02-12,0,,2019,2,12,1
Prague_3,2019-02-13,0,,2019,2,13,2
Prague_3,2019-02-14,0,,2019,2,14,3
Prague_3,2019-02-15,0,,2019,2,15,4
Prague_3,2019-02-16,0,,2019,2,16,5
Prague_3,2019-02-17,0,,2019,2,17,6
Prague_3,2019-02-18,0,,2019,2,18,0
Prague_3,2019-02-19,0,,2019,2,19,1
Prague_3,2019-02-20,0,,2019,2,20,2
Prague_3,2019-02-21,0,,2019,2,21,3
Prague_3,2019-02-22,0,,2019,2,22,4
Prague_3,2019-02-23,0,,2019,2,23,5
Prague_3,2019-02-24,0,,2019,2,24,6
Prague_3,2019-02-25,0,,2019,2,25,0
Prague_3,2019-02-26,0,,2019,2,26,1
Prague_3,2019-02-27,0,,2019,2,27,2
Prague_3,2019-02-28,0,,2019,2,28,3
Prague_3,2019-03-01,0,,2019,3,1,4
Prague_3,2019-03-02,0,,2019,3,2,5
Prague_3,2019-03-03,0,,2019,3,3,6
Prague_3,2019-03-04,0,,2019,3,4,0
Prague_3,2019-03-05,0,,2019,3,5,1
Prague_3,2019-03-06,0,,2019,3,6,2
Prague_3,2019-03-07,0,,2019,3,7,3
Prague_3,2019-03-08,1,International womens day,2019,3,8,4
Prague_3,2019-03-09,0,,2019,3,9,5
Prague_3,2019-03-10,0,,2019,3,10,6
Prague_3,2019-03-11,0,,2019,3,11,0
Prague_3,2019-03-12,0,,2019,3,12,1
Prague_3,2019-03-13,0,,2019,3,13,2
Prague_3,2019-03-14,0,,2019,3,14,3
Prague_3,2019-03-15,0,,2019,3,15,4
Prague_3,2019-03-16,0,,2019,3,16,5
Prague_3,2019-03-17,0,,2019,3,17,6
Prague_3,2019-03-18,0,,2019,3,18,0
Prague_3,2019-03-19,0,,2019,3,19,1
Prague_3,2019-03-20,0,,2019,3,20,2
Prague_3,2019-03-21,0,,2019,3,21,3
Prague_3,2019-03-22,0,,2019,3,22,4
Prague_3,2019-03-23,0,,2019,3,23,5
Prague_3,2019-03-24,0,,2019,3,24,6
Prague_3,2019-03-25,0,,2019,3,25,0
Prague_3,2019-03-26,0,,2019,3,26,1
Prague_3,2019-03-27,0,,2019,3,27,2
Prague_3,2019-03-28,0,,2019,3,28,3
Prague_3,2019-03-29,0,,2019,3,29,4
Prague_3,2019-03-30,1,Good Friday,2019,3,30,5
Prague_3,2019-03-31,0,,2019,3,31,6
Prague_3,2019-04-01,1,Easter Day,2019,4,1,0
Prague_3,2019-04-02,1,Easter Monday,2019,4,2,1
Prague_3,2019-04-03,0,,2019,4,3,2
Prague_3,2019-04-04,0,,2019,4,4,3
Prague_3,2019-04-05,0,,2019,4,5,4
Prague_3,2019-04-06,0,,2019,4,6,5
Prague_3,2019-04-07,0,,2019,4,7,6
Prague_3,2019-04-08,0,,2019,4,8,0
Prague_3,2019-04-09,0,,2019,4,9,1
Prague_3,2019-04-10,0,,2019,4,10,2
Prague_3,2019-04-11,0,,2019,4,11,3
Prague_3,2019-04-12,0,,2019,4,12,4
Prague_3,2019-04-13,0,,2019,4,13,5
Prague_3,2019-04-14,0,,2019,4,14,6
Prague_3,2019-04-15,0,,2019,4,15,0
Prague_3,2019-04-16,0,,2019,4,16,1
Prague_3,2019-04-17,0,,2019,4,17,2
Prague_3,2019-04-18,0,,2019,4,18,3
Prague_3,2019-04-19,1,Good Friday,2019,4,19,4
Prague_3,2019-04-20,1,Good Friday,2019,4,20,5
Prague_3,2019-04-21,1,Easter Day,2019,4,21,6
Prague_3,2019-04-22,1,Easter Monday,2019,4,22,0
Prague_3,2019-04-23,0,,2019,4,23,1
Prague_3,2019-04-24,0,,2019,4,24,2
Prague_3,2019-04-25,0,,2019,4,25,3
Prague_3,2019-04-26,0,,2019,4,26,4
Prague_3,2019-04-27,0,,2019,4,27,5
Prague_3,2019-04-28,0,,2019,4,28,6
Prague_3,2019-04-29,0,,2019,4,29,0
Prague_3,2019-04-30,0,,2019,4,30,1
Prague_3,2019-05-01,1,Labour Day,2019,5,1,2
Prague_3,2019-05-02,0,,2019,5,2,3
Prague_3,2019-05-03,0,,2019,5,3,4
Prague_3,2019-05-04,0,,2019,5,4,5
Prague_3,2019-05-05,0,,2019,5,5,6
Prague_3,2019-05-06,0,,2019,5,6,0
Prague_3,2019-05-07,0,,2019,5,7,1
Prague_3,2019-05-08,1,Den osvobozeni,2019,5,8,2
Prague_3,2019-05-09,0,,2019,5,9,3
Prague_3,2019-05-10,0,,2019,5,10,4
Prague_3,2019-05-11,0,,2019,5,11,5
Prague_3,2019-05-12,1,Mother's Day,2019,5,12,6
Prague_3,2019-05-13,1,Mother's Day,2019,5,13,0
Prague_3,2019-05-14,0,,2019,5,14,1
Prague_3,2019-05-15,0,,2019,5,15,2
Prague_3,2019-05-16,0,,2019,5,16,3
Prague_3,2019-05-17,0,,2019,5,17,4
Prague_3,2019-05-18,0,,2019,5,18,5
Prague_3,2019-05-19,0,,2019,5,19,6
Prague_3,2019-05-20,0,,2019,5,20,0
Prague_3,2019-05-21,0,,2019,5,21,1
Prague_3,2019-05-22,0,,2019,5,22,2
Prague_3,2019-05-23,0,,2019,5,23,3
Prague_3,2019-05-24,0,,2019,5,24,4
Prague_3,2019-05-25,0,,2019,5,25,5
Prague_3,2019-05-26,0,,2019,5,26,6
Prague_3,2019-05-27,0,,2019,5,27,0
Prague_3,2019-05-28,0,,2019,5,28,1
Prague_3,2019-05-29,0,,2019,5,29,2
Prague_3,2019-05-30,0,,2019,5,30,3
Prague_3,2019-05-31,0,,2019,5,31,4
Prague_3,2019-06-01,0,,2019,6,1,5
Prague_3,2019-06-02,0,,2019,6,2,6
Prague_3,2019-06-03,0,,2019,6,3,0
Prague_3,2019-06-04,0,,2019,6,4,1
Prague_3,2019-06-05,0,,2019,6,5,2
Prague_3,2019-06-06,0,,2019,6,6,3
Prague_3,2019-06-07,0,,2019,6,7,4
Prague_3,2019-06-08,0,,2019,6,8,5
Prague_3,2019-06-09,0,,2019,6,9,6
Prague_3,2019-06-10,0,,2019,6,10,0
Prague_3,2019-06-11,0,,2019,6,11,1
Prague_3,2019-06-12,0,,2019,6,12,2
Prague_3,2019-06-13,0,,2019,6,13,3
Prague_3,2019-06-14,0,,2019,6,14,4
Prague_3,2019-06-15,0,,2019,6,15,5
Prague_3,2019-06-16,0,,2019,6,16,6
Prague_3,2019-06-17,0,,2019,6,17,0
Prague_3,2019-06-18,0,,2019,6,18,1
Prague_3,2019-06-19,0,,2019,6,19,2
Prague_3,2019-06-20,0,,2019,6,20,3
Prague_3,2019-06-21,0,,2019,6,21,4
Prague_3,2019-06-22,0,,2019,6,22,5
Prague_3,2019-06-23,0,,2019,6,23,6
Prague_3,2019-06-24,0,,2019,6,24,0
Prague_3,2019-06-25,0,,2019,6,25,1
Prague_3,2019-06-26,0,,2019,6,26,2
Prague_3,2019-06-27,0,,2019,6,27,3
Prague_3,2019-06-28,0,,2019,6,28,4
Prague_3,2019-06-29,0,,2019,6,29,5
Prague_3,2019-06-30,0,,2019,6,30,6
Prague_3,2019-07-01,0,,2019,7,1,0
Prague_3,2019-07-02,0,,2019,7,2,1
Prague_3,2019-07-03,0,,2019,7,3,2
Prague_3,2019-07-04,0,,2019,7,4,3
Prague_3,2019-07-05,1,Cyrila a Metodej,2019,7,5,4
Prague_3,2019-07-06,1,Jan Hus,2019,7,6,5
Prague_3,2019-07-07,0,,2019,7,7,6
Prague_3,2019-07-08,0,,2019,7,8,0
Prague_3,2019-07-09,0,,2019,7,9,1
Prague_3,2019-07-10,0,,2019,7,10,2
Prague_3,2019-07-11,0,,2019,7,11,3
Prague_3,2019-07-12,0,,2019,7,12,4
Prague_3,2019-07-13,0,,2019,7,13,5
Prague_3,2019-07-14,0,,2019,7,14,6
Prague_3,2019-07-15,0,,2019,7,15,0
Prague_3,2019-07-16,0,,2019,7,16,1
Prague_3,2019-07-17,0,,2019,7,17,2
Prague_3,2019-07-18,0,,2019,7,18,3
Prague_3,2019-07-19,0,,2019,7,19,4
Prague_3,2019-07-20,0,,2019,7,20,5
Prague_3,2019-07-21,0,,2019,7,21,6
Prague_3,2019-07-22,0,,2019,7,22,0
Prague_3,2019-07-23,0,,2019,7,23,1
Prague_3,2019-07-24,0,,2019,7,24,2
Prague_3,2019-07-25,0,,2019,7,25,3
Prague_3,2019-07-26,0,,2019,7,26,4
Prague_3,2019-07-27,0,,2019,7,27,5
Prague_3,2019-07-28,0,,2019,7,28,6
Prague_3,2019-07-29,0,,2019,7,29,0
Prague_3,2019-07-30,0,,2019,7,30,1
Prague_3,2019-07-31,0,,2019,7,31,2
Prague_3,2019-08-01,0,,2019,8,1,3
Prague_3,2019-08-02,0,,2019,8,2,4
Prague_3,2019-08-03,0,,2019,8,3,5
Prague_3,2019-08-04,0,,2019,8,4,6
Prague_3,2019-08-05,0,,2019,8,5,0
Prague_3,2019-08-06,0,,2019,8,6,1
Prague_3,2019-08-07,0,,2019,8,7,2
Prague_3,2019-08-08,0,,2019,8,8,3
Prague_3,2019-08-09,0,,2019,8,9,4
Prague_3,2019-08-10,0,,2019,8,10,5
Prague_3,2019-08-11,0,,2019,8,11,6
Prague_3,2019-08-12,0,,2019,8,12,0
Prague_3,2019-08-13,0,,2019,8,13,1
Prague_3,2019-08-14,0,,2019,8,14,2
Prague_3,2019-08-15,0,,2019,8,15,3
Prague_3,2019-08-16,0,,2019,8,16,4
Prague_3,2019-08-17,0,,2019,8,17,5
Prague_3,2019-08-18,0,,2019,8,18,6
Prague_3,2019-08-19,0,,2019,8,19,0
Prague_3,2019-08-20,0,,2019,8,20,1
Prague_3,2019-08-21,0,,2019,8,21,2
Prague_3,2019-08-22,0,,2019,8,22,3
Prague_3,2019-08-23,0,,2019,8,23,4
Prague_3,2019-08-24,0,,2019,8,24,5
Prague_3,2019-08-25,0,,2019,8,25,6
Prague_3,2019-08-26,0,,2019,8,26,0
Prague_3,2019-08-27,0,,2019,8,27,1
Prague_3,2019-08-28,0,,2019,8,28,2
Prague_3,2019-08-29,0,,2019,8,29,3
Prague_3,2019-08-30,0,,2019,8,30,4
Prague_3,2019-08-31,0,,2019,8,31,5
Prague_3,2019-09-01,0,,2019,9,1,6
Prague_3,2019-09-02,0,,2019,9,2,0
Prague_3,2019-09-03,0,,2019,9,3,1
Prague_3,2019-09-04,0,,2019,9,4,2
Prague_3,2019-09-05,0,,2019,9,5,3
Prague_3,2019-09-06,0,,2019,9,6,4
Prague_3,2019-09-07,0,,2019,9,7,5
Prague_3,2019-09-08,0,,2019,9,8,6
Prague_3,2019-09-09,0,,2019,9,9,0
Prague_3,2019-09-10,0,,2019,9,10,1
Prague_3,2019-09-11,0,,2019,9,11,2
Prague_3,2019-09-12,0,,2019,9,12,3
Prague_3,2019-09-13,0,,2019,9,13,4
Prague_3,2019-09-14,0,,2019,9,14,5
Prague_3,2019-09-15,0,,2019,9,15,6
Prague_3,2019-09-16,0,,2019,9,16,0
Prague_3,2019-09-17,0,,2019,9,17,1
Prague_3,2019-09-18,0,,2019,9,18,2
Prague_3,2019-09-19,0,,2019,9,19,3
Prague_3,2019-09-20,0,,2019,9,20,4
Prague_3,2019-09-21,0,,2019,9,21,5
Prague_3,2019-09-22,0,,2019,9,22,6
Prague_3,2019-09-23,0,,2019,9,23,0
Prague_3,2019-09-24,0,,2019,9,24,1
Prague_3,2019-09-25,0,,2019,9,25,2
Prague_3,2019-09-26,0,,2019,9,26,3
Prague_3,2019-09-27,0,,2019,9,27,4
Prague_3,2019-09-28,1,Den ceske statnosti,2019,9,28,5
Prague_3,2019-09-29,0,,2019,9,29,6
Prague_3,2019-09-30,0,,2019,9,30,0
Prague_3,2019-10-01,0,,2019,10,1,1
Prague_3,2019-10-02,0,,2019,10,2,2
Prague_3,2019-10-03,0,,2019,10,3,3
Prague_3,2019-10-04,0,,2019,10,4,4
Prague_3,2019-10-05,0,,2019,10,5,5
Prague_3,2019-10-06,0,,2019,10,6,6
Prague_3,2019-10-07,0,,2019,10,7,0
Prague_3,2019-10-08,0,,2019,10,8,1
Prague_3,2019-10-09,0,,2019,10,9,2
Prague_3,2019-10-10,0,,2019,10,10,3
Prague_3,2019-10-11,0,,2019,10,11,4
Prague_3,2019-10-12,0,,2019,10,12,5
Prague_3,2019-10-13,0,,2019,10,13,6
Prague_3,2019-10-14,0,,2019,10,14,0
Prague_3,2019-10-15,0,,2019,10,15,1
Prague_3,2019-10-16,0,,2019,10,16,2
Prague_3,2019-10-17,0,,2019,10,17,3
Prague_3,2019-10-18,0,,2019,10,18,4
Prague_3,2019-10-19,0,,2019,10,19,5
Prague_3,2019-10-20,0,,2019,10,20,6
Prague_3,2019-10-21,0,,2019,10,21,0
Prague_3,2019-10-22,0,,2019,10,22,1
Prague_3,2019-10-23,0,,2019,10,23,2
Prague_3,2019-10-24,0,,2019,10,24,3
Prague_3,2019-10-25,0,,2019,10,25,4
Prague_3,2019-10-26,0,,2019,10,26,5
Prague_3,2019-10-27,0,,2019,10,27,6
Prague_3,2019-10-28,1,Den vzniku samostatneho ceskoslovenskeho statu,2019,10,28,0
Prague_3,2019-10-29,0,,2019,10,29,1
Prague_3,2019-10-30,0,,2019,10,30,2
Prague_3,2019-10-31,0,,2019,10,31,3
Prague_3,2019-11-01,0,,2019,11,1,4
Prague_3,2019-11-02,0,,2019,11,2,5
Prague_3,2019-11-03,0,,2019,11,3,6
Prague_3,2019-11-04,0,,2019,11,4,0
Prague_3,2019-11-05,0,,2019,11,5,1
Prague_3,2019-11-06,0,,2019,11,6,2
Prague_3,2019-11-07,0,,2019,11,7,3
Prague_3,2019-11-08,0,,2019,11,8,4
Prague_3,2019-11-09,0,,2019,11,9,5
Prague_3,2019-11-10,0,,2019,11,10,6
Prague_3,2019-11-11,0,,2019,11,11,0
Prague_3,2019-11-12,0,,2019,11,12,1
Prague_3,2019-11-13,0,,2019,11,13,2
Prague_3,2019-11-14,0,,2019,11,14,3
Prague_3,2019-11-15,0,,2019,11,15,4
Prague_3,2019-11-16,0,,2019,11,16,5
Prague_3,2019-11-17,1,Den boje za svobodu a demokracii,2019,11,17,6
Prague_3,2019-11-18,0,,2019,11,18,0
Prague_3,2019-11-19,0,,2019,11,19,1
Prague_3,2019-11-20,0,,2019,11,20,2
Prague_3,2019-11-21,0,,2019,11,21,3
Prague_3,2019-11-22,0,,2019,11,22,4
Prague_3,2019-11-23,0,,2019,11,23,5
Prague_3,2019-11-24,0,,2019,11,24,6
Prague_3,2019-11-25,0,,2019,11,25,0
Prague_3,2019-11-26,0,,2019,11,26,1
Prague_3,2019-11-27,0,,2019,11,27,2
Prague_3,2019-11-28,0,,2019,11,28,3
Prague_3,2019-11-29,0,,2019,11,29,4
Prague_3,2019-11-30,0,,2019,11,30,5
Prague_3,2019-12-01,0,,2019,12,1,6
Prague_3,2019-12-02,0,,2019,12,2,0
Prague_3,2019-12-03,0,,2019,12,3,1
Prague_3,2019-12-04,0,,2019,12,4,2
Prague_3,2019-12-05,0,,2019,12,5,3
Prague_3,2019-12-06,0,,2019,12,6,4
Prague_3,2019-12-07,0,,2019,12,7,5
Prague_3,2019-12-08,0,,2019,12,8,6
Prague_3,2019-12-09,0,,2019,12,9,0
Prague_3,2019-12-10,0,,2019,12,10,1
Prague_3,2019-12-11,0,,2019,12,11,2
Prague_3,2019-12-12,0,,2019,12,12,3
Prague_3,2019-12-13,0,,2019,12,13,4
Prague_3,2019-12-14,0,,2019,12,14,5
Prague_3,2019-12-15,0,,2019,12,15,6
Prague_3,2019-12-16,0,,2019,12,16,0
Prague_3,2019-12-17,0,,2019,12,17,1
Prague_3,2019-12-18,0,,2019,12,18,2
Prague_3,2019-12-19,0,,2019,12,19,3
Prague_3,2019-12-20,0,,2019,12,20,4
Prague_3,2019-12-21,0,,2019,12,21,5
Prague_3,2019-12-22,0,,2019,12,22,6
Prague_3,2019-12-23,0,,2019,12,23,0
Prague_3,2019-12-24,1,Christmas Eve,2019,12,24,1
Prague_3,2019-12-25,1,1st Christmas Day,2019,12,25,2
Prague_3,2019-12-26,1,2nd Christmas Day,2019,12,26,3
Prague_3,2019-12-27,0,,2019,12,27,4
Prague_3,2019-12-28,0,,2019,12,28,5
Prague_3,2019-12-29,0,,2019,12,29,6
Prague_3,2019-12-30,0,,2019,12,30,0
Prague_3,2019-12-31,0,,2019,12,31,1
Prague_3,2020-01-01,1,New Years Day,2020,1,1,2
Prague_3,2020-01-02,0,,2020,1,2,3
Prague_3,2020-01-03,0,,2020,1,3,4
Prague_3,2020-01-04,0,,2020,1,4,5
Prague_3,2020-01-05,0,,2020,1,5,6
Prague_3,2020-01-06,0,,2020,1,6,0
Prague_3,2020-01-07,0,,2020,1,7,1
Prague_3,2020-01-08,0,,2020,1,8,2
Prague_3,2020-01-09,0,,2020,1,9,3
Prague_3,2020-01-10,0,,2020,1,10,4
Prague_3,2020-01-11,0,,2020,1,11,5
Prague_3,2020-01-12,0,,2020,1,12,6
Prague_3,2020-01-13,0,,2020,1,13,0
Prague_3,2020-01-14,0,,2020,1,14,1
Prague_3,2020-01-15,0,,2020,1,15,2
Prague_3,2020-01-16,0,,2020,1,16,3
Prague_3,2020-01-17,0,,2020,1,17,4
Prague_3,2020-01-18,0,,2020,1,18,5
Prague_3,2020-01-19,0,,2020,1,19,6
Prague_3,2020-01-20,0,,2020,1,20,0
Prague_3,2020-01-21,0,,2020,1,21,1
Prague_3,2020-01-22,0,,2020,1,22,2
Prague_3,2020-01-23,0,,2020,1,23,3
Prague_3,2020-01-24,0,,2020,1,24,4
Prague_3,2020-01-25,0,,2020,1,25,5
Prague_3,2020-01-26,0,,2020,1,26,6
Prague_3,2020-01-27,0,,2020,1,27,0
Prague_3,2020-01-28,0,,2020,1,28,1
Prague_3,2020-01-29,0,,2020,1,29,2
Prague_3,2020-01-30,0,,2020,1,30,3
Prague_3,2020-01-31,0,,2020,1,31,4
Prague_3,2020-02-01,0,,2020,2,1,5
Prague_3,2020-02-02,0,,2020,2,2,6
Prague_3,2020-02-03,0,,2020,2,3,0
Prague_3,2020-02-04,0,,2020,2,4,1
Prague_3,2020-02-05,0,,2020,2,5,2
Prague_3,2020-02-06,0,,2020,2,6,3
Prague_3,2020-02-07,0,,2020,2,7,4
Prague_3,2020-02-08,0,,2020,2,8,5
Prague_3,2020-02-09,0,,2020,2,9,6
Prague_3,2020-02-10,0,,2020,2,10,0
Prague_3,2020-02-11,0,,2020,2,11,1
Prague_3,2020-02-12,0,,2020,2,12,2
Prague_3,2020-02-13,0,,2020,2,13,3
Prague_3,2020-02-14,0,,2020,2,14,4
Prague_3,2020-02-15,0,,2020,2,15,5
Prague_3,2020-02-16,0,,2020,2,16,6
Prague_3,2020-02-17,0,,2020,2,17,0
Prague_3,2020-02-18,0,,2020,2,18,1
Prague_3,2020-02-19,0,,2020,2,19,2
Prague_3,2020-02-20,0,,2020,2,20,3
Prague_3,2020-02-21,0,,2020,2,21,4
Prague_3,2020-02-22,0,,2020,2,22,5
Prague_3,2020-02-23,0,,2020,2,23,6
Prague_3,2020-02-24,0,,2020,2,24,0
Prague_3,2020-02-25,0,,2020,2,25,1
Prague_3,2020-02-26,0,,2020,2,26,2
Prague_3,2020-02-27,0,,2020,2,27,3
Prague_3,2020-02-28,0,,2020,2,28,4
Prague_3,2020-02-29,0,,2020,2,29,5
Prague_3,2020-03-01,0,,2020,3,1,6
Prague_3,2020-03-02,0,,2020,3,2,0
Prague_3,2020-03-03,0,,2020,3,3,1
Prague_3,2020-03-04,0,,2020,3,4,2
Prague_3,2020-03-05,0,,2020,3,5,3
Prague_3,2020-03-06,0,,2020,3,6,4
Prague_3,2020-03-07,0,,2020,3,7,5
Prague_3,2020-03-08,1,International womens day,2020,3,8,6
Prague_3,2020-03-09,0,,2020,3,9,0
Prague_3,2020-03-10,0,,2020,3,10,1
Prague_3,2020-03-11,0,,2020,3,11,2
Prague_3,2020-03-12,0,,2020,3,12,3
Prague_3,2020-03-13,0,,2020,3,13,4
Prague_3,2020-03-14,0,,2020,3,14,5
Prague_3,2020-03-15,0,,2020,3,15,6
Prague_3,2020-03-16,0,,2020,3,16,0
Prague_3,2020-03-17,0,,2020,3,17,1
Prague_3,2020-03-18,0,,2020,3,18,2
Prague_3,2020-03-19,0,,2020,3,19,3
Prague_3,2020-03-20,0,,2020,3,20,4
Prague_3,2020-03-21,0,,2020,3,21,5
Prague_3,2020-03-22,0,,2020,3,22,6
Prague_3,2020-03-23,0,,2020,3,23,0
Prague_3,2020-03-24,0,,2020,3,24,1
Prague_3,2020-03-25,0,,2020,3,25,2
Prague_3,2020-03-26,0,,2020,3,26,3
Prague_3,2020-03-27,0,,2020,3,27,4
Prague_3,2020-03-28,0,,2020,3,28,5
Prague_3,2020-03-29,0,,2020,3,29,6
Prague_3,2020-03-30,0,,2020,3,30,0
Prague_3,2020-03-31,0,,2020,3,31,1
Prague_3,2020-04-01,0,,2020,4,1,2
Prague_3,2020-04-02,0,,2020,4,2,3
Prague_3,2020-04-03,0,,2020,4,3,4
Prague_3,2020-04-04,0,,2020,4,4,5
Prague_3,2020-04-05,0,,2020,4,5,6
Prague_3,2020-04-06,0,,2020,4,6,0
Prague_3,2020-04-07,0,,2020,4,7,1
Prague_3,2020-04-08,0,,2020,4,8,2
Prague_3,2020-04-09,0,,2020,4,9,3
Prague_3,2020-04-10,1,Good Friday,2020,4,10,4
Prague_3,2020-04-11,1,Good Friday,2020,4,11,5
Prague_3,2020-04-12,1,Easter Day,2020,4,12,6
Prague_3,2020-04-13,1,Easter Monday,2020,4,13,0
Prague_3,2020-04-14,0,,2020,4,14,1
Prague_3,2020-04-15,0,,2020,4,15,2
Prague_3,2020-04-16,0,,2020,4,16,3
Prague_3,2020-04-17,0,,2020,4,17,4
Prague_3,2020-04-18,0,,2020,4,18,5
Prague_3,2020-04-19,1,Good Friday,2020,4,19,6
Prague_3,2020-04-20,1,Good Friday,2020,4,20,0
Prague_3,2020-04-21,1,Easter Day,2020,4,21,1
Prague_3,2020-04-22,1,Easter Monday,2020,4,22,2
Prague_3,2020-04-23,0,,2020,4,23,3
Prague_3,2020-04-24,0,,2020,4,24,4
Prague_3,2020-04-25,0,,2020,4,25,5
Prague_3,2020-04-26,0,,2020,4,26,6
Prague_3,2020-04-27,0,,2020,4,27,0
Prague_3,2020-04-28,0,,2020,4,28,1
Prague_3,2020-04-29,0,,2020,4,29,2
Prague_3,2020-04-30,0,,2020,4,30,3
Prague_3,2020-05-01,1,Labour Day,2020,5,1,4
Prague_3,2020-05-02,0,,2020,5,2,5
Prague_3,2020-05-03,0,,2020,5,3,6
Prague_3,2020-05-04,0,,2020,5,4,0
Prague_3,2020-05-05,0,,2020,5,5,1
Prague_3,2020-05-06,0,,2020,5,6,2
Prague_3,2020-05-07,0,,2020,5,7,3
Prague_3,2020-05-08,1,Den osvobozeni,2020,5,8,4
Prague_3,2020-05-09,0,,2020,5,9,5
Prague_3,2020-05-10,1,Mother's Day,2020,5,10,6
Prague_3,2020-05-11,0,,2020,5,11,0
Prague_3,2020-05-12,1,Mother's Day,2020,5,12,1
Prague_3,2020-05-13,0,,2020,5,13,2
Prague_3,2020-05-14,0,,2020,5,14,3
Prague_3,2020-05-15,0,,2020,5,15,4
Prague_3,2020-05-16,0,,2020,5,16,5
Prague_3,2020-05-17,0,,2020,5,17,6
Prague_3,2020-05-18,0,,2020,5,18,0
Prague_3,2020-05-19,0,,2020,5,19,1
Prague_3,2020-05-20,0,,2020,5,20,2
Prague_3,2020-05-21,0,,2020,5,21,3
Prague_3,2020-05-22,0,,2020,5,22,4
Prague_3,2020-05-23,0,,2020,5,23,5
Prague_3,2020-05-24,0,,2020,5,24,6
Prague_3,2020-05-25,0,,2020,5,25,0
Prague_3,2020-05-26,0,,2020,5,26,1
Prague_3,2020-05-27,0,,2020,5,27,2
Prague_3,2020-05-28,0,,2020,5,28,3
Prague_3,2020-05-29,0,,2020,5,29,4
Prague_3,2020-05-30,0,,2020,5,30,5
Prague_3,2020-05-31,0,,2020,5,31,6
Prague_3,2020-06-01,0,,2020,6,1,0
Prague_3,2020-06-02,0,,2020,6,2,1
Prague_3,2020-06-03,0,,2020,6,3,2
Prague_3,2020-06-04,0,,2020,6,4,3
Prague_3,2020-06-05,0,,2020,6,5,4
Prague_3,2020-06-06,0,,2020,6,6,5
Prague_3,2020-06-07,0,,2020,6,7,6
Prague_3,2020-06-08,0,,2020,6,8,0
Prague_3,2020-06-09,0,,2020,6,9,1
Prague_3,2020-06-10,0,,2020,6,10,2
Prague_3,2020-06-11,0,,2020,6,11,3
Prague_3,2020-06-12,0,,2020,6,12,4
Prague_3,2020-06-13,0,,2020,6,13,5
Prague_3,2020-06-14,0,,2020,6,14,6
Prague_3,2020-06-15,0,,2020,6,15,0
Prague_3,2020-06-16,0,,2020,6,16,1
Prague_3,2020-06-17,0,,2020,6,17,2
Prague_3,2020-06-18,0,,2020,6,18,3
Prague_3,2020-06-19,0,,2020,6,19,4
Prague_3,2020-06-20,0,,2020,6,20,5
Prague_3,2020-06-21,0,,2020,6,21,6
Prague_3,2020-06-22,0,,2020,6,22,0
Prague_3,2020-06-23,0,,2020,6,23,1
Prague_3,2020-06-24,0,,2020,6,24,2
Prague_3,2020-06-25,0,,2020,6,25,3
Prague_3,2020-06-26,0,,2020,6,26,4
Prague_3,2020-06-27,0,,2020,6,27,5
Prague_3,2020-06-28,0,,2020,6,28,6
Prague_3,2020-06-29,0,,2020,6,29,0
Prague_3,2020-06-30,0,,2020,6,30,1
Prague_3,2020-07-01,0,,2020,7,1,2
Prague_3,2020-07-02,0,,2020,7,2,3
Prague_3,2020-07-03,0,,2020,7,3,4
Prague_3,2020-07-04,0,,2020,7,4,5
Prague_3,2020-07-05,1,Cyrila a Metodej,2020,7,5,6
Prague_3,2020-07-06,1,Jan Hus,2020,7,6,0
Prague_3,2020-07-07,0,,2020,7,7,1
Prague_3,2020-07-08,0,,2020,7,8,2
Prague_3,2020-07-09,0,,2020,7,9,3
Prague_3,2020-07-10,0,,2020,7,10,4
Prague_3,2020-07-11,0,,2020,7,11,5
Prague_3,2020-07-12,0,,2020,7,12,6
Prague_3,2020-07-13,0,,2020,7,13,0
Prague_3,2020-07-14,0,,2020,7,14,1
Prague_3,2020-07-15,0,,2020,7,15,2
Prague_3,2020-07-16,0,,2020,7,16,3
Prague_3,2020-07-17,0,,2020,7,17,4
Prague_3,2020-07-18,0,,2020,7,18,5
Prague_3,2020-07-19,0,,2020,7,19,6
Prague_3,2020-07-20,0,,2020,7,20,0
Prague_3,2020-07-21,0,,2020,7,21,1
Prague_3,2020-07-22,0,,2020,7,22,2
Prague_3,2020-07-23,0,,2020,7,23,3
Prague_3,2020-07-24,0,,2020,7,24,4
Prague_3,2020-07-25,0,,2020,7,25,5
Prague_3,2020-07-26,0,,2020,7,26,6
Prague_3,2020-07-27,0,,2020,7,27,0
Prague_3,2020-07-28,0,,2020,7,28,1
Prague_3,2020-07-29,0,,2020,7,29,2
Prague_3,2020-07-30,0,,2020,7,30,3
Prague_3,2020-07-31,0,,2020,7,31,4
Prague_3,2020-08-01,0,,2020,8,1,5
Prague_3,2020-08-02,0,,2020,8,2,6
Prague_3,2020-08-03,0,,2020,8,3,0
Prague_3,2020-08-04,0,,2020,8,4,1
Prague_3,2020-08-05,0,,2020,8,5,2
Prague_3,2020-08-06,0,,2020,8,6,3
Prague_3,2020-08-07,0,,2020,8,7,4
Prague_3,2020-08-08,0,,2020,8,8,5
Prague_3,2020-08-09,0,,2020,8,9,6
Prague_3,2020-08-10,0,,2020,8,10,0
Prague_3,2020-08-11,0,,2020,8,11,1
Prague_3,2020-08-12,0,,2020,8,12,2
Prague_3,2020-08-13,0,,2020,8,13,3
Prague_3,2020-08-14,0,,2020,8,14,4
Prague_3,2020-08-15,0,,2020,8,15,5
Prague_3,2020-08-16,0,,2020,8,16,6
Prague_3,2020-08-17,0,,2020,8,17,0
Prague_3,2020-08-18,0,,2020,8,18,1
Prague_3,2020-08-19,0,,2020,8,19,2
Prague_3,2020-08-20,0,,2020,8,20,3
Prague_3,2020-08-21,0,,2020,8,21,4
Prague_3,2020-08-22,0,,2020,8,22,5
Prague_3,2020-08-23,0,,2020,8,23,6
Prague_3,2020-08-24,0,,2020,8,24,0
Prague_3,2020-08-25,0,,2020,8,25,1
Prague_3,2020-08-26,0,,2020,8,26,2
Prague_3,2020-08-27,0,,2020,8,27,3
Prague_3,2020-08-28,0,,2020,8,28,4
Prague_3,2020-08-29,0,,2020,8,29,5
Prague_3,2020-08-30,0,,2020,8,30,6
Prague_3,2020-08-31,0,,2020,8,31,0
Prague_3,2020-09-01,0,,2020,9,1,1
Prague_3,2020-09-02,0,,2020,9,2,2
Prague_3,2020-09-03,0,,2020,9,3,3
Prague_3,2020-09-04,0,,2020,9,4,4
Prague_3,2020-09-05,0,,2020,9,5,5
Prague_3,2020-09-06,0,,2020,9,6,6
Prague_3,2020-09-07,0,,2020,9,7,0
Prague_3,2020-09-08,0,,2020,9,8,1
Prague_3,2020-09-09,0,,2020,9,9,2
Prague_3,2020-09-10,0,,2020,9,10,3
Prague_3,2020-09-11,0,,2020,9,11,4
Prague_3,2020-09-12,0,,2020,9,12,5
Prague_3,2020-09-13,0,,2020,9,13,6
Prague_3,2020-09-14,0,,2020,9,14,0
Prague_3,2020-09-15,0,,2020,9,15,1
Prague_3,2020-09-16,0,,2020,9,16,2
Prague_3,2020-09-17,0,,2020,9,17,3
Prague_3,2020-09-18,0,,2020,9,18,4
Prague_3,2020-09-19,0,,2020,9,19,5
Prague_3,2020-09-20,0,,2020,9,20,6
Prague_3,2020-09-21,0,,2020,9,21,0
Prague_3,2020-09-22,0,,2020,9,22,1
Prague_3,2020-09-23,0,,2020,9,23,2
Prague_3,2020-09-24,0,,2020,9,24,3
Prague_3,2020-09-25,0,,2020,9,25,4
Prague_3,2020-09-26,0,,2020,9,26,5
Prague_3,2020-09-27,0,,2020,9,27,6
Prague_3,2020-09-28,1,Den ceske statnosti,2020,9,28,0
Prague_3,2020-09-29,0,,2020,9,29,1
Prague_3,2020-09-30,0,,2020,9,30,2
Prague_3,2020-10-01,0,,2020,10,1,3
Prague_3,2020-10-02,0,,2020,10,2,4
Prague_3,2020-10-03,0,,2020,10,3,5
Prague_3,2020-10-04,0,,2020,10,4,6
Prague_3,2020-10-05,0,,2020,10,5,0
Prague_3,2020-10-06,0,,2020,10,6,1
Prague_3,2020-10-07,0,,2020,10,7,2
Prague_3,2020-10-08,0,,2020,10,8,3
Prague_3,2020-10-09,0,,2020,10,9,4
Prague_3,2020-10-10,0,,2020,10,10,5
Prague_3,2020-10-11,0,,2020,10,11,6
Prague_3,2020-10-12,0,,2020,10,12,0
Prague_3,2020-10-13,0,,2020,10,13,1
Prague_3,2020-10-14,0,,2020,10,14,2
Prague_3,2020-10-15,0,,2020,10,15,3
Prague_3,2020-10-16,0,,2020,10,16,4
Prague_3,2020-10-17,0,,2020,10,17,5
Prague_3,2020-10-18,0,,2020,10,18,6
Prague_3,2020-10-19,0,,2020,10,19,0
Prague_3,2020-10-20,0,,2020,10,20,1
Prague_3,2020-10-21,0,,2020,10,21,2
Prague_3,2020-10-22,0,,2020,10,22,3
Prague_3,2020-10-23,0,,2020,10,23,4
Prague_3,2020-10-24,0,,2020,10,24,5
Prague_3,2020-10-25,0,,2020,10,25,6
Prague_3,2020-10-26,0,,2020,10,26,0
Prague_3,2020-10-27,0,,2020,10,27,1
Prague_3,2020-10-28,1,Den vzniku samostatneho ceskoslovenskeho statu,2020,10,28,2
Prague_3,2020-10-29,0,,2020,10,29,3
Prague_3,2020-10-30,0,,2020,10,30,4
Prague_3,2020-10-31,0,,2020,10,31,5
Prague_3,2020-11-01,0,,2020,11,1,6
Prague_3,2020-11-02,0,,2020,11,2,0
Prague_3,2020-11-03,0,,2020,11,3,1
Prague_3,2020-11-04,0,,2020,11,4,2
Prague_3,2020-11-05,0,,2020,11,5,3
Prague_3,2020-11-06,0,,2020,11,6,4
Prague_3,2020-11-07,0,,2020,11,7,5
Prague_3,2020-11-08,0,,2020,11,8,6
Prague_3,2020-11-09,0,,2020,11,9,0
Prague_3,2020-11-10,0,,2020,11,10,1
Prague_3,2020-11-11,0,,2020,11,11,2
Prague_3,2020-11-12,0,,2020,11,12,3
Prague_3,2020-11-13,0,,2020,11,13,4
Prague_3,2020-11-14,0,,2020,11,14,5
Prague_3,2020-11-15,0,,2020,11,15,6
Prague_3,2020-11-16,0,,2020,11,16,0
Prague_3,2020-11-17,1,Den boje za svobodu a demokracii,2020,11,17,1
Prague_3,2020-11-18,0,,2020,11,18,2
Prague_3,2020-11-19,0,,2020,11,19,3
Prague_3,2020-11-20,0,,2020,11,20,4
Prague_3,2020-11-21,0,,2020,11,21,5
Prague_3,2020-11-22,0,,2020,11,22,6
Prague_3,2020-11-23,0,,2020,11,23,0
Prague_3,2020-11-24,0,,2020,11,24,1
Prague_3,2020-11-25,0,,2020,11,25,2
Prague_3,2020-11-26,0,,2020,11,26,3
Prague_3,2020-11-27,0,,2020,11,27,4
Prague_3,2020-11-28,0,,2020,11,28,5
Prague_3,2020-11-29,0,,2020,11,29,6
Prague_3,2020-11-30,0,,2020,11,30,0
Prague_3,2020-12-01,0,,2020,12,1,1
Prague_3,2020-12-02,0,,2020,12,2,2
Prague_3,2020-12-03,0,,2020,12,3,3
Prague_3,2020-12-04,0,,2020,12,4,4
Prague_3,2020-12-05,0,,2020,12,5,5
Prague_3,2020-12-06,0,,2020,12,6,6
Prague_3,2020-12-07,0,,2020,12,7,0
Prague_3,2020-12-08,0,,2020,12,8,1
Prague_3,2020-12-09,0,,2020,12,9,2
Prague_3,2020-12-10,0,,2020,12,10,3
Prague_3,2020-12-11,0,,2020,12,11,4
Prague_3,2020-12-12,0,,2020,12,12,5
Prague_3,2020-12-13,0,,2020,12,13,6
Prague_3,2020-12-14,0,,2020,12,14,0
Prague_3,2020-12-15,0,,2020,12,15,1
Prague_3,2020-12-16,0,,2020,12,16,2
Prague_3,2020-12-17,0,,2020,12,17,3
Prague_3,2020-12-18,0,,2020,12,18,4
Prague_3,2020-12-19,0,,2020,12,19,5
Prague_3,2020-12-20,0,,2020,12,20,6
Prague_3,2020-12-21,0,,2020,12,21,0
Prague_3,2020-12-22,0,,2020,12,22,1
Prague_3,2020-12-23,0,,2020,12,23,2
Prague_3,2020-12-24,1,Christmas Eve,2020,12,24,3
Prague_3,2020-12-25,1,1st Christmas Day,2020,12,25,4
Prague_3,2020-12-26,1,2nd Christmas Day,2020,12,26,5
Prague_3,2020-12-27,0,,2020,12,27,6
Prague_3,2020-12-28,0,,2020,12,28,0
Prague_3,2020-12-29,0,,2020,12,29,1
Prague_3,2020-12-30,0,,2020,12,30,2
Prague_3,2020-12-31,0,,2020,12,31,3
Prague_3,2021-01-01,1,New Years Day,2021,1,1,4
Prague_3,2021-01-02,0,,2021,1,2,5
Prague_3,2021-01-03,0,,2021,1,3,6
Prague_3,2021-01-04,0,,2021,1,4,0
Prague_3,2021-01-05,0,,2021,1,5,1
Prague_3,2021-01-06,0,,2021,1,6,2
Prague_3,2021-01-07,0,,2021,1,7,3
Prague_3,2021-01-08,0,,2021,1,8,4
Prague_3,2021-01-09,0,,2021,1,9,5
Prague_3,2021-01-10,0,,2021,1,10,6
Prague_3,2021-01-11,0,,2021,1,11,0
Prague_3,2021-01-12,0,,2021,1,12,1
Prague_3,2021-01-13,0,,2021,1,13,2
Prague_3,2021-01-14,0,,2021,1,14,3
Prague_3,2021-01-15,0,,2021,1,15,4
Prague_3,2021-01-16,0,,2021,1,16,5
Prague_3,2021-01-17,0,,2021,1,17,6
Prague_3,2021-01-18,0,,2021,1,18,0
Prague_3,2021-01-19,0,,2021,1,19,1
Prague_3,2021-01-20,0,,2021,1,20,2
Prague_3,2021-01-21,0,,2021,1,21,3
Prague_3,2021-01-22,0,,2021,1,22,4
Prague_3,2021-01-23,0,,2021,1,23,5
Prague_3,2021-01-24,0,,2021,1,24,6
Prague_3,2021-01-25,0,,2021,1,25,0
Prague_3,2021-01-26,0,,2021,1,26,1
Prague_3,2021-01-27,0,,2021,1,27,2
Prague_3,2021-01-28,0,,2021,1,28,3
Prague_3,2021-01-29,0,,2021,1,29,4
Prague_3,2021-01-30,0,,2021,1,30,5
Prague_3,2021-01-31,0,,2021,1,31,6
Prague_3,2021-02-01,0,,2021,2,1,0
Prague_3,2021-02-02,0,,2021,2,2,1
Prague_3,2021-02-03,0,,2021,2,3,2
Prague_3,2021-02-04,0,,2021,2,4,3
Prague_3,2021-02-05,0,,2021,2,5,4
Prague_3,2021-02-06,0,,2021,2,6,5
Prague_3,2021-02-07,0,,2021,2,7,6
Prague_3,2021-02-08,0,,2021,2,8,0
Prague_3,2021-02-09,0,,2021,2,9,1
Prague_3,2021-02-10,0,,2021,2,10,2
Prague_3,2021-02-11,0,,2021,2,11,3
Prague_3,2021-02-12,0,,2021,2,12,4
Prague_3,2021-02-13,0,,2021,2,13,5
Prague_3,2021-02-14,0,,2021,2,14,6
Prague_3,2021-02-15,0,,2021,2,15,0
Prague_3,2021-02-16,0,,2021,2,16,1
Prague_3,2021-02-17,0,,2021,2,17,2
Prague_3,2021-02-18,0,,2021,2,18,3
Prague_3,2021-02-19,0,,2021,2,19,4
Prague_3,2021-02-20,0,,2021,2,20,5
Prague_3,2021-02-21,0,,2021,2,21,6
Prague_3,2021-02-22,0,,2021,2,22,0
Prague_3,2021-02-23,0,,2021,2,23,1
Prague_3,2021-02-24,0,,2021,2,24,2
Prague_3,2021-02-25,0,,2021,2,25,3
Prague_3,2021-02-26,0,,2021,2,26,4
Prague_3,2021-02-27,0,,2021,2,27,5
Prague_3,2021-02-28,0,,2021,2,28,6
Prague_3,2021-03-01,0,,2021,3,1,0
Prague_3,2021-03-02,0,,2021,3,2,1
Prague_3,2021-03-03,0,,2021,3,3,2
Prague_3,2021-03-04,0,,2021,3,4,3
Prague_3,2021-03-05,0,,2021,3,5,4
Prague_3,2021-03-06,0,,2021,3,6,5
Prague_3,2021-03-07,0,,2021,3,7,6
Prague_3,2021-03-08,1,International womens day,2021,3,8,0
Prague_3,2021-03-09,0,,2021,3,9,1
Prague_3,2021-03-10,0,,2021,3,10,2
Prague_3,2021-03-11,0,,2021,3,11,3
Prague_3,2021-03-12,0,,2021,3,12,4
Prague_3,2021-03-13,0,,2021,3,13,5
Prague_3,2021-03-14,0,,2021,3,14,6
Prague_3,2021-03-15,0,,2021,3,15,0
Prague_3,2021-03-16,0,,2021,3,16,1
Prague_3,2021-03-17,0,,2021,3,17,2
Prague_3,2021-03-18,0,,2021,3,18,3
Prague_3,2021-03-19,0,,2021,3,19,4
Prague_3,2021-03-20,0,,2021,3,20,5
Prague_3,2021-03-21,0,,2021,3,21,6
Prague_3,2021-03-22,0,,2021,3,22,0
Prague_3,2021-03-23,0,,2021,3,23,1
Prague_3,2021-03-24,0,,2021,3,24,2
Prague_3,2021-03-25,0,,2021,3,25,3
Prague_3,2021-03-26,0,,2021,3,26,4
Prague_3,2021-03-27,0,,2021,3,27,5
Prague_3,2021-03-28,0,,2021,3,28,6
Prague_3,2021-03-29,0,,2021,3,29,0
Prague_3,2021-03-30,0,,2021,3,30,1
Prague_3,2021-03-31,0,,2021,3,31,2
Prague_3,2021-04-01,0,,2021,4,1,3
Prague_3,2021-04-02,1,Good Friday,2021,4,2,4
Prague_3,2021-04-03,1,Good Friday,2021,4,3,5
Prague_3,2021-04-04,1,Easter Day,2021,4,4,6
Prague_3,2021-04-05,1,Easter Monday,2021,4,5,0
Prague_3,2021-04-06,0,,2021,4,6,1
Prague_3,2021-04-07,0,,2021,4,7,2
Prague_3,2021-04-08,0,,2021,4,8,3
Prague_3,2021-04-09,0,,2021,4,9,4
Prague_3,2021-04-10,1,Good Friday,2021,4,10,5
Prague_3,2021-04-11,1,Good Friday,2021,4,11,6
Prague_3,2021-04-12,1,Easter Day,2021,4,12,0
Prague_3,2021-04-13,1,Easter Monday,2021,4,13,1
Prague_3,2021-04-14,0,,2021,4,14,2
Prague_3,2021-04-15,0,,2021,4,15,3
Prague_3,2021-04-16,0,,2021,4,16,4
Prague_3,2021-04-17,0,,2021,4,17,5
Prague_3,2021-04-18,0,,2021,4,18,6
Prague_3,2021-04-19,0,,2021,4,19,0
Prague_3,2021-04-20,0,,2021,4,20,1
Prague_3,2021-04-21,0,,2021,4,21,2
Prague_3,2021-04-22,0,,2021,4,22,3
Prague_3,2021-04-23,0,,2021,4,23,4
Prague_3,2021-04-24,0,,2021,4,24,5
Prague_3,2021-04-25,0,,2021,4,25,6
Prague_3,2021-04-26,0,,2021,4,26,0
Prague_3,2021-04-27,0,,2021,4,27,1
Prague_3,2021-04-28,0,,2021,4,28,2
Prague_3,2021-04-29,0,,2021,4,29,3
Prague_3,2021-04-30,0,,2021,4,30,4
Prague_3,2021-05-01,1,Labour Day,2021,5,1,5
Prague_3,2021-05-02,0,,2021,5,2,6
Prague_3,2021-05-03,0,,2021,5,3,0
Prague_3,2021-05-04,0,,2021,5,4,1
Prague_3,2021-05-05,0,,2021,5,5,2
Prague_3,2021-05-06,0,,2021,5,6,3
Prague_3,2021-05-07,0,,2021,5,7,4
Prague_3,2021-05-08,1,Den osvobozeni,2021,5,8,5
Prague_3,2021-05-09,1,Mother's Day,2021,5,9,6
Prague_3,2021-05-10,1,Mother's Day,2021,5,10,0
Prague_3,2021-05-11,0,,2021,5,11,1
Prague_3,2021-05-12,0,,2021,5,12,2
Prague_3,2021-05-13,0,,2021,5,13,3
Prague_3,2021-05-14,0,,2021,5,14,4
Prague_3,2021-05-15,0,,2021,5,15,5
Prague_3,2021-05-16,0,,2021,5,16,6
Prague_3,2021-05-17,0,,2021,5,17,0
Prague_3,2021-05-18,0,,2021,5,18,1
Prague_3,2021-05-19,0,,2021,5,19,2
Prague_3,2021-05-20,0,,2021,5,20,3
Prague_3,2021-05-21,0,,2021,5,21,4
Prague_3,2021-05-22,0,,2021,5,22,5
Prague_3,2021-05-23,0,,2021,5,23,6
Prague_3,2021-05-24,0,,2021,5,24,0
Prague_3,2021-05-25,0,,2021,5,25,1
Prague_3,2021-05-26,0,,2021,5,26,2
Prague_3,2021-05-27,0,,2021,5,27,3
Prague_3,2021-05-28,0,,2021,5,28,4
Prague_3,2021-05-29,0,,2021,5,29,5
Prague_3,2021-05-30,0,,2021,5,30,6
Prague_3,2021-05-31,0,,2021,5,31,0
Prague_3,2021-06-01,0,,2021,6,1,1
Prague_3,2021-06-02,0,,2021,6,2,2
Prague_3,2021-06-03,0,,2021,6,3,3
Prague_3,2021-06-04,0,,2021,6,4,4
Prague_3,2021-06-05,0,,2021,6,5,5
Prague_3,2021-06-06,0,,2021,6,6,6
Prague_3,2021-06-07,0,,2021,6,7,0
Prague_3,2021-06-08,0,,2021,6,8,1
Prague_3,2021-06-09,0,,2021,6,9,2
Prague_3,2021-06-10,0,,2021,6,10,3
Prague_3,2021-06-11,0,,2021,6,11,4
Prague_3,2021-06-12,0,,2021,6,12,5
Prague_3,2021-06-13,0,,2021,6,13,6
Prague_3,2021-06-14,0,,2021,6,14,0
Prague_3,2021-06-15,0,,2021,6,15,1
Prague_3,2021-06-16,0,,2021,6,16,2
Prague_3,2021-06-17,0,,2021,6,17,3
Prague_3,2021-06-18,0,,2021,6,18,4
Prague_3,2021-06-19,0,,2021,6,19,5
Prague_3,2021-06-20,0,,2021,6,20,6
Prague_3,2021-06-21,0,,2021,6,21,0
Prague_3,2021-06-22,0,,2021,6,22,1
Prague_3,2021-06-23,0,,2021,6,23,2
Prague_3,2021-06-24,0,,2021,6,24,3
Prague_3,2021-06-25,0,,2021,6,25,4
Prague_3,2021-06-26,0,,2021,6,26,5
Prague_3,2021-06-27,0,,2021,6,27,6
Prague_3,2021-06-28,0,,2021,6,28,0
Prague_3,2021-06-29,0,,2021,6,29,1
Prague_3,2021-06-30,0,,2021,6,30,2
Prague_3,2021-07-01,0,,2021,7,1,3
Prague_3,2021-07-02,0,,2021,7,2,4
Prague_3,2021-07-03,0,,2021,7,3,5
Prague_3,2021-07-04,0,,2021,7,4,6
Prague_3,2021-07-05,1,Cyrila a Metodej,2021,7,5,0
Prague_3,2021-07-06,1,Jan Hus,2021,7,6,1
Prague_3,2021-07-07,0,,2021,7,7,2
Prague_3,2021-07-08,0,,2021,7,8,3
Prague_3,2021-07-09,0,,2021,7,9,4
Prague_3,2021-07-10,0,,2021,7,10,5
Prague_3,2021-07-11,0,,2021,7,11,6
Prague_3,2021-07-12,0,,2021,7,12,0
Prague_3,2021-07-13,0,,2021,7,13,1
Prague_3,2021-07-14,0,,2021,7,14,2
Prague_3,2021-07-15,0,,2021,7,15,3
Prague_3,2021-07-16,0,,2021,7,16,4
Prague_3,2021-07-17,0,,2021,7,17,5
Prague_3,2021-07-18,0,,2021,7,18,6
Prague_3,2021-07-19,0,,2021,7,19,0
Prague_3,2021-07-20,0,,2021,7,20,1
Prague_3,2021-07-21,0,,2021,7,21,2
Prague_3,2021-07-22,0,,2021,7,22,3
Prague_3,2021-07-23,0,,2021,7,23,4
Prague_3,2021-07-24,0,,2021,7,24,5
Prague_3,2021-07-25,0,,2021,7,25,6
Prague_3,2021-07-26,0,,2021,7,26,0
Prague_3,2021-07-27,0,,2021,7,27,1
Prague_3,2021-07-28,0,,2021,7,28,2
Prague_3,2021-07-29,0,,2021,7,29,3
Prague_3,2021-07-30,0,,2021,7,30,4
Prague_3,2021-07-31,0,,2021,7,31,5
Prague_3,2021-08-01,0,,2021,8,1,6
Prague_3,2021-08-02,0,,2021,8,2,0
Prague_3,2021-08-03,0,,2021,8,3,1
Prague_3,2021-08-04,0,,2021,8,4,2
Prague_3,2021-08-05,0,,2021,8,5,3
Prague_3,2021-08-06,0,,2021,8,6,4
Prague_3,2021-08-07,0,,2021,8,7,5
Prague_3,2021-08-08,0,,2021,8,8,6
Prague_3,2021-08-09,0,,2021,8,9,0
Prague_3,2021-08-10,0,,2021,8,10,1
Prague_3,2021-08-11,0,,2021,8,11,2
Prague_3,2021-08-12,0,,2021,8,12,3
Prague_3,2021-08-13,0,,2021,8,13,4
Prague_3,2021-08-14,0,,2021,8,14,5
Prague_3,2021-08-15,0,,2021,8,15,6
Prague_3,2021-08-16,0,,2021,8,16,0
Prague_3,2021-08-17,0,,2021,8,17,1
Prague_3,2021-08-18,0,,2021,8,18,2
Prague_3,2021-08-19,0,,2021,8,19,3
Prague_3,2021-08-20,0,,2021,8,20,4
Prague_3,2021-08-21,0,,2021,8,21,5
Prague_3,2021-08-22,0,,2021,8,22,6
Prague_3,2021-08-23,0,,2021,8,23,0
Prague_3,2021-08-24,0,,2021,8,24,1
Prague_3,2021-08-25,0,,2021,8,25,2
Prague_3,2021-08-26,0,,2021,8,26,3
Prague_3,2021-08-27,0,,2021,8,27,4
Prague_3,2021-08-28,0,,2021,8,28,5
Prague_3,2021-08-29,0,,2021,8,29,6
Prague_3,2021-08-30,0,,2021,8,30,0
Prague_3,2021-08-31,0,,2021,8,31,1
Prague_3,2021-09-01,0,,2021,9,1,2
Prague_3,2021-09-02,0,,2021,9,2,3
Prague_3,2021-09-03,0,,2021,9,3,4
Prague_3,2021-09-04,0,,2021,9,4,5
Prague_3,2021-09-05,0,,2021,9,5,6
Prague_3,2021-09-06,0,,2021,9,6,0
Prague_3,2021-09-07,0,,2021,9,7,1
Prague_3,2021-09-08,0,,2021,9,8,2
Prague_3,2021-09-09,0,,2021,9,9,3
Prague_3,2021-09-10,0,,2021,9,10,4
Prague_3,2021-09-11,0,,2021,9,11,5
Prague_3,2021-09-12,0,,2021,9,12,6
Prague_3,2021-09-13,0,,2021,9,13,0
Prague_3,2021-09-14,0,,2021,9,14,1
Prague_3,2021-09-15,0,,2021,9,15,2
Prague_3,2021-09-16,0,,2021,9,16,3
Prague_3,2021-09-17,0,,2021,9,17,4
Prague_3,2021-09-18,0,,2021,9,18,5
Prague_3,2021-09-19,0,,2021,9,19,6
Prague_3,2021-09-20,0,,2021,9,20,0
Prague_3,2021-09-21,0,,2021,9,21,1
Prague_3,2021-09-22,0,,2021,9,22,2
Prague_3,2021-09-23,0,,2021,9,23,3
Prague_3,2021-09-24,0,,2021,9,24,4
Prague_3,2021-09-25,0,,2021,9,25,5
Prague_3,2021-09-26,0,,2021,9,26,6
Prague_3,2021-09-27,0,,2021,9,27,0
Prague_3,2021-09-28,1,Den ceske statnosti,2021,9,28,1
Prague_3,2021-09-29,0,,2021,9,29,2
Prague_3,2021-09-30,0,,2021,9,30,3
Prague_3,2021-10-01,0,,2021,10,1,4
Prague_3,2021-10-02,0,,2021,10,2,5
Prague_3,2021-10-03,0,,2021,10,3,6
Prague_3,2021-10-04,0,,2021,10,4,0
Prague_3,2021-10-05,0,,2021,10,5,1
Prague_3,2021-10-06,0,,2021,10,6,2
Prague_3,2021-10-07,0,,2021,10,7,3
Prague_3,2021-10-08,0,,2021,10,8,4
Prague_3,2021-10-09,0,,2021,10,9,5
Prague_3,2021-10-10,0,,2021,10,10,6
Prague_3,2021-10-11,0,,2021,10,11,0
Prague_3,2021-10-12,0,,2021,10,12,1
Prague_3,2021-10-13,0,,2021,10,13,2
Prague_3,2021-10-14,0,,2021,10,14,3
Prague_3,2021-10-15,0,,2021,10,15,4
Prague_3,2021-10-16,0,,2021,10,16,5
Prague_3,2021-10-17,0,,2021,10,17,6
Prague_3,2021-10-18,0,,2021,10,18,0
Prague_3,2021-10-19,0,,2021,10,19,1
Prague_3,2021-10-20,0,,2021,10,20,2
Prague_3,2021-10-21,0,,2021,10,21,3
Prague_3,2021-10-22,0,,2021,10,22,4
Prague_3,2021-10-23,0,,2021,10,23,5
Prague_3,2021-10-24,0,,2021,10,24,6
Prague_3,2021-10-25,0,,2021,10,25,0
Prague_3,2021-10-26,0,,2021,10,26,1
Prague_3,2021-10-27,0,,2021,10,27,2
Prague_3,2021-10-28,1,Den vzniku samostatneho ceskoslovenskeho statu,2021,10,28,3
Prague_3,2021-10-29,0,,2021,10,29,4
Prague_3,2021-10-30,0,,2021,10,30,5
Prague_3,2021-10-31,0,,2021,10,31,6
Prague_3,2021-11-01,0,,2021,11,1,0
Prague_3,2021-11-02,0,,2021,11,2,1
Prague_3,2021-11-03,0,,2021,11,3,2
Prague_3,2021-11-04,0,,2021,11,4,3
Prague_3,2021-11-05,0,,2021,11,5,4
Prague_3,2021-11-06,0,,2021,11,6,5
Prague_3,2021-11-07,0,,2021,11,7,6
Prague_3,2021-11-08,0,,2021,11,8,0
Prague_3,2021-11-09,0,,2021,11,9,1
Prague_3,2021-11-10,0,,2021,11,10,2
Prague_3,2021-11-11,0,,2021,11,11,3
Prague_3,2021-11-12,0,,2021,11,12,4
Prague_3,2021-11-13,0,,2021,11,13,5
Prague_3,2021-11-14,0,,2021,11,14,6
Prague_3,2021-11-15,0,,2021,11,15,0
Prague_3,2021-11-16,0,,2021,11,16,1
Prague_3,2021-11-17,1,Den boje za svobodu a demokracii,2021,11,17,2
Prague_3,2021-11-18,0,,2021,11,18,3
Prague_3,2021-11-19,0,,2021,11,19,4
Prague_3,2021-11-20,0,,2021,11,20,5
Prague_3,2021-11-21,0,,2021,11,21,6
Prague_3,2021-11-22,0,,2021,11,22,0
Prague_3,2021-11-23,0,,2021,11,23,1
Prague_3,2021-11-24,0,,2021,11,24,2
Prague_3,2021-11-25,0,,2021,11,25,3
Prague_3,2021-11-26,0,,2021,11,26,4
Prague_3,2021-11-27,0,,2021,11,27,5
Prague_3,2021-11-28,0,,2021,11,28,6
Prague_3,2021-11-29,0,,2021,11,29,0
Prague_3,2021-11-30,0,,2021,11,30,1
Prague_3,2021-12-01,0,,2021,12,1,2
Prague_3,2021-12-02,0,,2021,12,2,3
Prague_3,2021-12-03,0,,2021,12,3,4
Prague_3,2021-12-04,0,,2021,12,4,5
Prague_3,2021-12-05,0,,2021,12,5,6
Prague_3,2021-12-06,0,,2021,12,6,0
Prague_3,2021-12-07,0,,2021,12,7,1
Prague_3,2021-12-08,0,,2021,12,8,2
Prague_3,2021-12-09,0,,2021,12,9,3
Prague_3,2021-12-10,0,,2021,12,10,4
Prague_3,2021-12-11,0,,2021,12,11,5
Prague_3,2021-12-12,0,,2021,12,12,6
Prague_3,2021-12-13,0,,2021,12,13,0
Prague_3,2021-12-14,0,,2021,12,14,1
Prague_3,2021-12-15,0,,2021,12,15,2
Prague_3,2021-12-16,0,,2021,12,16,3
Prague_3,2021-12-17,0,,2021,12,17,4
Prague_3,2021-12-18,0,,2021,12,18,5
Prague_3,2021-12-19,0,,2021,12,19,6
Prague_3,2021-12-20,0,,2021,12,20,0
Prague_3,2021-12-21,0,,2021,12,21,1
Prague_3,2021-12-22,0,,2021,12,22,2
Prague_3,2021-12-23,0,,2021,12,23,3
Prague_3,2021-12-24,1,Christmas Eve,2021,12,24,4
Prague_3,2021-12-25,1,1st Christmas Day,2021,12,25,5
Prague_3,2021-12-26,1,2nd Christmas Day,2021,12,26,6
Prague_3,2021-12-27,0,,2021,12,27,0
Prague_3,2021-12-28,0,,2021,12,28,1
Prague_3,2021-12-29,0,,2021,12,29,2
Prague_3,2021-12-30,0,,2021,12,30,3
Prague_3,2021-12-31,0,,2021,12,31,4
Prague_3,2022-01-01,1,New Years Day,2022,1,1,5
Prague_3,2022-01-02,0,,2022,1,2,6
Prague_3,2022-01-03,0,,2022,1,3,0
Prague_3,2022-01-04,0,,2022,1,4,1
Prague_3,2022-01-05,0,,2022,1,5,2
Prague_3,2022-01-06,0,,2022,1,6,3
Prague_3,2022-01-07,0,,2022,1,7,4
Prague_3,2022-01-08,0,,2022,1,8,5
Prague_3,2022-01-09,0,,2022,1,9,6
Prague_3,2022-01-10,0,,2022,1,10,0
Prague_3,2022-01-11,0,,2022,1,11,1
Prague_3,2022-01-12,0,,2022,1,12,2
Prague_3,2022-01-13,0,,2022,1,13,3
Prague_3,2022-01-14,0,,2022,1,14,4
Prague_3,2022-01-15,0,,2022,1,15,5
Prague_3,2022-01-16,0,,2022,1,16,6
Prague_3,2022-01-17,0,,2022,1,17,0
Prague_3,2022-01-18,0,,2022,1,18,1
Prague_3,2022-01-19,0,,2022,1,19,2
Prague_3,2022-01-20,0,,2022,1,20,3
Prague_3,2022-01-21,0,,2022,1,21,4
Prague_3,2022-01-22,0,,2022,1,22,5
Prague_3,2022-01-23,0,,2022,1,23,6
Prague_3,2022-01-24,0,,2022,1,24,0
Prague_3,2022-01-25,0,,2022,1,25,1
Prague_3,2022-01-26,0,,2022,1,26,2
Prague_3,2022-01-27,0,,2022,1,27,3
Prague_3,2022-01-28,0,,2022,1,28,4
Prague_3,2022-01-29,0,,2022,1,29,5
Prague_3,2022-01-30,0,,2022,1,30,6
Prague_3,2022-01-31,0,,2022,1,31,0
Prague_3,2022-02-01,0,,2022,2,1,1
Prague_3,2022-02-02,0,,2022,2,2,2
Prague_3,2022-02-03,0,,2022,2,3,3
Prague_3,2022-02-04,0,,2022,2,4,4
Prague_3,2022-02-05,0,,2022,2,5,5
Prague_3,2022-02-06,0,,2022,2,6,6
Prague_3,2022-02-07,0,,2022,2,7,0
Prague_3,2022-02-08,0,,2022,2,8,1
Prague_3,2022-02-09,0,,2022,2,9,2
Prague_3,2022-02-10,0,,2022,2,10,3
Prague_3,2022-02-11,0,,2022,2,11,4
Prague_3,2022-02-12,0,,2022,2,12,5
Prague_3,2022-02-13,0,,2022,2,13,6
Prague_3,2022-02-14,0,,2022,2,14,0
Prague_3,2022-02-15,0,,2022,2,15,1
Prague_3,2022-02-16,0,,2022,2,16,2
Prague_3,2022-02-17,0,,2022,2,17,3
Prague_3,2022-02-18,0,,2022,2,18,4
Prague_3,2022-02-19,0,,2022,2,19,5
Prague_3,2022-02-20,0,,2022,2,20,6
Prague_3,2022-02-21,0,,2022,2,21,0
Prague_3,2022-02-22,0,,2022,2,22,1
Prague_3,2022-02-23,0,,2022,2,23,2
Prague_3,2022-02-24,0,,2022,2,24,3
Prague_3,2022-02-25,0,,2022,2,25,4
Prague_3,2022-02-26,0,,2022,2,26,5
Prague_3,2022-02-27,0,,2022,2,27,6
Prague_3,2022-02-28,0,,2022,2,28,0
Prague_3,2022-03-01,0,,2022,3,1,1
Prague_3,2022-03-02,0,,2022,3,2,2
Prague_3,2022-03-03,0,,2022,3,3,3
Prague_3,2022-03-04,0,,2022,3,4,4
Prague_3,2022-03-05,0,,2022,3,5,5
Prague_3,2022-03-06,0,,2022,3,6,6
Prague_3,2022-03-07,0,,2022,3,7,0
Prague_3,2022-03-08,1,International womens day,2022,3,8,1
Prague_3,2022-03-09,0,,2022,3,9,2
Prague_3,2022-03-10,0,,2022,3,10,3
Prague_3,2022-03-11,0,,2022,3,11,4
Prague_3,2022-03-12,0,,2022,3,12,5
Prague_3,2022-03-13,0,,2022,3,13,6
Prague_3,2022-03-14,0,,2022,3,14,0
Prague_3,2022-03-15,0,,2022,3,15,1
Prague_3,2022-03-16,0,,2022,3,16,2
Prague_3,2022-03-17,0,,2022,3,17,3
Prague_3,2022-03-18,0,,2022,3,18,4
Prague_3,2022-03-19,0,,2022,3,19,5
Prague_3,2022-03-20,0,,2022,3,20,6
Prague_3,2022-03-21,0,,2022,3,21,0
Prague_3,2022-03-22,0,,2022,3,22,1
Prague_3,2022-03-23,0,,2022,3,23,2
Prague_3,2022-03-24,0,,2022,3,24,3
Prague_3,2022-03-25,0,,2022,3,25,4
Prague_3,2022-03-26,0,,2022,3,26,5
Prague_3,2022-03-27,0,,2022,3,27,6
Prague_3,2022-03-28,0,,2022,3,28,0
Prague_3,2022-03-29,0,,2022,3,29,1
Prague_3,2022-03-30,0,,2022,3,30,2
Prague_3,2022-03-31,0,,2022,3,31,3
Prague_3,2022-04-01,0,,2022,4,1,4
Prague_3,2022-04-02,1,Good Friday,2022,4,2,5
Prague_3,2022-04-03,1,Good Friday,2022,4,3,6
Prague_3,2022-04-04,1,Easter Day,2022,4,4,0
Prague_3,2022-04-05,1,Easter Monday,2022,4,5,1
Prague_3,2022-04-06,0,,2022,4,6,2
Prague_3,2022-04-07,0,,2022,4,7,3
Prague_3,2022-04-08,0,,2022,4,8,4
Prague_3,2022-04-09,0,,2022,4,9,5
Prague_3,2022-04-10,0,,2022,4,10,6
Prague_3,2022-04-11,0,,2022,4,11,0
Prague_3,2022-04-12,0,,2022,4,12,1
Prague_3,2022-04-13,0,,2022,4,13,2
Prague_3,2022-04-14,0,,2022,4,14,3
Prague_3,2022-04-15,1,Good Friday,2022,4,15,4
Prague_3,2022-04-16,1,Good Friday,2022,4,16,5
Prague_3,2022-04-17,1,Easter Day,2022,4,17,6
Prague_3,2022-04-18,1,Easter Monday,2022,4,18,0
Prague_3,2022-04-19,0,,2022,4,19,1
Prague_3,2022-04-20,0,,2022,4,20,2
Prague_3,2022-04-21,0,,2022,4,21,3
Prague_3,2022-04-22,0,,2022,4,22,4
Prague_3,2022-04-23,0,,2022,4,23,5
Prague_3,2022-04-24,0,,2022,4,24,6
Prague_3,2022-04-25,0,,2022,4,25,0
Prague_3,2022-04-26,0,,2022,4,26,1
Prague_3,2022-04-27,0,,2022,4,27,2
Prague_3,2022-04-28,0,,2022,4,28,3
Prague_3,2022-04-29,0,,2022,4,29,4
Prague_3,2022-04-30,0,,2022,4,30,5
Prague_3,2022-05-01,1,Labour Day,2022,5,1,6
Prague_3,2022-05-02,0,,2022,5,2,0
Prague_3,2022-05-03,0,,2022,5,3,1
Prague_3,2022-05-04,0,,2022,5,4,2
Prague_3,2022-05-05,0,,2022,5,5,3
Prague_3,2022-05-06,0,,2022,5,6,4
Prague_3,2022-05-07,0,,2022,5,7,5
Prague_3,2022-05-08,1,Den osvobozeni,2022,5,8,6
Prague_3,2022-05-09,1,Mother's Day,2022,5,9,0
Prague_3,2022-05-10,0,,2022,5,10,1
Prague_3,2022-05-11,0,,2022,5,11,2
Prague_3,2022-05-12,0,,2022,5,12,3
Prague_3,2022-05-13,0,,2022,5,13,4
Prague_3,2022-05-14,0,,2022,5,14,5
Prague_3,2022-05-15,0,,2022,5,15,6
Prague_3,2022-05-16,0,,2022,5,16,0
Prague_3,2022-05-17,0,,2022,5,17,1
Prague_3,2022-05-18,0,,2022,5,18,2
Prague_3,2022-05-19,0,,2022,5,19,3
Prague_3,2022-05-20,0,,2022,5,20,4
Prague_3,2022-05-21,0,,2022,5,21,5
Prague_3,2022-05-22,0,,2022,5,22,6
Prague_3,2022-05-23,0,,2022,5,23,0
Prague_3,2022-05-24,0,,2022,5,24,1
Prague_3,2022-05-25,0,,2022,5,25,2
Prague_3,2022-05-26,0,,2022,5,26,3
Prague_3,2022-05-27,0,,2022,5,27,4
Prague_3,2022-05-28,0,,2022,5,28,5
Prague_3,2022-05-29,0,,2022,5,29,6
Prague_3,2022-05-30,0,,2022,5,30,0
Prague_3,2022-05-31,0,,2022,5,31,1
Prague_3,2022-06-01,0,,2022,6,1,2
Prague_3,2022-06-02,0,,2022,6,2,3
Prague_3,2022-06-03,0,,2022,6,3,4
Prague_3,2022-06-04,0,,2022,6,4,5
Prague_3,2022-06-05,0,,2022,6,5,6
Prague_3,2022-06-06,0,,2022,6,6,0
Prague_3,2022-06-07,0,,2022,6,7,1
Prague_3,2022-06-08,0,,2022,6,8,2
Prague_3,2022-06-09,0,,2022,6,9,3
Prague_3,2022-06-10,0,,2022,6,10,4
Prague_3,2022-06-11,0,,2022,6,11,5
Prague_3,2022-06-12,0,,2022,6,12,6
Prague_3,2022-06-13,0,,2022,6,13,0
Prague_3,2022-06-14,0,,2022,6,14,1
Prague_3,2022-06-15,0,,2022,6,15,2
Prague_3,2022-06-16,0,,2022,6,16,3
Prague_3,2022-06-17,0,,2022,6,17,4
Prague_3,2022-06-18,0,,2022,6,18,5
Prague_3,2022-06-19,0,,2022,6,19,6
Prague_3,2022-06-20,0,,2022,6,20,0
Prague_3,2022-06-21,0,,2022,6,21,1
Prague_3,2022-06-22,0,,2022,6,22,2
Prague_3,2022-06-23,0,,2022,6,23,3
Prague_3,2022-06-24,0,,2022,6,24,4
Prague_3,2022-06-25,0,,2022,6,25,5
Prague_3,2022-06-26,0,,2022,6,26,6
Prague_3,2022-06-27,0,,2022,6,27,0
Prague_3,2022-06-28,0,,2022,6,28,1
Prague_3,2022-06-29,0,,2022,6,29,2
Prague_3,2022-06-30,0,,2022,6,30,3
Prague_3,2022-07-01,0,,2022,7,1,4
Prague_3,2022-07-02,0,,2022,7,2,5
Prague_3,2022-07-03,0,,2022,7,3,6
Prague_3,2022-07-04,0,,2022,7,4,0
Prague_3,2022-07-05,1,Cyrila a Metodej,2022,7,5,1
Prague_3,2022-07-06,1,Jan Hus,2022,7,6,2
Prague_3,2022-07-07,0,,2022,7,7,3
Prague_3,2022-07-08,0,,2022,7,8,4
Prague_3,2022-07-09,0,,2022,7,9,5
Prague_3,2022-07-10,0,,2022,7,10,6
Prague_3,2022-07-11,0,,2022,7,11,0
Prague_3,2022-07-12,0,,2022,7,12,1
Prague_3,2022-07-13,0,,2022,7,13,2
Prague_3,2022-07-14,0,,2022,7,14,3
Prague_3,2022-07-15,0,,2022,7,15,4
Prague_3,2022-07-16,0,,2022,7,16,5
Prague_3,2022-07-17,0,,2022,7,17,6
Prague_3,2022-07-18,0,,2022,7,18,0
Prague_3,2022-07-19,0,,2022,7,19,1
Prague_3,2022-07-20,0,,2022,7,20,2
Prague_3,2022-07-21,0,,2022,7,21,3
Prague_3,2022-07-22,0,,2022,7,22,4
Prague_3,2022-07-23,0,,2022,7,23,5
Prague_3,2022-07-24,0,,2022,7,24,6
Prague_3,2022-07-25,0,,2022,7,25,0
Prague_3,2022-07-26,0,,2022,7,26,1
Prague_3,2022-07-27,0,,2022,7,27,2
Prague_3,2022-07-28,0,,2022,7,28,3
Prague_3,2022-07-29,0,,2022,7,29,4
Prague_3,2022-07-30,0,,2022,7,30,5
Prague_3,2022-07-31,0,,2022,7,31,6
Prague_3,2022-08-01,0,,2022,8,1,0
Prague_3,2022-08-02,0,,2022,8,2,1
Prague_3,2022-08-03,0,,2022,8,3,2
Prague_3,2022-08-04,0,,2022,8,4,3
Prague_3,2022-08-05,0,,2022,8,5,4
Prague_3,2022-08-06,0,,2022,8,6,5
Prague_3,2022-08-07,0,,2022,8,7,6
Prague_3,2022-08-08,0,,2022,8,8,0
Prague_3,2022-08-09,0,,2022,8,9,1
Prague_3,2022-08-10,0,,2022,8,10,2
Prague_3,2022-08-11,0,,2022,8,11,3
Prague_3,2022-08-12,0,,2022,8,12,4
Prague_3,2022-08-13,0,,2022,8,13,5
Prague_3,2022-08-14,0,,2022,8,14,6
Prague_3,2022-08-15,0,,2022,8,15,0
Prague_3,2022-08-16,0,,2022,8,16,1
Prague_3,2022-08-17,0,,2022,8,17,2
Prague_3,2022-08-18,0,,2022,8,18,3
Prague_3,2022-08-19,0,,2022,8,19,4
Prague_3,2022-08-20,0,,2022,8,20,5
Prague_3,2022-08-21,0,,2022,8,21,6
Prague_3,2022-08-22,0,,2022,8,22,0
Prague_3,2022-08-23,0,,2022,8,23,1
Prague_3,2022-08-24,0,,2022,8,24,2
Prague_3,2022-08-25,0,,2022,8,25,3
Prague_3,2022-08-26,0,,2022,8,26,4
Prague_3,2022-08-27,0,,2022,8,27,5
Prague_3,2022-08-28,0,,2022,8,28,6
Prague_3,2022-08-29,0,,2022,8,29,0
Prague_3,2022-08-30,0,,2022,8,30,1
Prague_3,2022-08-31,0,,2022,8,31,2
Prague_3,2022-09-01,0,,2022,9,1,3
Prague_3,2022-09-02,0,,2022,9,2,4
Prague_3,2022-09-03,0,,2022,9,3,5
Prague_3,2022-09-04,0,,2022,9,4,6
Prague_3,2022-09-05,0,,2022,9,5,0
Prague_3,2022-09-06,0,,2022,9,6,1
Prague_3,2022-09-07,0,,2022,9,7,2
Prague_3,2022-09-08,0,,2022,9,8,3
Prague_3,2022-09-09,0,,2022,9,9,4
Prague_3,2022-09-10,0,,2022,9,10,5
Prague_3,2022-09-11,0,,2022,9,11,6
Prague_3,2022-09-12,0,,2022,9,12,0
Prague_3,2022-09-13,0,,2022,9,13,1
Prague_3,2022-09-14,0,,2022,9,14,2
Prague_3,2022-09-15,0,,2022,9,15,3
Prague_3,2022-09-16,0,,2022,9,16,4
Prague_3,2022-09-17,0,,2022,9,17,5
Prague_3,2022-09-18,0,,2022,9,18,6
Prague_3,2022-09-19,0,,2022,9,19,0
Prague_3,2022-09-20,0,,2022,9,20,1
Prague_3,2022-09-21,0,,2022,9,21,2
Prague_3,2022-09-22,0,,2022,9,22,3
Prague_3,2022-09-23,0,,2022,9,23,4
Prague_3,2022-09-24,0,,2022,9,24,5
Prague_3,2022-09-25,0,,2022,9,25,6
Prague_3,2022-09-26,0,,2022,9,26,0
Prague_3,2022-09-27,0,,2022,9,27,1
Prague_3,2022-09-28,1,Den ceske statnosti,2022,9,28,2
Prague_3,2022-09-29,0,,2022,9,29,3
Prague_3,2022-09-30,0,,2022,9,30,4
Prague_3,2022-10-01,0,,2022,10,1,5
Prague_3,2022-10-02,0,,2022,10,2,6
Prague_3,2022-10-03,0,,2022,10,3,0
Prague_3,2022-10-04,0,,2022,10,4,1
Prague_3,2022-10-05,0,,2022,10,5,2
Prague_3,2022-10-06,0,,2022,10,6,3
Prague_3,2022-10-07,0,,2022,10,7,4
Prague_3,2022-10-08,0,,2022,10,8,5
Prague_3,2022-10-09,0,,2022,10,9,6
Prague_3,2022-10-10,0,,2022,10,10,0
Prague_3,2022-10-11,0,,2022,10,11,1
Prague_3,2022-10-12,0,,2022,10,12,2
Prague_3,2022-10-13,0,,2022,10,13,3
Prague_3,2022-10-14,0,,2022,10,14,4
Prague_3,2022-10-15,0,,2022,10,15,5
Prague_3,2022-10-16,0,,2022,10,16,6
Prague_3,2022-10-17,0,,2022,10,17,0
Prague_3,2022-10-18,0,,2022,10,18,1
Prague_3,2022-10-19,0,,2022,10,19,2
Prague_3,2022-10-20,0,,2022,10,20,3
Prague_3,2022-10-21,0,,2022,10,21,4
Prague_3,2022-10-22,0,,2022,10,22,5
Prague_3,2022-10-23,0,,2022,10,23,6
Prague_3,2022-10-24,0,,2022,10,24,0
Prague_3,2022-10-25,0,,2022,10,25,1
Prague_3,2022-10-26,0,,2022,10,26,2
Prague_3,2022-10-27,0,,2022,10,27,3
Prague_3,2022-10-28,1,Den vzniku samostatneho ceskoslovenskeho statu,2022,10,28,4
Prague_3,2022-10-29,0,,2022,10,29,5
Prague_3,2022-10-30,0,,2022,10,30,6
Prague_3,2022-10-31,0,,2022,10,31,0
Prague_3,2022-11-01,0,,2022,11,1,1
Prague_3,2022-11-02,0,,2022,11,2,2
Prague_3,2022-11-03,0,,2022,11,3,3
Prague_3,2022-11-04,0,,2022,11,4,4
Prague_3,2022-11-05,0,,2022,11,5,5
Prague_3,2022-11-06,0,,2022,11,6,6
Prague_3,2022-11-07,0,,2022,11,7,0
Prague_3,2022-11-08,0,,2022,11,8,1
Prague_3,2022-11-09,0,,2022,11,9,2
Prague_3,2022-11-10,0,,2022,11,10,3
Prague_3,2022-11-11,0,,2022,11,11,4
Prague_3,2022-11-12,0,,2022,11,12,5
Prague_3,2022-11-13,0,,2022,11,13,6
Prague_3,2022-11-14,0,,2022,11,14,0
Prague_3,2022-11-15,0,,2022,11,15,1
Prague_3,2022-11-16,0,,2022,11,16,2
Prague_3,2022-11-17,1,Den boje za svobodu a demokracii,2022,11,17,3
Prague_3,2022-11-18,0,,2022,11,18,4
Prague_3,2022-11-19,0,,2022,11,19,5
Prague_3,2022-11-20,0,,2022,11,20,6
Prague_3,2022-11-21,0,,2022,11,21,0
Prague_3,2022-11-22,0,,2022,11,22,1
Prague_3,2022-11-23,0,,2022,11,23,2
Prague_3,2022-11-24,0,,2022,11,24,3
Prague_3,2022-11-25,0,,2022,11,25,4
Prague_3,2022-11-26,0,,2022,11,26,5
Prague_3,2022-11-27,0,,2022,11,27,6
Prague_3,2022-11-28,0,,2022,11,28,0
Prague_3,2022-11-29,0,,2022,11,29,1
Prague_3,2022-11-30,0,,2022,11,30,2
Prague_3,2022-12-01,0,,2022,12,1,3
Prague_3,2022-12-02,0,,2022,12,2,4
Prague_3,2022-12-03,0,,2022,12,3,5
Prague_3,2022-12-04,0,,2022,12,4,6
Prague_3,2022-12-05,0,,2022,12,5,0
Prague_3,2022-12-06,0,,2022,12,6,1
Prague_3,2022-12-07,0,,2022,12,7,2
Prague_3,2022-12-08,0,,2022,12,8,3
Prague_3,2022-12-09,0,,2022,12,9,4
Prague_3,2022-12-10,0,,2022,12,10,5
Prague_3,2022-12-11,0,,2022,12,11,6
Prague_3,2022-12-12,0,,2022,12,12,0
Prague_3,2022-12-13,0,,2022,12,13,1
Prague_3,2022-12-14,0,,2022,12,14,2
Prague_3,2022-12-15,0,,2022,12,15,3
Prague_3,2022-12-16,0,,2022,12,16,4
Prague_3,2022-12-17,0,,2022,12,17,5
Prague_3,2022-12-18,0,,2022,12,18,6
Prague_3,2022-12-19,0,,2022,12,19,0
Prague_3,2022-12-20,0,,2022,12,20,1
Prague_3,2022-12-21,0,,2022,12,21,2
Prague_3,2022-12-22,0,,2022,12,22,3
Prague_3,2022-12-23,0,,2022,12,23,4
Prague_3,2022-12-24,1,Christmas Eve,2022,12,24,5
Prague_3,2022-12-25,1,1st Christmas Day,2022,12,25,6
Prague_3,2022-12-26,1,2nd Christmas Day,2022,12,26,0
Prague_3,2022-12-27,0,,2022,12,27,1
Prague_3,2022-12-28,0,,2022,12,28,2
Prague_3,2022-12-29,0,,2022,12,29,3
Prague_3,2022-12-30,0,,2022,12,30,4
Prague_3,2022-12-31,0,,2022,12,31,5
Prague_3,2023-01-01,1,New Years Day,2023,1,1,6
Prague_3,2023-01-02,0,,2023,1,2,0
Prague_3,2023-01-03,0,,2023,1,3,1
Prague_3,2023-01-04,0,,2023,1,4,2
Prague_3,2023-01-05,0,,2023,1,5,3
Prague_3,2023-01-06,0,,2023,1,6,4
Prague_3,2023-01-07,0,,2023,1,7,5
Prague_3,2023-01-08,0,,2023,1,8,6
Prague_3,2023-01-09,0,,2023,1,9,0
Prague_3,2023-01-10,0,,2023,1,10,1
Prague_3,2023-01-11,0,,2023,1,11,2
Prague_3,2023-01-12,0,,2023,1,12,3
Prague_3,2023-01-13,0,,2023,1,13,4
Prague_3,2023-01-14,0,,2023,1,14,5
Prague_3,2023-01-15,0,,2023,1,15,6
Prague_3,2023-01-16,0,,2023,1,16,0
Prague_3,2023-01-17,0,,2023,1,17,1
Prague_3,2023-01-18,0,,2023,1,18,2
Prague_3,2023-01-19,0,,2023,1,19,3
Prague_3,2023-01-20,0,,2023,1,20,4
Prague_3,2023-01-21,0,,2023,1,21,5
Prague_3,2023-01-22,0,,2023,1,22,6
Prague_3,2023-01-23,0,,2023,1,23,0
Prague_3,2023-01-24,0,,2023,1,24,1
Prague_3,2023-01-25,0,,2023,1,25,2
Prague_3,2023-01-26,0,,2023,1,26,3
Prague_3,2023-01-27,0,,2023,1,27,4
Prague_3,2023-01-28,0,,2023,1,28,5
Prague_3,2023-01-29,0,,2023,1,29,6
Prague_3,2023-01-30,0,,2023,1,30,0
Prague_3,2023-01-31,0,,2023,1,31,1
Prague_3,2023-02-01,0,,2023,2,1,2
Prague_3,2023-02-02,0,,2023,2,2,3
Prague_3,2023-02-03,0,,2023,2,3,4
Prague_3,2023-02-04,0,,2023,2,4,5
Prague_3,2023-02-05,0,,2023,2,5,6
Prague_3,2023-02-06,0,,2023,2,6,0
Prague_3,2023-02-07,0,,2023,2,7,1
Prague_3,2023-02-08,0,,2023,2,8,2
Prague_3,2023-02-09,0,,2023,2,9,3
Prague_3,2023-02-10,0,,2023,2,10,4
Prague_3,2023-02-11,0,,2023,2,11,5
Prague_3,2023-02-12,0,,2023,2,12,6
Prague_3,2023-02-13,0,,2023,2,13,0
Prague_3,2023-02-14,0,,2023,2,14,1
Prague_3,2023-02-15,0,,2023,2,15,2
Prague_3,2023-02-16,0,,2023,2,16,3
Prague_3,2023-02-17,0,,2023,2,17,4
Prague_3,2023-02-18,0,,2023,2,18,5
Prague_3,2023-02-19,0,,2023,2,19,6
Prague_3,2023-02-20,0,,2023,2,20,0
Prague_3,2023-02-21,0,,2023,2,21,1
Prague_3,2023-02-22,0,,2023,2,22,2
Prague_3,2023-02-23,0,,2023,2,23,3
Prague_3,2023-02-24,0,,2023,2,24,4
Prague_3,2023-02-25,0,,2023,2,25,5
Prague_3,2023-02-26,0,,2023,2,26,6
Prague_3,2023-02-27,0,,2023,2,27,0
Prague_3,2023-02-28,0,,2023,2,28,1
Prague_3,2023-03-01,0,,2023,3,1,2
Prague_3,2023-03-02,0,,2023,3,2,3
Prague_3,2023-03-03,0,,2023,3,3,4
Prague_3,2023-03-04,0,,2023,3,4,5
Prague_3,2023-03-05,0,,2023,3,5,6
Prague_3,2023-03-06,0,,2023,3,6,0
Prague_3,2023-03-07,0,,2023,3,7,1
Prague_3,2023-03-08,1,International womens day,2023,3,8,2
Prague_3,2023-03-09,0,,2023,3,9,3
Prague_3,2023-03-10,0,,2023,3,10,4
Prague_3,2023-03-11,0,,2023,3,11,5
Prague_3,2023-03-12,0,,2023,3,12,6
Prague_3,2023-03-13,0,,2023,3,13,0
Prague_3,2023-03-14,0,,2023,3,14,1
Prague_3,2023-03-15,0,,2023,3,15,2
Prague_3,2023-03-16,0,,2023,3,16,3
Prague_3,2023-03-17,0,,2023,3,17,4
Prague_3,2023-03-18,0,,2023,3,18,5
Prague_3,2023-03-19,0,,2023,3,19,6
Prague_3,2023-03-20,0,,2023,3,20,0
Prague_3,2023-03-21,0,,2023,3,21,1
Prague_3,2023-03-22,0,,2023,3,22,2
Prague_3,2023-03-23,0,,2023,3,23,3
Prague_3,2023-03-24,0,,2023,3,24,4
Prague_3,2023-03-25,0,,2023,3,25,5
Prague_3,2023-03-26,0,,2023,3,26,6
Prague_3,2023-03-27,0,,2023,3,27,0
Prague_3,2023-03-28,0,,2023,3,28,1
Prague_3,2023-03-29,0,,2023,3,29,2
Prague_3,2023-03-30,0,,2023,3,30,3
Prague_3,2023-03-31,0,,2023,3,31,4
Prague_3,2023-04-01,0,,2023,4,1,5
Prague_3,2023-04-02,0,,2023,4,2,6
Prague_3,2023-04-03,0,,2023,4,3,0
Prague_3,2023-04-04,0,,2023,4,4,1
Prague_3,2023-04-05,0,,2023,4,5,2
Prague_3,2023-04-06,0,,2023,4,6,3
Prague_3,2023-04-07,1,Good Friday,2023,4,7,4
Prague_3,2023-04-08,1,Good Friday,2023,4,8,5
Prague_3,2023-04-09,1,Easter Day,2023,4,9,6
Prague_3,2023-04-10,1,Easter Monday,2023,4,10,0
Prague_3,2023-04-11,0,,2023,4,11,1
Prague_3,2023-04-12,0,,2023,4,12,2
Prague_3,2023-04-13,0,,2023,4,13,3
Prague_3,2023-04-14,0,,2023,4,14,4
Prague_3,2023-04-15,1,Good Friday,2023,4,15,5
Prague_3,2023-04-16,1,Good Friday,2023,4,16,6
Prague_3,2023-04-17,1,Easter Day,2023,4,17,0
Prague_3,2023-04-18,1,Easter Monday,2023,4,18,1
Prague_3,2023-04-19,0,,2023,4,19,2
Prague_3,2023-04-20,0,,2023,4,20,3
Prague_3,2023-04-21,0,,2023,4,21,4
Prague_3,2023-04-22,0,,2023,4,22,5
Prague_3,2023-04-23,0,,2023,4,23,6
Prague_3,2023-04-24,0,,2023,4,24,0
Prague_3,2023-04-25,0,,2023,4,25,1
Prague_3,2023-04-26,0,,2023,4,26,2
Prague_3,2023-04-27,0,,2023,4,27,3
Prague_3,2023-04-28,0,,2023,4,28,4
Prague_3,2023-04-29,0,,2023,4,29,5
Prague_3,2023-04-30,0,,2023,4,30,6
Prague_3,2023-05-01,1,Labour Day,2023,5,1,0
Prague_3,2023-05-02,0,,2023,5,2,1
Prague_3,2023-05-03,0,,2023,5,3,2
Prague_3,2023-05-04,0,,2023,5,4,3
Prague_3,2023-05-05,0,,2023,5,5,4
Prague_3,2023-05-06,0,,2023,5,6,5
Prague_3,2023-05-07,0,,2023,5,7,6
Prague_3,2023-05-08,1,Mother's Day,2023,5,8,0
Prague_3,2023-05-09,0,,2023,5,9,1
Prague_3,2023-05-10,0,,2023,5,10,2
Prague_3,2023-05-11,0,,2023,5,11,3
Prague_3,2023-05-12,0,,2023,5,12,4
Prague_3,2023-05-13,0,,2023,5,13,5
Prague_3,2023-05-14,1,Mother's Day,2023,5,14,6
Prague_3,2023-05-15,0,,2023,5,15,0
Prague_3,2023-05-16,0,,2023,5,16,1
Prague_3,2023-05-17,0,,2023,5,17,2
Prague_3,2023-05-18,0,,2023,5,18,3
Prague_3,2023-05-19,0,,2023,5,19,4
Prague_3,2023-05-20,0,,2023,5,20,5
Prague_3,2023-05-21,0,,2023,5,21,6
Prague_3,2023-05-22,0,,2023,5,22,0
Prague_3,2023-05-23,0,,2023,5,23,1
Prague_3,2023-05-24,0,,2023,5,24,2
Prague_3,2023-05-25,0,,2023,5,25,3
Prague_3,2023-05-26,0,,2023,5,26,4
Prague_3,2023-05-27,0,,2023,5,27,5
Prague_3,2023-05-28,0,,2023,5,28,6
Prague_3,2023-05-29,0,,2023,5,29,0
Prague_3,2023-05-30,0,,2023,5,30,1
Prague_3,2023-05-31,0,,2023,5,31,2
Prague_3,2023-06-01,0,,2023,6,1,3
Prague_3,2023-06-02,0,,2023,6,2,4
Prague_3,2023-06-03,0,,2023,6,3,5
Prague_3,2023-06-04,0,,2023,6,4,6
Prague_3,2023-06-05,0,,2023,6,5,0
Prague_3,2023-06-06,0,,2023,6,6,1
Prague_3,2023-06-07,0,,2023,6,7,2
Prague_3,2023-06-08,0,,2023,6,8,3
Prague_3,2023-06-09,0,,2023,6,9,4
Prague_3,2023-06-10,0,,2023,6,10,5
Prague_3,2023-06-11,0,,2023,6,11,6
Prague_3,2023-06-12,0,,2023,6,12,0
Prague_3,2023-06-13,0,,2023,6,13,1
Prague_3,2023-06-14,0,,2023,6,14,2
Prague_3,2023-06-15,0,,2023,6,15,3
Prague_3,2023-06-16,0,,2023,6,16,4
Prague_3,2023-06-17,0,,2023,6,17,5
Prague_3,2023-06-18,0,,2023,6,18,6
Prague_3,2023-06-19,0,,2023,6,19,0
Prague_3,2023-06-20,0,,2023,6,20,1
Prague_3,2023-06-21,0,,2023,6,21,2
Prague_3,2023-06-22,0,,2023,6,22,3
Prague_3,2023-06-23,0,,2023,6,23,4
Prague_3,2023-06-24,0,,2023,6,24,5
Prague_3,2023-06-25,0,,2023,6,25,6
Prague_3,2023-06-26,0,,2023,6,26,0
Prague_3,2023-06-27,0,,2023,6,27,1
Prague_3,2023-06-28,0,,2023,6,28,2
Prague_3,2023-06-29,0,,2023,6,29,3
Prague_3,2023-06-30,0,,2023,6,30,4
Prague_3,2023-07-01,0,,2023,7,1,5
Prague_3,2023-07-02,0,,2023,7,2,6
Prague_3,2023-07-03,0,,2023,7,3,0
Prague_3,2023-07-04,0,,2023,7,4,1
Prague_3,2023-07-05,1,Cyrila a Metodej,2023,7,5,2
Prague_3,2023-07-06,1,Jan Hus,2023,7,6,3
Prague_3,2023-07-07,0,,2023,7,7,4
Prague_3,2023-07-08,0,,2023,7,8,5
Prague_3,2023-07-09,0,,2023,7,9,6
Prague_3,2023-07-10,0,,2023,7,10,0
Prague_3,2023-07-11,0,,2023,7,11,1
Prague_3,2023-07-12,0,,2023,7,12,2
Prague_3,2023-07-13,0,,2023,7,13,3
Prague_3,2023-07-14,0,,2023,7,14,4
Prague_3,2023-07-15,0,,2023,7,15,5
Prague_3,2023-07-16,0,,2023,7,16,6
Prague_3,2023-07-17,0,,2023,7,17,0
Prague_3,2023-07-18,0,,2023,7,18,1
Prague_3,2023-07-19,0,,2023,7,19,2
Prague_3,2023-07-20,0,,2023,7,20,3
Prague_3,2023-07-21,0,,2023,7,21,4
Prague_3,2023-07-22,0,,2023,7,22,5
Prague_3,2023-07-23,0,,2023,7,23,6
Prague_3,2023-07-24,0,,2023,7,24,0
Prague_3,2023-07-25,0,,2023,7,25,1
Prague_3,2023-07-26,0,,2023,7,26,2
Prague_3,2023-07-27,0,,2023,7,27,3
Prague_3,2023-07-28,0,,2023,7,28,4
Prague_3,2023-07-29,0,,2023,7,29,5
Prague_3,2023-07-30,0,,2023,7,30,6
Prague_3,2023-07-31,0,,2023,7,31,0
Prague_3,2023-08-01,0,,2023,8,1,1
Prague_3,2023-08-02,0,,2023,8,2,2
Prague_3,2023-08-03,0,,2023,8,3,3
Prague_3,2023-08-04,0,,2023,8,4,4
Prague_3,2023-08-05,0,,2023,8,5,5
Prague_3,2023-08-06,0,,2023,8,6,6
Prague_3,2023-08-07,0,,2023,8,7,0
Prague_3,2023-08-08,0,,2023,8,8,1
Prague_3,2023-08-09,0,,2023,8,9,2
Prague_3,2023-08-10,0,,2023,8,10,3
Prague_3,2023-08-11,0,,2023,8,11,4
Prague_3,2023-08-12,0,,2023,8,12,5
Prague_3,2023-08-13,0,,2023,8,13,6
Prague_3,2023-08-14,0,,2023,8,14,0
Prague_3,2023-08-15,0,,2023,8,15,1
Prague_3,2023-08-16,0,,2023,8,16,2
Prague_3,2023-08-17,0,,2023,8,17,3
Prague_3,2023-08-18,0,,2023,8,18,4
Prague_3,2023-08-19,0,,2023,8,19,5
Prague_3,2023-08-20,0,,2023,8,20,6
Prague_3,2023-08-21,0,,2023,8,21,0
Prague_3,2023-08-22,0,,2023,8,22,1
Prague_3,2023-08-23,0,,2023,8,23,2
Prague_3,2023-08-24,0,,2023,8,24,3
Prague_3,2023-08-25,0,,2023,8,25,4
Prague_3,2023-08-26,0,,2023,8,26,5
Prague_3,2023-08-27,0,,2023,8,27,6
Prague_3,2023-08-28,0,,2023,8,28,0
Prague_3,2023-08-29,0,,2023,8,29,1
Prague_3,2023-08-30,0,,2023,8,30,2
Prague_3,2023-08-31,0,,2023,8,31,3
Prague_3,2023-09-01,0,,2023,9,1,4
Prague_3,2023-09-02,0,,2023,9,2,5
Prague_3,2023-09-03,0,,2023,9,3,6
Prague_3,2023-09-04,0,,2023,9,4,0
Prague_3,2023-09-05,0,,2023,9,5,1
Prague_3,2023-09-06,0,,2023,9,6,2
Prague_3,2023-09-07,0,,2023,9,7,3
Prague_3,2023-09-08,0,,2023,9,8,4
Prague_3,2023-09-09,0,,2023,9,9,5
Prague_3,2023-09-10,0,,2023,9,10,6
Prague_3,2023-09-11,0,,2023,9,11,0
Prague_3,2023-09-12,0,,2023,9,12,1
Prague_3,2023-09-13,0,,2023,9,13,2
Prague_3,2023-09-14,0,,2023,9,14,3
Prague_3,2023-09-15,0,,2023,9,15,4
Prague_3,2023-09-16,0,,2023,9,16,5
Prague_3,2023-09-17,0,,2023,9,17,6
Prague_3,2023-09-18,0,,2023,9,18,0
Prague_3,2023-09-19,0,,2023,9,19,1
Prague_3,2023-09-20,0,,2023,9,20,2
Prague_3,2023-09-21,0,,2023,9,21,3
Prague_3,2023-09-22,0,,2023,9,22,4
Prague_3,2023-09-23,0,,2023,9,23,5
Prague_3,2023-09-24,0,,2023,9,24,6
Prague_3,2023-09-25,0,,2023,9,25,0
Prague_3,2023-09-26,0,,2023,9,26,1
Prague_3,2023-09-27,0,,2023,9,27,2
Prague_3,2023-09-28,1,Den ceske statnosti,2023,9,28,3
Prague_3,2023-09-29,0,,2023,9,29,4
Prague_3,2023-09-30,0,,2023,9,30,5
Prague_3,2023-10-01,0,,2023,10,1,6
Prague_3,2023-10-02,0,,2023,10,2,0
Prague_3,2023-10-03,0,,2023,10,3,1
Prague_3,2023-10-04,0,,2023,10,4,2
Prague_3,2023-10-05,0,,2023,10,5,3
Prague_3,2023-10-06,0,,2023,10,6,4
Prague_3,2023-10-07,0,,2023,10,7,5
Prague_3,2023-10-08,0,,2023,10,8,6
Prague_3,2023-10-09,0,,2023,10,9,0
Prague_3,2023-10-10,0,,2023,10,10,1
Prague_3,2023-10-11,0,,2023,10,11,2
Prague_3,2023-10-12,0,,2023,10,12,3
Prague_3,2023-10-13,0,,2023,10,13,4
Prague_3,2023-10-14,0,,2023,10,14,5
Prague_3,2023-10-15,0,,2023,10,15,6
Prague_3,2023-10-16,0,,2023,10,16,0
Prague_3,2023-10-17,0,,2023,10,17,1
Prague_3,2023-10-18,0,,2023,10,18,2
Prague_3,2023-10-19,0,,2023,10,19,3
Prague_3,2023-10-20,0,,2023,10,20,4
Prague_3,2023-10-21,0,,2023,10,21,5
Prague_3,2023-10-22,0,,2023,10,22,6
Prague_3,2023-10-23,0,,2023,10,23,0
Prague_3,2023-10-24,0,,2023,10,24,1
Prague_3,2023-10-25,0,,2023,10,25,2
Prague_3,2023-10-26,0,,2023,10,26,3
Prague_3,2023-10-27,0,,2023,10,27,4
Prague_3,2023-10-28,1,Den vzniku samostatneho ceskoslovenskeho statu,2023,10,28,5
Prague_3,2023-10-29,0,,2023,10,29,6
Prague_3,2023-10-30,0,,2023,10,30,0
Prague_3,2023-10-31,0,,2023,10,31,1
Prague_3,2023-11-01,0,,2023,11,1,2
Prague_3,2023-11-02,0,,2023,11,2,3
Prague_3,2023-11-03,0,,2023,11,3,4
Prague_3,2023-11-04,0,,2023,11,4,5
Prague_3,2023-11-05,0,,2023,11,5,6
Prague_3,2023-11-06,0,,2023,11,6,0
Prague_3,2023-11-07,0,,2023,11,7,1
Prague_3,2023-11-08,0,,2023,11,8,2
Prague_3,2023-11-09,0,,2023,11,9,3
Prague_3,2023-11-10,0,,2023,11,10,4
Prague_3,2023-11-11,0,,2023,11,11,5
Prague_3,2023-11-12,0,,2023,11,12,6
Prague_3,2023-11-13,0,,2023,11,13,0
Prague_3,2023-11-14,0,,2023,11,14,1
Prague_3,2023-11-15,0,,2023,11,15,2
Prague_3,2023-11-16,0,,2023,11,16,3
Prague_3,2023-11-17,1,Den boje za svobodu a demokracii,2023,11,17,4
Prague_3,2023-11-18,0,,2023,11,18,5
Prague_3,2023-11-19,0,,2023,11,19,6
Prague_3,2023-11-20,0,,2023,11,20,0
Prague_3,2023-11-21,0,,2023,11,21,1
Prague_3,2023-11-22,0,,2023,11,22,2
Prague_3,2023-11-23,0,,2023,11,23,3
Prague_3,2023-11-24,0,,2023,11,24,4
Prague_3,2023-11-25,0,,2023,11,25,5
Prague_3,2023-11-26,0,,2023,11,26,6
Prague_3,2023-11-27,0,,2023,11,27,0
Prague_3,2023-11-28,0,,2023,11,28,1
Prague_3,2023-11-29,0,,2023,11,29,2
Prague_3,2023-11-30,0,,2023,11,30,3
Prague_3,2023-12-01,0,,2023,12,1,4
Prague_3,2023-12-02,0,,2023,12,2,5
Prague_3,2023-12-03,0,,2023,12,3,6
Prague_3,2023-12-04,0,,2023,12,4,0
Prague_3,2023-12-05,0,,2023,12,5,1
Prague_3,2023-12-06,0,,2023,12,6,2
Prague_3,2023-12-07,0,,2023,12,7,3
Prague_3,2023-12-08,0,,2023,12,8,4
Prague_3,2023-12-09,0,,2023,12,9,5
Prague_3,2023-12-10,0,,2023,12,10,6
Prague_3,2023-12-11,0,,2023,12,11,0
Prague_3,2023-12-12,0,,2023,12,12,1
Prague_3,2023-12-13,0,,2023,12,13,2
Prague_3,2023-12-14,0,,2023,12,14,3
Prague_3,2023-12-15,0,,2023,12,15,4
Prague_3,2023-12-16,0,,2023,12,16,5
Prague_3,2023-12-17,0,,2023,12,17,6
Prague_3,2023-12-18,0,,2023,12,18,0
Prague_3,2023-12-19,0,,2023,12,19,1
Prague_3,2023-12-20,0,,2023,12,20,2
Prague_3,2023-12-21,0,,2023,12,21,3
Prague_3,2023-12-22,0,,2023,12,22,4
Prague_3,2023-12-23,0,,2023,12,23,5
Prague_3,2023-12-24,1,Christmas Eve,2023,12,24,6
Prague_3,2023-12-25,1,1st Christmas Day,2023,12,25,0
Prague_3,2023-12-26,1,2nd Christmas Day,2023,12,26,1
Prague_3,2023-12-27,0,,2023,12,27,2
Prague_3,2023-12-28,0,,2023,12,28,3
Prague_3,2023-12-29,0,,2023,12,29,4
Prague_3,2023-12-30,0,,2023,12,30,5
Prague_3,2023-12-31,0,,2023,12,31,6
Prague_3,2024-01-01,1,New Years Day,2024,1,1,0
Prague_3,2024-01-02,0,,2024,1,2,1
Prague_3,2024-01-03,0,,2024,1,3,2
Prague_3,2024-01-04,0,,2024,1,4,3
Prague_3,2024-01-05,0,,2024,1,5,4
Prague_3,2024-01-06,0,,2024,1,6,5
Prague_3,2024-01-07,0,,2024,1,7,6
Prague_3,2024-01-08,0,,2024,1,8,0
Prague_3,2024-01-09,0,,2024,1,9,1
Prague_3,2024-01-10,0,,2024,1,10,2
Prague_3,2024-01-11,0,,2024,1,11,3
Prague_3,2024-01-12,0,,2024,1,12,4
Prague_3,2024-01-13,0,,2024,1,13,5
Prague_3,2024-01-14,0,,2024,1,14,6
Prague_3,2024-01-15,0,,2024,1,15,0
Prague_3,2024-01-16,0,,2024,1,16,1
Prague_3,2024-01-17,0,,2024,1,17,2
Prague_3,2024-01-18,0,,2024,1,18,3
Prague_3,2024-01-19,0,,2024,1,19,4
Prague_3,2024-01-20,0,,2024,1,20,5
Prague_3,2024-01-21,0,,2024,1,21,6
Prague_3,2024-01-22,0,,2024,1,22,0
Prague_3,2024-01-23,0,,2024,1,23,1
Prague_3,2024-01-24,0,,2024,1,24,2
Prague_3,2024-01-25,0,,2024,1,25,3
Prague_3,2024-01-26,0,,2024,1,26,4
Prague_3,2024-01-27,0,,2024,1,27,5
Prague_3,2024-01-28,0,,2024,1,28,6
Prague_3,2024-01-29,0,,2024,1,29,0
Prague_3,2024-01-30,0,,2024,1,30,1
Prague_3,2024-01-31,0,,2024,1,31,2
Prague_3,2024-02-01,0,,2024,2,1,3
Prague_3,2024-02-02,0,,2024,2,2,4
Prague_3,2024-02-03,0,,2024,2,3,5
Prague_3,2024-02-04,0,,2024,2,4,6
Prague_3,2024-02-05,0,,2024,2,5,0
Prague_3,2024-02-06,0,,2024,2,6,1
Prague_3,2024-02-07,0,,2024,2,7,2
Prague_3,2024-02-08,0,,2024,2,8,3
Prague_3,2024-02-09,0,,2024,2,9,4
Prague_3,2024-02-10,0,,2024,2,10,5
Prague_3,2024-02-11,0,,2024,2,11,6
Prague_3,2024-02-12,0,,2024,2,12,0
Prague_3,2024-02-13,0,,2024,2,13,1
Prague_3,2024-02-14,0,,2024,2,14,2
Prague_3,2024-02-15,0,,2024,2,15,3
Prague_3,2024-02-16,0,,2024,2,16,4
Prague_3,2024-02-17,0,,2024,2,17,5
Prague_3,2024-02-18,0,,2024,2,18,6
Prague_3,2024-02-19,0,,2024,2,19,0
Prague_3,2024-02-20,0,,2024,2,20,1
Prague_3,2024-02-21,0,,2024,2,21,2
Prague_3,2024-02-22,0,,2024,2,22,3
Prague_3,2024-02-23,0,,2024,2,23,4
Prague_3,2024-02-24,0,,2024,2,24,5
Prague_3,2024-02-25,0,,2024,2,25,6
Prague_3,2024-02-26,0,,2024,2,26,0
Prague_3,2024-02-27,0,,2024,2,27,1
Prague_3,2024-02-28,0,,2024,2,28,2
Prague_3,2024-02-29,0,,2024,2,29,3
Prague_3,2024-03-01,0,,2024,3,1,4
Prague_3,2024-03-02,0,,2024,3,2,5
Prague_3,2024-03-03,0,,2024,3,3,6
Prague_3,2024-03-04,0,,2024,3,4,0
Prague_3,2024-03-05,0,,2024,3,5,1
Prague_3,2024-03-06,0,,2024,3,6,2
Prague_3,2024-03-07,0,,2024,3,7,3
Prague_3,2024-03-08,1,International womens day,2024,3,8,4
Prague_3,2024-03-09,0,,2024,3,9,5
Prague_3,2024-03-10,0,,2024,3,10,6
Prague_3,2024-03-11,0,,2024,3,11,0
Prague_3,2024-03-12,0,,2024,3,12,1
Prague_3,2024-03-13,0,,2024,3,13,2
Prague_3,2024-03-14,0,,2024,3,14,3
Prague_3,2024-03-15,0,,2024,3,15,4
Prague_3,2024-03-16,0,,2024,3,16,5
Prague_3,2024-03-17,0,,2024,3,17,6
Prague_3,2024-03-18,0,,2024,3,18,0
Prague_3,2024-03-19,0,,2024,3,19,1
Prague_3,2024-03-20,0,,2024,3,20,2
Prague_3,2024-03-21,0,,2024,3,21,3
Prague_3,2024-03-22,0,,2024,3,22,4
Prague_3,2024-03-23,0,,2024,3,23,5
Prague_3,2024-03-24,0,,2024,3,24,6
Prague_3,2024-03-25,0,,2024,3,25,0
Prague_3,2024-03-26,0,,2024,3,26,1
Prague_3,2024-03-27,0,,2024,3,27,2
Prague_3,2024-03-28,0,,2024,3,28,3
Prague_3,2024-03-29,1,Good Friday,2024,3,29,4
Prague_3,2024-03-30,1,,2024,3,30,5
Prague_3,2024-03-31,1,Easter Day,2024,3,31,6
Prague_3,2024-04-01,1,Easter Monday,2024,4,1,0
Prague_3,2024-04-02,0,,2024,4,2,1
Prague_3,2024-04-03,0,,2024,4,3,2
Prague_3,2024-04-04,0,,2024,4,4,3
Prague_3,2024-04-05,0,,2024,4,5,4
Prague_3,2024-04-06,0,,2024,4,6,5
Prague_3,2024-04-07,1,Good Friday,2024,4,7,6
Prague_3,2024-04-08,1,Good Friday,2024,4,8,0
Prague_3,2024-04-09,1,Easter Day,2024,4,9,1
Prague_3,2024-04-10,1,Easter Monday,2024,4,10,2
Prague_3,2024-04-11,0,,2024,4,11,3
Prague_3,2024-04-12,0,,2024,4,12,4
Prague_3,2024-04-13,0,,2024,4,13,5
Prague_3,2024-04-14,0,,2024,4,14,6
Prague_3,2024-04-15,0,,2024,4,15,0
Prague_3,2024-04-16,0,,2024,4,16,1
Prague_3,2024-04-17,0,,2024,4,17,2
Prague_3,2024-04-18,0,,2024,4,18,3
Prague_3,2024-04-19,0,,2024,4,19,4
Prague_3,2024-04-20,0,,2024,4,20,5
Prague_3,2024-04-21,0,,2024,4,21,6
Prague_3,2024-04-22,0,,2024,4,22,0
Prague_3,2024-04-23,0,,2024,4,23,1
Prague_3,2024-04-24,0,,2024,4,24,2
Prague_3,2024-04-25,0,,2024,4,25,3
Prague_3,2024-04-26,0,,2024,4,26,4
Prague_3,2024-04-27,0,,2024,4,27,5
Prague_3,2024-04-28,0,,2024,4,28,6
Prague_3,2024-04-29,0,,2024,4,29,0
Prague_3,2024-04-30,0,,2024,4,30,1
Prague_3,2024-05-01,1,Labour Day,2024,5,1,2
Prague_3,2024-05-02,0,,2024,5,2,3
Prague_3,2024-05-03,0,,2024,5,3,4
Prague_3,2024-05-04,0,,2024,5,4,5
Prague_3,2024-05-05,0,,2024,5,5,6
Prague_3,2024-05-06,0,,2024,5,6,0
Prague_3,2024-05-07,0,,2024,5,7,1
Prague_3,2024-05-08,1,Den osvobozeni,2024,5,8,2
Prague_3,2024-05-09,0,,2024,5,9,3
Prague_3,2024-05-10,0,,2024,5,10,4
Prague_3,2024-05-11,0,,2024,5,11,5
Prague_3,2024-05-12,1,Mother's Day,2024,5,12,6
Prague_3,2024-05-13,0,,2024,5,13,0
Prague_3,2024-05-14,1,Mother's Day,2024,5,14,1
Prague_3,2024-05-15,0,,2024,5,15,2
Prague_3,2024-05-16,0,,2024,5,16,3
Prague_3,2024-05-17,0,,2024,5,17,4
Prague_3,2024-05-18,0,,2024,5,18,5
Prague_3,2024-05-19,0,,2024,5,19,6
Prague_3,2024-05-20,0,,2024,5,20,0
Prague_3,2024-05-21,0,,2024,5,21,1
Prague_3,2024-05-22,0,,2024,5,22,2
Prague_3,2024-05-23,0,,2024,5,23,3
Prague_3,2024-05-24,0,,2024,5,24,4
Prague_3,2024-05-25,0,,2024,5,25,5
Prague_3,2024-05-26,0,,2024,5,26,6
Prague_3,2024-05-27,0,,2024,5,27,0
Prague_3,2024-05-28,0,,2024,5,28,1
Prague_3,2024-05-29,0,,2024,5,29,2
Prague_3,2024-05-30,0,,2024,5,30,3
Prague_3,2024-05-31,0,,2024,5,31,4
Prague_3,2024-06-01,0,,2024,6,1,5
Prague_3,2024-06-02,0,,2024,6,2,6
Prague_3,2024-06-03,0,,2024,6,3,0
Prague_3,2024-06-04,0,,2024,6,4,1
Prague_3,2024-06-05,0,,2024,6,5,2
Prague_3,2024-06-06,0,,2024,6,6,3
Prague_3,2024-06-07,0,,2024,6,7,4
Prague_3,2024-06-08,0,,2024,6,8,5
Prague_3,2024-06-09,0,,2024,6,9,6
Prague_3,2024-06-10,0,,2024,6,10,0
Prague_3,2024-06-11,0,,2024,6,11,1
Prague_3,2024-06-12,0,,2024,6,12,2
Prague_3,2024-06-13,0,,2024,6,13,3
Prague_3,2024-06-14,0,,2024,6,14,4
Prague_3,2024-06-15,0,,2024,6,15,5
Prague_3,2024-06-16,0,,2024,6,16,6
Prague_3,2024-06-17,0,,2024,6,17,0
Prague_3,2024-06-18,0,,2024,6,18,1
Prague_3,2024-06-19,0,,2024,6,19,2
Prague_3,2024-06-20,0,,2024,6,20,3
Prague_3,2024-06-21,0,,2024,6,21,4
Prague_3,2024-06-22,0,,2024,6,22,5
Prague_3,2024-06-23,0,,2024,6,23,6
Prague_3,2024-06-24,0,,2024,6,24,0
Prague_3,2024-06-25,0,,2024,6,25,1
Prague_3,2024-06-26,0,,2024,6,26,2
Prague_3,2024-06-27,0,,2024,6,27,3
Prague_3,2024-06-28,0,,2024,6,28,4
Prague_3,2024-06-29,0,,2024,6,29,5
Prague_3,2024-06-30,0,,2024,6,30,6
Prague_3,2024-07-01,0,,2024,7,1,0
Prague_3,2024-07-02,0,,2024,7,2,1
Prague_3,2024-07-03,0,,2024,7,3,2
Prague_3,2024-07-04,0,,2024,7,4,3
Prague_3,2024-07-05,1,Cyrila a Metodej,2024,7,5,4
Prague_3,2024-07-06,1,Jan Hus,2024,7,6,5
Prague_3,2024-07-07,0,,2024,7,7,6
Prague_3,2024-07-08,0,,2024,7,8,0
Prague_3,2024-07-09,0,,2024,7,9,1
Prague_3,2024-07-10,0,,2024,7,10,2
Prague_3,2024-07-11,0,,2024,7,11,3
Prague_3,2024-07-12,0,,2024,7,12,4
Prague_3,2024-07-13,0,,2024,7,13,5
Prague_3,2024-07-14,0,,2024,7,14,6
Prague_3,2024-07-15,0,,2024,7,15,0
Prague_3,2024-07-16,0,,2024,7,16,1
Prague_3,2024-07-17,0,,2024,7,17,2
Prague_3,2024-07-18,0,,2024,7,18,3
Prague_3,2024-07-19,0,,2024,7,19,4
Prague_3,2024-07-20,0,,2024,7,20,5
Prague_3,2024-07-21,0,,2024,7,21,6
Prague_3,2024-07-22,0,,2024,7,22,0
Prague_3,2024-07-23,0,,2024,7,23,1
Prague_3,2024-07-24,0,,2024,7,24,2
Prague_3,2024-07-25,0,,2024,7,25,3
Prague_3,2024-07-26,0,,2024,7,26,4
Prague_3,2024-07-27,0,,2024,7,27,5
Prague_3,2024-07-28,0,,2024,7,28,6
Prague_3,2024-07-29,0,,2024,7,29,0
Prague_3,2024-07-30,0,,2024,7,30,1
Prague_3,2024-07-31,0,,2024,7,31,2
Prague_3,2024-08-01,0,,2024,8,1,3
Prague_3,2024-08-02,0,,2024,8,2,4
Prague_3,2024-08-03,0,,2024,8,3,5
Prague_3,2024-08-04,0,,2024,8,4,6
Prague_3,2024-08-05,0,,2024,8,5,0
Prague_3,2024-08-06,0,,2024,8,6,1
Prague_3,2024-08-07,0,,2024,8,7,2
Prague_3,2024-08-08,0,,2024,8,8,3
Prague_3,2024-08-09,0,,2024,8,9,4
Prague_3,2024-08-10,0,,2024,8,10,5
Prague_3,2024-08-11,0,,2024,8,11,6
Prague_3,2024-08-12,0,,2024,8,12,0
Prague_3,2024-08-13,0,,2024,8,13,1
Prague_3,2024-08-14,0,,2024,8,14,2
Prague_3,2024-08-15,0,,2024,8,15,3
Prague_3,2024-08-16,0,,2024,8,16,4
Prague_3,2024-08-17,0,,2024,8,17,5
Prague_3,2024-08-18,0,,2024,8,18,6
Prague_3,2024-08-19,0,,2024,8,19,0
Prague_3,2024-08-20,0,,2024,8,20,1
Prague_3,2024-08-21,0,,2024,8,21,2
Prague_3,2024-08-22,0,,2024,8,22,3
Prague_3,2024-08-23,0,,2024,8,23,4
Prague_3,2024-08-24,0,,2024,8,24,5
Prague_3,2024-08-25,0,,2024,8,25,6
Prague_3,2024-08-26,0,,2024,8,26,0
Prague_3,2024-08-27,0,,2024,8,27,1
Prague_3,2024-08-28,0,,2024,8,28,2
Prague_3,2024-08-29,0,,2024,8,29,3
Prague_3,2024-08-30,0,,2024,8,30,4
Prague_3,2024-08-31,0,,2024,8,31,5
Prague_3,2024-09-01,0,,2024,9,1,6
Prague_3,2024-09-02,0,,2024,9,2,0
Prague_3,2024-09-03,0,,2024,9,3,1
Prague_3,2024-09-04,0,,2024,9,4,2
Prague_3,2024-09-05,0,,2024,9,5,3
Prague_3,2024-09-06,0,,2024,9,6,4
Prague_3,2024-09-07,0,,2024,9,7,5
Prague_3,2024-09-08,0,,2024,9,8,6
Prague_3,2024-09-09,0,,2024,9,9,0
Prague_3,2024-09-10,0,,2024,9,10,1
Prague_3,2024-09-11,0,,2024,9,11,2
Prague_3,2024-09-12,0,,2024,9,12,3
Prague_3,2024-09-13,0,,2024,9,13,4
Prague_3,2024-09-14,0,,2024,9,14,5
Prague_3,2024-09-15,0,,2024,9,15,6
Prague_3,2024-09-16,0,,2024,9,16,0
Prague_3,2024-09-17,0,,2024,9,17,1
Prague_3,2024-09-18,0,,2024,9,18,2
Prague_3,2024-09-19,0,,2024,9,19,3
Prague_3,2024-09-20,0,,2024,9,20,4
Prague_3,2024-09-21,0,,2024,9,21,5
Prague_3,2024-09-22,0,,2024,9,22,6
Prague_3,2024-09-23,0,,2024,9,23,0
Prague_3,2024-09-24,0,,2024,9,24,1
Prague_3,2024-09-25,0,,2024,9,25,2
Prague_3,2024-09-26,0,,2024,9,26,3
Prague_3,2024-09-27,0,,2024,9,27,4
Prague_3,2024-09-28,1,Den ceske statnosti,2024,9,28,5
Prague_3,2024-09-29,0,,2024,9,29,6
Prague_3,2024-09-30,0,,2024,9,30,0
Prague_3,2024-10-01,0,,2024,10,1,1
Prague_3,2024-10-02,0,,2024,10,2,2
Prague_3,2024-10-03,0,,2024,10,3,3
Prague_3,2024-10-04,0,,2024,10,4,4
Prague_3,2024-10-05,0,,2024,10,5,5
Prague_3,2024-10-06,0,,2024,10,6,6
Prague_3,2024-10-07,0,,2024,10,7,0
Prague_3,2024-10-08,0,,2024,10,8,1
Prague_3,2024-10-09,0,,2024,10,9,2
Prague_3,2024-10-10,0,,2024,10,10,3
Prague_3,2024-10-11,0,,2024,10,11,4
Prague_3,2024-10-12,0,,2024,10,12,5
Prague_3,2024-10-13,0,,2024,10,13,6
Prague_3,2024-10-14,0,,2024,10,14,0
Prague_3,2024-10-15,0,,2024,10,15,1
Prague_3,2024-10-16,0,,2024,10,16,2
Prague_3,2024-10-17,0,,2024,10,17,3
Prague_3,2024-10-18,0,,2024,10,18,4
Prague_3,2024-10-19,0,,2024,10,19,5
Prague_3,2024-10-20,0,,2024,10,20,6
Prague_3,2024-10-21,0,,2024,10,21,0
Prague_3,2024-10-22,0,,2024,10,22,1
Prague_3,2024-10-23,0,,2024,10,23,2
Prague_3,2024-10-24,0,,2024,10,24,3
Prague_3,2024-10-25,0,,2024,10,25,4
Prague_3,2024-10-26,0,,2024,10,26,5
Prague_3,2024-10-27,0,,2024,10,27,6
Prague_3,2024-10-28,1,Den vzniku samostatneho ceskoslovenskeho statu,2024,10,28,0
Prague_3,2024-10-29,0,,2024,10,29,1
Prague_3,2024-10-30,0,,2024,10,30,2
Prague_3,2024-10-31,0,,2024,10,31,3
Prague_3,2024-11-01,0,,2024,11,1,4
Prague_3,2024-11-02,0,,2024,11,2,5
Prague_3,2024-11-03,0,,2024,11,3,6
Prague_3,2024-11-04,0,,2024,11,4,0
Prague_3,2024-11-05,0,,2024,11,5,1
Prague_3,2024-11-06,0,,2024,11,6,2
Prague_3,2024-11-07,0,,2024,11,7,3
Prague_3,2024-11-08,0,,2024,11,8,4
Prague_3,2024-11-09,0,,2024,11,9,5
Prague_3,2024-11-10,0,,2024,11,10,6
Prague_3,2024-11-11,0,,2024,11,11,0
Prague_3,2024-11-12,0,,2024,11,12,1
Prague_3,2024-11-13,0,,2024,11,13,2
Prague_3,2024-11-14,0,,2024,11,14,3
Prague_3,2024-11-15,0,,2024,11,15,4
Prague_3,2024-11-16,0,,2024,11,16,5
Prague_3,2024-11-17,1,Den boje za svobodu a demokracii,2024,11,17,6
Prague_3,2024-11-18,0,,2024,11,18,0
Prague_3,2024-11-19,0,,2024,11,19,1
Prague_3,2024-11-20,0,,2024,11,20,2
Prague_3,2024-11-21,0,,2024,11,21,3
Prague_3,2024-11-22,0,,2024,11,22,4
Prague_3,2024-11-23,0,,2024,11,23,5
Prague_3,2024-11-24,0,,2024,11,24,6
Prague_3,2024-11-25,0,,2024,11,25,0
Prague_3,2024-11-26,0,,2024,11,26,1
Prague_3,2024-11-27,0,,2024,11,27,2
Prague_3,2024-11-28,0,,2024,11,28,3
Prague_3,2024-11-29,0,,2024,11,29,4
Prague_3,2024-11-30,0,,2024,11,30,5
Prague_3,2024-12-01,0,,2024,12,1,6
Prague_3,2024-12-02,0,,2024,12,2,0
Prague_3,2024-12-03,0,,2024,12,3,1
Prague_3,2024-12-04,0,,2024,12,4,2
Prague_3,2024-12-05,0,,2024,12,5,3
Prague_3,2024-12-06,0,,2024,12,6,4
Prague_3,2024-12-07,0,,2024,12,7,5
Prague_3,2024-12-08,0,,2024,12,8,6
Prague_3,2024-12-09,0,,2024,12,9,0
Prague_3,2024-12-10,0,,2024,12,10,1
Prague_3,2024-12-11,0,,2024,12,11,2
Prague_3,2024-12-12,0,,2024,12,12,3
Prague_3,2024-12-13,0,,2024,12,13,4
Prague_3,2024-12-14,0,,2024,12,14,5
Prague_3,2024-12-15,0,,2024,12,15,6
Prague_3,2024-12-16,0,,2024,12,16,0
Prague_3,2024-12-17,0,,2024,12,17,1
Prague_3,2024-12-18,0,,2024,12,18,2
Prague_3,2024-12-19,0,,2024,12,19,3
Prague_3,2024-12-20,0,,2024,12,20,4
Prague_3,2024-12-21,0,,2024,12,21,5
Prague_3,2024-12-22,0,,2024,12,22,6
Prague_3,2024-12-23,0,,2024,12,23,0
Prague_3,2024-12-24,1,Christmas Eve,2024,12,24,1
Prague_3,2024-12-25,1,1st Christmas Day,2024,12,25,2
Prague_3,2024-12-26,1,2nd Christmas Day,2024,12,26,3
Prague_3,2024-12-27,0,,2024,12,27,4
Prague_3,2024-12-28,0,,2024,12,28,5
Prague_3,2024-12-29,0,,2024,12,29,6
Prague_3,2024-12-30,0,,2024,12,30,0
Prague_3,2024-12-31,0,,2024,12,31,1
