tree
version=v4
num_class=1
num_tree_per_iteration=1
label_index=0
max_feature_idx=55
objective=regression
feature_names=unique_id warehouse total_orders sell_price_main product_unique_id holiday_name shops_closed winter_school_holidays school_holidays year month day day_of_week new_years_day international_womens_day good_friday holy_saturday easter_day easter_monday labour_day mother's_day cyrila_a_metodej jan_hus den_ceske_statnosti den_vzniku_samostatneho_ceskoslovenskeho_statu den_boje_za_svobodu_a_demokracii christmas_eve 1st_christmas_day 2nd_christmas_day den_osvobozeni memorial_day_of_the_republic memorial_day_for_the_victims_of_the_communist_dictatorships memorial_day_for_the_victims_of_the_holocaust whit_sunday whit_monday national_defense_day day_of_national_unity independent_hungary_day state_foundation_day memorial_day_for_the_martyrs_of_arad memorial_day_of_the_1956_revolution all_saints_day hungary_national_day_holiday christmas_holiday 1848_revolution_memorial_day_(extra_holiday) all_saints'_day_holiday ascension_day corpus_christi german_unity_day reformation_day epiphany assumption_of_the_virgin_mary peace_festival_in_augsburg day_before_holiday day_after_holiday max_discount
feature_infos=[745:5033] -1:2:0:3:1 [1408:15986] [12.92:138.24000000000001] [388:2465] -1:2:11:9:10:12:16:8:0:3:13:5:15:17:6:1:14:4 none none none [2020:2024] [1:12] [1:31] [0:6] none none none none none none none none none none none none none none none none none none none none none none none none none none none none none none none none none none none none none none none none none none [0:0.60453000000000001]
tree_sizes=1406 1447 1445 1531 1447 1445 1444 1533 1446 1454 1451 1450 1448 1447 1448 1603 1448 1450 1446 1452 1451 1450 1601 1609 1453 1452 1609 1440 1449 1454 1447 1451 1353 1455 1452 1604 1600 1598 1459 1453 1532 1605 1697 1455 1448 1609 1444 1447 1529 1690 1693 1449 1693 1606 1451 1683 1452 1690 1527 1452 1449 1451 1447 1529 1449 1447 1192 1695 1441 1092 1443 1268 1686 1447 1276 1275 1689 1512 1449 1269 1690 1275 1523 1356 1443 1196 1452 1029 1450 1451 1457 1439 1194 1443 1022 1523 947 950 1522 950 1719 1634 1880 1284 1280 1279 1194 1279 1192 1195 1722 1192 1195 1725 1276 1615 1188 1192 1192 1272 1191 1275 1260 1346 1290 1186 1347 1276 1275 1192 1377 1622 1452 1189 1195 1336 1342 1339 1452 1365 1375 1341 1343 1365 1538 1339 1284 1534 1284 1340 1342 1373 1344 1359 1448 1254 1449 1173 1288 1280 1251 1445 1091 1362 1089 1091 1165 1342 1444 1175 1089 1368 1339 1361 1370 1283 1261 1548 1522 1370 1426 1290 1637 1176 1179 1167 1265 1170 1366 1366 1453 1528 1178 1264 1171 1431 1263 1176 1430 1179 1379 1378 1377 1455 1459 1456 1457 1455 1453 1545 1381 1458 1457 1386 1201 1270 1547 1378 1201 1203 1546 1201 1783 1442 1196 1458 1440 1354 1202 1454 1200 1380 1350 1203 1359 1442 1436 1438 1294 1796 1293 1438 1868 1803 1203 1527 1203 1203 1295 1533 1436 1200 1451 1274 1206 1611 1463 1442 1293 1207 1207 1798 1205 1371 1204 1384 1207 1530 1898 1191 1379 1209 1193 1463 1208 1204 1363 1468 1623 1201 1360 1299 1474 1365 1368 1356 1206 1540 1472 1468 1379 1634 1200 1209 1543 1276 1197 1187 1363 1205

Tree=0
num_leaves=15
num_cat=1
split_feature=1 10 2 9 2 4 10 4 2 9 2 4 4 2
split_gain=2.36377e+07 4.45204e+06 2.3435e+06 1.12784e+06 1.04798e+06 623114 360392 233302 157654 76873.3 60766.4 50456.9 12399.4 7134.2
threshold=0 10.500000000000002 8861.5000000000018 2022.5000000000002 8925.5000000000018 2298.5000000000005 4.5000000000000009 1828.5000000000002 7892.5000000000009 2022.5000000000002 5299.5000000000009 464.00000000000006 2370.5000000000005 5893.5000000000009
decision_type=1 2 2 2 2 2 2 2 2 2 2 2 2 2
left_child=1 4 5 -4 6 7 -1 11 -8 -9 12 -2 -7 -12
right_child=2 -3 3 -5 -6 10 8 9 -10 -11 13 -13 -14 -15
leaf_value=63.672760346434167 62.657613325513182 64.723886281305127 63.474462152676665 62.753755300398517 64.04841920565832 62.386517803338414 63.232047265889733 62.856167498641199 63.496456283478963 62.671557442704746 62.48505182624092 62.57837849675451 62.44664630143069 62.535799101122926
leaf_weight=534 1367 427 453 419 393 871 525 608 397 360 596 1962 568 520
leaf_count=534 1367 427 453 419 393 871 525 608 397 360 596 1962 568 520
internal_value=62.904 63.7985 62.6396 63.1282 63.5896 62.5771 63.4658 62.6507 63.3459 62.7875 62.4533 62.6109 62.4103 62.5087
internal_weight=0 2276 7724 872 1849 6852 1456 4297 922 968 2555 3329 1439 1116
internal_count=10000 2276 7724 872 1849 6852 1456 4297 922 968 2555 3329 1439 1116
cat_boundaries=0 1
cat_threshold=1
is_linear=0
shrinkage=1


Tree=1
num_leaves=15
num_cat=1
split_feature=1 2 2 2 0 10 0 2 10 2 0 2 0 10
split_gain=2.31668e+07 4.39199e+06 2.29681e+06 856287 610699 440345 228654 187152 77253.7 59555.6 49451.5 16866.1 12152.3 7067.69
threshold=0 9330.5000000000018 8861.5000000000018 8356.5000000000018 4684.5000000000009 3.5000000000000004 3699.5000000000005 7489.5000000000009 4.5000000000000009 5299.5000000000009 892.50000000000011 5340.5000000000009 4837.0000000000009 6.5000000000000009
decision_type=1 2 2 2 2 2 2 2 2 2 2 2 2 2
left_child=1 3 4 7 6 -4 10 -1 -5 12 -2 -8 -6 -11
right_child=2 -3 5 8 9 -7 11 -9 -10 13 -12 -13 -14 -15
leaf_value=0.37047321806871858 -0.24393562994159262 1.8957839991197976 0.49277537184339248 0.85510153392964916 -0.51231687006392546 0.035015335512076626 -0.06760016480374445 0.63029230498433841 1.0578963832542161 -0.36914939081371706 -0.32237713528199086 -0.15192655902693475 -0.45279039783178382 -0.419943561544736
leaf_weight=464 1367 365 356 365 871 516 420 693 389 628 1962 548 568 488
leaf_count=464 1367 365 356 365 871 516 420 693 389 628 1962 548 568 488
internal_value=0 0.885515 -0.261739 0.697188 -0.323669 0.221899 -0.250782 0.526095 0.959726 -0.446251 -0.290166 -0.115339 -0.488821 -0.39136
internal_weight=0 2276 7724 1911 6852 872 4297 1157 754 2555 3329 968 1439 1116
internal_count=10000 2276 7724 1911 6852 872 4297 1157 754 2555 3329 968 1439 1116
cat_boundaries=0 1
cat_threshold=1
is_linear=0
shrinkage=0.0100123


Tree=2
num_leaves=15
num_cat=1
split_feature=1 2 2 9 2 0 0 2 9 9 2 0 0 2
split_gain=2.27052e+07 4.30448e+06 2.25104e+06 1.1051e+06 839226 598531 224098 183423 154386 74978.2 58369 48466.2 11910.2 6970.97
threshold=0 9330.5000000000018 8861.5000000000018 2022.5000000000002 8356.5000000000018 4684.5000000000009 3699.5000000000005 7489.5000000000009 2022.5000000000002 2022.5000000000002 5299.5000000000009 892.50000000000011 4837.0000000000009 5893.5000000000009
decision_type=1 2 2 2 2 2 2 2 2 2 2 2 2 2
left_child=1 4 5 -4 7 6 11 -1 -6 -8 12 -2 -7 -12
right_child=2 -3 3 -5 8 10 9 -9 -10 -11 13 -13 -14 -15
leaf_value=0.366763932739053 -0.24149327949393584 1.8768028720865961 0.56247191808987462 -0.15093356241494077 1.0956845488463498 -0.50718741497021791 -0.046378769195850808 0.62398164181887406 0.80911113123749745 -0.2286991125827903 -0.41081567495748533 -0.3191494066285448 -0.44825693032761832 -0.36065228068662347
leaf_weight=464 1367 365 453 419 371 871 608 693 383 360 596 1962 568 520
leaf_count=464 1367 365 453 419 371 871 608 693 383 360 596 1962 568 520
internal_value=0 0.876649 -0.259118 0.219677 0.690207 -0.320429 -0.248271 0.520828 0.950117 -0.114184 -0.441783 -0.287261 -0.483926 -0.387442
internal_weight=0 2276 7724 872 1911 6852 4297 1157 754 968 2555 3329 1439 1116
internal_count=10000 2276 7724 872 1911 6852 4297 1157 754 968 2555 3329 1439 1116
cat_boundaries=0 1
cat_threshold=1
is_linear=0
shrinkage=0.0100123


Tree=3
num_leaves=16
num_cat=1
split_feature=1 2 2 3 2 0 0 3 9 3 3 2 2 3 3
split_gain=2.22528e+07 4.21872e+06 2.20619e+06 2.43285e+06 822505 586606 219633 214540 151310 82823.4 71936.4 57206.1 51256.4 11874.7 7738.59
threshold=0 9330.5000000000018 8861.5000000000018 82.840000000000018 8356.5000000000018 4684.5000000000009 3699.5000000000005 32.195000000000007 2022.5000000000002 364.29000000000008 506.41000000000003 5299.5000000000009 7565.5000000000009 163.77500000000003 477.64500000000004
decision_type=1 2 2 2 2 2 2 2 2 2 2 2 2 2 2
left_child=1 4 5 -4 7 6 10 -1 -6 -8 -2 13 -9 -7 -13
right_child=2 -3 3 -5 8 11 9 12 -10 -11 -12 14 -14 -15 -16
leaf_value=0.31193128550795335 -0.25974012165589888 1.8580118109030042 0.79863437532612702 -0.26377340982715319 1.08471424771358 -0.52535554161027365 -0.0083573703692749086 0.51741861606202466 0.80101008279893859 -0.19497501770698356 -0.37228185286688042 -0.41883717018459071 0.67876286151344534 -0.4612045698427874 -0.3638565640665799
leaf_weight=358 2600 365 395 477 371 401 425 356 383 543 729 400 443 1038 716
leaf_count=358 2600 365 395 477 371 401 425 356 383 543 729 400 443 1038 716
internal_value=0 0.867872 -0.256524 0.217478 0.683297 -0.317221 -0.245786 0.515613 0.940605 -0.113041 -0.284385 -0.43736 0.606875 -0.479081 -0.383563
internal_weight=0 2276 7724 872 1911 6852 4297 1157 754 968 3329 2555 799 1439 1116
internal_count=10000 2276 7724 872 1911 6852 4297 1157 754 968 3329 2555 799 1439 1116
cat_boundaries=0 1
cat_threshold=1
is_linear=0
shrinkage=0.0100123


Tree=4
num_leaves=15
num_cat=1
split_feature=1 2 2 3 2 0 0 2 0 3 3 2 3 3
split_gain=2.18094e+07 4.13466e+06 2.16224e+06 2.38438e+06 807060 574918 215257 175301 133445 81173.2 70503.1 56066.3 11638.1 7584.41
threshold=0 9330.5000000000018 8861.5000000000018 82.840000000000018 8128.5000000000009 4684.5000000000009 3699.5000000000005 8630.5000000000018 2230.5000000000005 364.29000000000008 506.41000000000003 5299.5000000000009 163.77500000000003 477.64500000000004
decision_type=1 2 2 2 2 2 2 2 2 2 2 2 2 2
left_child=1 4 5 -4 8 6 10 -6 -1 -8 -2 12 -7 -13
right_child=2 -3 3 -5 7 11 9 -9 -10 -11 -12 13 -14 -15
leaf_value=0.34336543106364625 -0.25713953424986147 1.8394088542775886 0.79063824947586925 -0.26113243665204278 0.7478995337572375 -0.52009553797021402 -0.0082736935785216407 1.0183861743629032 0.58113841896593876 -0.19302287103861662 -0.36855446155148319 -0.41464365538389164 -0.45658686172951785 -0.36021353002441747
leaf_weight=446 2600 365 395 477 488 401 425 473 504 543 729 400 1038 716
leaf_count=446 2600 365 395 477 488 401 425 473 504 543 729 400 1038 716
internal_value=0 0.859182 -0.253955 0.2153 0.676455 -0.314044 -0.243325 0.881032 0.46951 -0.111909 -0.281538 -0.432981 -0.474285 -0.379723
internal_weight=0 2276 7724 872 1911 6852 4297 961 950 968 3329 2555 1439 1116
internal_count=10000 2276 7724 872 1911 6852 4297 961 950 968 3329 2555 1439 1116
cat_boundaries=0 1
cat_threshold=1
is_linear=0
shrinkage=0.0100123


Tree=5
num_leaves=15
num_cat=1
split_feature=1 2 2 3 2 4 4 2 4 3 3 2 3 3
split_gain=2.13749e+07 4.05228e+06 2.1192e+06 2.39245e+06 790980 555365 200462 171808 130786 71834.4 68732.5 54943.6 11438.6 7445.16
threshold=0 9330.5000000000018 8819.5000000000018 82.840000000000018 8128.5000000000009 2298.5000000000005 1828.5000000000002 8630.5000000000018 1119.0000000000002 364.29000000000008 506.41000000000003 5299.5000000000009 447.78500000000003 477.64500000000004
decision_type=1 2 2 2 2 2 2 2 2 2 2 2 2 2
left_child=1 4 5 -4 8 6 10 -6 -1 -8 -2 12 -7 -13
right_child=2 -3 3 -5 7 11 9 -9 -10 -11 -12 13 -14 -15
leaf_value=0.3399275648677752 -0.25484993760119251 1.8209921849697528 0.78216491103488994 -0.25809662127461819 0.74041135840820771 -0.49233167086789265 -0.017534551386555117 1.0081898081224152 0.57531990434839719 -0.19151686026593884 -0.36501396654728024 -0.41049212828087051 -0.43457967230222366 -0.35655048040818377
leaf_weight=446 2579 365 400 497 488 871 424 473 504 542 728 400 568 715
leaf_count=446 2579 365 400 497 488 871 424 473 504 542 728 400 568 715
internal_value=0 0.85058 -0.251413 0.205788 0.669683 -0.311853 -0.242037 0.872211 0.464809 -0.115152 -0.279101 -0.428658 -0.469536 -0.375902
internal_weight=0 2276 7724 897 1911 6827 4273 961 950 966 3307 2554 1439 1115
internal_count=10000 2276 7724 897 1911 6827 4273 961 950 966 3307 2554 1439 1115
cat_boundaries=0 1
cat_threshold=1
is_linear=0
shrinkage=0.0100123


Tree=6
num_leaves=15
num_cat=1
split_feature=1 10 3 10 10 0 0 3 3 10 9 3 10 3
split_gain=2.0949e+07 4.2559e+06 1.93844e+06 722008 600236 533584 146479 117176 73664.6 48833.3 45523 44275.2 11449 4050.56
threshold=0 10.500000000000002 30.445000000000004 5.5000000000000009 5.5000000000000009 4684.5000000000009 4512.0000000000009 40.180000000000007 506.41000000000003 8.5000000000000018 2022.5000000000002 477.64500000000004 6.5000000000000009 163.77500000000003
decision_type=1 2 2 2 2 2 2 2 2 2 2 2 2 2
left_child=1 3 4 7 -2 6 8 -1 -4 -5 -8 13 -13 -7
right_child=2 -3 5 9 -6 11 10 -9 -10 -11 -12 12 -14 -15
leaf_value=0.90242127307385767 0.4759650630620747 1.7467060217176476 -0.24680140859394528 0.32163792713038186 -0.030024514122287627 -0.48062080623543574 -0.078055577196528905 0.69247174530479816 -0.36121241704666224 0.48067982961186811 -0.22060519821883301 -0.338861036361915 -0.40621420225854404 -0.44628607532627396
leaf_weight=580 380 427 2483 369 616 518 597 493 730 407 360 505 507 1028
leaf_count=580 380 427 2483 369 616 518 597 493 730 407 360 505 507 1028
internal_value=0 0.842064 -0.248895 0.637704 0.163024 -0.310245 -0.24041 0.805958 -0.272796 0.405053 -0.131679 -0.424089 -0.372604 -0.45779
internal_weight=0 2276 7724 1849 996 6728 4170 1073 3213 776 957 2558 1012 1546
internal_count=10000 2276 7724 1849 996 6728 4170 1073 3213 776 957 2558 1012 1546
cat_boundaries=0 1
cat_threshold=1
is_linear=0
shrinkage=0.0100123


Tree=7
num_leaves=16
num_cat=1
split_feature=1 2 2 3 2 4 3 4 9 12 3 3 2 3 3
split_gain=2.05316e+07 3.94579e+06 2.07003e+06 2.33712e+06 770330 528863 203562 195447 147174 73219.7 69574.6 64366.2 53319.4 11109.1 7051.73
threshold=0 9330.5000000000018 8819.5000000000018 82.840000000000018 8356.5000000000018 2298.5000000000005 32.195000000000007 1828.5000000000002 2022.5000000000002 4.5000000000000009 364.29000000000008 506.41000000000003 5299.5000000000009 163.77500000000003 477.64500000000004
decision_type=1 2 2 2 2 2 2 2 2 2 2 2 2 2 2
left_child=1 4 5 -4 6 7 -1 11 -6 -8 -9 -2 13 -7 -14
right_child=2 -3 3 -5 8 12 9 10 -10 -11 -12 -13 14 -15 -16
leaf_value=0.29442285106914423 -0.25113528310784478 1.7911843216700083 0.77513854807481097 -0.25302425677335533 1.0462423854885212 -0.50514672843304587 0.67118143690883947 -0.016648558130849984 0.76644280389901176 0.4790338797329306 -0.18787247461470799 -0.35774278210139859 -0.40181327461783539 -0.4430981471524843 -0.34931619776707451
leaf_weight=358 2579 365 400 497 371 401 427 424 383 372 542 728 400 1038 715
leaf_count=358 2579 365 400 497 371 401 427 424 383 372 542 728 400 1038 715
internal_value=0 0.833633 -0.246403 0.205465 0.655103 -0.306135 0.492825 -0.238006 0.904116 0.581721 -0.112718 -0.274604 -0.42012 -0.460389 -0.368149
internal_weight=0 2276 7724 897 1911 6827 1157 4273 754 799 966 3307 2554 1439 1115
internal_count=10000 2276 7724 897 1911 6827 1157 4273 754 799 966 3307 2554 1439 1115
cat_boundaries=0 1
cat_threshold=1
is_linear=0
shrinkage=0.0100123


Tree=8
num_leaves=15
num_cat=1
split_feature=1 10 2 3 2 0 10 0 2 3 3 2 0 3
split_gain=2.01226e+07 4.14984e+06 2.02879e+06 2.29056e+06 855541 518326 244056 191553 162120 68188.4 63083.8 52257 10920.8 6911.23
threshold=0 10.500000000000002 8819.5000000000018 82.840000000000018 8497.5000000000018 4684.5000000000009 6.5000000000000009 3699.5000000000005 9004.5000000000018 364.29000000000008 506.41000000000003 5299.5000000000009 4837.0000000000009 477.64500000000004
decision_type=1 2 2 2 2 2 2 2 2 2 2 2 2 2
left_child=1 4 5 -4 6 7 -1 10 -6 -9 -2 12 -7 -13
right_child=2 -3 3 -5 8 11 -8 9 -10 -11 -12 13 -14 -15
leaf_value=0.59003772563945267 -0.24862084351753858 1.7185580589301201 0.76737764216098758 -0.25049090904308102 0.74414293422215905 -0.47805326345131066 0.29404463754758342 -0.016481868614448131 1.042825298040954 -0.18599144073072008 -0.3541609661922967 -0.39779020855469766 -0.42162357543370027 -0.34581874714959882
leaf_weight=589 2579 427 400 497 372 871 531 424 357 542 728 400 568 715
leaf_count=589 2579 427 400 497 372 871 531 424 357 542 728 400 568 715
internal_value=0 0.825286 -0.243936 0.203408 0.623461 -0.30307 0.449705 -0.235623 0.890411 -0.11159 -0.271854 -0.415913 -0.455779 -0.364463
internal_weight=0 2276 7724 897 1849 6827 1120 4273 729 966 3307 2554 1439 1115
internal_count=10000 2276 7724 897 1849 6827 1120 4273 729 966 3307 2554 1439 1115
cat_boundaries=0 1
cat_threshold=1
is_linear=0
shrinkage=0.0100123


Tree=9
num_leaves=15
num_cat=1
split_feature=1 10 2 3 2 0 10 0 2 3 3 2 3 2
split_gain=1.97216e+07 4.06716e+06 1.98836e+06 2.24492e+06 838495 507998 239193 187736 158890 66829.8 61826.9 51215.8 10778.4 6780.66
threshold=0 10.500000000000002 8819.5000000000018 82.840000000000018 8497.5000000000018 4684.5000000000009 6.5000000000000009 3699.5000000000005 9004.5000000000018 364.29000000000008 506.41000000000003 5299.5000000000009 163.77500000000003 5893.5000000000009
decision_type=1 2 2 2 2 2 2 2 2 2 2 2 2 2
left_child=1 4 5 -4 6 7 -1 10 -6 -9 -2 12 -7 -13
right_child=2 -3 3 -5 8 11 -8 9 -10 -11 -12 13 -14 -15
leaf_value=0.58413010324513914 -0.24613158806103544 1.7013513646475007 0.75969446066924207 -0.24798292421661913 0.73669236140800209 -0.49530265559838699 0.29110058194433158 -0.016316845194583884 1.0323842373365169 -0.18412924252465493 -0.35061500777023785 -0.38385462041217494 -0.43418449180417812 -0.33435525383655001
leaf_weight=589 2579 427 400 497 372 401 531 424 357 542 728 596 1038 519
leaf_count=589 2579 427 400 497 372 401 531 424 357 542 728 596 1038 519
internal_value=0 0.817023 -0.241494 0.201372 0.617219 -0.300036 0.445203 -0.233264 0.881496 -0.110472 -0.269132 -0.411749 -0.451216 -0.360814
internal_weight=0 2276 7724 897 1849 6827 1120 4273 729 966 3307 2554 1439 1115
internal_count=10000 2276 7724 897 1849 6827 1120 4273 729 966 3307 2554 1439 1115
cat_boundaries=0 1
cat_threshold=1
is_linear=0
shrinkage=0.0100123


Tree=10
num_leaves=15
num_cat=1
split_feature=1 10 2 2 0 10 10 0 2 2 0 2 0 10
split_gain=1.93287e+07 3.98613e+06 1.94875e+06 821788 497877 449256 234427 183996 155724 50195.4 42106.6 16780.5 10595.5 6693.23
threshold=0 10.500000000000002 8819.5000000000018 8497.5000000000018 4684.5000000000009 3.5000000000000004 6.5000000000000009 3699.5000000000005 9004.5000000000018 5299.5000000000009 892.50000000000011 5340.5000000000009 4837.0000000000009 6.5000000000000009
decision_type=1 2 2 2 2 2 2 2 2 2 2 2 2 2
left_child=1 3 4 6 7 -4 -1 10 -5 12 -2 -9 -6 -11
right_child=2 -3 5 8 9 -7 -8 11 -10 13 -12 -13 -14 -15
leaf_value=0.57828163177736625 -0.22387724667690903 1.6843169733349839 0.47112499410533359 0.72931639510284896 -0.46863795577860995 0.014613055271368023 0.28818600203846401 -0.061787006161379464 1.0220477274228554 -0.33559933305642226 -0.29642770678384256 -0.14596589335811569 -0.41305498516792899 -0.38505818224490385
leaf_weight=589 1367 427 363 372 871 534 531 420 357 628 1940 546 568 487
leaf_count=589 1367 427 363 372 871 534 531 420 357 628 1940 546 568 487
internal_value=0 0.808843 -0.239076 0.611039 -0.297032 0.199355 0.440745 -0.230929 0.87267 -0.407627 -0.266438 -0.109366 -0.446698 -0.357202
internal_weight=0 2276 7724 1849 6827 897 1120 4273 729 2554 3307 966 1439 1115
internal_count=10000 2276 7724 1849 6827 897 1120 4273 729 2554 3307 966 1439 1115
cat_boundaries=0 1
cat_threshold=1
is_linear=0
shrinkage=0.0100123


Tree=11
num_leaves=15
num_cat=1
split_feature=1 10 3 10 10 0 0 3 3 10 9 3 10 3
split_gain=1.89436e+07 3.9067e+06 1.8593e+06 660556 574163 467201 137981 114334 62084.4 47363.6 42137.1 40752.7 10812.7 3658.8
threshold=0 10.500000000000002 30.445000000000004 5.5000000000000009 5.5000000000000009 4684.5000000000009 4512.0000000000009 40.180000000000007 506.41000000000003 8.5000000000000018 2022.5000000000002 477.64500000000004 6.5000000000000009 163.77500000000003
decision_type=1 2 2 2 2 2 2 2 2 2 2 2 2 2
left_child=1 3 4 7 -2 6 8 -1 -4 -5 -8 13 -13 -7
right_child=2 -3 5 9 -6 11 10 -9 -10 -11 -12 12 -14 -15
leaf_value=0.86114230555459281 0.4728186096769556 1.6674531178558656 -0.23897903591506786 0.30024137006677393 -0.022059259345865497 -0.45731593710376756 -0.074290406256129704 0.65375469866404257 -0.34401303236765857 0.45687157638881915 -0.21143625099571906 -0.32109825806330117 -0.38655299178565466 -0.42468378048344857
leaf_weight=580 380 427 2483 369 616 518 597 493 730 407 360 505 507 1028
leaf_count=580 380 427 2483 369 616 518 597 493 730 407 360 505 507 1028
internal_value=0 0.800744 -0.236682 0.604921 0.16675 -0.296757 -0.231411 0.765856 -0.262843 0.382391 -0.125881 -0.403284 -0.35389 -0.435617
internal_weight=0 2276 7724 1849 996 6728 4170 1073 3213 776 957 2558 1012 1546
internal_count=10000 2276 7724 1849 996 6728 4170 1073 3213 776 957 2558 1012 1546
cat_boundaries=0 1
cat_threshold=1
is_linear=0
shrinkage=0.0100123


Tree=12
num_leaves=15
num_cat=1
split_feature=1 10 2 3 2 4 10 4 2 3 3 2 3 3
split_gain=1.85661e+07 3.82887e+06 1.90411e+06 2.1426e+06 799235 481131 225299 189392 151859 71594.9 57681.7 48742.4 9718.75 8409.73
threshold=0 10.500000000000002 8861.5000000000018 82.840000000000018 8497.5000000000018 2298.5000000000005 6.5000000000000009 1828.5000000000002 9004.5000000000018 364.29000000000008 506.41000000000003 5131.5000000000009 477.64500000000004 163.77500000000003
decision_type=1 2 2 2 2 2 2 2 2 2 2 2 2 2
left_child=1 4 5 -4 6 7 -1 10 -6 -9 -2 13 -13 -7
right_child=2 -3 3 -5 8 11 -8 9 -10 -11 -12 12 -14 -15
leaf_value=0.56575587557921159 -0.23977638879373295 1.650758098009744 0.7514370898456959 -0.24558412116240003 0.71531708283000961 -0.48323550341706928 0.28136419868806151 -0.0054044298614701241 1.004392475314791 -0.17891148053934572 -0.34055271871264015 -0.39000824742552853 -0.33300368029092631 -0.42660920678624781
leaf_weight=589 2600 427 395 477 372 367 531 425 357 543 729 491 770 927
leaf_count=589 2600 427 395 477 372 367 531 425 357 543 729 491 770 927
internal_value=0 0.792727 -0.234313 0.206048 0.598865 -0.290696 0.430924 -0.226001 0.856881 -0.102733 -0.261845 -0.399499 -0.3552 -0.442669
internal_weight=0 2276 7724 872 1849 6852 1120 4297 729 968 3329 2555 1261 1294
internal_count=10000 2276 7724 872 1849 6852 1120 4297 729 968 3329 2555 1261 1294
cat_boundaries=0 1
cat_threshold=1
is_linear=0
shrinkage=0.0100123


Tree=13
num_leaves=15
num_cat=1
split_feature=1 10 2 2 0 10 10 0 2 2 0 2 0 2
split_gain=1.81962e+07 3.75258e+06 1.86626e+06 783818 464533 437822 307928 175756 124229 47808.3 37652.7 15837.6 10102.2 6591.21
threshold=0 10.500000000000002 8819.5000000000018 8925.5000000000018 4684.5000000000009 3.5000000000000004 4.5000000000000009 3699.5000000000005 7892.5000000000009 5299.5000000000009 892.50000000000011 5340.5000000000009 4837.0000000000009 5893.5000000000009
decision_type=1 2 2 2 2 2 2 2 2 2 2 2 2 2
left_child=1 3 4 6 7 -4 -1 10 -8 12 -2 -9 -6 -11
right_child=2 -3 5 -5 9 -7 8 11 -10 13 -12 -13 -14 -15
leaf_value=0.67709390714508233 -0.21928699233102883 1.6342302566044367 0.46537688116400455 0.9896548082629687 -0.45506131846535691 0.014711763462950842 0.27389461035548629 -0.059796210057174233 0.5086068256945061 -0.36901207290474897 -0.28789308388507717 -0.14157586048289716 -0.4007876905316437 -0.32020910333651054
leaf_weight=534 1367 427 363 393 871 534 525 420 397 596 1940 546 568 519
leaf_count=534 1367 427 363 393 871 534 525 420 397 596 1940 546 568 519
internal_value=0 0.78479 -0.231967 0.592869 -0.28868 0.197088 0.485769 -0.224829 0.374958 -0.395507 -0.259534 -0.106019 -0.433639 -0.346296
internal_weight=0 2276 7724 1849 6827 897 1456 4273 922 2554 3307 966 1439 1115
internal_count=10000 2276 7724 1849 6827 897 1456 4273 922 2554 3307 966 1439 1115
cat_boundaries=0 1
cat_threshold=1
is_linear=0
shrinkage=0.0100123


Tree=14
num_leaves=15
num_cat=1
split_feature=1 2 2 3 2 0 0 2 0 3 3 2 3 3
split_gain=1.78337e+07 3.65849e+06 1.82943e+06 2.10038e+06 698047 462104 182058 149316 114557 69807.1 56089.2 46898.7 9468.46 8157.93
threshold=0 9330.5000000000018 8861.5000000000018 82.840000000000018 8128.5000000000009 4684.5000000000009 3699.5000000000005 8630.5000000000018 2230.5000000000005 364.29000000000008 506.41000000000003 5131.5000000000009 477.64500000000004 163.77500000000003
decision_type=1 2 2 2 2 2 2 2 2 2 2 2 2 2
left_child=1 4 5 -4 8 6 10 -6 -1 -8 -2 13 -13 -7
right_child=2 -3 3 -5 7 11 9 -9 -10 -11 -12 12 -14 -15
leaf_value=0.29557341239895452 -0.23488925306366643 1.6988509051234262 0.7419841376908779 -0.24516446047862478 0.67230132119216257 -0.47384101560295433 -0.0045443629511633969 0.92193769770998646 0.51587729006699157 -0.17587142340638251 -0.33426470403282593 -0.38244479061486969 -0.32617904746920734 -0.41806891071799523
leaf_weight=446 2600 365 395 477 488 367 425 473 504 543 729 491 770 927
leaf_count=446 2600 365 395 477 488 367 425 473 504 543 729 491 770 927
internal_value=0 0.776933 -0.229644 0.201996 0.604912 -0.284911 -0.221508 0.795171 0.41245 -0.10065 -0.256651 -0.391541 -0.348087 -0.433887
internal_weight=0 2276 7724 872 1911 6852 4297 961 950 968 3329 2555 1261 1294
internal_count=10000 2276 7724 872 1911 6852 4297 961 950 968 3329 2555 1261 1294
cat_boundaries=0 1
cat_threshold=1
is_linear=0
shrinkage=0.0100123


Tree=15
num_leaves=17
num_cat=0
split_feature=2 0 2 0 2 2 9 0 9 2 2 9 0 0 2 2
split_gain=1.34907e+07 1.06007e+07 5.68385e+06 780708 773865 347734 119924 86411.7 50143.1 44626.4 24716.8 18702 8753.74 7146.05 4365.94 1393.33
threshold=7423.5000000000009 1356.5000000000002 9525.0000000000018 4684.5000000000009 8630.5000000000018 6684.0000000000009 2022.5000000000002 3699.5000000000005 2021.5000000000002 5131.5000000000009 5360.5000000000009 2022.5000000000002 4837.0000000000009 4837.0000000000009 5893.5000000000009 4276.0000000000009
decision_type=2 2 2 2 2 2 2 2 2 2 2 2 2 2 2 2
left_child=3 11 4 5 6 7 -3 8 -1 13 -9 -2 -11 15 -14 -5
right_child=1 2 -4 9 -6 -7 -8 10 -10 12 -12 -13 14 -15 -16 -17
leaf_value=-0.17910578877572753 -0.26708867227328392 0.65399934000152438 2.0766370405421815 -0.46138987368445422 1.0145899923473456 0.076286426834353674 0.43840606102023866 -0.059432663833184719 -0.26312936137940512 -0.38620325479940287 -0.16424809356823339 -0.18426497940088477 -0.34680271188411471 -0.39940361643740141 -0.30116769835178214 -0.4350222609323432
leaf_weight=1253 665 586 383 393 580 518 463 427 1649 371 478 464 513 490 356 411
leaf_count=1253 665 586 383 393 580 518 463 427 1649 371 478 464 513 490 356 411
internal_value=0 0.543434 0.979145 -0.248859 0.72111 -0.167096 0.558842 -0.200212 -0.22685 -0.388412 -0.114794 -0.23305 -0.345489 -0.429543 -0.328108 -0.447911
internal_weight=0 3141 2012 6859 1629 4325 1049 3807 2902 2534 905 1129 1240 1294 869 804
internal_count=10000 3141 2012 6859 1629 4325 1049 3807 2902 2534 905 1129 1240 1294 869 804
is_linear=0
shrinkage=0.0100123


Tree=16
num_leaves=15
num_cat=1
split_feature=1 10 3 10 10 0 3 3 0 3 3 3 10 0
split_gain=1.71388e+07 3.63813e+06 1.77165e+06 601711 546396 410219 198558 195205 128941 54285.4 37202.5 34522.5 10314.8 3345.45
threshold=0 10.500000000000002 30.445000000000004 4.5000000000000009 5.5000000000000009 4684.5000000000009 31.535000000000004 38.995000000000012 4512.0000000000009 506.41000000000003 477.64500000000004 364.29000000000008 6.5000000000000009 4837.0000000000009
decision_type=1 2 2 2 2 2 2 2 2 2 2 2 2 2
left_child=1 3 4 7 -2 8 -5 -1 9 -4 13 -10 -12 -7
right_child=2 -3 5 6 -6 10 -8 -9 11 -11 12 -13 -14 -15
leaf_value=0.92814378673987008 0.4672662860718384 1.5979832652167052 -0.2305980008574765 0.21728910304638943 -0.015496930101393965 -0.42261598793524918 0.5112817546909797 0.62206758114576344 -0.051643987772646054 -0.3288134609232497 -0.30435779387905781 -0.17302202816608592 -0.36828761476670613 -0.38783554728473557
leaf_weight=408 380 427 2483 354 616 1184 659 428 414 730 505 543 507 362
leaf_count=408 380 427 2483 354 616 1184 659 428 414 730 505 543 507 362
internal_value=0 0.761645 -0.225126 0.572624 0.16869 -0.28376 0.408544 0.771444 -0.222528 -0.252913 -0.383579 -0.120514 -0.336386 -0.414472
internal_weight=0 2276 7724 1849 996 6728 1013 836 4170 3213 2558 957 1012 1546
internal_count=10000 2276 7724 1849 996 6728 1013 836 4170 3213 2558 957 1012 1546
cat_boundaries=0 1
cat_threshold=1
is_linear=0
shrinkage=0.0100123


Tree=17
num_leaves=15
num_cat=1
split_feature=1 10 3 10 10 0 3 3 0 3 9 3 10 3
split_gain=1.67973e+07 3.56564e+06 1.73635e+06 589723 535509 402046 194601 191316 126372 53203.8 39005.7 36461.3 10109.3 3286.17
threshold=0 10.500000000000002 30.445000000000004 4.5000000000000009 5.5000000000000009 4684.5000000000009 31.535000000000004 38.995000000000012 4512.0000000000009 506.41000000000003 2022.5000000000002 477.64500000000004 6.5000000000000009 163.77500000000003
decision_type=1 2 2 2 2 2 2 2 2 2 2 2 2 2
left_child=1 3 4 7 -2 8 -5 -1 9 -4 -10 13 -13 -7
right_child=2 -3 5 6 -6 11 -8 -9 10 -11 -12 12 -14 -15
leaf_value=0.91885095129992322 0.46258786893184473 1.581983807749834 -0.22828918881535454 0.21511354315845196 -0.015341767366936074 -0.43088610801942406 0.50616265887055101 0.61583926360376051 -0.069670063357734638 -0.32552128733012992 -0.20162169417922982 -0.30131047706113717 -0.36460021317628788 -0.39996030050874087
leaf_weight=408 380 427 2483 354 616 518 659 428 597 730 360 505 507 1028
leaf_count=408 380 427 2483 354 616 518 659 428 597 730 360 505 507 1028
internal_value=0 0.75402 -0.222872 0.566891 0.167001 -0.280919 0.404453 0.763721 -0.2203 -0.250381 -0.119307 -0.379739 -0.333018 -0.410322
internal_weight=0 2276 7724 1849 996 6728 1013 836 4170 3213 957 2558 1012 1546
internal_count=10000 2276 7724 1849 996 6728 1013 836 4170 3213 957 2558 1012 1546
cat_boundaries=0 1
cat_threshold=1
is_linear=0
shrinkage=0.0100123


Tree=18
num_leaves=15
num_cat=1
split_feature=1 10 2 3 2 0 10 0 2 3 3 2 3 2
split_gain=1.64626e+07 3.4946e+06 1.75836e+06 2.06705e+06 705660 410968 207697 164567 130982 59436 49796.1 44100.7 9474.91 6240.5
threshold=0 10.500000000000002 8819.5000000000018 82.840000000000018 8497.5000000000018 4684.5000000000009 6.5000000000000009 3699.5000000000005 9004.5000000000018 364.29000000000008 506.41000000000003 5299.5000000000009 163.77500000000003 5893.5000000000009
decision_type=1 2 2 2 2 2 2 2 2 2 2 2 2 2
left_child=1 4 5 -4 6 7 -1 10 -6 -9 -2 12 -7 -13
right_child=2 -3 3 -5 8 11 -8 9 -10 -11 -12 13 -14 -15
leaf_value=0.53286952750093364 -0.22856656198923894 1.5661445288494398 0.73158071550607473 -0.23535221134920542 0.6721838806024103 -0.4541210855904409 0.25981343160567305 -0.0118669183566214 0.94065434934865466 -0.17012420966606404 -0.32233490703066353 -0.35100222360780925 -0.39681773731660053 -0.30351539836437896
leaf_weight=589 2579 427 400 497 372 401 531 424 357 542 728 596 1038 519
leaf_count=589 2579 427 400 497 372 401 531 424 357 542 728 596 1038 519
internal_value=0 0.74647 -0.22064 0.195833 0.561215 -0.275684 0.403412 -0.215626 0.803657 -0.100661 -0.249209 -0.376163 -0.412786 -0.328898
internal_weight=0 2276 7724 897 1849 6827 1120 4273 729 966 3307 2554 1439 1115
internal_count=10000 2276 7724 897 1849 6827 1120 4273 729 966 3307 2554 1439 1115
cat_boundaries=0 1
cat_threshold=1
is_linear=0
shrinkage=0.0100123


Tree=19
num_leaves=15
num_cat=1
split_feature=1 2 2 3 2 0 12 0 2 3 3 2 3 3
split_gain=1.61346e+07 3.4208e+06 1.72333e+06 2.02586e+06 648965 402779 162643 161288 147342 58251.8 48803.9 43292.3 8548.11 7557.19
threshold=0 9330.5000000000018 8819.5000000000018 82.840000000000018 8330.5000000000018 4684.5000000000009 2.5000000000000004 3699.5000000000005 7489.5000000000009 364.29000000000008 506.41000000000003 5131.5000000000009 477.64500000000004 163.77500000000003
decision_type=1 2 2 2 2 2 2 2 2 2 2 2 2 2
left_child=1 4 5 -4 8 7 -6 10 -1 -9 -2 13 -13 -7
right_child=2 -3 3 -5 6 11 -8 9 -10 -11 -12 12 -14 -15
leaf_value=0.28186817470855691 -0.22627808871429847 1.6304104969143465 0.72425594911182611 -0.23299579957832353 0.66025591558380803 -0.45152880650883254 0.94952198951698175 -0.011748101726837476 0.51448554998907514 -0.16842087449855828 -0.31910759701329322 -0.36325936468138992 -0.30978455461807342 -0.39784944502438635
leaf_weight=464 2579 365 400 497 422 367 362 424 663 542 728 491 769 927
leaf_count=464 2579 365 400 497 422 367 362 424 663 542 728 491 769 927
internal_value=0 0.738996 -0.218431 0.193872 0.572604 -0.272924 0.79382 -0.213468 0.418714 -0.0996535 -0.246713 -0.372397 -0.330623 -0.413074
internal_weight=0 2276 7724 897 1911 6827 784 4273 1127 966 3307 2554 1260 1294
internal_count=10000 2276 7724 897 1911 6827 784 4273 1127 966 3307 2554 1260 1294
cat_boundaries=0 1
cat_threshold=1
is_linear=0
shrinkage=0.0100123


Tree=20
num_leaves=15
num_cat=1
split_feature=1 10 2 3 2 0 10 0 2 3 3 2 3 3
split_gain=1.58131e+07 3.4092e+06 1.68899e+06 1.9855e+06 671162 394754 202282 158074 123112 57091.2 47831.6 42429.7 8377.79 7406.62
threshold=0 10.500000000000002 8819.5000000000018 82.840000000000018 8497.5000000000018 4684.5000000000009 6.5000000000000009 3699.5000000000005 9004.5000000000018 364.29000000000008 506.41000000000003 5131.5000000000009 477.64500000000004 163.77500000000003
decision_type=1 2 2 2 2 2 2 2 2 2 2 2 2 2
left_child=1 4 5 -4 6 7 -1 10 -6 -9 -2 13 -13 -7
right_child=2 -3 3 -5 8 11 -8 9 -10 -11 -12 12 -14 -15
leaf_value=0.52245648192047189 -0.22401252959222662 1.5411687279798296 0.71700448705790842 -0.23066298478853417 0.6575740842558615 -0.44700797250361973 0.25298293713791353 -0.011630478157503458 0.91785415825298233 -0.16673459847413774 -0.31591260774279378 -0.35962230932712047 -0.30668290662318559 -0.39386606525175766
leaf_weight=589 2579 427 400 497 372 367 531 424 357 542 728 491 769 927
leaf_count=589 2579 427 400 497 372 367 531 424 357 542 728 491 769 927
internal_value=0 0.731597 -0.216244 0.191931 0.548595 -0.270191 0.394697 -0.21133 0.785036 -0.0986558 -0.244243 -0.368669 -0.327312 -0.408938
internal_weight=0 2276 7724 897 1849 6827 1120 4273 729 966 3307 2554 1260 1294
internal_count=10000 2276 7724 897 1849 6827 1120 4273 729 966 3307 2554 1260 1294
cat_boundaries=0 1
cat_threshold=1
is_linear=0
shrinkage=0.0100123


Tree=21
num_leaves=15
num_cat=1
split_feature=1 2 3 2 2 0 12 2 0 3 2 3 0 2
split_gain=1.54981e+07 3.32088e+06 1.6735e+06 2.42723e+06 627157 361445 158829 143632 120200 45861.9 42069.5 30762.3 8956.27 6264.69
threshold=0 9330.5000000000018 30.445000000000004 4739.5000000000009 8330.5000000000018 4684.5000000000009 2.5000000000000004 7489.5000000000009 4512.0000000000009 506.41000000000003 5299.5000000000009 364.29000000000008 4837.0000000000009 5893.5000000000009
decision_type=1 2 2 2 2 2 2 2 2 2 2 2 2 2
left_child=1 4 3 -2 7 8 -6 -1 9 -4 12 -10 -7 -12
right_child=2 -3 5 -5 6 10 -8 -9 11 -11 13 -13 -14 -15
leaf_value=0.27391678002404468 -0.19834434697603667 1.6025541529153988 -0.22240948122954046 0.83429579921444352 0.64578956169489699 -0.42073424349294275 0.93164421276393683 0.50358741140242513 -0.050076468485054405 -0.31268385439166158 -0.34090448488801178 -0.16465365903780446 -0.36963156413107351 -0.29342305417719222
leaf_weight=464 642 365 2483 354 422 871 362 663 414 730 596 543 568 523
leaf_count=464 642 365 2483 354 422 871 362 663 414 730 596 543 568 523
internal_value=0 0.724272 -0.214079 0.168678 0.560311 -0.27106 0.777779 0.409029 -0.213583 -0.24292 -0.364757 -0.115087 -0.400563 -0.318713
internal_weight=0 2276 7724 996 1911 6728 784 1127 4170 3213 2558 957 1439 1119
internal_count=10000 2276 7724 996 1911 6728 784 1127 4170 3213 2558 957 1439 1119
cat_boundaries=0 1
cat_threshold=1
is_linear=0
shrinkage=0.0100123


Tree=22
num_leaves=17
num_cat=0
split_feature=2 3 2 0 2 2 3 3 0 2 2 3 3 2 2 2
split_gain=1.19141e+07 9.89093e+06 5.26672e+06 658385 583192 303628 155541 113124 85458.8 84549 39722 8550.97 7184.6 2643.34 2584.08 2494.26
threshold=7423.5000000000009 70.170000000000002 9473.0000000000018 4684.5000000000009 8630.5000000000018 6684.0000000000009 82.840000000000018 506.41000000000003 1356.5000000000002 8128.5000000000009 5131.5000000000009 477.64500000000004 163.77500000000003 4493.0000000000009 8819.5000000000018 5844.5000000000009
decision_type=2 2 2 2 2 2 2 2 2 2 2 2 2 2 2 2
left_child=3 2 4 5 9 7 -3 8 -1 -2 12 -12 -5 -14 -8 -13
right_child=1 6 -4 10 -6 -7 14 -9 -10 -11 11 15 13 -15 -16 -17
leaf_value=-0.22238408476375238 0.47635974563648614 -0.0084571439044913484 2.048236840870937 -0.43831989701908047 0.98128998174008342 0.068643883533079861 -0.26142890727169921 -0.31079395048711445 -0.11783735041374838 0.66482497838431742 -0.35438476941115238 -0.31787328635973028 -0.40163868177873729 -0.36772484656386767 -0.22611849909533768 -0.28146397936728512
leaf_weight=1431 503 436 370 367 524 518 357 643 1733 454 484 395 499 428 497 361
leaf_count=1431 503 436 370 367 524 518 357 643 1733 454 484 395 499 428 497 361
internal_value=0 0.510692 0.979732 -0.233866 0.712786 -0.158781 -0.162324 -0.189725 -0.165121 0.565767 -0.36202 -0.321525 -0.400825 -0.385981 -0.240879 -0.300487
internal_weight=0 3141 1851 6859 1481 4325 1290 3807 3164 957 2534 1240 1294 927 854 756
internal_count=10000 3141 1851 6859 1481 4325 1290 3807 3164 957 2534 1240 1294 927 854 756
is_linear=0
shrinkage=0.0100123


Tree=23
num_leaves=17
num_cat=0
split_feature=2 3 2 4 2 2 3 3 4 2 2 3 10 3 10 2
split_gain=1.16767e+07 9.69386e+06 5.16179e+06 645267 571572 297579 152442 110870 83756.1 82864.4 38930.6 8380.6 8204.77 7041.46 4840.17 2590.67
threshold=7423.5000000000009 70.170000000000002 9473.0000000000018 2298.5000000000005 8630.5000000000018 6684.0000000000009 82.840000000000018 506.41000000000003 693.50000000000011 8128.5000000000009 5131.5000000000009 477.64500000000004 4.5000000000000009 163.77500000000003 5.5000000000000009 4493.0000000000009
decision_type=2 2 2 2 2 2 2 2 2 2 2 2 2 2 2 2
left_child=3 2 4 5 9 7 -3 8 -1 -2 13 -12 -8 -5 -13 -15
right_child=1 6 -4 10 -6 -7 12 -9 -10 -11 11 14 -14 15 -16 -17
leaf_value=-0.22015751351917318 0.47159030250534939 -0.0083724675395219789 2.0277293400068412 -0.43393131387152267 0.97146503408142137 0.067956600283057306 -0.20167396578362881 -0.30768219688988468 -0.11665752792497314 0.65816856001644397 -0.35083657301470617 -0.27274104596081777 -0.26464352684876907 -0.39761736044705853 -0.32342327127143017 -0.36404308563365656
leaf_weight=1431 503 436 370 367 524 518 355 643 1733 454 484 387 499 499 369 428
leaf_count=1431 503 436 370 367 524 518 355 643 1733 454 484 387 499 499 369 428
internal_value=0 0.505579 0.969922 -0.231524 0.705649 -0.157191 -0.160699 -0.187826 -0.163468 0.560103 -0.358395 -0.318306 -0.238468 -0.396812 -0.297479 -0.382116
internal_weight=0 3141 1851 6859 1481 4325 1290 3807 3164 957 2534 1240 854 1294 756 927
internal_count=10000 3141 1851 6859 1481 4325 1290 3807 3164 957 2534 1240 854 1294 756 927
is_linear=0
shrinkage=0.0100123


Tree=24
num_leaves=15
num_cat=1
split_feature=1 2 2 9 2 0 0 2 9 9 2 0 0 2
split_gain=1.46082e+07 3.10661e+06 1.59361e+06 1.13079e+06 582013 358811 149717 136504 131508 53828.4 39274.6 28221.1 8558.24 5876.44
threshold=0 9330.5000000000018 8819.5000000000018 2022.5000000000002 8356.5000000000018 4684.5000000000009 3699.5000000000005 7489.5000000000009 2022.5000000000002 2022.5000000000002 5299.5000000000009 892.50000000000011 4837.0000000000009 5893.5000000000009
decision_type=1 2 2 2 2 2 2 2 2 2 2 2 2 2
left_child=1 4 5 -4 7 6 11 -1 -6 -8 12 -2 -7 -12
right_child=2 -3 3 -5 8 10 9 -9 -10 -11 13 -13 -14 -15
leaf_value=0.27063760822056976 -0.20131132854618494 1.5526571917641723 0.52823885646204694 -0.18348478603830357 0.89539461695653078 -0.40840641129658051 -0.036989512365738726 0.4925322317468005 0.63090517952271696 -0.19165229171275983 -0.33097323767426107 -0.26070659150259679 -0.35845218354909847 -0.28489234611860614
leaf_weight=464 1367 365 469 428 371 871 607 693 383 359 596 1940 568 519
leaf_count=464 1367 365 469 428 371 871 607 693 383 359 596 1940 568 519
internal_value=0 0.703171 -0.207842 0.188643 0.544599 -0.26024 -0.204123 0.403544 0.761045 -0.0944677 -0.354128 -0.236155 -0.388689 -0.309524
internal_weight=0 2276 7724 897 1911 6827 4273 1157 754 966 2554 3307 1439 1115
internal_count=10000 2276 7724 897 1911 6827 4273 1157 754 966 2554 3307 1439 1115
cat_boundaries=0 1
cat_threshold=1
is_linear=0
shrinkage=0.0100123


Tree=25
num_leaves=15
num_cat=1
split_feature=1 10 3 2 2 4 10 4 2 3 2 9 3 2
split_gain=1.43171e+07 3.25993e+06 1.59243e+06 2.30347e+06 573447 326326 191351 114038 102179 42051.6 38892.6 35231.9 8450.79 5914.05
threshold=0 10.500000000000002 30.445000000000004 4739.5000000000009 8497.5000000000018 2298.5000000000005 6.5000000000000009 2220.5000000000005 9004.5000000000018 513.00500000000011 5299.5000000000009 2022.5000000000002 163.77500000000003 5893.5000000000009
decision_type=1 2 2 2 2 2 2 2 2 2 2 2 2 2
left_child=1 4 3 -2 6 7 -1 9 -6 -4 12 -9 -7 -12
right_child=2 -3 5 -5 8 10 -8 11 -10 -11 13 -13 -14 -15
leaf_value=0.4990997071914352 -0.18992945534094444 1.4876959451025973 -0.21875094006608928 0.81604056909344036 0.61952587380188295 -0.42383399993974297 0.23700837920652806 -0.063614728804873469 0.85664833088792003 -0.31457076917547955 -0.32765944219310844 -0.18902081344428109 -0.36971608557277941 -0.28152592826706202
leaf_weight=589 642 427 2658 354 372 401 531 597 357 555 596 360 1038 523
leaf_count=589 642 427 2658 354 372 401 531 597 357 555 596 360 1038 523
internal_value=0 0.696131 -0.205761 0.167614 0.517095 -0.26134 0.37484 -0.206727 0.735648 -0.235302 -0.35037 -0.110789 -0.384797 -0.306097
internal_weight=0 2276 7724 996 1849 6728 1120 4170 729 3213 2558 957 1439 1119
internal_count=10000 2276 7724 996 1849 6728 1120 4170 729 3213 2558 957 1439 1119
cat_boundaries=0 1
cat_threshold=1
is_linear=0
shrinkage=0.0100123


Tree=26
num_leaves=17
num_cat=0
split_feature=2 3 2 0 2 2 3 3 0 2 2 3 10 3 10 2
split_gain=1.10435e+07 9.23196e+06 4.98049e+06 602378 544484 281678 145987 103777 81397.6 78542.3 36784.1 8124.34 7964.89 6685.94 4694.62 2524.56
threshold=7423.5000000000009 70.170000000000002 9473.0000000000018 4684.5000000000009 8630.5000000000018 6684.0000000000009 82.840000000000018 506.41000000000003 1356.5000000000002 8128.5000000000009 5131.5000000000009 477.64500000000004 4.5000000000000009 163.77500000000003 5.5000000000000009 4493.0000000000009
decision_type=2 2 2 2 2 2 2 2 2 2 2 2 2 2 2 2
left_child=3 2 4 5 9 7 -3 8 -1 -2 13 -12 -8 -5 -13 -15
right_child=1 6 -4 10 -6 -7 12 -9 -10 -11 11 14 -14 15 -16 -17
leaf_value=-0.21546378344921879 0.45700595480161388 -0.0094647742040293425 1.9838896988791306 -0.42125405047026926 0.94467521744677307 0.065711044692549458 -0.19838369031868688 -0.29910286682050541 -0.11343142624701931 0.63865317914200403 -0.34080222516365155 -0.26390361518395922 -0.26042590847937286 -0.38606603627018699 -0.31381794057420831 -0.35292292224806132
leaf_weight=1431 503 436 370 367 524 518 355 643 1733 454 484 387 499 499 369 428
leaf_count=1431 503 436 370 367 524 518 355 643 1733 454 484 387 499 499 369 428
internal_value=0 0.49168 0.944825 -0.225159 0.685235 -0.153339 -0.158531 -0.183144 -0.159578 0.543179 -0.347741 -0.308772 -0.234636 -0.385084 -0.288267 -0.370764
internal_weight=0 3141 1851 6859 1481 4325 1290 3807 3164 957 2534 1240 854 1294 756 927
internal_count=10000 3141 1851 6859 1481 4325 1290 3807 3164 957 2534 1240 854 1294 756 927
is_linear=0
shrinkage=0.0100123


Tree=27
num_leaves=15
num_cat=1
split_feature=1 3 3 3 9 4 9 11 4 3 9 3 3 9
split_gain=1.376e+07 1.54193e+06 495176 802122 627390 311485 279810 117665 110486 40443.8 34635.3 30957.1 2897.99 1638.23
threshold=0 30.445000000000004 31.020000000000007 47.405000000000008 2021.5000000000002 2298.5000000000005 2021.5000000000002 14.500000000000002 2220.5000000000005 513.00500000000011 2022.5000000000002 477.64500000000004 447.78500000000003 2022.5000000000002
decision_type=1 2 2 2 2 2 2 2 2 2 2 2 2 2
left_child=2 6 -1 4 -4 8 -2 -6 9 -3 -10 12 -7 -13
right_child=1 5 3 -5 7 11 -8 -9 10 -11 -12 13 -14 -15
leaf_value=0.44409406529174206 0.012721172408034553 -0.21494623553315884 1.2137892403658643 0.39598389071392298 0.61280589200673075 -0.37914993442093897 0.34979526778391329 0.85434453216142381 -0.061846177336107082 -0.30891640988667818 -0.18618599485286297 -0.31317929303969771 -0.34677894437051021 -0.28770082252681617
leaf_weight=620 544 2658 428 417 384 1184 452 427 597 555 360 502 362 510
leaf_count=620 544 2658 428 417 384 1184 452 427 597 555 360 502 362 510
internal_value=0 -0.201718 0.682453 0.775815 0.903652 -0.256408 0.165691 0.739979 -0.203052 -0.231178 -0.10862 -0.34339 -0.37157 -0.300339
internal_weight=0 7724 2276 1656 1239 6728 996 811 4170 3213 957 2558 1546 1012
internal_count=10000 7724 2276 1656 1239 6728 996 811 4170 3213 957 2558 1546 1012
cat_boundaries=0 1
cat_threshold=1
is_linear=0
shrinkage=0.0100123


Tree=28
num_leaves=15
num_cat=1
split_feature=1 2 2 3 2 4 12 4 2 3 3 2 3 3
split_gain=1.34859e+07 2.94938e+06 1.5245e+06 1.83438e+06 549893 324004 152563 143137 121869 53057.1 39288 36718.6 7366.21 6483.18
threshold=0 9330.5000000000018 8819.5000000000018 82.840000000000018 8330.5000000000018 2298.5000000000005 2.5000000000000004 1828.5000000000002 7489.5000000000009 364.29000000000008 513.00500000000011 5131.5000000000009 477.64500000000004 163.77500000000003
decision_type=1 2 2 2 2 2 2 2 2 2 2 2 2 2
left_child=1 4 5 -4 8 7 -6 10 -1 -9 -2 13 -13 -7
right_child=2 -3 3 -5 6 11 -8 9 -10 -11 -12 12 -14 -15
leaf_value=0.25495853134936597 -0.21347333211013603 1.5032888366271107 0.69279517851706796 -0.21809441572388719 0.59534406545194118 -0.41324018264775053 0.87550298924486791 -0.0065046972986291798 0.4665150512754731 -0.15602856210374663 -0.30595067323094516 -0.33198531615519122 -0.28234478744033359 -0.36352130285827355
leaf_weight=464 2754 365 400 497 422 367 362 424 663 542 553 491 769 927
leaf_count=464 2754 365 400 497 422 367 362 424 663 542 553 491 769 927
internal_value=0 0.67562 -0.199698 0.188099 0.521071 -0.250944 0.724703 -0.197618 0.379415 -0.090399 -0.228937 -0.340161 -0.301689 -0.377622
internal_weight=0 2276 7724 897 1911 6827 784 4273 1127 966 3307 2554 1260 1294
internal_count=10000 2276 7724 897 1911 6827 784 4273 1127 966 3307 2554 1260 1294
cat_boundaries=0 1
cat_threshold=1
is_linear=0
shrinkage=0.0100123


Tree=29
num_leaves=15
num_cat=1
split_feature=1 10 3 2 2 4 10 4 3 3 2 9 3 2
split_gain=1.32172e+07 3.15214e+06 1.50325e+06 2.20836e+06 526124 296412 183494 107230 96632.9 38054.7 36371.5 33374.1 7934.52 5734.67
threshold=0 10.500000000000002 30.445000000000004 4739.5000000000009 8497.5000000000018 2298.5000000000005 6.5000000000000009 2220.5000000000005 35.270000000000003 513.00500000000011 5299.5000000000009 2022.5000000000002 447.78500000000003 5893.5000000000009
decision_type=1 2 2 2 2 2 2 2 2 2 2 2 2 2
left_child=1 4 3 -2 6 7 -1 9 -6 -4 12 -9 -7 -12
right_child=2 -3 5 -5 8 10 -8 11 -10 -11 13 -13 -14 -15
leaf_value=0.47815899963660596 -0.18501048627528388 1.4471556077613341 -0.21161093561475497 0.79997056436721359 0.81593637908700822 -0.38882608642669991 0.22150516928245609 -0.060702925580701332 0.58537064008475426 -0.30276335709271185 -0.31496690526122784 -0.18275792116379919 -0.34072660867408022 -0.26953843879523731
leaf_weight=589 642 427 2658 354 369 871 531 597 360 555 596 360 568 523
leaf_count=589 642 427 2658 354 369 871 531 597 360 555 596 360 568 523
internal_value=0 0.668856 -0.197699 0.165073 0.492736 -0.251697 0.356478 -0.199647 0.702077 -0.227356 -0.336548 -0.106617 -0.36984 -0.293734
internal_weight=0 2276 7724 996 1849 6728 1120 4170 729 3213 2558 957 1439 1119
internal_count=10000 2276 7724 996 1849 6728 1120 4170 729 3213 2558 957 1439 1119
cat_boundaries=0 1
cat_threshold=1
is_linear=0
shrinkage=0.0100123


Tree=30
num_leaves=15
num_cat=1
split_feature=1 10 2 9 2 0 10 0 2 9 2 0 2 0
split_gain=1.29538e+07 3.08934e+06 1.48488e+06 1.08936e+06 516470 308750 246194 139234 84203 49458.8 35330.1 21551 7051.72 5625.47
threshold=0 10.500000000000002 8819.5000000000018 2022.5000000000002 8925.5000000000018 4684.5000000000009 4.5000000000000009 3699.5000000000005 7892.5000000000009 2022.5000000000002 5131.5000000000009 892.50000000000011 5893.5000000000009 4837.0000000000009
decision_type=1 2 2 2 2 2 2 2 2 2 2 2 2 2
left_child=1 4 5 -4 6 7 -1 11 -8 -9 13 -2 -12 -7
right_child=2 -3 3 -5 -6 10 8 9 -10 -11 12 -13 -14 -15
leaf_value=0.57194064004599643 -0.19467829068525694 1.4326662800630101 0.5203232847859165 -0.17823970688202206 0.8098882889003689 -0.38642815725705354 0.21857920589076282 -0.03339474965730696 0.41181484192102635 -0.181647063149773 -0.3154697917536296 -0.24658200548799206 -0.26734453402539499 -0.34339002553388265
leaf_weight=534 1367 427 469 428 393 804 525 607 397 359 741 1940 519 490
leaf_count=534 1367 427 469 428 393 804 525 607 397 359 741 1940 519 490
internal_value=0 0.662159 -0.19572 0.187007 0.487803 -0.246293 0.400866 -0.194237 0.301784 -0.0884906 -0.333385 -0.225127 -0.295647 -0.370131
internal_weight=0 2276 7724 897 1849 6827 1456 4273 922 966 2554 3307 1260 1294
internal_count=10000 2276 7724 897 1849 6827 1456 4273 922 966 2554 3307 1260 1294
cat_boundaries=0 1
cat_threshold=1
is_linear=0
shrinkage=0.0100123


Tree=31
num_leaves=15
num_cat=1
split_feature=1 10 2 9 2 0 10 0 2 9 2 0 2 0
split_gain=1.26957e+07 3.02778e+06 1.45582e+06 1.09505e+06 506674 307657 177205 145072 89754.3 52343 34602 20761.3 6874.92 5513.39
threshold=0 10.500000000000002 8861.5000000000018 2022.5000000000002 8497.5000000000018 4684.5000000000009 6.5000000000000009 3699.5000000000005 9004.5000000000018 2022.5000000000002 5131.5000000000009 892.50000000000011 5893.5000000000009 4837.0000000000009
decision_type=1 2 2 2 2 2 2 2 2 2 2 2 2 2
left_child=1 4 5 -4 6 7 -1 11 -6 -9 13 -2 -12 -7
right_child=2 -3 3 -5 8 10 -8 9 -10 -11 12 -13 -14 -15
leaf_value=0.46878058033024284 -0.19272911799184941 1.418322030220871 0.53253632503135939 -0.17761763320194818 0.57952057680761693 -0.38255912999136116 0.21656331798742023 -0.026775469465975185 0.80175879810402373 -0.17910948528084195 -0.31231122025448993 -0.24355479694846341 -0.26481999368562809 -0.3399519100759254
leaf_weight=589 1367 427 453 419 372 804 531 608 357 360 741 1962 520 490
leaf_count=589 1367 427 453 419 372 804 531 608 357 360 741 1962 520 490
internal_value=0 0.655529 -0.19376 0.191304 0.482919 -0.243047 0.349203 -0.191314 0.688353 -0.0834286 -0.330052 -0.222684 -0.292727 -0.366425
internal_weight=0 2276 7724 872 1849 6852 1120 4297 729 968 2555 3329 1261 1294
internal_count=10000 2276 7724 872 1849 6852 1120 4297 729 968 2555 3329 1261 1294
cat_boundaries=0 1
cat_threshold=1
is_linear=0
shrinkage=0.0100123


Tree=32
num_leaves=14
num_cat=2
split_feature=1 10 3 10 10 3 3 1 3 3 3 55 9
split_gain=1.24428e+07 2.96746e+06 1.45889e+06 470186 456711 180283 175235 70031.3 118248 108479 94480 34919.2 5308.63
threshold=0 10.500000000000002 30.445000000000004 5.5000000000000009 4.5000000000000009 31.535000000000004 38.995000000000012 1 115.58000000000001 447.78500000000003 191.13000000000002 0.15595000000000001 2022.5000000000002
decision_type=1 2 2 2 2 2 2 1 2 2 2 2 2
left_child=1 4 3 -2 6 -6 -1 9 -9 10 -4 -11 -10
right_child=2 -3 7 -5 5 -7 -8 8 12 11 -12 -13 -14
leaf_value=0.79976681910254122 0.44253585773114051 1.4041214024171491 -0.23043316580747833 -0.0052960754995644921 0.15289251016198863 0.43302953583251846 0.5097687569822279 -0.17740444092961302 -0.37931430747414024 -0.2818509463284089 -0.10192801037204037 -0.17693720482947689 -0.33649009615270736
leaf_weight=408 380 427 1317 616 354 659 428 501 675 2342 1016 368 509
leaf_count=408 380 427 1317 616 354 659 428 501 675 2342 1016 368 509
internal_value=0 0.648966 -0.19182 0.165563 0.478083 0.335134 0.651299 -0.245012 -0.304537 -0.224074 -0.17447 -0.267604 -0.360904
internal_weight=0 2276 7724 996 1849 1013 836 6728 1685 5043 2333 2710 1184
internal_count=10000 2276 7724 996 1849 1013 836 6728 1685 5043 2333 2710 1184
cat_boundaries=0 1 2
cat_threshold=1 6
is_linear=0
shrinkage=0.0100123


Tree=33
num_leaves=15
num_cat=1
split_feature=1 10 3 2 2 0 10 0 2 3 2 9 3 10
split_gain=1.21949e+07 2.90833e+06 1.42982e+06 2.1385e+06 492973 269528 232592 102041 81371.3 34833.9 33863.7 30235.2 7474.52 5567.88
threshold=0 10.500000000000002 30.445000000000004 4739.5000000000009 8925.5000000000018 4684.5000000000009 4.5000000000000009 4512.0000000000009 7892.5000000000009 513.00500000000011 5299.5000000000009 2022.5000000000002 163.77500000000003 6.5000000000000009
decision_type=1 2 2 2 2 2 2 2 2 2 2 2 2 2
left_child=1 4 3 -2 6 7 -1 9 -8 -4 12 -9 -7 -12
right_child=2 -3 5 -5 -6 10 8 11 -10 -11 13 -13 -14 -15
leaf_value=0.55464239882211186 -0.18059648698997924 1.3900629433962399 -0.20489118567624998 0.7886812260822269 0.78797029638189586 -0.39230718085551264 0.21026108214240716 -0.058472177939910074 0.40021976962085337 -0.29210093965456346 -0.26244662733392854 -0.17464556865047126 -0.34141113099481091 -0.30746289738566129
leaf_weight=534 642 427 2658 354 393 401 525 597 397 555 629 360 1038 490
leaf_count=534 642 427 2658 354 393 401 525 597 397 555 629 360 1038 490
internal_value=0 0.642468 -0.189899 0.163906 0.473297 -0.242558 0.388361 -0.192925 0.292055 -0.219955 -0.32347 -0.102174 -0.355594 -0.282159
internal_weight=0 2276 7724 996 1849 6728 1456 4170 922 3213 2558 957 1439 1119
internal_count=10000 2276 7724 996 1849 6728 1456 4170 922 3213 2558 957 1439 1119
cat_boundaries=0 1
cat_threshold=1
is_linear=0
shrinkage=0.0100123


Tree=34
num_leaves=15
num_cat=1
split_feature=1 10 3 10 10 4 3 3 4 3 9 3 10 3
split_gain=1.19519e+07 2.85038e+06 1.40133e+06 456455 438995 264158 176124 171642 100008 34139.8 29632.8 27509.2 8657.97 2514.21
threshold=0 10.500000000000002 30.445000000000004 5.5000000000000009 4.5000000000000009 2298.5000000000005 31.535000000000004 38.995000000000012 2220.5000000000005 513.00500000000011 2022.5000000000002 477.64500000000004 6.5000000000000009 447.78500000000003
decision_type=1 2 2 2 2 2 2 2 2 2 2 2 2 2
left_child=1 4 3 -2 7 8 -6 -1 9 -4 -10 13 -13 -7
right_child=2 -3 5 -5 6 11 -8 -9 10 -11 -12 12 -14 -15
leaf_value=0.78531858990245773 0.43516307295526707 1.3761452490200927 -0.20283975782216587 -0.0060815991949284406 0.14828140699507078 -0.35385596357711407 0.42516804182301199 0.49830920971176113 -0.057886739811681562 -0.2891763433674181 -0.1728969725704218 -0.25030558129026059 -0.30887643215384597 -0.32370451302820263
leaf_weight=408 380 427 2658 616 354 1184 659 428 597 555 360 505 507 362
leaf_count=408 380 427 2658 616 354 1184 659 428 597 555 360 505 507 362
internal_value=0 0.636036 -0.187998 0.162265 0.468558 -0.24013 0.328408 0.638381 -0.190993 -0.217753 -0.101151 -0.320231 -0.279649 -0.346796
internal_weight=0 2276 7724 996 1849 6728 1013 836 4170 3213 957 2558 1012 1546
internal_count=10000 2276 7724 996 1849 6728 1013 836 4170 3213 957 2558 1012 1546
cat_boundaries=0 1
cat_threshold=1
is_linear=0
shrinkage=0.0100123


Tree=35
num_leaves=17
num_cat=0
split_feature=2 3 2 2 4 2 3 3 4 2 2 10 3 3 10 2
split_gain=9.50299e+06 8.06265e+06 4.71901e+06 493458 476258 234566 120944 81028.4 80711.9 69330.2 31662.3 7682.96 7016.7 5816.06 4343.66 2393.23
threshold=7423.5000000000009 70.170000000000002 9473.0000000000018 8630.5000000000018 2298.5000000000005 6684.0000000000009 82.840000000000018 506.41000000000003 1119.0000000000002 8128.5000000000009 5131.5000000000009 4.5000000000000009 477.64500000000004 163.77500000000003 5.5000000000000009 4493.0000000000009
decision_type=2 2 2 2 2 2 2 2 2 2 2 2 2 2 2 2
left_child=4 2 3 9 5 7 -3 8 -1 -2 13 -8 -12 -6 -14 -15
right_child=1 6 -4 -5 10 -7 11 -9 -10 -11 12 -13 14 15 -16 -17
leaf_value=-0.20545879794027228 0.41069416529153974 -0.015860466847596115 1.8909965971085732 0.87387688374683714 -0.38624293493677025 0.054888872183094628 -0.18520595563537312 -0.27466766556787692 -0.10409322174642954 0.5813567274762349 -0.31147452445593427 -0.24614021681424691 -0.23921667687382916 -0.3540505360292211 -0.2872290400330455 -0.32178100311589497
leaf_weight=1476 503 436 370 524 367 518 355 643 1688 454 484 499 387 499 369 428
leaf_count=1476 503 436 370 524 367 518 355 643 1688 454 484 499 387 499 369 428
internal_value=0 0.456099 0.879576 0.626892 -0.208865 -0.145005 -0.151541 -0.172203 -0.15138 0.491656 -0.317862 -0.22081 -0.281708 -0.352507 -0.262651 -0.339152
internal_weight=0 3141 1851 1481 6859 4325 1290 3807 3164 957 2534 854 1240 1294 756 927
internal_count=10000 3141 1851 1481 6859 4325 1290 3807 3164 957 2534 854 1240 1294 756 927
is_linear=0
shrinkage=0.0100123


Tree=36
num_leaves=17
num_cat=0
split_feature=2 3 2 2 0 2 3 3 0 2 2 10 3 3 10 2
split_gain=9.31365e+06 7.90201e+06 4.62499e+06 483626 466769 229892 118534 79414 79103.8 67948.9 31031.4 7529.88 6876.9 5700.18 4257.12 2345.54
threshold=7423.5000000000009 70.170000000000002 9473.0000000000018 8630.5000000000018 4684.5000000000009 6684.0000000000009 82.840000000000018 506.41000000000003 2230.5000000000005 8128.5000000000009 5131.5000000000009 4.5000000000000009 477.64500000000004 163.77500000000003 5.5000000000000009 4493.0000000000009
decision_type=2 2 2 2 2 2 2 2 2 2 2 2 2 2 2 2
left_child=4 2 3 9 5 7 -3 8 -1 -2 13 -8 -12 -6 -14 -15
right_child=1 6 -4 -5 10 -7 11 -9 -10 -11 12 -13 14 15 -16 -17
leaf_value=-0.203401686272631 0.40658217971526239 -0.015701670309936203 1.8720633994065867 0.86512739073479794 -0.38237576282097391 0.054339307390694362 -0.18335162411693046 -0.2719176157027251 -0.10305101162228442 0.57553602588941166 -0.30835595441685948 -0.24367578804393072 -0.23682157064402426 -0.35050568461138021 -0.28435322551024533 -0.31855924180771761
leaf_weight=1476 503 436 370 524 367 518 355 643 1688 454 484 499 387 499 369 428
leaf_count=1476 503 436 370 524 367 518 355 643 1688 454 484 499 387 499 369 428
internal_value=0 0.451533 0.87077 0.620615 -0.206774 -0.143553 -0.150023 -0.170479 -0.149864 0.486734 -0.31468 -0.2186 -0.278888 -0.348978 -0.260022 -0.335756
internal_weight=0 3141 1851 1481 6859 4325 1290 3807 3164 957 2534 854 1240 1294 756 927
internal_count=10000 3141 1851 1481 6859 4325 1290 3807 3164 957 2534 854 1240 1294 756 927
is_linear=0
shrinkage=0.0100123


Tree=37
num_leaves=17
num_cat=0
split_feature=2 3 2 2 4 2 3 3 4 2 2 10 3 3 10 2
split_gain=9.12808e+06 7.74457e+06 4.53284e+06 473990 457469 225312 116173 77831.7 77527.7 66595 30413.1 7404.65 6739.88 5586.6 4172.3 2298.81
threshold=7423.5000000000009 70.170000000000002 9473.0000000000018 8630.5000000000018 2298.5000000000005 6684.0000000000009 82.840000000000018 506.41000000000003 1119.0000000000002 8128.5000000000009 5131.5000000000009 5.5000000000000009 477.64500000000004 163.77500000000003 5.5000000000000009 4493.0000000000009
decision_type=2 2 2 2 2 2 2 2 2 2 2 2 2 2 2 2
left_child=4 2 3 9 5 7 -3 8 -1 -2 13 -8 -12 -6 -14 -15
right_child=1 6 -4 -5 10 -7 11 -9 -10 -11 12 -13 14 15 -16 -17
leaf_value=-0.2013651721752312 0.4025113665552057 -0.015544460647854967 1.8533197967144281 0.85646548958020774 -0.37854730700121869 0.053795249333298913 -0.18761149111117206 -0.26919509429550614 -0.1020192368792322 0.56977359632250146 -0.30526860947540707 -0.2465915890431 -0.23445044911937343 -0.34699632764110894 -0.28150620155119849 -0.31536973845238075
leaf_weight=1476 503 436 370 524 367 518 437 643 1688 454 484 417 387 499 369 428
leaf_count=1476 503 436 370 524 367 518 437 643 1688 454 484 417 387 499 369 428
internal_value=0 0.447012 0.862051 0.614401 -0.204704 -0.142116 -0.148521 -0.168772 -0.148364 0.48186 -0.311529 -0.216411 -0.276095 -0.345484 -0.257418 -0.332394
internal_weight=0 3141 1851 1481 6859 4325 1290 3807 3164 957 2534 854 1240 1294 756 927
internal_count=10000 3141 1851 1481 6859 4325 1290 3807 3164 957 2534 854 1240 1294 756 927
is_linear=0
shrinkage=0.0100123


Tree=38
num_leaves=15
num_cat=1
split_feature=1 10 2 3 2 4 3 3 4 3 3 2 3 10
split_gain=1.10389e+07 2.72972e+06 1.34929e+06 1.70258e+06 424661 253519 218075 340319 127706 48051.1 30859.9 30704.9 6865.62 5345.06
threshold=0 10.500000000000002 8819.5000000000018 82.840000000000018 8925.5000000000018 2298.5000000000005 31.020000000000007 38.995000000000012 1828.5000000000002 364.29000000000008 513.00500000000011 5299.5000000000009 163.77500000000003 6.5000000000000009
decision_type=1 2 2 2 2 2 2 2 2 2 2 2 2 2
left_child=1 4 5 -4 6 8 -1 -8 10 -10 -2 12 -7 -13
right_child=2 -3 3 -5 -6 11 7 -9 9 -11 -12 13 -14 -15
leaf_value=0.17635899184055137 -0.19758361798509896 1.3354854525945181 0.67039334191470035 -0.20716199149507683 0.73937445645350375 -0.3735391589045815 0.65901458250205736 0.29143205247663084 -0.00059279280063209022 -0.14288807552077804 -0.27954377591339391 -0.24905180776893393 -0.32476020535416061 -0.29324979503118898
leaf_weight=421 2754 427 400 497 393 401 437 598 424 542 553 628 1038 487
leaf_count=421 2754 427 400 497 393 401 437 598 424 542 553 628 1038 487
internal_value=0 0.61126 -0.180675 0.184167 0.447316 -0.228876 0.368484 0.446634 -0.181706 -0.0804313 -0.211289 -0.307795 -0.338353 -0.268356
internal_weight=0 2276 7724 897 1849 6827 1456 1035 4273 966 3307 2554 1439 1115
internal_count=10000 2276 7724 897 1849 6827 1456 1035 4273 966 3307 2554 1439 1115
cat_boundaries=0 1
cat_threshold=1
is_linear=0
shrinkage=0.0100123


Tree=39
num_leaves=15
num_cat=1
split_feature=1 10 2 3 2 0 10 0 3 3 3 2 2 3
split_gain=1.08189e+07 2.67533e+06 1.32241e+06 1.66866e+06 419007 248468 160073 125162 86284.6 47093.7 30245 30107.8 6550.39 5358.87
threshold=0 10.500000000000002 8819.5000000000018 82.840000000000018 8497.5000000000018 4684.5000000000009 6.5000000000000009 3699.5000000000005 35.270000000000003 364.29000000000008 513.00500000000011 5131.5000000000009 5893.5000000000009 163.77500000000003
decision_type=1 2 2 2 2 2 2 2 2 2 2 2 2 2
left_child=1 4 5 -4 6 7 -1 10 -6 -9 -2 13 -13 -7
right_child=2 -3 3 -5 8 11 -8 9 -10 -11 -12 12 -14 -15
leaf_value=0.43488887884687505 -0.19560535748271479 1.3221142096782146 0.66368118542010934 -0.20508783097203359 0.73724646014333861 -0.37101720994959281 0.1951737240447354 -0.00058685604407247838 0.5193757489093459 -0.14145744145879874 -0.27674490121597828 -0.28898104490161969 -0.24259801988802746 -0.32581457910865808
leaf_weight=589 2754 427 400 497 369 367 531 424 360 542 553 741 519 927
leaf_count=589 2754 427 400 497 369 367 531 424 360 542 553 741 519 927
internal_value=0 0.605139 -0.178866 0.182323 0.442837 -0.226585 0.321238 -0.179887 0.629656 -0.079626 -0.209174 -0.304713 -0.269876 -0.338635
internal_weight=0 2276 7724 897 1849 6827 1120 4273 729 966 3307 2554 1260 1294
internal_count=10000 2276 7724 897 1849 6827 1120 4273 729 966 3307 2554 1260 1294
cat_boundaries=0 1
cat_threshold=1
is_linear=0
shrinkage=0.0100123


Tree=40
num_leaves=16
num_cat=2
split_feature=1 10 1 10 10 4 10 4 10 4 9 55 9 10 9
split_gain=1.06034e+07 2.62203e+06 738248 709708 389173 255593 229377 73926.4 57853.8 57243.1 28294.1 22976.4 15324.7 7607.42 3033.47
threshold=0 10.500000000000002 1 3.5000000000000004 4.5000000000000009 2298.5000000000005 9.5000000000000018 2220.5000000000005 6.5000000000000009 1119.0000000000002 2022.5000000000002 0.14989500000000003 2021.5000000000002 6.5000000000000009 2021.5000000000002
decision_type=1 2 1 2 2 2 2 2 2 2 2 2 2 2 2
left_child=1 4 3 -2 9 7 -5 12 -6 -1 -9 14 -4 -13 -7
right_child=2 -3 5 6 8 11 -8 10 -10 -11 -12 13 -14 -15 -16
leaf_value=0.69356653202976837 0.36835068297016488 1.3088768301118094 -0.16684343748566258 -0.23687042553000695 0.40472289256108357 -0.34869070332019253 0.071979287435570236 -0.053340284574881137 0.24819048782564165 0.52624845332268266 -0.16572275943277753 -0.24497541972385536 -0.21572020918423918 -0.29489895079682904 -0.31787547877724392
leaf_weight=360 430 427 1018 621 377 534 394 597 636 476 360 607 1746 617 800
leaf_count=360 430 427 1018 621 377 534 394 597 636 476 360 607 1746 617 800
internal_value=0 0.599081 -0.177075 0.0272537 0.438403 -0.224066 -0.116982 -0.171459 0.306446 0.598299 -0.0956158 -0.301468 -0.197719 -0.270141 -0.330211
internal_weight=0 2276 7724 1445 1849 6279 1015 3721 1013 836 957 2558 2764 1224 1334
internal_count=10000 2276 7724 1445 1849 6279 1015 3721 1013 836 957 2558 2764 1224 1334
cat_boundaries=0 1 2
cat_threshold=1 4
is_linear=0
shrinkage=0.0100123


Tree=41
num_leaves=17
num_cat=0
split_feature=2 3 2 2 0 2 3 3 0 2 2 10 3 3 10 2
split_gain=8.46856e+06 7.32347e+06 4.38748e+06 449958 417732 204299 96387.3 71824.6 71833.3 62899 28387.5 6777.66 6429.83 5220.14 3927.01 2240.09
threshold=7423.5000000000009 70.170000000000002 9473.0000000000018 8630.5000000000018 4684.5000000000009 6684.0000000000009 82.840000000000018 506.41000000000003 2230.5000000000005 8128.5000000000009 5131.5000000000009 5.5000000000000009 477.64500000000004 163.77500000000003 5.5000000000000009 4493.0000000000009
decision_type=2 2 2 2 2 2 2 2 2 2 2 2 2 2 2 2
left_child=4 2 3 9 5 7 -3 8 -1 -2 13 -8 -12 -6 -14 -15
right_child=1 6 -4 -5 10 -7 11 -9 -10 -11 12 -13 14 15 -16 -17
leaf_value=-0.19415778590142915 0.38425896513681501 -0.027431003499944102 1.8094034188583823 0.82635943632323661 -0.36401552325779624 0.049190181858950674 -0.18284175386971238 -0.25921471797228968 -0.098529899351275402 0.5468134296532996 -0.29351129868515158 -0.23926953693568034 -0.22449206021536006 -0.33381624333121224 -0.27014368985609682 -0.30259620858339425
leaf_weight=1476 503 436 370 524 367 518 437 643 1688 454 484 417 387 499 369 428
leaf_count=1476 503 436 370 524 367 518 437 643 1688 454 484 417 387 499 369 428
internal_value=0 0.43056 0.834158 0.590512 -0.19717 -0.137362 -0.148556 -0.162745 -0.14314 0.461375 -0.29925 -0.210395 -0.265017 -0.332055 -0.246774 -0.319402
internal_weight=0 3141 1851 1481 6859 4325 1290 3807 3164 957 2534 854 1240 1294 756 927
internal_count=10000 3141 1851 1481 6859 4325 1290 3807 3164 957 2534 854 1240 1294 756 927
is_linear=0
shrinkage=0.0100123


Tree=42
num_leaves=18
num_cat=0
split_feature=3 0 10 10 3 0 3 3 0 9 3 3 10 10 11 0 9
split_gain=8.24457e+06 6.80895e+06 2.79454e+06 1.10157e+06 671401 259503 180972 87575.5 105739 27806.7 24195.1 19065.2 7537.95 6392.71 4854.75 2275.89 4485.31
threshold=70.170000000000002 1356.5000000000002 10.500000000000002 4.5000000000000009 36.635000000000005 4684.5000000000009 31.535000000000004 82.840000000000018 4512.0000000000009 2022.5000000000002 477.64500000000004 563.56000000000006 6.5000000000000009 7.5000000000000009 14.500000000000002 4837.0000000000009 2022.5000000000002
decision_type=2 2 2 2 2 2 2 2 2 2 2 2 2 2 2 2 2
left_child=1 13 3 4 -3 7 -5 -2 11 -10 15 -9 -12 14 -1 16 -7
right_child=5 2 -4 6 -6 10 -8 8 9 -11 12 -13 -14 -15 -16 -17 -18
leaf_value=-0.13139610000764504 -0.034211767989411425 1.0455925725167972 1.404670741565293 0.12391745066699263 0.47741858380956631 -0.34401338498195072 0.40945970284070282 -0.2031258625780536 -0.051822430162595454 -0.16323272305943001 -0.23002166545353697 -0.27104698302944891 -0.28467293526021298 -0.20207601894899005 -0.18197170466944965 -0.29840415245033364 -0.30464983576415672
leaf_weight=355 452 481 469 354 368 675 599 1860 597 360 505 533 507 604 410 362 509
leaf_count=355 452 481 469 354 368 675 599 1860 597 360 505 533 507 604 410 362 509
internal_value=0 0.38001 0.716224 0.537044 0.799317 -0.21749 0.303393 -0.165031 -0.182682 -0.0937323 -0.295461 -0.218254 -0.257401 -0.177727 -0.158502 -0.320374 -0.327091
internal_weight=0 3640 2271 1802 849 6360 953 3802 3350 957 2558 2393 1012 1369 765 1546 1184
internal_count=10000 3640 2271 1802 849 6360 953 3802 3350 957 2558 2393 1012 1369 765 1546 1184
is_linear=0
shrinkage=0.0100123


Tree=43
num_leaves=15
num_cat=1
split_feature=1 10 3 2 2 3 3 4 4 2 9 3 3 2
split_gain=9.96506e+06 2.49471e+06 1.27892e+06 1.93274e+06 387162 209661 325447 207819 89682.5 28637.3 27252.7 27086.1 6854.34 4794.02
threshold=0 10.500000000000002 30.445000000000004 4739.5000000000009 8925.5000000000018 31.020000000000007 38.995000000000012 2298.5000000000005 2220.5000000000005 5340.5000000000009 2022.5000000000002 513.00500000000011 447.78500000000003 5893.5000000000009
decision_type=1 2 2 2 2 2 2 2 2 2 2 2 2 2
left_child=1 4 3 -2 5 -1 -7 8 11 12 -10 -4 -9 -11
right_child=2 -3 7 -5 -6 6 -8 9 10 13 -12 -13 -14 -15
leaf_value=0.16037196406476747 -0.16454731955437507 1.2731018163157926 -0.18992898600251262 0.75692041628974127 0.70289079057693016 0.63306982250413879 0.27360877439845993 -0.33894767809643261 -0.051303569105875441 -0.27377549068977486 -0.16159839097425555 -0.26683099916229341 -0.29486079775970225 -0.23167444943380394
leaf_weight=421 642 427 2658 354 393 437 598 882 597 563 360 555 590 523
leaf_count=421 642 427 2658 354 393 437 598 882 597 563 360 555 590 523
internal_value=0 0.580768 -0.171662 0.162962 0.424025 0.348754 0.425381 -0.221455 -0.177872 -0.292502 -0.0927938 -0.203213 -0.321277 -0.2535
internal_weight=0 2276 7724 996 1849 1456 1035 6728 4170 2558 957 3213 1472 1086
internal_count=10000 2276 7724 996 1849 1456 1035 6728 4170 2558 957 3213 1472 1086
cat_boundaries=0 1
cat_threshold=1
is_linear=0
shrinkage=0.0100123


Tree=44
num_leaves=15
num_cat=1
split_feature=1 2 3 2 3 3 2 4 4 2 3 3 3 2
split_gain=9.76652e+06 2.4084e+06 1.25344e+06 1.89423e+06 524458 666164 206504 203678 87895.7 28067.3 26546.5 23228.9 6269.96 5007.21
threshold=0 9330.5000000000018 30.445000000000004 4739.5000000000009 46.135000000000012 31.020000000000007 8330.5000000000018 2298.5000000000005 2220.5000000000005 5299.5000000000009 513.00500000000011 364.29000000000008 163.77500000000003 5893.5000000000009
decision_type=1 2 2 2 2 2 2 2 2 2 2 2 2 2
left_child=1 4 3 -2 5 -1 -7 8 10 12 -4 -10 -9 -11
right_child=2 -3 7 -5 -6 6 -8 9 11 13 -12 -13 -14 -15
leaf_value=0.23730462073031081 -0.16289982596198385 1.3227175419004675 -0.18802736537324952 0.7493419398868123 0.11924759628888194 0.56198729185024543 0.86212670940230063 -0.35244476488210191 -0.035372127296318272 -0.271804275059427 -0.2641594160489032 -0.13493639706716773 -0.3058298385794902 -0.22935486196457114
leaf_weight=531 642 365 2658 354 413 591 376 401 414 596 555 543 1038 523
leaf_count=531 642 365 2658 354 413 591 376 401 414 596 555 543 1038 523
internal_value=0 0.574954 -0.169944 0.161331 0.43514 0.522232 0.678691 -0.219237 -0.176091 -0.289574 -0.201178 -0.0918647 -0.31882 -0.251964
internal_weight=0 2276 7724 996 1911 1498 967 6728 4170 2558 3213 957 1439 1119
internal_count=10000 2276 7724 996 1911 1498 967 6728 4170 2558 3213 957 1439 1119
cat_boundaries=0 1
cat_threshold=1
is_linear=0
shrinkage=0.0100123


Tree=45
num_leaves=17
num_cat=0
split_feature=2 3 2 2 0 2 3 3 0 2 2 10 3 3 10 2
split_gain=7.90589e+06 6.82356e+06 4.19929e+06 427864 376780 186897 88981.1 64234.5 71366.5 59380.2 26512.2 6635.86 6073.21 4862.92 3729.49 2182.71
threshold=7423.5000000000009 70.170000000000002 9473.0000000000018 8630.5000000000018 4684.5000000000009 6684.0000000000009 82.840000000000018 506.41000000000003 2230.5000000000005 8128.5000000000009 5131.5000000000009 5.5000000000000009 477.64500000000004 163.77500000000003 5.5000000000000009 4493.0000000000009
decision_type=2 2 2 2 2 2 2 2 2 2 2 2 2 2 2 2
left_child=4 2 3 9 5 7 -3 8 -1 -2 13 -8 -12 -6 -14 -15
right_child=1 6 -4 -5 10 -7 11 -9 -10 -11 12 -13 14 15 -16 -17
leaf_value=-0.19029592238308465 0.36637217286936979 -0.026611883952471081 1.7596914981849001 0.79721085083821641 -0.35000520036980548 0.044723497790128297 -0.17514271709709489 -0.24921452389063864 -0.094979210018366858 0.52431426953949822 -0.28206459979980153 -0.23097709190902105 -0.21492755100596181 -0.32117364268048154 -0.25941629308083114 -0.29035603400669047
leaf_weight=1476 503 436 370 524 367 518 437 643 1688 454 484 417 387 499 369 428
leaf_count=1476 503 436 370 524 367 518 437 643 1688 454 484 417 387 499 369 428
internal_value=0 0.416011 0.805591 0.567226 -0.190507 -0.133706 -0.14299 -0.157984 -0.139444 0.4413 -0.287455 -0.202406 -0.254372 -0.319158 -0.236642 -0.306945
internal_weight=0 3141 1851 1481 6859 4325 1290 3807 3164 957 2534 854 1240 1294 756 927
internal_count=10000 3141 1851 1481 6859 4325 1290 3807 3164 957 2534 854 1240 1294 756 927
is_linear=0
shrinkage=0.0100123


Tree=46
num_leaves=15
num_cat=1
split_feature=1 10 2 9 2 0 10 0 0 9 2 0 2 0
split_gain=9.38274e+06 2.4179e+06 1.20895e+06 980454 356205 209860 145796 113930 61434.8 41127.8 26740 13227.2 5991.3 4300.48
threshold=0 10.500000000000002 8819.5000000000018 2022.5000000000002 8497.5000000000018 4684.5000000000009 6.5000000000000009 3699.5000000000005 2230.5000000000005 2022.5000000000002 5131.5000000000009 892.50000000000011 5893.5000000000009 4837.0000000000009
decision_type=1 2 2 2 2 2 2 2 2 2 2 2 2 2
left_child=1 4 5 -4 6 7 -1 11 -6 -9 13 -2 -12 -7
right_child=2 -3 3 -5 8 10 -8 9 -10 -11 12 -13 -14 -15
leaf_value=0.40554412392694744 -0.17336212081379107 1.2450996228321187 0.49499987962550007 -0.16772694722130488 0.67323355437856791 -0.33021143333565739 0.17676852726251385 -0.023376282038740176 0.48940763375510571 -0.158567157227616 -0.26943445154362439 -0.2140250977777545 -0.22507500552126672 -0.29258158460176698
leaf_weight=589 1367 427 469 428 365 804 531 607 364 359 741 1940 519 490
leaf_count=589 1367 427 469 428 365 804 531 607 364 359 741 1940 519 490
internal_value=0 0.563544 -0.166571 0.178782 0.409196 -0.212191 0.29708 -0.169274 0.581447 -0.073618 -0.283994 -0.197216 -0.251163 -0.315962
internal_weight=0 2276 7724 897 1849 6827 1120 4273 729 966 2554 3307 1260 1294
internal_count=10000 2276 7724 897 1849 6827 1120 4273 729 966 2554 3307 1260 1294
cat_boundaries=0 1
cat_threshold=1
is_linear=0
shrinkage=0.0100123


Tree=47
num_leaves=15
num_cat=1
split_feature=1 2 3 2 3 3 2 0 0 2 3 3 0 2
split_gain=9.1958e+06 2.2874e+06 1.20888e+06 1.82295e+06 514036 652474 193917 188425 84337.1 26582.8 24824.5 22396.5 9772.19 2771.01
threshold=0 9330.5000000000018 30.445000000000004 4739.5000000000009 46.135000000000012 31.020000000000007 8330.5000000000018 4684.5000000000009 4512.0000000000009 5541.5000000000009 563.56000000000006 364.29000000000008 4837.0000000000009 6078.5000000000009
decision_type=1 2 2 2 2 2 2 2 2 2 2 2 2 2
left_child=1 4 3 -2 5 -1 -7 8 10 12 -4 -10 -9 -11
right_child=2 -3 7 -5 -6 6 -8 9 11 13 -12 -13 -14 -15
leaf_value=0.22587281781965421 -0.15763925714415386 1.2866286382184438 -0.18397392491694184 0.73727312419406099 0.1088968246138812 0.54960913140159651 0.84045744589565508 -0.32583479003184868 -0.033836341362178293 -0.25207532005691075 -0.25879044473744173 -0.13160034140471538 -0.27715935820206578 -0.21627648484389081
leaf_weight=531 642 365 2680 354 413 591 376 937 414 496 533 543 740 385
leaf_count=531 642 365 2680 354 413 591 376 937 414 496 533 543 740 385
internal_value=0 0.557902 -0.164903 0.160432 0.421635 0.507857 0.6627 -0.213311 -0.171811 -0.280962 -0.196385 -0.0893075 -0.304356 -0.236431
internal_weight=0 2276 7724 996 1911 1498 967 6728 4170 2558 3213 957 1677 881
internal_count=10000 2276 7724 996 1911 1498 967 6728 4170 2558 3213 957 1677 881
cat_boundaries=0 1
cat_threshold=1
is_linear=0
shrinkage=0.0100123


Tree=48
num_leaves=16
num_cat=2
split_feature=1 10 1 10 10 0 10 0 10 9 9 55 9 10 9
split_gain=9.01258e+06 2.36189e+06 662878 659118 333490 211243 210855 65781.9 51237 51058.8 25462.6 20267.1 13934.8 6949.77 2838.41
threshold=0 10.500000000000002 1 3.5000000000000004 4.5000000000000009 4684.5000000000009 9.5000000000000018 4512.0000000000009 6.5000000000000009 2022.5000000000002 2022.5000000000002 0.14989500000000003 2021.5000000000002 6.5000000000000009 2021.5000000000002
decision_type=1 2 1 2 2 2 2 2 2 2 2 2 2 2 2
left_child=1 4 3 -2 9 7 -5 12 -6 -1 -9 14 -4 -13 -7
right_child=2 -3 5 6 8 11 -8 10 -10 -11 -12 13 -14 -15 -16
leaf_value=0.63795534056505243 0.35905911971340509 1.2259107527277084 -0.15528595508366513 -0.22360185116694903 0.37007927687833769 -0.32302032340486136 0.072515542885593434 -0.048308808507518203 0.22276992833344864 0.47987965361041829 -0.15491986467070631 -0.22467409281917991 -0.20189352475301189 -0.27239096175030936 -0.29321230384165853
leaf_weight=359 430 427 1018 621 377 534 394 597 636 477 360 607 1746 617 800
leaf_count=359 430 427 1018 621 377 534 394 597 636 477 360 607 1746 617 800
internal_value=0 0.552316 -0.163252 0.030316 0.399746 -0.207776 -0.108656 -0.159957 0.277593 0.547761 -0.0884133 -0.278149 -0.184728 -0.248727 -0.305144
internal_weight=0 2276 7724 1445 1849 6279 1015 3721 1013 836 957 2558 2764 1224 1334
internal_count=10000 2276 7724 1445 1849 6279 1015 3721 1013 836 957 2558 2764 1224 1334
cat_boundaries=0 1 2
cat_threshold=1 4
is_linear=0
shrinkage=0.0100123


Tree=49
num_leaves=18
num_cat=0
split_feature=2 3 2 2 0 2 3 0 2 3 3 2 10 3 3 10 2
split_gain=7.35784e+06 6.4325e+06 4.04389e+06 407627 341803 170313 85505.6 60411.8 55882.1 34877.5 27922.8 24782.4 6101.91 5770.11 4635.69 3551.49 2104.64
threshold=7423.5000000000009 70.170000000000002 9473.0000000000018 8630.5000000000018 4684.5000000000009 6684.0000000000009 82.840000000000018 3699.5000000000005 8128.5000000000009 506.41000000000003 364.29000000000008 5131.5000000000009 5.5000000000000009 477.64500000000004 163.77500000000003 5.5000000000000009 4493.0000000000009
decision_type=2 2 2 2 2 2 2 2 2 2 2 2 2 2 2 2 2
left_child=4 2 3 8 5 7 -3 9 -2 -1 -9 14 -8 -13 -6 -15 -16
right_child=1 6 -4 -5 11 -7 12 10 -10 -11 -12 13 -14 15 16 -17 -18
leaf_value=-0.15661564389724075 0.35007190493089291 -0.027331022905021998 1.7158647215714335 0.77015148257839827 -0.33689279282499179 0.040644435189160513 -0.1735143541932441 -0.021410519892537803 0.50329119200755923 -0.24019344514490265 -0.1329642691810497 -0.27113078086747933 -0.2270552982974417 -0.20566625702009383 -0.30882254428810374 -0.24908029262167899 -0.27856111331566397
leaf_weight=2259 503 436 370 524 367 518 437 418 454 643 487 484 417 387 499 369 428
leaf_count=2259 503 436 370 524 367 518 437 418 454 643 487 484 417 387 499 369 428
internal_value=0 0.401333 0.779584 0.545672 -0.183786 -0.129685 -0.141414 -0.152861 0.422759 -0.175134 -0.08144 -0.276124 -0.199658 -0.244138 -0.306775 -0.226856 -0.294851
internal_weight=0 3141 1851 1481 6859 4325 1290 3807 957 2902 905 2534 854 1240 1294 756 927
internal_count=10000 3141 1851 1481 6859 4325 1290 3807 957 2902 905 2534 854 1240 1294 756 927
is_linear=0
shrinkage=0.0100123


Tree=50
num_leaves=18
num_cat=0
split_feature=2 3 2 2 0 2 3 0 2 3 3 2 10 3 3 10 2
split_gain=7.21124e+06 6.30434e+06 3.96332e+06 399506 334993 166920 83802 59208.1 54768.7 34182.6 27366.5 24288.6 5980.33 5655.14 4543.33 3480.72 2062.71
threshold=7423.5000000000009 70.170000000000002 9473.0000000000018 8630.5000000000018 4684.5000000000009 6684.0000000000009 82.840000000000018 3699.5000000000005 8128.5000000000009 506.41000000000003 364.29000000000008 5131.5000000000009 5.5000000000000009 477.64500000000004 163.77500000000003 5.5000000000000009 4493.0000000000009
decision_type=2 2 2 2 2 2 2 2 2 2 2 2 2 2 2 2 2
left_child=4 2 3 8 5 7 -3 9 -2 -1 -9 14 -8 -13 -6 -15 -16
right_child=1 6 -4 -5 11 -7 12 10 -10 -11 -12 13 -14 15 16 -17 -18
leaf_value=-0.15504756546554899 0.34656688448975803 -0.027057377638162967 1.6986850042598884 0.76244050875327085 -0.33351972946238145 0.040237493116423641 -0.17177707852793589 -0.021196151027745403 0.49825209930184289 -0.23778855952363562 -0.13163299308736404 -0.26841614314900408 -0.22478195244335797 -0.20360707273522191 -0.30573052716200749 -0.24658642936905414 -0.2757720824866764
leaf_weight=2259 503 436 370 524 367 518 437 418 454 643 487 484 417 387 499 369 428
leaf_count=2259 503 436 370 524 367 518 437 418 454 643 487 484 417 387 499 369 428
internal_value=0 0.397314 0.771778 0.540208 -0.181946 -0.128387 -0.139998 -0.151331 0.418526 -0.173381 -0.0806246 -0.273359 -0.197659 -0.241693 -0.303703 -0.224585 -0.291899
internal_weight=0 3141 1851 1481 6859 4325 1290 3807 957 2902 905 2534 854 1240 1294 756 927
internal_count=10000 3141 1851 1481 6859 4325 1290 3807 957 2902 905 2534 854 1240 1294 756 927
is_linear=0
shrinkage=0.0100123


Tree=51
num_leaves=15
num_cat=1
split_feature=1 2 2 2 0 0 2 11 2 2 11 0 0 2
split_gain=8.48714e+06 2.12184e+06 1.12672e+06 381679 186016 106150 86284.1 71537.2 61412.1 24638.8 12137 11670.4 9243.02 2559.87
threshold=0 9330.5000000000018 8819.5000000000018 8356.5000000000018 4684.5000000000009 3699.5000000000005 7489.5000000000009 15.500000000000002 9678.0000000000018 5541.5000000000009 19.500000000000004 892.50000000000011 4837.0000000000009 6078.5000000000009
decision_type=1 2 2 2 2 2 2 2 2 2 2 2 2 2
left_child=1 3 4 6 5 11 -1 -5 -4 12 -7 -2 -6 -11
right_child=2 -3 8 7 9 10 -8 -9 -10 13 -12 -13 -14 -15
leaf_value=0.18483045039006796 -0.16661959349137942 1.2378283717093925 0.073801340382479708 0.48117864656239645 -0.31343841190797933 -0.042125947671489403 0.3612470476714128 0.67624453824357633 0.24281337484650925 -0.24204966799248492 -0.11536241759756422 -0.20481475095242571 -0.26609923153482667 -0.20754022270788758
leaf_weight=464 1367 365 360 372 937 602 693 382 537 496 364 1940 740 381
leaf_count=464 1367 365 360 372 937 602 693 382 537 496 364 1940 740 381
internal_value=0 0.535974 -0.158422 0.404725 -0.20246 -0.162055 0.290497 0.580005 0.174982 -0.270061 -0.0697223 -0.189026 -0.292549 -0.227058
internal_weight=0 2276 7724 1911 6827 4273 1157 754 897 2554 966 3307 1677 877
internal_count=10000 2276 7724 1911 6827 4273 1157 754 897 2554 966 3307 1677 877
cat_boundaries=0 1
cat_threshold=1
is_linear=0
shrinkage=0.0100123


Tree=52
num_leaves=18
num_cat=0
split_feature=3 0 10 10 3 0 3 3 0 9 3 3 10 10 11 0 9
split_gain=6.87834e+06 5.7483e+06 2.51682e+06 964965 635132 200426 163316 68236.3 91696.8 24409.2 20692.9 15028.3 6881.29 6648.2 4893.66 1928.87 3755.29
threshold=70.170000000000002 1356.5000000000002 10.500000000000002 4.5000000000000009 36.635000000000005 4684.5000000000009 31.535000000000004 82.840000000000018 4512.0000000000009 2022.5000000000002 477.64500000000004 563.56000000000006 7.5000000000000009 6.5000000000000009 14.500000000000002 4837.0000000000009 2022.5000000000002
decision_type=2 2 2 2 2 2 2 2 2 2 2 2 2 2 2 2 2
left_child=1 12 3 4 -3 7 -5 -2 11 -10 15 -9 14 -12 -1 16 -7
right_child=5 2 -4 6 -6 10 -8 8 9 -11 13 -13 -14 -15 -16 -17 -18
leaf_value=-0.11820020917112577 -0.037076113613722129 0.97097898097455493 1.3093604270359485 0.096794328100430524 0.41836448658302994 -0.31188466306665769 0.36804983168004757 -0.18782636370859471 -0.046032616116987661 -0.15041490558154152 -0.20626667177240859 -0.24812930860222099 -0.1906230482674349 -0.25759127173166485 -0.16897809720794985 -0.26999111509484325 -0.27586663615358104
leaf_weight=355 452 481 469 354 368 675 599 1860 597 360 505 533 604 507 410 362 509
leaf_count=355 452 481 469 354 368 675 599 1860 597 360 505 533 604 507 410 362 509
internal_value=0 0.347098 0.656018 0.485975 0.731448 -0.198654 0.26729 -0.152551 -0.168132 -0.0852987 -0.267177 -0.201258 -0.16536 -0.23198 -0.145415 -0.290217 -0.296401
internal_weight=0 3640 2271 1802 849 6360 953 3802 3350 957 2558 2393 1369 1012 765 1546 1184
internal_count=10000 3640 2271 1802 849 6360 953 3802 3350 957 2558 2393 1369 1012 765 1546 1184
is_linear=0
shrinkage=0.0100123


Tree=53
num_leaves=17
num_cat=0
split_feature=2 0 2 2 0 2 9 0 2 9 2 12 2 0 2 2
split_gain=6.80354e+06 5.8178e+06 3.91745e+06 455227 314045 156773 106534 55946.8 23131.8 21722.2 16668.4 5887.88 5222.33 3786.72 1324.53 572.089
threshold=7423.5000000000009 1356.5000000000002 9525.0000000000018 8630.5000000000018 4684.5000000000009 6684.0000000000009 2022.5000000000002 3699.5000000000005 5131.5000000000009 2021.5000000000002 5360.5000000000009 3.5000000000000004 5893.5000000000009 4837.0000000000009 4276.0000000000009 5541.5000000000009
decision_type=2 2 2 2 2 2 2 2 2 2 2 2 2 2 2 2
left_child=4 11 3 6 5 7 -3 9 13 -1 -9 -2 15 14 -6 -10
right_child=1 2 -4 -5 8 -7 -8 10 12 -11 -12 -13 -14 -15 -16 -17
leaf_value=-0.13711527115632238 -0.20789484665451252 0.45971578637669602 1.6198359792061192 0.71957542117810991 -0.32136246501151128 0.038548719343016111 0.25651467339894557 -0.032912061488908489 -0.25970127654891201 -0.19241820324005787 -0.11898683957300421 -0.1611771242081905 -0.20929557321185635 -0.27290985667948264 -0.29565404488334934 -0.24209640445109706
leaf_weight=1253 680 586 383 580 393 518 463 427 383 1649 478 449 499 490 411 358
leaf_count=1253 680 586 383 580 393 518 463 427 383 1649 478 449 499 490 411 358
internal_value=0 0.38592 0.708703 0.494483 -0.176727 -0.12487 0.370028 -0.147106 -0.265237 -0.16854 -0.0783748 -0.189315 -0.234334 -0.294849 -0.30822 -0.251196
internal_weight=0 3141 2012 1629 6859 4325 1049 3807 2534 2902 905 1129 1240 1294 804 741
internal_count=10000 3141 2012 1629 6859 4325 1049 3807 2534 2902 905 1129 1240 1294 804 741
is_linear=0
shrinkage=0.0100123


Tree=54
num_leaves=15
num_cat=1
split_feature=1 10 3 2 10 0 3 3 0 2 3 3 0 2
split_gain=7.96834e+06 2.2067e+06 1.12349e+06 1.69329e+06 286465 156948 149934 127066 76405.1 23604.8 21817.9 20335.7 8748.07 2502.83
threshold=0 10.500000000000002 30.445000000000004 4739.5000000000009 4.5000000000000009 4684.5000000000009 31.535000000000004 38.995000000000012 4512.0000000000009 5541.5000000000009 563.56000000000006 364.29000000000008 4837.0000000000009 6078.5000000000009
decision_type=1 2 2 2 2 2 2 2 2 2 2 2 2 2
left_child=1 4 3 -2 7 8 -6 -1 10 12 -4 -10 -7 -11
right_child=2 -3 5 -5 6 9 -8 -9 11 13 -12 -13 -14 -15
leaf_value=0.63540720811497109 -0.14641179685605371 1.170359459276241 -0.17404268295652853 0.71608757919573873 0.092388994204649674 -0.30427246618191828 0.34786095962983982 0.38846339708192612 -0.03090265088399605 -0.23481107868522358 -0.24418233298273564 -0.12406022718219814 -0.25821819771287918 -0.20078864164263782
leaf_weight=408 642 427 2680 354 354 937 659 428 414 496 533 543 740 385
leaf_count=408 642 427 2680 354 354 937 659 428 414 496 533 543 740 385
internal_value=0 0.519334 -0.153504 0.160139 0.371798 -0.200163 0.258584 0.508981 -0.162288 -0.261906 -0.185678 -0.0837601 -0.28395 -0.219943
internal_weight=0 2276 7724 996 1849 6728 1013 836 4170 2558 3213 957 1677 881
internal_count=10000 2276 7724 996 1849 6728 1013 836 4170 2558 3213 957 1677 881
cat_boundaries=0 1
cat_threshold=1
is_linear=0
shrinkage=0.0100123


Tree=55
num_leaves=18
num_cat=0
split_feature=2 3 2 0 0 0 9 2 0 3 3 2 3 12 3 2 2
split_gain=6.5694e+06 5.81618e+06 3.1093e+06 618572 371156 298517 159294 150635 54932.9 30425.9 25734.3 22295.5 5282.23 5252.26 4230.34 1974.98 1630.39
threshold=7423.5000000000009 47.405000000000008 9366.5000000000018 2230.5000000000005 2230.5000000000005 4684.5000000000009 2022.5000000000002 6684.0000000000009 3699.5000000000005 506.41000000000003 364.29000000000008 5131.5000000000009 477.64500000000004 3.5000000000000004 163.77500000000003 4493.0000000000009 5844.5000000000009
decision_type=2 2 2 2 2 2 2 2 2 2 2 2 2 2 2 2 2
left_child=5 2 4 13 6 7 -2 8 9 -1 -10 14 -13 -3 -7 -16 -14
right_child=1 3 -4 -5 -6 11 -8 -9 10 -11 -12 12 16 -15 15 -17 -18
leaf_value=-0.14883956416952793 0.28199352816273687 -0.20356346724167354 1.6162322970531287 0.27152808924117477 0.77654226574801999 -0.31779675128904517 0.57099160420477446 0.03708664766148892 -0.019162362249120775 -0.22690152338823136 -0.12625538242906495 -0.2554411711994114 -0.22713624398737325 -0.1592889604073873 -0.291169442220234 -0.2618549471691905 -0.19769969412043917
leaf_weight=2259 389 673 361 403 492 367 376 518 418 643 487 484 395 447 499 428 361
leaf_count=2259 389 673 361 403 492 367 376 518 418 643 487 484 395 447 499 428 361
internal_value=0 0.379221 0.797223 -0.0648553 0.56201 -0.17366 0.424037 -0.123101 -0.144897 -0.166136 -0.0767914 -0.259953 -0.229614 -0.185893 -0.289025 -0.277635 -0.21308
internal_weight=0 3141 1618 1523 1257 6859 765 4325 3807 2902 905 2534 1240 1120 1294 927 756
internal_count=10000 3141 1618 1523 1257 6859 765 4325 3807 2902 905 2534 1240 1120 1294 927 756
is_linear=0
shrinkage=0.0100123


Tree=56
num_leaves=15
num_cat=1
split_feature=1 10 3 10 10 0 3 3 0 9 3 3 10 0
split_gain=7.65215e+06 2.15127e+06 1.08669e+06 368866 273386 150272 144487 123026 73484.5 23315.2 21273.7 19291.2 6398.8 1801.35
threshold=0 10.500000000000002 30.445000000000004 5.5000000000000009 4.5000000000000009 4684.5000000000009 31.535000000000004 38.995000000000012 4512.0000000000009 2022.5000000000002 563.56000000000006 477.64500000000004 6.5000000000000009 4837.0000000000009
decision_type=1 2 2 2 2 2 2 2 2 2 2 2 2 2
left_child=1 4 3 -2 7 8 -6 -1 10 -10 -4 13 -13 -7
right_child=2 -3 5 -5 6 11 -8 -9 9 -11 -12 12 -14 -15
leaf_value=0.62165334243272619 0.403357615151275 1.1517059249049932 -0.17070374872135058 0.0067007852897520391 0.089490295351178722 -0.2849523503543529 0.34027868307916476 0.37866617583477463 -0.043865971377047931 -0.14588230684857012 -0.23996319520192771 -0.19752027077353856 -0.24787297195396008 -0.25943080278388869
leaf_weight=408 380 427 2680 616 354 1184 659 428 597 360 533 505 507 362
leaf_count=408 380 427 2680 616 354 1184 659 428 597 360 533 505 507 362
internal_value=0 0.508926 -0.150427 0.158036 0.363238 -0.196315 0.252639 0.497253 -0.159255 -0.082242 -0.182193 -0.256731 -0.222746 -0.278976
internal_weight=0 2276 7724 996 1849 6728 1013 836 4170 957 3213 2558 1012 1546
internal_count=10000 2276 7724 996 1849 6728 1013 836 4170 957 3213 2558 1012 1546
cat_boundaries=0 1
cat_threshold=1
is_linear=0
shrinkage=0.0100123


Tree=57
num_leaves=18
num_cat=0
split_feature=2 3 2 0 0 0 9 2 0 3 3 2 3 11 3 2 2
split_gain=6.34949e+06 5.62823e+06 3.03902e+06 590912 362523 283201 154462 145054 54167.2 28177.1 24907.8 21638.1 5028.69 5014.94 4105.13 1926.85 1591.49
threshold=7423.5000000000009 47.405000000000008 9366.5000000000018 2230.5000000000005 2230.5000000000005 4684.5000000000009 2022.5000000000002 6684.0000000000009 3699.5000000000005 506.41000000000003 364.29000000000008 5131.5000000000009 477.64500000000004 12.500000000000002 163.77500000000003 4493.0000000000009 5844.5000000000009
decision_type=2 2 2 2 2 2 2 2 2 2 2 2 2 2 2 2 2
left_child=5 2 4 13 6 7 -2 8 9 -1 -10 14 -13 -3 -7 -16 -14
right_child=1 3 -4 -5 -6 11 -8 -9 10 -11 -12 12 16 -15 15 -17 -18
leaf_value=-0.14731771499450114 0.27524138680854232 -0.15470897014512405 1.5937136734051325 0.26475439671607642 0.76349514271730134 -0.31176185998078892 0.55982232542702948 0.035708721156922536 -0.018546862633846695 -0.22243960362215393 -0.12390609279535549 -0.25009025940854557 -0.22264579170208471 -0.1985778301042129 -0.28556741176647743 -0.25661234753653289 -0.1935624825732237
leaf_weight=2259 389 415 361 403 492 367 376 518 418 643 487 484 395 705 499 428 361
leaf_count=2259 389 415 361 403 492 367 376 518 418 643 487 484 395 705 499 428 361
internal_value=0 0.37282 0.784013 -0.064022 0.551473 -0.170728 0.415114 -0.121484 -0.142872 -0.163963 -0.0752429 -0.254779 -0.224891 -0.182323 -0.283419 -0.272199 -0.208758
internal_weight=0 3141 1618 1523 1257 6859 765 4325 3807 2902 905 2534 1240 1120 1294 927 756
internal_count=10000 3141 1618 1523 1257 6859 765 4325 3807 2902 905 2534 1240 1120 1294 927 756
is_linear=0
shrinkage=0.0100123


Tree=58
num_leaves=16
num_cat=2
split_feature=1 10 1 10 10 10 4 4 4 9 9 55 9 10 9
split_gain=7.34818e+06 2.09722e+06 578432 599551 260843 191221 167452 55432.5 49723.5 49097.7 22638.9 17130.5 12394.5 6200.65 2651.5
threshold=0 10.500000000000002 1 3.5000000000000004 4.5000000000000009 9.5000000000000018 2298.5000000000005 2220.5000000000005 1119.0000000000002 2022.5000000000002 2022.5000000000002 0.14989500000000003 2021.5000000000002 6.5000000000000009 2021.5000000000002
decision_type=1 2 1 2 2 2 2 2 2 2 2 2 2 2 2
left_child=1 4 3 -2 9 -5 7 12 -6 -1 -9 14 -4 -13 -8
right_child=2 -3 6 5 8 -7 11 10 -10 -11 -12 13 -14 -15 -16
leaf_value=0.57420207390487532 0.34692296022128588 1.1333529953290193 -0.14139934966514489 -0.208620343515658 0.18460680613007699 0.073373296882553521 -0.2937540776844389 -0.042937020982255256 0.32591245307409594 0.41919188712332839 -0.14346290805400985 -0.20188876557530361 -0.18535550847710422 -0.24696060054862129 -0.26494422743302343
leaf_weight=359 430 427 1018 621 567 394 534 597 446 477 360 607 1746 617 800
leaf_count=359 430 427 1018 621 567 394 534 597 446 477 360 607 1746 617 800
internal_value=0 0.498716 -0.147409 0.0333558 0.354852 -0.0991568 -0.188996 -0.146427 0.24682 0.485757 -0.0807524 -0.251658 -0.169166 -0.224609 -0.276477
internal_weight=0 2276 7724 1445 1849 1015 6279 3721 1013 836 957 2558 2764 1224 1334
internal_count=10000 2276 7724 1445 1849 1015 6279 3721 1013 836 957 2558 2764 1224 1334
cat_boundaries=0 1 2
cat_threshold=1 4
is_linear=0
shrinkage=0.0100123


Tree=59
num_leaves=15
num_cat=1
split_feature=1 10 2 10 2 4 10 4 4 2 11 4 4 10
split_gain=7.20177e+06 2.05544e+06 1.02907e+06 306127 257071 152820 121750 95046.6 51612.4 21522.2 11996.1 8979.05 8136.33 2328.73
threshold=0 10.500000000000002 8819.5000000000018 3.5000000000000004 8497.5000000000018 2298.5000000000005 6.5000000000000009 1828.5000000000002 1119.0000000000002 5541.5000000000009 19.500000000000004 464.00000000000006 2370.5000000000005 5.5000000000000009
decision_type=1 2 2 2 2 2 2 2 2 2 2 2 2 2
left_child=1 4 5 -4 6 7 -1 11 -6 12 -9 -2 -7 -11
right_child=2 -3 3 -5 8 9 -8 10 -10 13 -12 -13 -14 -15
leaf_value=0.35517053087576322 -0.15725770449173437 1.1220055504173503 0.39704196588980128 0.020203036073224653 0.58176048093024468 -0.28990213038060658 0.14611051344545495 -0.036584055818747081 0.41326952821036755 -0.19462788873858444 -0.10939438390096319 -0.19076042341352331 -0.24548730383974046 -0.22749475047579287
leaf_weight=589 1367 427 363 534 365 937 531 602 364 491 364 1940 740 386
leaf_count=589 1367 427 363 534 365 937 531 602 364 491 364 1940 740 386
internal_value=0 0.493722 -0.145933 0.172703 0.3513 -0.188013 0.256054 -0.15139 0.497631 -0.249285 -0.0640198 -0.176912 -0.270303 -0.209094
internal_weight=0 2276 7724 897 1849 6827 1120 4273 729 2554 966 3307 1677 877
internal_count=10000 2276 7724 897 1849 6827 1120 4273 729 2554 966 3307 1677 877
cat_boundaries=0 1
cat_threshold=1
is_linear=0
shrinkage=0.0100123


Tree=60
num_leaves=15
num_cat=1
split_feature=1 10 3 2 3 3 4 10 4 2 3 3 3 2
split_gain=7.05828e+06 2.01448e+06 1.04542e+06 1.60244e+06 254778 390500 134570 125369 69878.4 21316.6 19490 18621.3 7974.22 2276.54
threshold=0 10.500000000000002 30.445000000000004 4739.5000000000009 46.135000000000012 31.020000000000007 2298.5000000000005 4.5000000000000009 2220.5000000000005 5541.5000000000009 563.56000000000006 364.29000000000008 447.78500000000003 6078.5000000000009
decision_type=1 2 2 2 2 2 2 2 2 2 2 2 2 2
left_child=1 4 3 -2 5 -1 8 -7 10 12 -4 -10 -8 -11
right_child=2 -3 6 -5 -6 7 9 -9 11 13 -12 -13 -14 -15
leaf_value=0.18239746094717701 -0.1401339250002259 1.110771713745474 -0.16577690461102673 0.69890996108607217 0.12409053342156694 0.64824721546161945 -0.28699955106763192 0.41813823756659618 -0.028725890069395386 -0.22095123993967997 -0.23206914462330341 -0.11787027193425002 -0.24302941710139342 -0.18850331051515923
leaf_weight=498 642 427 2680 354 400 456 937 495 414 496 533 543 740 385
leaf_count=498 642 427 2680 354 400 456 937 495 414 496 533 543 740 385
internal_value=0 0.488779 -0.144472 0.15808 0.347782 0.409533 -0.189476 0.528474 -0.154406 -0.246648 -0.176774 -0.0793062 -0.267597 -0.206771
internal_weight=0 2276 7724 996 1849 1449 6728 951 4170 2558 3213 957 1677 881
internal_count=10000 2276 7724 996 1849 1449 6728 951 4170 2558 3213 957 1677 881
cat_boundaries=0 1
cat_threshold=1
is_linear=0
shrinkage=0.0100123


Tree=61
num_leaves=15
num_cat=1
split_feature=1 2 3 2 3 3 9 0 0 9 2 3 2 3
split_gain=6.91765e+06 1.86708e+06 1.02459e+06 1.57052e+06 499076 596786 366877 131889 68486.1 21909.5 20911 19101.6 4879.68 3902.83
threshold=0 9330.5000000000018 30.445000000000004 4739.5000000000009 46.135000000000012 31.020000000000007 2021.5000000000002 4684.5000000000009 4512.0000000000009 2022.5000000000002 5131.5000000000009 563.56000000000006 5893.5000000000009 163.77500000000003
decision_type=1 2 2 2 2 2 2 2 2 2 2 2 2 2
left_child=1 4 3 -2 5 -1 -7 8 11 -10 13 -4 -12 -9
right_child=2 -3 7 -5 -6 6 -8 10 9 -11 12 -13 -14 -15
leaf_value=0.17596019295745444 -0.13873086512271668 1.1421750619233679 -0.16411710061589532 0.69191228051072939 0.052530936310366837 0.83094221520526867 0.43339709375031915 -0.30010665780911838 -0.041310987097739428 -0.14020423491236364 -0.23174136671137421 -0.22974560288909293 -0.19179823693761958 -0.2615306972004246
leaf_weight=531 642 365 2680 354 413 390 577 367 597 360 741 533 523 927
leaf_count=531 642 365 2680 354 413 390 577 367 597 360 741 533 523 927
internal_value=0 0.483885 -0.143026 0.156498 0.360684 0.445642 0.593731 -0.187579 -0.15286 -0.0785122 -0.244179 -0.175004 -0.215214 -0.272471
internal_weight=0 2276 7724 996 1911 1498 967 6728 4170 957 2558 3213 1264 1294
internal_count=10000 2276 7724 996 1911 1498 967 6728 4170 957 2558 3213 1264 1294
cat_boundaries=0 1
cat_threshold=1
is_linear=0
shrinkage=0.0100123


Tree=62
num_leaves=15
num_cat=1
split_feature=1 2 3 2 3 3 9 0 0 9 2 3 0 2
split_gain=6.77982e+06 1.82988e+06 1.00417e+06 1.53922e+06 489133 584896 359568 129261 67121.6 21473 20510.5 18721 7740.22 2191.26
threshold=0 9330.5000000000018 30.445000000000004 4739.5000000000009 46.135000000000012 31.020000000000007 2021.5000000000002 4684.5000000000009 4512.0000000000009 2022.5000000000002 5541.5000000000009 563.56000000000006 4837.0000000000009 6078.5000000000009
decision_type=1 2 2 2 2 2 2 2 2 2 2 2 2 2
left_child=1 4 3 -2 5 -1 -7 8 11 -10 12 -4 -9 -12
right_child=2 -3 7 -5 -6 6 -8 10 9 -11 13 -13 -14 -15
leaf_value=0.17419843210331565 -0.13734185440069618 1.1307392709465973 -0.16247391453397755 0.68498465042988488 0.05200498158599013 0.82262258377059871 0.42905780057567866 -0.28139856962552307 -0.040897369689755408 -0.13880046992347081 -0.21653002449137926 -0.22744532552918942 -0.23807838300911377 -0.18469562607643841
leaf_weight=531 642 365 2680 354 413 390 577 937 597 360 496 533 740 385
leaf_count=531 642 365 2680 354 413 390 577 937 597 360 496 533 740 385
internal_value=0 0.47904 -0.141594 0.154931 0.357073 0.441181 0.587786 -0.185701 -0.151329 -0.0777261 -0.241734 -0.173252 -0.262283 -0.202618
internal_weight=0 2276 7724 996 1911 1498 967 6728 4170 957 2558 3213 1677 881
internal_count=10000 2276 7724 996 1911 1498 967 6728 4170 957 2558 3213 1677 881
cat_boundaries=0 1
cat_threshold=1
is_linear=0
shrinkage=0.0100123


Tree=63
num_leaves=16
num_cat=1
split_feature=1 10 2 3 10 4 4 2 9 2 3 2 3 2 3
split_gain=6.64474e+06 1.95722e+06 991081 1.39113e+06 244062 136859 91289 89304.8 71098.6 51217.9 35650.8 19986.7 17978.4 4591.67 3779.28
threshold=0 10.500000000000002 8819.5000000000018 82.840000000000018 5.5000000000000009 2298.5000000000005 1828.5000000000002 8925.5000000000018 2022.5000000000002 7649.0000000000009 364.29000000000008 5131.5000000000009 563.56000000000006 5893.5000000000009 163.77500000000003
decision_type=1 2 2 2 2 2 2 2 2 2 2 2 2 2 2
left_child=1 4 5 -4 7 6 12 8 -1 -6 -8 14 -2 -13 -7
right_child=2 -3 3 -5 9 11 10 -9 -10 -11 -12 13 -14 -15 -16
leaf_value=0.46840417688012165 -0.16161184678020238 1.087298965376041 0.61203823656543199 -0.18120320737221279 0.11714583671303697 -0.29428446317690415 0.0075851981027569935 0.56214357667845538 0.26872130236795849 0.27985562588162727 -0.11498176532623082 -0.22706378623832352 -0.22519886700724176 -0.188229890605766 -0.25632400489675611
leaf_weight=357 2776 427 400 497 381 367 424 358 358 395 542 741 531 519 927
leaf_count=357 2776 427 400 497 381 367 424 358 358 395 542 741 531 519 927
internal_value=0 0.474244 -0.140176 0.172528 0.335233 -0.181468 -0.14681 0.433057 0.368423 0.199968 -0.0611843 -0.239452 -0.171822 -0.211068 -0.26709
internal_weight=0 2276 7724 897 1849 6827 4273 1073 715 776 966 2554 3307 1260 1294
internal_count=10000 2276 7724 897 1849 6827 4273 1073 715 776 966 2554 3307 1260 1294
cat_boundaries=0 1
cat_threshold=1
is_linear=0
shrinkage=0.0100123


Tree=64
num_leaves=15
num_cat=1
split_feature=1 2 3 2 3 3 9 0 0 9 2 3 2 3
split_gain=6.51235e+06 1.77804e+06 979333 1.49891e+06 480269 572930 350190 122678 65156.3 20676.4 19754.1 17550.1 4587.74 3703.98
threshold=0 9330.5000000000018 30.445000000000004 4739.5000000000009 46.135000000000012 31.020000000000007 2021.5000000000002 4684.5000000000009 4512.0000000000009 2022.5000000000002 5131.5000000000009 563.56000000000006 5893.5000000000009 163.77500000000003
decision_type=1 2 2 2 2 2 2 2 2 2 2 2 2 2
left_child=1 4 3 -2 5 -1 -7 8 11 -10 13 -4 -12 -9
right_child=2 -3 7 -5 -6 6 -8 10 9 -11 12 -13 -14 -15
leaf_value=0.16836139965885269 -0.13435656143960953 1.1118858063238515 -0.16000827706412557 0.67712901791098112 0.046965273463717233 0.80945049689383397 0.42105200071055482 -0.29133800589792841 -0.040187670700815324 -0.13625768951870587 -0.22479036068476346 -0.22291497739133584 -0.18606050055926265 -0.25375761662866597
leaf_weight=531 642 365 2680 354 413 390 577 367 597 360 741 533 523 927
leaf_count=531 642 365 2680 354 413 390 577 367 597 360 741 533 523 927
internal_value=0 0.469496 -0.138773 0.154063 0.349257 0.432599 0.577697 -0.18233 -0.148844 -0.0763269 -0.236917 -0.170444 -0.208765 -0.264416
internal_weight=0 2276 7724 996 1911 1498 967 6728 4170 957 2558 3213 1264 1294
internal_count=10000 2276 7724 996 1911 1498 967 6728 4170 957 2558 3213 1264 1294
cat_boundaries=0 1
cat_threshold=1
is_linear=0
shrinkage=0.0100123


Tree=65
num_leaves=15
num_cat=1
split_feature=1 10 3 10 10 3 0 3 0 9 3 3 10 0
split_gain=6.38259e+06 1.90994e+06 959820 338434 236861 125873 120234 115195 63858.1 20264.4 17200.4 16899.6 5845.25 1570.69
threshold=0 10.500000000000002 30.445000000000004 5.5000000000000009 4.5000000000000009 31.535000000000004 4684.5000000000009 38.995000000000012 4512.0000000000009 2022.5000000000002 563.56000000000006 477.64500000000004 6.5000000000000009 4837.0000000000009
decision_type=1 2 2 2 2 2 2 2 2 2 2 2 2 2
left_child=1 4 3 -2 7 -6 8 -1 10 -10 -4 13 -13 -8
right_child=2 -3 6 -5 5 -7 11 -9 9 -11 -12 12 -14 -15
leaf_value=0.57257445271378737 0.38750492380101509 1.0703837911724381 -0.15840623108151192 0.0075625500796008662 0.072233136434524448 0.306311051415114 -0.26094639515440698 0.3374484889969846 -0.039785300909070016 -0.13489344082483226 -0.22068309703743572 -0.1786266614298101 -0.22675212408238379 -0.23711480528653869
leaf_weight=408 380 427 2680 616 354 659 1184 428 597 360 533 505 507 362
leaf_count=408 380 427 2680 616 354 659 1184 428 597 360 533 505 507 362
internal_value=0 0.464795 -0.137383 0.15252 0.327457 0.224511 -0.180504 0.452199 -0.147354 -0.0755627 -0.168737 -0.234545 -0.202737 -0.255366
internal_weight=0 2276 7724 996 1849 1013 6728 836 4170 957 3213 2558 1012 1546
internal_count=10000 2276 7724 996 1849 1013 6728 836 4170 957 3213 2558 1012 1546
cat_boundaries=0 1
cat_threshold=1
is_linear=0
shrinkage=0.0100123


Tree=66
num_leaves=12
num_cat=1
split_feature=1 2 2 3 3 3 2 55 0 0 2
split_gain=6.25542e+06 1.73162e+06 963583 1.35044e+06 472343 557175 162000 127239 77586.8 65778.4 17516.4
threshold=0 9330.5000000000018 8819.5000000000018 82.840000000000018 46.135000000000012 31.020000000000007 8330.5000000000018 0.15694500000000003 4684.5000000000009 3699.5000000000005 5844.5000000000009
decision_type=1 2 2 2 2 2 2 2 2 2 2
left_child=1 4 7 -4 5 -1 -7 8 9 -2 -10
right_child=2 -3 3 -5 -6 6 -8 -9 10 -11 -12
leaf_value=0.16354092674887452 -0.18383961483965472 1.0940764131856238 0.60536527429090281 -0.17618878816282024 0.041681527303003466 0.46384297671069846 0.72967997815358709 -0.017752831561061933 -0.2513011543749637 -0.087029984526552126 -0.18531594676201651
leaf_weight=531 3211 365 400 497 413 591 376 470 1718 901 527
leaf_count=531 3211 365 400 497 413 591 376 470 1718 901 527
internal_value=0 0.460141 -0.136008 0.17233 0.341468 0.42412 0.567209 -0.176719 -0.188473 -0.162627 -0.235812
internal_weight=0 2276 7724 897 1911 1498 967 6827 6357 4112 2245
internal_count=10000 2276 7724 897 1911 1498 967 6827 6357 4112 2245
cat_boundaries=0 1
cat_threshold=1
is_linear=0
shrinkage=0.0100123


Tree=67
num_leaves=18
num_cat=0
split_feature=3 0 10 10 3 0 0 3 3 3 3 9 11 10 11 0 9
split_gain=5.23111e+06 4.53826e+06 2.11488e+06 829358 185836 137999 57687.6 179969 41200.8 16306.6 11552.1 11217.7 5946.33 5706.27 5466.2 1575.14 2956.3
threshold=70.170000000000002 1356.5000000000002 10.500000000000002 3.5000000000000004 31.535000000000004 4684.5000000000009 2230.5000000000005 343.13500000000005 506.41000000000003 477.64500000000004 31.755000000000006 2021.5000000000002 18.500000000000004 6.5000000000000009 16.500000000000004 4837.0000000000009 2022.5000000000002
decision_type=2 2 2 2 2 2 2 2 2 2 2 2 2 2 2 2 2
left_child=1 10 3 -3 -5 6 11 -8 -9 15 12 -2 -1 -11 -13 16 -7
right_child=5 2 -4 4 -6 9 7 8 -10 13 -12 14 -14 -15 -16 -17 -18
leaf_value=-0.15239794684953514 -0.22591116187645988 0.70083789631400673 1.1760874294944437 0.0771699618777444 0.34806822685359362 -0.26987952339279636 0.085651400187564161 -0.1115307845575623 -0.20493334057255552 -0.17503337377094214 -0.11293266067986284 -0.14058206717307162 -0.20499445500142133 -0.22258327733011402 -0.19240212612542049 -0.23227574670064791 -0.23792206747669153
leaf_weight=526 500 669 469 384 749 675 408 1347 730 505 478 421 365 507 396 362 509
leaf_count=526 500 669 469 384 749 675 408 1347 730 505 478 421 365 507 396 362 509
internal_value=0 0.302697 0.577183 0.421308 0.256255 -0.173241 -0.134987 -0.106595 -0.144359 -0.2301 -0.152641 -0.188559 -0.173944 -0.198855 -0.165699 -0.250553 -0.256141
internal_weight=0 3640 2271 1802 1133 6360 3802 2485 2077 2558 1369 1317 891 1012 817 1546 1184
internal_count=10000 3640 2271 1802 1133 6360 3802 2485 2077 2558 1369 1317 891 1012 817 1546 1184
is_linear=0
shrinkage=0.0100123


Tree=68
num_leaves=15
num_cat=1
split_feature=1 2 2 3 3 3 2 0 0 3 2 3 0 2
split_gain=5.98868e+06 1.68504e+06 937179 1.31282e+06 464746 539875 158067 121827 85081.5 33273.1 18574.6 15835 7105.5 1961.5
threshold=0 9330.5000000000018 8819.5000000000018 82.840000000000018 46.135000000000012 31.020000000000007 8330.5000000000018 4684.5000000000009 3699.5000000000005 364.29000000000008 5541.5000000000009 563.56000000000006 4837.0000000000009 6078.5000000000009
decision_type=1 2 2 2 2 2 2 2 2 2 2 2 2 2
left_child=1 4 7 -4 5 -1 -7 8 11 -10 12 -2 -9 -12
right_child=2 -3 3 -5 -6 6 -8 10 9 -11 13 -13 -14 -15
leaf_value=0.15862428732273171 -0.1550904932230539 1.0755573364736528 0.59796915030377262 -0.17262031572122036 0.035775428020721416 0.4538724443100734 0.71646270412352109 -0.26577362613716432 0.0085738495086998823 -0.10983536039424351 -0.20371800461965636 -0.21476676750514578 -0.2242675903200165 -0.17350990871070177
leaf_weight=531 2776 365 400 497 413 591 376 937 424 542 496 531 740 381
leaf_count=531 2776 365 400 497 413 591 376 937 424 542 496 531 740 381
internal_value=0 0.450224 -0.133076 0.171009 0.333141 0.415126 0.555976 -0.173225 -0.140526 -0.0578628 -0.227932 -0.164673 -0.247459 -0.190595
internal_weight=0 2276 7724 897 1911 1498 967 6827 4273 966 2554 3307 1677 877
internal_count=10000 2276 7724 897 1911 1498 967 6827 4273 966 2554 3307 1677 877
cat_boundaries=0 1
cat_threshold=1
is_linear=0
shrinkage=0.0100123


Tree=69
num_leaves=11
num_cat=2
split_feature=1 10 3 2 3 3 10 55 3 1
split_gain=5.86936e+06 1.82013e+06 925335 1.43445e+06 227306 331642 111644 70078.4 20078.9 37951.3
threshold=0 10.500000000000002 30.445000000000004 4739.5000000000009 46.135000000000012 31.020000000000007 4.5000000000000009 0.15694500000000003 70.170000000000002 1
decision_type=1 2 2 2 2 2 2 2 2 1
left_child=1 4 3 -2 5 -1 -7 8 -4 -10
right_child=2 -3 7 -5 -6 6 -8 -9 9 -11
leaf_value=0.16061763178671731 -0.12924215230383662 1.0368605308998182 -0.12163497467828538 0.6646049713004536 0.10032264133826979 0.59257544540488227 0.37542732186861827 -0.054799008984660981 -0.17414332151681186 -0.2460150180914375
leaf_weight=498 642 427 495 354 400 456 495 460 4712 1061
leaf_count=498 642 427 495 354 400 456 495 460 4712 1061
internal_value=0 0.445716 -0.131744 0.152908 0.31161 0.369937 0.479549 -0.174079 -0.182833 -0.18808
internal_weight=0 2276 7724 996 1849 1449 951 6728 6268 5773
internal_count=10000 2276 7724 996 1849 1449 951 6728 6268 5773
cat_boundaries=0 1 2
cat_threshold=1 6
is_linear=0
shrinkage=0.0100123


Tree=70
num_leaves=15
num_cat=1
split_feature=1 10 3 10 3 3 10 0 0 9 3 3 10 9
split_gain=5.75252e+06 1.78386e+06 906934 322766 222777 325034 109420 108242 60201.8 19121 15496.8 15356.6 5568.99 1484.89
threshold=0 10.500000000000002 30.445000000000004 5.5000000000000009 46.135000000000012 31.020000000000007 4.5000000000000009 4684.5000000000009 4512.0000000000009 2022.5000000000002 563.56000000000006 477.64500000000004 6.5000000000000009 2021.5000000000002
decision_type=1 2 2 2 2 2 2 2 2 2 2 2 2 2
left_child=1 4 3 -2 5 -1 -7 8 10 -10 -4 13 -13 -9
right_child=2 -3 7 -5 -6 6 -8 11 9 -11 -12 12 -14 -15
leaf_value=0.15900948468854104 0.38085788323344216 1.026479198176214 -0.15184467939501334 0.0098147143370381565 0.099318183254750114 0.5866424143312059 0.37166843879837835 -0.25486447025176179 -0.03642953736816263 -0.12881554129724049 -0.21095713039915029 -0.16976271738032064 -0.21673717223169373 -0.23501880545317549
leaf_weight=498 380 427 2680 616 400 456 495 658 597 360 533 505 507 888
leaf_count=498 380 427 2680 616 400 456 495 658 597 360 533 505 507 888
internal_value=0 0.441253 -0.13043 0.151377 0.30849 0.366233 0.474747 -0.172342 -0.140889 -0.0711829 -0.161651 -0.223617 -0.193296 -0.243465
internal_weight=0 2276 7724 996 1849 1449 951 6728 4170 957 3213 2558 1012 1546
internal_count=10000 2276 7724 996 1849 1449 951 6728 4170 957 3213 2558 1012 1546
cat_boundaries=0 1
cat_threshold=1
is_linear=0
shrinkage=0.0100123


Tree=71
num_leaves=13
num_cat=1
split_feature=1 2 2 9 2 12 55 0 2 0 2 12
split_gain=5.63791e+06 1.63561e+06 912257 867437 330955 140106 124898 67470.3 66361.2 62093.4 16460 15105.8
threshold=0 9330.5000000000018 8819.5000000000018 2022.5000000000002 8330.5000000000018 2.5000000000000004 0.15694500000000003 4684.5000000000009 7342.0000000000009 3699.5000000000005 5844.5000000000009 3.5000000000000004
decision_type=1 2 2 2 2 2 2 2 2 2 2 2
left_child=1 4 6 -4 8 -6 7 9 -1 -2 -9 -10
right_child=2 -3 3 -5 5 -7 -8 10 11 -11 -12 -13
leaf_value=0.10552591294389653 -0.17688541019613457 1.052898885582418 0.46832780525268269 -0.15503329926417433 0.3554640116364654 0.62394194778640777 -0.011235666274939302 -0.239537584661661 0.31122585075756098 -0.082826601576383871 -0.17557300401952913 0.22065522271048821
leaf_weight=388 3211 365 469 428 422 362 470 1718 380 901 527 359
leaf_count=388 3211 365 469 428 422 362 470 1718 380 901 527 359
internal_value=0 0.436836 -0.129124 0.170894 0.321454 0.47943 -0.168733 -0.180377 0.211557 -0.156276 -0.224522 0.267227
internal_weight=0 2276 7724 897 1911 784 6827 6357 1127 4112 2245 739
internal_count=10000 2276 7724 897 1911 784 6827 6357 1127 4112 2245 739
cat_boundaries=0 1
cat_threshold=1
is_linear=0
shrinkage=0.0100123


Tree=72
num_leaves=18
num_cat=0
split_feature=2 3 2 0 0 0 9 2 0 3 3 2 0 11 2 3 2
split_gain=4.96262e+06 4.66108e+06 2.65584e+06 447988 306180 197600 133635 116862 44270.2 24046.7 20800.4 17358.7 6613.66 5163.72 1874.63 1780.8 1164.12
threshold=7489.5000000000009 47.405000000000008 9366.5000000000018 2230.5000000000005 2230.5000000000005 4684.5000000000009 2022.5000000000002 6932.0000000000009 3699.5000000000005 513.00500000000011 364.29000000000008 5541.5000000000009 4837.0000000000009 12.500000000000002 6078.5000000000009 163.77500000000003 4826.5000000000009
decision_type=2 2 2 2 2 2 2 2 2 2 2 2 2 2 2 2 2
left_child=5 2 4 13 6 7 -2 8 9 -1 -10 12 15 -3 -13 -7 -14
right_child=1 3 -4 -5 -6 11 -8 -9 10 -11 -12 14 16 -15 -16 -17 -18
leaf_value=-0.13127731236157658 0.2303950812434532 -0.14045151121563604 1.4660912091301854 0.22244598538290436 0.68603184572922837 -0.27148824573897873 0.49825627564136338 0.05305251536387063 -0.012379237102057067 -0.2072588433284116 -0.10782166487571129 -0.1959082452223892 -0.22902691380281504 -0.1851151642363299 -0.16596536325002653 -0.24375133643838703 -0.20390664234090594
leaf_weight=2532 379 412 361 399 482 423 368 406 418 500 506 496 363 701 363 514 377
leaf_count=2532 379 412 361 399 482 423 368 406 418 500 506 496 363 701 363 514 377
internal_value=0 0.332601 0.711072 -0.0653941 0.489296 -0.149575 0.362353 -0.108715 -0.125317 -0.143807 -0.0646453 -0.219855 -0.238603 -0.168582 -0.183255 -0.256273 -0.216229
internal_weight=0 3102 1590 1512 1229 6898 747 4362 3956 3032 924 2536 1677 1113 859 937 740
internal_count=10000 3102 1590 1512 1229 6898 747 4362 3956 3032 924 2536 1677 1113 859 937 740
is_linear=0
shrinkage=0.0100123


Tree=73
num_leaves=15
num_cat=1
split_feature=1 10 2 3 3 3 0 10 0 3 2 3 0 10
split_gain=5.41114e+06 1.73095e+06 884056 1.26786e+06 216062 311952 109486 102607 81336.2 31714.5 17328.8 14165.3 6481.89 2127.02
threshold=0 10.500000000000002 8819.5000000000018 82.840000000000018 46.135000000000012 31.020000000000007 4684.5000000000009 4.5000000000000009 3699.5000000000005 364.29000000000008 5541.5000000000009 563.56000000000006 4837.0000000000009 5.5000000000000009
decision_type=1 2 2 2 2 2 2 2 2 2 2 2 2 2
left_child=1 4 6 -4 5 -1 8 -7 11 -10 12 -2 -8 -12
right_child=2 -3 3 -5 -6 7 10 -9 9 -11 13 -13 -14 -15
leaf_value=0.15100669717568604 -0.14903918428443874 1.0044117013654523 0.58842936764712472 -0.16885036577972251 0.091155985553688298 0.56868112683943506 -0.2537070324535754 0.36050677942852843 0.011192342455221204 -0.10441028991416487 -0.16746498982362101 -0.20548172706347351 -0.21406420841962409 -0.19887617020131601
leaf_weight=498 2776 427 400 497 400 456 937 495 424 542 491 531 740 386
leaf_count=498 2776 427 400 497 400 456 937 495 424 542 491 531 740 386
internal_value=0 0.42796 -0.126501 0.168844 0.297152 0.354017 -0.165492 0.460325 -0.134493 -0.0536696 -0.217354 -0.158102 -0.236214 -0.18129
internal_weight=0 2276 7724 897 1849 1449 6827 951 4273 966 2554 3307 1677 877
internal_count=10000 2276 7724 897 1849 1449 6827 951 4273 966 2554 3307 1677 877
cat_boundaries=0 1
cat_threshold=1
is_linear=0
shrinkage=0.0100123


Tree=74
num_leaves=13
num_cat=1
split_feature=1 2 2 2 12 55 0 2 0 2 2 12
split_gain=5.30333e+06 1.55981e+06 866441 319053 136910 123258 62620.3 61313.5 58427.8 49403.3 15528.6 14741.2
threshold=0 9330.5000000000018 8819.5000000000018 8330.5000000000018 2.5000000000000004 0.15694500000000003 4684.5000000000009 7342.0000000000009 3699.5000000000005 9678.0000000000018 5844.5000000000009 3.5000000000000004
decision_type=1 2 2 2 2 2 2 2 2 2 2 2
left_child=1 3 5 7 -5 6 8 -1 -2 -4 -8 -9
right_child=2 -3 9 4 -6 -7 10 11 -10 -11 -12 -13
leaf_value=0.10116457577990857 -0.17217528221535733 1.0252817722432221 0.076402757908188595 0.34355154443027897 0.6089500323083058 -0.0073751612575494773 -0.23251537784242751 0.30005892570112469 -0.080935024923398033 0.22799204866155739 -0.17038689312017516 0.21058783699087394
leaf_weight=388 3211 365 360 422 362 470 1718 380 901 537 527 359
leaf_count=388 3211 365 360 422 362 470 1718 380 901 537 527 359
internal_value=0 0.423675 -0.125234 0.310986 0.466095 -0.163835 -0.175402 0.203084 -0.152183 0.167154 -0.217931 0.256595
internal_weight=0 2276 7724 1911 784 6827 6357 1127 4112 897 2245 739
internal_count=10000 2276 7724 1911 784 6827 6357 1127 4112 897 2245 739
cat_boundaries=0 1
cat_threshold=1
is_linear=0
shrinkage=0.0100123


Tree=75
num_leaves=13
num_cat=1
split_feature=1 10 2 9 10 55 2 9 0 0 2 2
split_gain=5.19766e+06 1.68899e+06 849178 849593 200023 120802 64431.7 64967.3 61372.6 57263.6 43806.3 15219.2
threshold=0 10.500000000000002 8819.5000000000018 2022.5000000000002 5.5000000000000009 0.15694500000000003 8925.5000000000018 2022.5000000000002 4684.5000000000009 3699.5000000000005 7649.0000000000009 5844.5000000000009
decision_type=1 2 2 2 2 2 2 2 2 2 2 2
left_child=1 4 5 -4 6 8 7 -1 9 -2 -6 -10
right_child=2 -3 3 -5 10 -7 -8 -9 11 -11 -12 -13
leaf_value=0.41943784303556741 -0.17045141623584972 0.98884084239414616 0.45983920464771544 -0.15707727267708577 0.091155242159408706 -0.0073013187495352024 0.48841121698048384 0.22855896810705742 -0.23018736932352293 -0.0801246810830714 0.24163256155853005 -0.16868093258522124
leaf_weight=357 3211 427 469 428 381 470 358 358 1718 901 395 527
leaf_count=357 3211 427 469 428 381 470 358 358 1718 901 395 527
internal_value=0 0.419433 -0.12398 0.16548 0.290205 -0.162194 0.378765 0.323865 -0.173646 -0.150659 0.167751 -0.215749
internal_weight=0 2276 7724 897 1849 6827 1073 715 6357 4112 776 2245
internal_count=10000 2276 7724 897 1849 6827 1073 715 6357 4112 776 2245
cat_boundaries=0 1
cat_threshold=1
is_linear=0
shrinkage=0.0100123


Tree=76
num_leaves=18
num_cat=0
split_feature=2 3 2 0 0 0 2 2 0 3 3 2 0 12 10 3 2
split_gain=4.59971e+06 4.44144e+06 2.55918e+06 419314 295846 183010 107205 61517.5 41329.3 22641.7 19917.3 16309.3 6261.61 5583.77 1917.23 1791.72 1032.73
threshold=7489.5000000000009 47.405000000000008 9366.5000000000018 2230.5000000000005 2230.5000000000005 4684.5000000000009 6932.0000000000009 8388.5000000000018 3699.5000000000005 513.00500000000011 364.29000000000008 5541.5000000000009 4837.0000000000009 3.5000000000000004 5.5000000000000009 163.77500000000003 4826.5000000000009
decision_type=2 2 2 2 2 2 2 2 2 2 2 2 2 2 2 2 2
left_child=5 2 4 13 7 6 8 -2 9 -1 -10 12 15 -3 -13 -7 -14
right_child=1 3 -4 -5 -6 11 -8 -9 10 -11 -12 14 16 -15 -16 -17 -18
leaf_value=-0.12628789010812369 0.25496328136258628 -0.18632836290577381 1.4308065729735466 0.21018001542991172 0.6653399004093774 -0.26226522734017654 0.050259827280177347 0.43670269180056337 -0.01081438691272061 -0.20001627889387658 -0.10420871512980096 -0.16299476535307394 -0.22009378716965433 -0.14049604287646997 -0.19315458892898552 -0.23444338740656054 -0.19643363426926946
leaf_weight=2532 368 671 361 399 482 423 406 379 418 500 506 484 363 442 375 514 377
leaf_count=2532 368 671 361 399 482 423 406 379 418 500 506 484 363 442 375 514 377
internal_value=0 0.320209 0.689655 -0.0682961 0.471953 -0.144002 -0.10468 0.347171 -0.120581 -0.138446 -0.0619589 -0.211638 -0.22981 -0.168127 -0.176161 -0.247003 -0.20804
internal_weight=0 3102 1590 1512 1229 6898 4362 747 3956 3032 924 2536 1677 1113 859 937 740
internal_count=10000 3102 1590 1512 1229 6898 4362 747 3956 3032 924 2536 1677 1113 859 937 740
is_linear=0
shrinkage=0.0100123


Tree=77
num_leaves=16
num_cat=2
split_feature=1 10 2 9 10 0 0 2 9 2 9 2 1 0 10
split_gain=4.98777e+06 1.64534e+06 823168 842681 190672 104881 81856.8 59766.9 62730.9 40664.1 32307.5 16175.6 6639.79 6136.85 2077.42
threshold=0 10.500000000000002 8861.5000000000018 2022.5000000000002 5.5000000000000009 4684.5000000000009 3699.5000000000005 8925.5000000000018 2022.5000000000002 7649.0000000000009 2022.5000000000002 5541.5000000000009 1 4837.0000000000009 5.5000000000000009
decision_type=1 2 2 2 2 2 2 2 2 2 2 2 1 2 2
left_child=1 4 5 -4 7 6 12 8 -1 -6 -8 13 -2 -7 -13
right_child=2 -3 3 -5 9 11 10 -9 -10 -11 -12 14 -14 -15 -16
leaf_value=0.41081956398586283 -0.14256664426838431 0.972864268313822 0.46746968844018955 -0.1554997000423719 0.08996095784126816 -0.24453023356074299 -0.0027274261169395997 0.47538397350062361 0.22325490617928023 0.2349409949666825 -0.122406796101244 -0.16079129850455182 -0.19104546427524352 -0.20595694506681236 -0.19181161917615352
leaf_weight=357 2761 427 453 419 381 937 608 358 358 395 360 491 568 740 387
leaf_count=357 2761 427 453 419 381 937 608 358 358 395 360 491 568 740 387
internal_value=0 0.410877 -0.121451 0.16813 0.283316 -0.158481 -0.128276 0.369781 0.316906 0.163759 -0.0472363 -0.209281 -0.15184 -0.227509 -0.174464
internal_weight=0 2276 7724 872 1849 6852 4297 1073 715 776 968 2555 3329 1677 878
internal_count=10000 2276 7724 872 1849 6852 4297 1073 715 776 968 2555 3329 1677 878
cat_boundaries=0 1 2
cat_threshold=1 10
is_linear=0
shrinkage=0.0100123


Tree=78
num_leaves=15
num_cat=1
split_feature=1 2 3 2 3 3 9 0 0 9 2 0 0 2
split_gain=4.88847e+06 1.46948e+06 854542 1.33317e+06 442808 497659 341752 87605.3 54976.4 17525.1 16067.3 15563.1 6014.58 1771.18
threshold=0 9330.5000000000018 30.445000000000004 4739.5000000000009 46.135000000000012 31.020000000000007 2021.5000000000002 4684.5000000000009 4512.0000000000009 2022.5000000000002 5541.5000000000009 892.50000000000011 4837.0000000000009 6078.5000000000009
decision_type=1 2 2 2 2 2 2 2 2 2 2 2 2 2
left_child=1 4 3 -2 5 -1 -7 8 11 -10 12 -4 -9 -12
right_child=2 -3 7 -5 -6 6 -8 10 9 -11 13 -13 -14 -15
leaf_value=0.13112307229610895 -0.11869170581586792 0.99067055871845733 -0.10119007546851751 0.64661635723612332 0.0071031882924435909 0.7415676437943538 0.35787673292850647 -0.24208193069132344 -0.032734653950868713 -0.12118122534352845 -0.18493069445760979 -0.16192970032476944 -0.20389484598011556 -0.15630994037790027
leaf_weight=531 642 365 501 354 413 390 577 937 597 360 496 2712 740 385
leaf_count=531 642 365 501 354 413 390 577 937 597 360 496 2712 740 385
internal_value=0 0.406763 -0.12024 0.153315 0.297366 0.377392 0.512623 -0.160915 -0.132618 -0.0660061 -0.207044 -0.152459 -0.225231 -0.172423
internal_weight=0 2276 7724 996 1911 1498 967 6728 4170 957 2558 3213 1677 881
internal_count=10000 2276 7724 996 1911 1498 967 6728 4170 957 2558 3213 1677 881
cat_boundaries=0 1
cat_threshold=1
is_linear=0
shrinkage=0.0100123


Tree=79
num_leaves=13
num_cat=1
split_feature=1 2 2 9 2 12 55 2 0 0 2 12
split_gain=4.79107e+06 1.4402e+06 803345 801227 304248 132768 119770 56539 54647.6 53532 14130.5 14017.3
threshold=0 9330.5000000000018 8819.5000000000018 2022.5000000000002 8330.5000000000018 2.5000000000000004 0.15694500000000003 7342.0000000000009 4684.5000000000009 3699.5000000000005 5844.5000000000009 3.5000000000000004
decision_type=1 2 2 2 2 2 2 2 2 2 2 2
left_child=1 4 6 -4 7 -6 8 -1 9 -2 -10 -9
right_child=2 -3 3 -5 5 -7 -8 11 10 -11 -12 -13
leaf_value=0.091149144474808541 -0.16505034728258708 0.98075168817083669 0.44836436361614107 -0.15073456908123739 0.3251806413223558 0.5865339284299973 -0.0019716875600221751 0.28278851016744078 -0.2212464106218906 -0.077716271626530414 -0.16198080667524059 0.19554198136474601
leaf_weight=388 3211 365 469 428 422 362 470 380 1718 901 527 359
leaf_count=388 3211 365 469 428 422 362 470 380 1718 901 527 359
internal_value=0 0.402691 -0.119036 0.162507 0.294389 0.445857 -0.156202 0.18902 -0.167605 -0.145914 -0.207334 0.240405
internal_weight=0 2276 7724 897 1911 784 6827 1127 6357 4112 2245 739
internal_count=10000 2276 7724 897 1911 784 6827 1127 6357 4112 2245 739
cat_boundaries=0 1
cat_threshold=1
is_linear=0
shrinkage=0.0100123


Tree=80
num_leaves=18
num_cat=0
split_feature=2 3 2 0 0 0 9 2 0 3 3 2 0 11 10 3 2
split_gain=4.28434e+06 4.19249e+06 2.42228e+06 402473 288611 172248 120329 111193 39308.3 21027.2 18960.7 15290.4 5851.71 5186.04 1863.75 1778.72 961.675
threshold=7536.0000000000009 47.405000000000008 9366.5000000000018 2230.5000000000005 2230.5000000000005 4684.5000000000009 2022.5000000000002 6932.0000000000009 3699.5000000000005 513.00500000000011 364.29000000000008 5541.5000000000009 4837.0000000000009 12.500000000000002 5.5000000000000009 163.77500000000003 4826.5000000000009
decision_type=2 2 2 2 2 2 2 2 2 2 2 2 2 2 2 2 2
left_child=5 2 4 13 6 7 -2 8 9 -1 -10 12 15 -3 -13 -7 -14
right_child=1 3 -4 -5 -6 11 -8 -9 10 -11 -12 14 16 -15 -16 -17 -18
leaf_value=-0.12240825973500603 0.20812620447262889 -0.1369835855320039 1.3929568759524693 0.20842675703974592 0.650845289058263 -0.25287905982285136 0.46456250213538741 0.050568246225831052 -0.0096301487537811259 -0.19345937839705729 -0.10075408546913071 -0.15616504369342524 -0.21163794251825144 -0.18196382969605235 -0.18588781434232959 -0.22515829185329198 -0.18880620446506499
leaf_weight=2532 374 407 361 391 474 423 360 443 418 500 506 485 363 697 375 514 377
leaf_count=2532 374 407 361 391 474 423 360 443 418 500 506 485 363 697 375 514 377
internal_value=0 0.311799 0.67332 -0.0676162 0.458264 -0.137749 0.333899 -0.0998574 -0.116702 -0.134125 -0.0595314 -0.20345 -0.221052 -0.165381 -0.169126 -0.237673 -0.200006
internal_weight=0 3064 1569 1495 1208 6936 734 4399 3956 3032 924 2537 1677 1104 860 937 740
internal_count=10000 3064 1569 1495 1208 6936 734 4399 3956 3032 924 2537 1677 1104 860 937 740
is_linear=0
shrinkage=0.0100123


Tree=81
num_leaves=13
num_cat=2
split_feature=1 10 1 10 10 10 55 0 0 10 9 55
split_gain=4.59722e+06 1.58969e+06 427608 507156 175713 157830 118317 53295 26730.3 23204.9 16325.9 10425.5
threshold=0 10.500000000000002 1 3.5000000000000004 5.5000000000000009 9.5000000000000018 0.15694500000000003 4684.5000000000009 4512.0000000000009 8.5000000000000018 2022.5000000000002 0.14989500000000003
decision_type=1 2 1 2 2 2 2 2 2 2 2 2
left_child=1 4 3 -2 10 -5 7 8 -4 -6 -1 -9
right_child=2 -3 6 5 9 -7 -8 11 -10 -11 -12 -13
leaf_value=0.39577529862397659 0.32716821466643714 0.94681953990378243 -0.15671809788835955 -0.18255064800691348 0.096760878191648123 0.073642240544927823 2.6957039470786838e-05 -0.22097763025972561 -0.093379702468587691 0.20639432175744685 0.31716480928410734 -0.17709558880859327
leaf_weight=476 430 427 2668 621 369 394 471 1334 891 407 597 915
leaf_count=476 430 427 2668 621 369 394 471 1334 891 407 597 915
internal_value=0 0.39446 -0.116603 0.0387171 0.269034 -0.0831024 -0.152352 -0.164971 -0.140861 0.154262 0.352038 -0.203124
internal_weight=0 2276 7724 1445 1849 1015 6279 5808 3559 776 1073 2249
internal_count=10000 2276 7724 1445 1849 1015 6279 5808 3559 776 1073 2249
cat_boundaries=0 1 2
cat_threshold=1 4
is_linear=0
shrinkage=0.0100123


Tree=82
num_leaves=16
num_cat=2
split_feature=1 10 1 10 10 10 0 0 0 9 9 0 9 9 9
split_gain=4.50562e+06 1.55801e+06 419089 497051 172987 154686 100396 39548.1 38404.1 36030.1 16978.1 11847 10462.8 5941.19 2462.86
threshold=0 10.500000000000002 1 3.5000000000000004 4.5000000000000009 9.5000000000000018 4684.5000000000009 2230.5000000000005 4512.0000000000009 2022.5000000000002 2022.5000000000002 4837.0000000000009 2021.5000000000002 2021.5000000000002 2022.5000000000002
decision_type=1 2 1 2 2 2 2 2 2 2 2 2 2 2 2
left_child=1 4 3 -2 9 -5 8 -6 12 -1 -10 14 -4 -13 -8
right_child=2 -3 6 5 7 -7 11 -9 10 -11 -12 13 -14 -15 -16
leaf_value=0.44871011131910288 0.32389251066350794 0.93733972583754699 -0.11128724206712298 -0.1807228999469534 0.12287931918602517 0.072904920749535057 -0.23510410359008424 0.24889984153441788 -0.030459332967359379 0.3159209883812521 -0.1175145648509078 -0.20692075731510154 -0.1516730788107685 -0.16362866003638121 -0.20593534336946936
leaf_weight=359 430 427 1018 621 567 394 675 446 597 477 360 499 1746 875 509
leaf_count=359 430 427 1018 621 567 394 675 446 597 477 360 499 1746 875 509
internal_value=0 0.390511 -0.115435 0.0383295 0.26634 -0.0822703 -0.150826 0.178363 -0.117872 0.372944 -0.0632074 -0.199353 -0.136799 -0.179351 -0.222564
internal_weight=0 2276 7724 1445 1849 1015 6279 1013 3721 836 957 2558 2764 1374 1184
internal_count=10000 2276 7724 1445 1849 1015 6279 1013 3721 836 957 2558 2764 1374 1184
cat_boundaries=0 1 2
cat_threshold=1 4
is_linear=0
shrinkage=0.0100123


Tree=83
num_leaves=14
num_cat=2
split_feature=1 3 11 11 3 0 0 11 1 11 3 0 12
split_gain=4.41585e+06 821897 353605 893218 98946.6 76803.2 52502.8 35838.4 16435.7 15778.6 12304.7 1370.52 310.654
threshold=0 30.445000000000004 14.500000000000002 22.500000000000004 38.995000000000012 4684.5000000000009 4512.0000000000009 19.500000000000004 1 19.500000000000004 477.64500000000004 4837.0000000000009 3.5000000000000004
decision_type=1 2 2 2 2 2 2 2 1 2 2 2 2
left_child=2 7 4 -4 -1 6 8 -2 -3 -8 11 -7 -12
right_child=1 5 3 -5 -6 10 9 -9 -10 -11 12 -13 -14
leaf_value=0.34130235409849685 0.20157801842108963 -0.12499871384927831 0.78022347334541331 0.23744529537612169 0.14666478164673361 -0.22033611501457151 -0.031144919039610496 0.078183613320394432 -0.17653017254134881 -0.11516207071588569 -0.16534044636054496 -0.19807486775023003 -0.17652772702104882
leaf_weight=588 612 1896 599 617 472 1184 599 384 1317 358 571 362 441
leaf_count=588 612 1896 599 617 472 1184 599 384 1317 358 571 362 441
internal_value=0 -0.11428 0.386601 0.504817 0.254634 -0.154166 -0.127671 0.154004 -0.14706 -0.0625745 -0.197357 -0.215124 -0.170216
internal_weight=0 7724 2276 1216 1060 6728 4170 996 3213 957 2558 1546 1012
internal_count=10000 7724 2276 1216 1060 6728 4170 996 3213 957 2558 1546 1012
cat_boundaries=0 1 2
cat_threshold=1 10
is_linear=0
shrinkage=0.0100123


Tree=84
num_leaves=15
num_cat=1
split_feature=1 10 3 10 3 3 3 4 4 9 3 3 10 9
split_gain=4.32794e+06 1.52764e+06 805545 291185 202920 286153 94656 75257.1 51468.3 16635 16300.5 12059.6 5066.31 1396.03
threshold=0 10.500000000000002 30.445000000000004 5.5000000000000009 46.135000000000012 31.020000000000007 38.995000000000012 2298.5000000000005 2220.5000000000005 2022.5000000000002 70.170000000000002 477.64500000000004 6.5000000000000009 2021.5000000000002
decision_type=1 2 2 2 2 2 2 2 2 2 2 2 2 2
left_child=1 4 3 -2 5 -1 -7 8 10 -10 -4 13 -13 -9
right_child=2 -3 7 -5 -6 6 -8 11 9 -11 -12 12 -14 -15
leaf_value=0.12043290216068794 0.37042700066062523 0.92418586885049059 -0.093127667237597855 0.018003622291427088 0.060125997590413496 0.49960849915950151 0.29636004114787379 -0.22402243865047677 -0.029532542622129038 -0.11570368338147489 -0.15528963363759979 -0.14606488021421399 -0.19086915473335811 -0.20477973547189979
leaf_weight=498 380 427 501 616 400 563 388 658 597 360 2712 505 507 888
leaf_count=498 380 427 501 616 400 563 388 658 597 360 2712 505 507 888
internal_value=0 0.38273 -0.113139 0.152462 0.259758 0.314867 0.416685 -0.152627 -0.1264 -0.061948 -0.145597 -0.195381 -0.168511 -0.21297
internal_weight=0 2276 7724 996 1849 1449 951 6728 4170 957 3213 2558 1012 1546
internal_count=10000 2276 7724 996 1849 1449 951 6728 4170 957 3213 2558 1012 1546
cat_boundaries=0 1
cat_threshold=1
is_linear=0
shrinkage=0.0100123


Tree=85
num_leaves=12
num_cat=1
split_feature=1 10 3 10 3 3 3 55 3 3 3
split_gain=4.24171e+06 1.49721e+06 789495 285383 198877 280451 92770.1 64598.6 19573.9 67341.1 37618.6
threshold=0 10.500000000000002 30.445000000000004 5.5000000000000009 46.135000000000012 31.020000000000007 38.995000000000012 0.15694500000000003 191.13000000000002 447.78500000000003 70.170000000000002
decision_type=1 2 2 2 2 2 2 2 2 2 2
left_child=1 4 3 -2 5 -1 -7 8 10 -10 -4
right_child=2 -3 7 -5 -6 6 -8 -9 9 -11 -12
leaf_value=0.11922709519564886 0.36671819043615916 0.91493266121177008 -0.099463841934804786 0.017823365279324575 0.059524000288316121 0.49460627836798915 0.29339280103663157 -0.036576843317761759 -0.072533592515626175 -0.17127763896163584 -0.19545493994015919
leaf_weight=498 380 427 495 616 400 563 388 460 966 2444 2363
leaf_count=498 380 427 495 616 400 563 388 460 966 2444 2363
internal_value=0 0.378898 -0.112006 0.150936 0.257158 0.311715 0.412513 -0.151098 -0.159503 -0.143305 -0.178829
internal_weight=0 2276 7724 996 1849 1449 951 6728 6268 3410 2858
internal_count=10000 2276 7724 996 1849 1449 951 6728 6268 3410 2858
cat_boundaries=0 1
cat_threshold=1
is_linear=0
shrinkage=0.0100123


Tree=86
num_leaves=15
num_cat=1
split_feature=1 10 3 2 3 3 3 4 4 3 2 3 3 10
split_gain=4.15719e+06 1.46738e+06 773765 1.26934e+06 194914 274864 90921.7 73275.5 49820.5 15634.8 14689.6 13152.7 5365.88 1837.03
threshold=0 10.500000000000002 30.445000000000004 4739.5000000000009 46.135000000000012 31.020000000000007 38.995000000000012 2298.5000000000005 2220.5000000000005 70.170000000000002 5541.5000000000009 364.29000000000008 163.77500000000003 5.5000000000000009
decision_type=1 2 2 2 2 2 2 2 2 2 2 2 2 2
left_child=1 4 3 -2 5 -1 -7 8 9 -4 12 -10 -9 -12
right_child=2 -3 7 -5 -6 6 -8 10 11 -11 13 -13 -14 -15
leaf_value=0.11803335935811496 -0.11599125305228473 0.90577210307045475 -0.09120692684351904 0.63077208874585544 0.05892802800665254 0.48965414343384989 0.29045527023663759 -0.24000027963534923 -0.017785379422162843 -0.1520864739930276 -0.14581478649971663 -0.09270523229908352 -0.19876197545008437 -0.17493008246367472
leaf_weight=498 642 427 501 354 400 563 388 423 414 2712 492 543 1254 389
leaf_count=498 642 427 501 354 400 563 388 423 414 2712 492 543 1254 389
internal_value=0 0.375104 -0.110885 0.149425 0.254583 0.308594 0.408383 -0.149586 -0.123706 -0.142594 -0.191773 -0.0602948 -0.209164 -0.15867
internal_weight=0 2276 7724 996 1849 1449 951 6728 4170 3213 2558 957 1677 881
internal_count=10000 2276 7724 996 1849 1449 951 6728 4170 3213 2558 957 1677 881
cat_boundaries=0 1
cat_threshold=1
is_linear=0
shrinkage=0.0100123


Tree=87
num_leaves=10
num_cat=0
split_feature=55 3 3 0 0 0 0 3 55
split_gain=3.71996e+06 2.46463e+06 1.19298e+06 1.33208e+06 300665 60947.4 55704.5 33844.6 10205.6
threshold=0.19950500000000002 29.065000000000001 70.170000000000002 1356.5000000000002 2230.5000000000005 4684.5000000000009 2230.5000000000005 31.755000000000006 0.14989500000000003
decision_type=2 2 2 2 2 2 2 2 2
left_child=1 -1 3 7 -5 6 -4 -3 -7
right_child=-2 2 5 4 -6 8 -8 -9 -10
leaf_value=0.74871698986847512 1.0007186399851506 -0.20103105346615993 -0.17802972880423354 0.12007033560227826 0.3764273179486553 -0.20843705585912034 -0.096819226730049959 -0.093898869205850014 -0.16715998980366395
leaf_weight=384 359 791 1305 836 1016 1334 2411 472 1092
leaf_count=384 359 791 1305 836 1016 1334 2411 472 1092
internal_value=0 -0.0372734 -0.069878 0.0897249 0.260707 -0.150823 -0.125339 -0.160994 -0.189857
internal_weight=0 9641 9257 3115 1852 6142 3716 1263 2426
internal_count=10000 9641 9257 3115 1852 6142 3716 1263 2426
is_linear=0
shrinkage=0.0100123


Tree=88
num_leaves=15
num_cat=1
split_feature=1 10 3 10 3 3 3 0 0 9 0 3 10 0
split_gain=4.0061e+06 1.43124e+06 751453 277368 189743 268830 90087.7 71173.5 48395.5 15757.9 15197.9 11609.8 4736.06 1434.14
threshold=0 10.500000000000002 30.445000000000004 5.5000000000000009 46.135000000000012 31.020000000000007 38.995000000000012 4684.5000000000009 4512.0000000000009 2022.5000000000002 892.50000000000011 477.64500000000004 6.5000000000000009 4837.0000000000009
decision_type=1 2 2 2 2 2 2 2 2 2 2 2 2 2
left_child=1 4 3 -2 5 -1 -7 8 10 -10 -4 13 -13 -9
right_child=2 -3 7 -5 -6 6 -8 11 9 -11 -12 12 -14 -15
leaf_value=0.11401897797949734 0.36040884986553134 0.89230817970165599 -0.089435607549522456 0.01644858788929936 0.0561446062204254 0.48206147467093452 0.28377825724134687 -0.21115728366102282 -0.027436476906563992 -0.11130507680125054 -0.14945837319550384 -0.14050111404615123 -0.18382049188461977 -0.18838516363532246
leaf_weight=498 380 427 501 616 400 563 388 1184 597 360 2712 505 507 362
leaf_count=498 380 427 501 616 400 563 388 1184 597 360 2712 505 507 362
internal_value=0 0.368225 -0.108851 0.147678 0.249187 0.302476 0.401164 -0.146989 -0.121484 -0.0589858 -0.140099 -0.188568 -0.162204 -0.205825
internal_weight=0 2276 7724 996 1849 1449 951 6728 4170 957 3213 2558 1012 1546
internal_count=10000 2276 7724 996 1849 1449 951 6728 4170 957 3213 2558 1012 1546
cat_boundaries=0 1
cat_threshold=1
is_linear=0
shrinkage=0.0100123


Tree=89
num_leaves=15
num_cat=1
split_feature=1 10 2 3 3 3 3 0 0 3 2 3 3 10
split_gain=3.92628e+06 1.40273e+06 749396 1.19671e+06 185963 263473 88292.8 75751 69059.9 27632.6 14066 11406.5 5474.63 1795.56
threshold=0 10.500000000000002 8819.5000000000018 82.840000000000018 46.135000000000012 31.020000000000007 38.995000000000012 4684.5000000000009 3699.5000000000005 364.29000000000008 5541.5000000000009 646.55500000000018 163.77500000000003 5.5000000000000009
decision_type=1 2 2 2 2 2 2 2 2 2 2 2 2 2
left_child=1 4 7 -4 5 -1 -7 8 11 -10 12 -2 -9 -12
right_child=2 -3 3 -5 -6 6 -8 10 9 -11 13 -13 -14 -15
leaf_value=0.11287738845888189 -0.13191952439823953 0.88337414546587345 0.57181506765445511 -0.16390994833706171 0.055582469357435466 0.47723493961280844 0.28093699021410684 -0.23492679070579575 0.017154399799812824 -0.090752727316230117 -0.14159324970137455 -0.18452698046407054 -0.19327268234539799 -0.17045337096076393
leaf_weight=498 2823 427 400 497 400 563 388 423 424 542 491 484 1254 386
leaf_count=498 2823 427 400 497 400 563 388 423 424 542 491 484 1254 386
internal_value=0 0.364538 -0.107761 0.164173 0.246692 0.299448 0.397147 -0.143649 -0.117864 -0.0433898 -0.186787 -0.139619 -0.203779 -0.154296
internal_weight=0 2276 7724 897 1849 1449 951 6827 4273 966 2554 3307 1677 877
internal_count=10000 2276 7724 897 1849 1449 951 6827 4273 966 2554 3307 1677 877
cat_boundaries=0 1
cat_threshold=1
is_linear=0
shrinkage=0.0100123


Tree=90
num_leaves=15
num_cat=1
split_feature=1 10 2 3 3 3 3 3 3 3 2 2 2 3
split_gain=3.84805e+06 1.37478e+06 734465 1.17287e+06 182257 258224 86533.6 27659.9 82625.3 44817.3 28490.8 11938.7 9175.92 5887.38
threshold=0 10.500000000000002 8819.5000000000018 82.840000000000018 46.135000000000012 31.020000000000007 38.995000000000012 191.13000000000002 447.78500000000003 82.840000000000018 5286.5000000000009 7208.0000000000009 4750.5000000000009 364.29000000000008
decision_type=1 2 2 2 2 2 2 2 2 2 2 2 2 2
left_child=1 4 7 -4 5 -1 -7 9 13 10 -2 -11 -10 -9
right_child=2 -3 3 -5 -6 6 -8 8 12 11 -12 -13 -14 -15
leaf_value=0.11174722767635553 -0.14891703132137804 0.87452955030244195 0.56608988949281691 -0.16226883645180734 0.055025964519820079 0.47245673105253128 0.2781241697363892 -0.017956944553014526 -0.19637322784932876 -0.21291695848810177 -0.045680840112020837 -0.147712951952546 -0.14495013641739568 -0.066937404293166955
leaf_weight=498 1057 427 400 497 400 563 388 416 410 1331 359 357 2295 602
leaf_count=498 1057 427 400 497 400 563 388 416 410 1331 359 357 2295 602
internal_value=0 0.360888 -0.106682 0.162529 0.244222 0.29645 0.393171 -0.14221 -0.123809 -0.164282 -0.122743 -0.199127 -0.152744 -0.0469218
internal_weight=0 2276 7724 897 1849 1449 951 6827 3723 3104 1416 1688 2705 1018
internal_count=10000 2276 7724 897 1849 1449 951 6827 3723 3104 1416 1688 2705 1018
cat_boundaries=0 1
cat_threshold=1
is_linear=0
shrinkage=0.0100123


Tree=91
num_leaves=15
num_cat=2
split_feature=1 2 3 2 3 3 9 0 0 1 11 2 3 2
split_gain=3.77138e+06 1.32856e+06 730093 1.21881e+06 423876 442786 319160 65139.5 47010.4 16938.3 15419.3 13753.2 5295.94 1657.8
threshold=0 9297.0000000000018 30.445000000000004 4739.5000000000009 46.135000000000012 31.020000000000007 2021.5000000000002 4684.5000000000009 4512.0000000000009 1 19.500000000000004 5541.5000000000009 163.77500000000003 6078.5000000000009
decision_type=1 2 2 2 2 2 2 2 2 1 2 2 2 2
left_child=1 4 3 -2 5 -1 -7 8 9 -4 -10 12 -9 -13
right_child=2 -3 7 -5 -6 6 -8 11 10 -11 -12 13 -14 -15
leaf_value=0.095386318667914069 -0.1128336448467545 0.89579323979647918 -0.11517951888920941 0.61891372886782103 -0.035945361889524172 0.67820664948140796 0.305796561087743 -0.23044285410016582 -0.026136998718806245 -0.16664159404113868 -0.1091919853837231 -0.16305090409952186 -0.18947417213009304 -0.13536139116581147
leaf_weight=527 642 384 1896 354 408 388 569 423 599 1317 358 496 1254 385
leaf_count=527 642 384 1896 354 408 388 569 423 599 1317 358 496 1254 385
internal_value=0 0.357275 -0.105614 0.147245 0.249865 0.328444 0.456784 -0.143204 -0.118804 -0.137151 -0.0572067 -0.182981 -0.199808 -0.15095
internal_weight=0 2276 7724 996 1892 1484 957 6728 4170 3213 957 2558 1677 881
internal_count=10000 2276 7724 996 1892 1484 957 6728 4170 3213 957 2558 1677 881
cat_boundaries=0 1 2
cat_threshold=1 10
is_linear=0
shrinkage=0.0100123


Tree=92
num_leaves=12
num_cat=1
split_feature=1 2 2 3 3 3 9 55 0 0 2
split_gain=3.6963e+06 1.3027e+06 717535 1.14212e+06 403829 434007 323038 110253 34451.1 47732.9 12208.4
threshold=0 9330.5000000000018 8819.5000000000018 82.840000000000018 46.135000000000012 31.020000000000007 2021.5000000000002 0.15694500000000003 4684.5000000000009 3699.5000000000005 5893.5000000000009
decision_type=1 2 2 2 2 2 2 2 2 2 2
left_child=1 4 7 -4 5 -1 -7 8 9 -2 -10
right_child=2 -3 3 -5 -6 6 -8 -9 10 -11 -12
leaf_value=0.097008061611274024 -0.15146370199535844 0.9033435356981222 0.55976769662255055 -0.15898144489427762 -0.026626654126422632 0.67586389660798685 0.30282634801500657 0.0083002200719067849 -0.19444948463691408 -0.06899560078000129 -0.13780002025648311
leaf_weight=531 3211 365 400 497 413 390 577 470 1758 901 487
leaf_count=531 3211 365 400 497 413 390 577 470 1758 901 487
internal_value=0 0.353698 -0.104561 0.161531 0.250566 0.326989 0.453276 -0.139676 -0.150616 -0.133394 -0.182161
internal_weight=0 2276 7724 897 1911 1498 967 6827 6357 4112 2245
internal_count=10000 2276 7724 897 1911 1498 967 6827 6357 4112 2245
cat_boundaries=0 1
cat_threshold=1
is_linear=0
shrinkage=0.0100123


Tree=93
num_leaves=15
num_cat=2
split_feature=1 10 3 2 3 10 3 0 0 1 2 3 3 10
split_gain=3.62265e+06 1.33544e+06 713157 1.18686e+06 171656 241562 178742 62273.7 45818.9 17789.3 13341.9 12069.2 5201.93 1657.21
threshold=0 10.500000000000002 30.445000000000004 4739.5000000000009 46.135000000000012 3.5000000000000004 31.535000000000004 4684.5000000000009 4512.0000000000009 1 5541.5000000000009 364.29000000000008 163.77500000000003 5.5000000000000009
decision_type=1 2 2 2 2 2 2 2 2 1 2 2 2 2
left_child=1 4 3 -2 5 -1 -7 8 9 -4 12 -10 -9 -12
right_child=2 -3 7 -5 -6 6 -8 10 11 -11 13 -13 -14 -15
leaf_value=0.47844781139790726 -0.11025108155395338 0.85637073669306674 -0.11259163881579941 0.61184348827106916 0.051536515427894433 0.029583029268205732 0.30489565101216548 -0.2264910519388762 -0.015273930276764819 -0.16495539998921821 -0.13579757871667761 -0.0870415280461459 -0.18588761278695612 -0.16345119578820688
leaf_weight=450 642 427 1896 354 400 384 615 423 414 1317 492 543 1254 389
leaf_count=450 642 427 1896 354 400 384 615 423 414 1317 492 543 1254 389
internal_value=0 0.350156 -0.103514 0.146397 0.235147 0.285833 0.19907 -0.140664 -0.116806 -0.134919 -0.179556 -0.0559947 -0.196129 -0.148008
internal_weight=0 2276 7724 996 1849 1449 999 6728 4170 3213 2558 957 1677 881
internal_count=10000 2276 7724 996 1849 1449 999 6728 4170 3213 2558 957 1677 881
cat_boundaries=0 1 2
cat_threshold=1 10
is_linear=0
shrinkage=0.0100123


Tree=94
num_leaves=10
num_cat=0
split_feature=55 3 3 0 0 0 0 3 55
split_gain=3.59934e+06 2.31107e+06 985211 1.15127e+06 286626 49790 55239.2 37034.5 9001.63
threshold=0.19950500000000002 29.065000000000001 70.170000000000002 1356.5000000000002 2230.5000000000005 4684.5000000000009 2230.5000000000005 31.755000000000006 0.14989500000000003
decision_type=2 2 2 2 2 2 2 2 2
left_child=1 -1 3 7 -5 6 -4 -3 -7
right_child=-2 2 5 4 -6 8 -8 -9 -10
leaf_value=0.72444169035396011 0.9843544423359234 -0.1981660625242446 -0.17123757043893884 0.0984396447833846 0.34873987057033218 -0.19453127259842731 -0.090366963802180234 -0.086098861094805218 -0.15576539981456472
leaf_weight=384 359 791 1305 836 1016 1334 2411 472 1092
leaf_count=384 359 791 1305 836 1016 1334 2411 472 1092
internal_value=0 -0.0366692 -0.0682417 0.0767985 0.235753 -0.141801 -0.118767 -0.156285 -0.177082
internal_weight=0 9641 9257 3115 1852 6142 3716 1263 2426
internal_count=10000 9641 9257 3115 1852 6142 3716 1263 2426
is_linear=0
shrinkage=0.0100123


Tree=95
num_leaves=16
num_cat=0
split_feature=2 3 2 4 2 3 3 4 4 3 9 2 3 3 2
split_gain=3.52117e+06 3.56237e+06 1.92634e+06 261197 241250 342618 129360 78151.8 43662.1 95633.4 24107.2 10937.3 3311.47 3205.35 1426.48
threshold=7892.5000000000009 47.405000000000008 9366.5000000000018 1119.0000000000002 6981.0000000000009 46.135000000000012 82.840000000000018 2298.5000000000005 1119.0000000000002 343.13500000000005 2022.5000000000002 5131.5000000000009 163.77500000000003 447.78500000000003 9245.0000000000018
decision_type=2 2 2 2 2 2 2 2 2 2 2 2 2 2 2
left_child=4 2 3 -2 7 -6 -3 8 10 -10 -1 12 -9 -13 -8
right_child=1 6 -4 -5 5 -7 14 11 9 -11 -12 13 -14 -15 -16
leaf_value=-0.17598259975601124 0.3145581571648054 0.054936091225539115 1.3035248539461091 0.65260913615922134 0.22412201564616135 -0.17971288179178377 -0.12739489468078391 -0.22411795559719766 0.053489217857214784 -0.10990607230868682 -0.092053778642009559 -0.18172118110095353 -0.18858448219138657 -0.1458694890522485 -0.15542801831120437
leaf_weight=1044 589 623 361 375 474 379 359 367 438 1993 511 357 927 834 369
leaf_count=1044 589 623 361 375 474 379 359 367 438 1993 511 357 927 834 369
internal_value=0 0.310805 0.67968 0.446061 -0.113579 0.0446924 -0.0509715 -0.134443 -0.106969 -0.0804667 -0.148402 -0.178511 -0.198662 -0.156616 -0.141604
internal_weight=0 2676 1325 964 7324 853 1351 6471 3986 2431 1555 2485 1294 1191 728
internal_count=10000 2676 1325 964 7324 853 1351 6471 3986 2431 1555 2485 1294 1191 728
is_linear=0
shrinkage=0.0100123


Tree=96
num_leaves=9
num_cat=1
split_feature=55 3 1 2 10 3 3 9
split_gain=3.52116e+06 2.23567e+06 2.17257e+06 890998 217892 36244.4 71726 25430.8
threshold=0.19950500000000002 29.065000000000001 0 9137.5000000000018 7.5000000000000009 191.13000000000002 447.78500000000003 2023.5000000000002
decision_type=2 2 1 2 2 2 2 2
left_child=1 -1 3 4 -3 7 -7 -4
right_child=-2 2 5 -5 -6 6 -8 -9
leaf_value=0.71232303958741128 0.9736058218771273 0.21192012390587048 -0.17945928661045046 0.64443585860210539 -0.029980888041094549 -0.052813689031850963 -0.15258894280849683 -0.09697712783358288
leaf_weight=384 359 972 3224 407 606 996 2628 424
leaf_count=384 359 972 3224 407 606 996 2628 424
internal_value=0 -0.0362686 -0.0673218 0.225616 0.119023 -0.147391 -0.125167 -0.169873
internal_weight=0 9641 9257 1985 1578 7272 3624 3648
internal_count=10000 9641 9257 1985 1578 7272 3624 3648
cat_boundaries=0 1
cat_threshold=1
is_linear=0
shrinkage=0.0100123


Tree=97
num_leaves=9
num_cat=1
split_feature=55 3 1 2 3 3 3 9
split_gain=3.451e+06 2.19112e+06 2.12928e+06 873246 177044 35522.3 70296.9 24924.1
threshold=0.19950500000000002 29.065000000000001 0 9137.5000000000018 46.135000000000012 191.13000000000002 447.78500000000003 2023.5000000000002
decision_type=2 2 1 2 2 2 2 2
left_child=1 -1 3 4 -3 7 -7 -4
right_child=-2 2 5 -5 -6 6 -8 -9
leaf_value=0.70519106309647905 0.96385779786237546 0.17828435965048681 -0.17766249067913492 0.63798358139117184 -0.068215026676507057 -0.052284904562557535 -0.15106117941125005 -0.096006165301494181
leaf_weight=384 359 1191 3224 407 387 996 2628 424
leaf_count=384 359 1191 3224 407 387 996 2628 424
internal_value=0 -0.0359055 -0.0666478 0.223357 0.117831 -0.145915 -0.123914 -0.168172
internal_weight=0 9641 9257 1985 1578 7272 3624 3648
internal_count=10000 9641 9257 1985 1578 7272 3624 3648
cat_boundaries=0 1
cat_threshold=1
is_linear=0
shrinkage=0.0100123


Tree=98
num_leaves=16
num_cat=0
split_feature=2 3 2 0 2 3 3 0 0 3 10 0 2 2 2
split_gain=3.37256e+06 3.39893e+06 1.85445e+06 260277 228081 324766 120346 75321.4 42151.6 91679.2 12905.7 10906.1 3780.58 2600.68 1396.4
threshold=7892.5000000000009 47.405000000000008 9366.5000000000018 2230.5000000000005 6981.0000000000009 46.135000000000012 82.840000000000018 4684.5000000000009 2230.5000000000005 343.13500000000005 7.5000000000000009 4837.0000000000009 5131.5000000000009 4480.0000000000009 9245.0000000000018
decision_type=2 2 2 2 2 2 2 2 2 2 2 2 2 2 2
left_child=4 2 3 -2 7 -6 -3 8 10 -10 -1 13 -13 -9 -8
right_child=1 6 -4 -5 5 -7 14 11 9 -11 -12 12 -14 -15 -16
leaf_value=-0.11773145133632665 0.30400024905257267 0.052946796760380957 1.2765824479778694 0.64145529410764968 0.2174273794511534 -0.17574615038930608 -0.12256316537701122 -0.21511263737880615 0.052726118630911659 -0.10725547330319678 -0.17549077650334965 -0.17713610906176333 -0.14209520447491666 -0.18463483741706374 -0.15029912878548574
leaf_weight=816 589 623 361 375 474 379 359 475 438 1993 739 490 834 686 369
leaf_count=816 589 623 361 375 474 379 359 475 438 1993 739 490 834 686 369
internal_value=0 0.304175 0.664489 0.435272 -0.111157 0.0427348 -0.0492041 -0.131443 -0.104471 -0.0784311 -0.145181 -0.174705 -0.155064 -0.197104 -0.136622
internal_weight=0 2676 1325 964 7324 853 1351 6471 3986 2431 1555 2485 1324 1161 728
internal_count=10000 2676 1325 964 7324 853 1351 6471 3986 2431 1555 2485 1324 1161 728
is_linear=0
shrinkage=0.0100123


Tree=99
num_leaves=9
num_cat=1
split_feature=55 3 1 2 3 3 3 2
split_gain=3.37592e+06 2.11959e+06 2.03162e+06 838012 151648 34394.9 67908 18011.9
threshold=0.19950500000000002 29.065000000000001 0 9207.5000000000018 46.135000000000012 191.13000000000002 447.78500000000003 5526.5000000000009
decision_type=2 2 1 2 2 2 2 2
left_child=1 -1 3 4 -3 7 -7 -4
right_child=-2 2 5 -5 -6 6 -8 -9
leaf_value=0.69338694693899983 0.95331483810331408 0.17712563880145787 -0.18626352064438148 0.65495767328436616 -0.047053521568807689 -0.051124877380792903 -0.14820827895142452 -0.14171506778956042
leaf_weight=384 359 1222 1913 361 402 996 2628 1735
leaf_count=384 359 1222 1913 361 402 996 2628 1735
internal_value=0 -0.0355126 -0.0657489 0.21753 0.121633 -0.143176 -0.121526 -0.165076
internal_weight=0 9641 9257 1985 1624 7272 3624 3648
internal_count=10000 9641 9257 1985 1624 7272 3624 3648
cat_boundaries=0 1
cat_threshold=1
is_linear=0
shrinkage=0.0100123


Tree=100
num_leaves=18
num_cat=1
split_feature=4 4 10 1 4 55 4 4 4 4 2 10 9 2 2 2 9
split_gain=8.63066e+07 1.37668e+08 1.89283e+07 5.65211e+06 1.42087e+06 999708 657691 582030 1.29589e+06 994906 265744 264569 252432 224873 145641 41576.3 2800.69
threshold=2069.0000000000005 2157.5000000000005 6.5000000000000009 0 2298.0000000000005 0.11699000000000001 2022.0000000000002 1421.0000000000002 1855.5000000000002 1067.0000000000002 8987.0000000000018 8.5000000000000018 2021.5000000000002 8898.0000000000018 4274.0000000000009 5143.5000000000009 2022.5000000000002
decision_type=2 2 2 1 2 2 2 2 2 2 2 2 2 2 2 2 2
left_child=3 2 -2 7 -3 6 11 9 12 14 -6 -5 -9 -10 -1 -11 -8
right_child=1 4 -4 5 10 -7 16 8 13 15 -12 -13 -14 -15 -16 -17 -18
leaf_value=0.047971054468549483 5.3105490765855503 -0.056871154081488538 2.9505440631154998 -0.69939165154856342 -0.57079310916312642 -0.071111689306407072 -0.47499643600494551 0.53387647595812493 0.060858872850544983 -0.28278832378141255 -0.94764773147183834 -1.032375220152165 0.24920235779411384 -0.19619269822179514 0.31243322093538173 -0.15978658798322107 -0.44167385855609376
leaf_weight=398 691 445 672 680 354 364 600 484 604 1023 399 369 880 784 439 377 437
leaf_count=398 691 445 672 680 354 364 600 484 604 1023 399 369 880 784 439 377 437
internal_value=0 1.97067 4.147 -0.16038 -0.505409 -0.553019 -0.639761 0.033478 0.131046 -0.086402 -0.770481 -0.816523 0.350216 -0.0843345 0.186679 -0.249666 -0.460954
internal_weight=0 2561 1363 7439 1198 2450 2086 4989 2752 2237 753 1049 1364 1388 837 1400 1037
internal_count=10000 2561 1363 7439 1198 2450 2086 4989 2752 2237 753 1049 1364 1388 837 1400 1037
cat_boundaries=0 1
cat_threshold=12
is_linear=0
shrinkage=0.0100123


Tree=101
num_leaves=17
num_cat=1
split_feature=0 0 10 1 0 0 0 0 10 2 2 2 10 0 2 2
split_gain=8.4587e+07 1.34925e+08 1.85512e+07 5.53949e+06 1.39256e+06 570433 1.27007e+06 975083 499931 260449 227404 220393 202286 209592 142739 40747.9
threshold=4197.5000000000009 4383.5000000000009 6.5000000000000009 0 4683.0000000000009 2869.5000000000005 3775.5000000000005 2118.5000000000005 10.500000000000002 8987.0000000000018 3754.0000000000005 8898.0000000000018 3.5000000000000004 4106.0000000000009 4274.0000000000009 5143.5000000000009
decision_type=2 2 2 1 2 2 2 2 2 2 2 2 2 2 2 2
left_child=3 2 -2 5 -3 7 10 14 12 -6 -7 -8 -5 -14 -1 -9
right_child=1 4 -4 8 9 6 11 15 -10 -11 -12 -13 13 -15 -16 -17
leaf_value=0.047490754308829992 5.2573783814042283 -0.056301745173459546 2.921002364461482 -0.33512637690745528 -0.56507816993174109 0.13520841558789806 0.060249536678360367 -0.27995696527070479 -0.84600425712914351 -0.93815961800629577 0.42572926337506672 -0.19422836250620951 -0.69726337896711754 -0.44382338068472688 0.30930505782310819 -0.15818676106458429
leaf_weight=398 691 445 672 646 354 371 604 1023 463 399 993 784 566 775 439 377
leaf_count=398 691 445 672 646 354 371 604 1023 463 399 993 784 566 775 439 377
internal_value=0 1.95093 4.10547 -0.158775 -0.500349 0.0331428 0.129734 -0.0855369 -0.547482 -0.762767 0.346709 -0.0834901 -0.480677 -0.550794 0.18481 -0.247166
internal_weight=0 2561 1363 7439 1198 4989 2752 2237 2450 753 1364 1388 1987 1341 837 1400
internal_count=10000 2561 1363 7439 1198 4989 2752 2237 2450 753 1364 1388 1987 1341 837 1400
cat_boundaries=0 1
cat_threshold=12
is_linear=0
shrinkage=0.0100123


Tree=102
num_leaves=20
num_cat=1
split_feature=0 0 2 1 0 0 0 0 2 0 2 9 2 2 2 2 2 2 2
split_gain=8.29017e+07 1.32237e+08 6.17739e+06 5.42912e+06 1.36481e+06 559068 1.24477e+06 955655 403807 273809 255260 247016 216002 139895 65934.8 39953.7 14905.1 11959.5 735.015
threshold=4197.5000000000009 4383.5000000000009 5250.5000000000009 0 4683.0000000000009 2869.5000000000005 3775.5000000000005 2118.5000000000005 4548.5000000000009 4106.0000000000009 8987.0000000000018 2021.5000000000002 8898.0000000000018 4274.0000000000009 8681.0000000000018 5198.5000000000009 5198.5000000000009 7840.5000000000009 4695.5000000000009
decision_type=2 2 2 1 2 2 2 2 2 2 2 2 2 2 2 2 2 2 2
left_child=3 2 8 5 -3 7 11 13 -2 14 -6 -7 -8 -1 17 -9 18 -5 -11
right_child=1 4 -4 9 10 6 12 15 -10 16 -12 -13 -14 -15 -16 -17 -18 -19 -20
leaf_value=0.047015266152773266 3.4479493817200306 -0.055738036208006145 5.1937211992576096 -0.64791698388595842 -0.55942044902116961 0.52491769990099357 0.059646301206002464 -0.27598372630374984 3.8501819969444298 -0.47633521291831654 -0.92876650290172102 0.24331408273575508 -0.19228369292394781 0.30620820600225246 -0.77211827707500402 -0.1532683053262367 -0.39557216277521007 -0.56799148520615639 -0.45835488107687694
leaf_weight=398 470 445 358 368 354 484 604 1043 535 574 399 880 784 439 359 357 388 383 378
leaf_count=398 470 445 358 368 354 484 604 1043 535 574 399 880 784 439 359 357 388 383 378
internal_value=0 1.9314 4.06437 -0.157185 -0.495339 0.032811 0.128435 -0.0846805 3.66207 -0.542 -0.75513 0.343238 -0.0826542 0.18296 -0.660509 -0.244691 -0.447878 -0.607156 -0.469196
internal_weight=0 2561 1363 7439 1198 4989 2752 2237 1005 2450 753 1364 1388 837 1110 1400 1340 751 952
internal_count=10000 2561 1363 7439 1198 4989 2752 2237 1005 2450 753 1364 1388 837 1110 1400 1340 751 952
cat_boundaries=0 1
cat_threshold=12
is_linear=0
shrinkage=0.0100123


Tree=103
num_leaves=13
num_cat=2
split_feature=3 1 2 3 0 0 1 55 3 0 2 2
split_gain=1.15741e+08 9.65144e+07 6.05431e+06 3.82342e+06 2.19815e+06 1.28285e+06 2.09612e+06 975872 462119 220520 137108 1713.43
threshold=15.050000000000002 0 5250.5000000000009 10.355000000000002 1180.0000000000002 4683.0000000000009 1 0.11699000000000001 5.1850000000000014 3775.5000000000005 4274.0000000000009 5025.5000000000009
decision_type=2 1 2 2 2 2 1 2 2 2 2 2
left_child=1 2 3 -1 10 6 9 -8 -3 -6 -2 -10
right_child=4 8 -4 -5 5 -7 7 -9 11 -11 -12 -13
leaf_value=4.2803467006282698 0.046544533084383027 0.47118091622483421 5.1417202056245905 3.0431025635984148 -0.24224137733226919 -0.78259380800504175 -0.62223572837096186 -0.060406301938776233 0.099097380273817551 -0.075357603361797781 0.30314236318837973 0.12926501583294525
leaf_weight=473 398 702 358 532 1400 660 2086 364 374 1833 439 381
leaf_count=473 398 702 358 532 1400 660 2086 364 374 1833 439 381
internal_value=0 2.09268 3.99437 3.62541 -0.301135 -0.364772 -0.316248 -0.536574 0.284309 -0.147169 0.181128 0.114321
internal_weight=0 2820 1363 1005 7180 6343 5683 2450 1457 3233 837 755
internal_count=10000 2820 1363 1005 7180 6343 5683 2450 1457 3233 837 755
cat_boundaries=0 1 2
cat_threshold=16 14
is_linear=0
shrinkage=0.0100123


Tree=104
num_leaves=13
num_cat=2
split_feature=3 1 2 3 0 0 1 3 0 0 2 2
split_gain=1.13435e+08 9.45914e+07 5.93369e+06 3.74724e+06 2.15435e+06 1.25729e+06 2.05435e+06 452912 265904 216126 134376 1679.29
threshold=15.050000000000002 0 5250.5000000000009 10.355000000000002 1180.0000000000002 4683.0000000000009 1 5.1850000000000014 4106.0000000000009 3775.5000000000005 4274.0000000000009 5025.5000000000009
decision_type=2 1 2 2 2 2 1 2 2 2 2 2
left_child=1 2 3 -1 10 6 9 -3 -8 -6 -2 -9
right_child=4 7 -4 -5 5 -7 8 11 -10 -11 -12 -13
leaf_value=4.2374906382552489 0.046078516812571982 0.46646332059417689 5.0902398613808453 3.0126341630074021 -0.23981598847109059 -0.77475826256965685 -0.64797463531211197 0.098105188746772001 -0.43843571505175366 -0.074603102614498581 0.30010722005827423 0.1279707789382791
leaf_weight=473 398 702 358 532 1400 660 1110 374 1340 1833 439 381
leaf_count=473 398 702 358 532 1400 660 1110 374 1340 1833 439 381
internal_value=0 2.07173 3.95438 3.58911 -0.29812 -0.36112 -0.313082 0.281462 -0.531202 -0.145695 0.179315 0.113176
internal_weight=0 2820 1363 1005 7180 6343 5683 1457 2450 3233 837 755
internal_count=10000 2820 1363 1005 7180 6343 5683 1457 2450 3233 837 755
cat_boundaries=0 1 2
cat_threshold=16 14
is_linear=0
shrinkage=0.0100123


Tree=105
num_leaves=13
num_cat=2
split_feature=3 1 2 3 4 3 1 55 3 3 2 2
split_gain=1.11175e+08 9.27068e+07 5.81546e+06 3.67258e+06 2.11143e+06 1.23224e+06 2.01342e+06 954010 443888 213906 131699 1645.83
threshold=15.050000000000002 0 5250.5000000000009 10.355000000000002 596.50000000000011 28.820000000000004 1 0.11699000000000001 5.1850000000000014 33.980000000000011 4274.0000000000009 5025.5000000000009
decision_type=2 1 2 2 2 2 1 2 2 2 2 2
left_child=1 2 3 -1 10 -6 9 -8 -3 -7 -2 -10
right_child=4 8 -4 -5 5 6 7 -9 11 -11 -12 -13
leaf_value=4.1950636959045857 0.045617166211044537 0.4617929599225673 5.0392749671538155 2.9824708314160926 -0.76700116709176036 -0.015156862498316402 -0.61056097458382175 -0.055060175059055222 0.097122933031418071 -0.195889290977626 0.29710246073987723 0.12668949999335233
leaf_weight=473 398 702 358 532 660 916 2086 364 374 2317 439 381
leaf_count=473 398 702 358 532 660 916 2086 364 374 2317 439 381
internal_value=0 2.05098 3.91479 3.55317 -0.295135 -0.357505 -0.309947 -0.525883 0.278644 -0.144237 0.177519 0.112043
internal_weight=0 2820 1363 1005 7180 6343 5683 2450 1457 3233 837 755
internal_count=10000 2820 1363 1005 7180 6343 5683 2450 1457 3233 837 755
cat_boundaries=0 1 2
cat_threshold=16 14
is_linear=0
shrinkage=0.0100123


Tree=106
num_leaves=12
num_cat=2
split_feature=3 1 10 0 0 1 10 3 0 10 10
split_gain=1.0896e+08 9.08597e+07 1.80128e+07 2.06936e+06 1.20769e+06 1.97331e+06 489466 435044 210489 124711 3423.98
threshold=15.050000000000002 0 6.5000000000000009 1180.0000000000002 4683.0000000000009 1 10.500000000000002 5.1850000000000014 3775.5000000000005 5.5000000000000009 7.5000000000000009
decision_type=2 1 2 2 2 1 2 2 2 2 2
left_child=1 2 -1 9 5 8 -7 -3 -5 -2 -9
right_child=3 7 -4 4 -6 6 -8 10 -10 -11 -12
leaf_value=5.0390888748915108 0.29238827017715674 0.45716936112856937 2.7368655427791371 -0.235674609885407 -0.75932173786039281 -0.45442978680241286 -0.81591254590272444 0.13122281178809556 -0.072630323385111328 0.047693960259975604 0.088527793110211778
leaf_weight=691 438 702 672 1400 660 1987 463 396 1833 399 359
leaf_count=691 438 702 672 1400 660 1987 463 396 1833 399 359
internal_value=0 2.03045 3.87559 -0.29218 -0.353925 -0.306844 -0.520618 0.275855 -0.142792 0.175742 0.110921
internal_weight=0 2820 1363 7180 6343 5683 2450 1457 3233 837 755
internal_count=10000 2820 1363 7180 6343 5683 2450 1457 3233 837 755
cat_boundaries=0 1 2
cat_threshold=16 14
is_linear=0
shrinkage=0.0100123


Tree=107
num_leaves=13
num_cat=2
split_feature=3 1 2 3 4 3 1 55 3 3 2 2
split_gain=1.06789e+08 8.90493e+07 5.64593e+06 3.62118e+06 2.02813e+06 1.18363e+06 1.93399e+06 935249 426376 208331 128925 1615
threshold=15.050000000000002 0 5250.5000000000009 10.355000000000002 596.50000000000011 28.820000000000004 1 0.11699000000000001 5.1850000000000014 33.980000000000011 4274.0000000000009 5025.5000000000009
decision_type=2 1 2 2 2 2 1 2 2 2 2 2
left_child=1 2 3 -1 10 -6 9 -8 -3 -7 -2 -10
right_child=4 8 -4 -5 5 6 7 -9 11 -11 -12 -13
leaf_value=4.1177159064985673 0.043476401457985515 0.45259205476234377 4.9446131436378247 2.9136386588147314 -0.75171919668388965 -0.013973166297267957 -0.59922480112809151 -0.049213294186726625 0.095030978590904272 -0.19233490304416254 0.29229972211288358 0.12431926561248414
leaf_weight=473 398 702 358 532 660 916 2086 364 374 2317 439 381
leaf_count=473 398 702 358 532 660 916 2086 364 374 2317 439 381
internal_value=0 2.01012 3.83679 3.48033 -0.289255 -0.350382 -0.303772 -0.515405 0.273093 -0.141363 0.173982 0.109811
internal_weight=0 2820 1363 1005 7180 6343 5683 2450 1457 3233 837 755
internal_count=10000 2820 1363 1005 7180 6343 5683 2450 1457 3233 837 755
cat_boundaries=0 1 2
cat_threshold=16 14
is_linear=0
shrinkage=0.0100123


Tree=108
num_leaves=12
num_cat=2
split_feature=3 1 10 0 0 1 10 3 0 2 10
split_gain=1.04661e+08 8.72751e+07 1.76225e+07 1.98772e+06 1.16004e+06 1.89546e+06 479958 417881 205000 126357 3357.7
threshold=15.050000000000002 0 6.5000000000000009 1180.0000000000002 4683.0000000000009 1 10.500000000000002 5.1850000000000014 3775.5000000000005 4274.0000000000009 7.5000000000000009
decision_type=2 1 2 2 2 1 2 2 2 2 2
left_child=1 2 -1 9 5 8 -7 -3 -5 -2 -9
right_child=3 7 -4 4 -6 6 -8 10 -10 -11 -12
leaf_value=4.9489395086229822 0.043041105713741389 0.44806057606353206 2.6717945722475251 -0.23160738486060173 -0.74419277604387568 -0.44468125099082428 -0.8026358399865966 0.12881531833084742 -0.07070323741412371 0.28937313806607307 0.086535570570353978
leaf_weight=691 398 702 672 1400 660 1987 463 396 1833 439 359
leaf_count=691 398 702 672 1400 660 1987 463 396 1833 439 359
internal_value=0 1.98999 3.79837 -0.286358 -0.346874 -0.30073 -0.510245 0.270358 -0.139947 0.17224 0.108711
internal_weight=0 2820 1363 7180 6343 5683 2450 1457 3233 837 755
internal_count=10000 2820 1363 7180 6343 5683 2450 1457 3233 837 755
cat_boundaries=0 1 2
cat_threshold=16 14
is_linear=0
shrinkage=0.0100123


Tree=109
num_leaves=12
num_cat=2
split_feature=3 1 10 0 0 1 55 3 3 2 10
split_gain=1.02576e+08 8.55362e+07 1.72714e+07 1.94812e+06 1.13693e+06 1.85769e+06 916857 409668 202901 123839 8627.91
threshold=15.050000000000002 0 6.5000000000000009 1180.0000000000002 4683.0000000000009 1 0.11699000000000001 4.705000000000001 33.980000000000011 4274.0000000000009 6.5000000000000009
decision_type=2 1 2 2 2 1 2 2 2 2 2
left_child=1 2 -1 9 5 8 -7 -3 -5 -2 -9
right_child=3 7 -4 4 -6 6 -8 10 -10 -11 -12
leaf_value=4.8993893180297245 0.042610164938964426 0.45019359265668618 2.6450438383094546 -0.012824614893032592 -0.73674171047769654 -0.58810630266143649 -0.043529834741990917 0.1495159349902962 -0.18884676636433442 0.28647585080527332 0.082791998180809803
leaf_weight=691 398 675 672 916 660 2086 364 360 2317 439 422
leaf_count=691 398 675 672 916 660 2086 364 360 2317 439 422
internal_value=0 1.97007 3.76034 -0.283491 -0.343401 -0.297719 -0.505136 0.267651 -0.138546 0.170516 0.113509
internal_weight=0 2820 1363 7180 6343 5683 2450 1457 3233 837 782
internal_count=10000 2820 1363 7180 6343 5683 2450 1457 3233 837 782
cat_boundaries=0 1 2
cat_threshold=16 14
is_linear=0
shrinkage=0.0100123


Tree=110
num_leaves=18
num_cat=1
split_feature=0 0 10 1 0 55 0 0 0 0 10 2 2 2 10 2 2
split_gain=7.05074e+07 1.12648e+08 1.69272e+07 4.62774e+06 1.19875e+06 898589 621759 489179 1.07373e+06 821176 248629 232412 210888 206932 121787 39745.9 2697.47
threshold=4197.5000000000009 4383.5000000000009 6.5000000000000009 0 4683.0000000000009 0.11699000000000001 4106.0000000000009 2869.5000000000005 3775.5000000000005 2118.5000000000005 8.5000000000000018 8987.0000000000018 3754.0000000000005 8898.0000000000018 5.5000000000000009 5143.5000000000009 5113.5000000000009
decision_type=2 2 2 1 2 2 2 2 2 2 2 2 2 2 2 2 2
left_child=3 2 -2 7 -3 6 10 9 12 14 -5 -6 -9 -10 -1 -11 -8
right_child=1 4 -4 5 11 -7 16 8 13 15 -12 -13 -14 -15 -16 -17 -18
leaf_value=0.28407974801948815 4.8503352702709597 -0.046465631662422381 2.6185609027900889 -0.64053545759063624 -0.51518369859630153 -0.04309400550623866 -0.42123826664299657 0.11588784302593678 0.063292753663416093 -0.25999822819968538 -0.96333178999957514 -0.86761253133745109 0.39565996225785327 -0.18329111250292723 0.042270291408299882 -0.13973457128224587 -0.38810964044160096
leaf_weight=438 691 445 672 680 354 364 634 371 604 1023 369 399 993 784 399 377 403
leaf_count=438 691 445 672 680 354 364 634 371 604 1023 369 399 993 784 399 377 403
internal_value=0 1.78135 3.75 -0.144797 -0.458455 -0.500078 -0.582218 0.0306157 0.120063 -0.0792871 -0.754083 -0.701929 0.319564 -0.075988 0.168809 -0.227613 -0.408364
internal_weight=0 2561 1363 7439 1198 2450 2086 4989 2752 2237 1049 753 1364 1388 837 1400 1037
internal_count=10000 2561 1363 7439 1198 2450 2086 4989 2752 2237 1049 753 1364 1388 837 1400 1037
cat_boundaries=0 1
cat_threshold=12
is_linear=0
shrinkage=0.0100123


Tree=111
num_leaves=12
num_cat=2
split_feature=3 1 10 0 0 1 10 3 3 10 10
split_gain=9.85309e+07 8.21603e+07 1.659e+07 1.87131e+06 1.09238e+06 1.7844e+06 466829 397670 196450 119361 8260.04
threshold=15.050000000000002 0 6.5000000000000009 1180.0000000000002 4683.0000000000009 1 10.500000000000002 4.705000000000001 33.980000000000011 5.5000000000000009 6.5000000000000009
decision_type=2 1 2 2 2 1 2 2 2 2 2
left_child=1 2 -1 9 5 8 -7 -3 -5 -2 -9
right_child=3 7 -4 4 -6 6 -8 10 -10 -11 -12
leaf_value=4.8017723473860423 0.28123545772205005 0.44218530502005998 2.5923431452163919 -0.012077407355934182 -0.72212199246307862 -0.43037773903097071 -0.78340259852667427 0.14569851513800638 -0.18527850812614041 0.041847067704229843 0.080412528971542427
leaf_weight=691 438 675 672 916 660 1987 463 360 2317 399 422
leaf_count=691 438 675 672 916 660 1987 463 360 2317 399 422
internal_value=0 1.93083 3.68542 -0.277848 -0.336565 -0.291788 -0.495072 0.262345 -0.135786 0.167118 0.110467
internal_weight=0 2820 1363 7180 6343 5683 2450 1457 3233 837 782
internal_count=10000 2820 1363 7180 6343 5683 2450 1457 3233 837 782
cat_boundaries=0 1 2
cat_threshold=16 14
is_linear=0
shrinkage=0.0100123


Tree=112
num_leaves=12
num_cat=2
split_feature=3 1 10 4 3 1 10 3 4 2 10
split_gain=9.65678e+07 8.05234e+07 1.62594e+07 1.83402e+06 1.07061e+06 1.74885e+06 457527 389884 194450 121087 2994.63
threshold=15.050000000000002 0 6.5000000000000009 596.50000000000011 28.820000000000004 1 10.500000000000002 5.1850000000000014 1855.5000000000002 4274.0000000000009 7.5000000000000009
decision_type=2 1 2 2 2 1 2 2 2 2 2
left_child=1 2 -1 9 -5 8 -7 -3 -6 -2 -9
right_child=3 7 -4 4 5 6 -8 10 -10 -11 -12
leaf_value=4.7536956774807848 0.038968706715581808 0.43135513504302103 2.5663878904497275 -0.71489190627791777 -0.2236907697664777 -0.42606867594397868 -0.77555895314428447 0.12255672701397947 -0.066981554153080422 0.28010949257809864 0.082628227649512359
leaf_weight=691 398 702 672 660 1400 1987 463 396 1833 439 359
leaf_count=691 398 702 672 660 1400 1987 463 396 1833 439 359
internal_value=0 1.9115 3.64852 -0.275067 -0.333195 -0.288866 -0.490115 0.259719 -0.134426 0.165445 0.103571
internal_weight=0 2820 1363 7180 6343 5683 2450 1457 3233 837 755
internal_count=10000 2820 1363 7180 6343 5683 2450 1457 3233 837 755
cat_boundaries=0 1 2
cat_threshold=16 14
is_linear=0
shrinkage=0.0100123


Tree=113
num_leaves=18
num_cat=1
split_feature=0 0 10 1 0 55 0 0 0 0 10 2 2 2 2 2 2
split_gain=6.63616e+07 1.06065e+08 1.59355e+07 4.35796e+06 1.13951e+06 881151 607889 464494 1.01462e+06 775504 237149 223192 203891 201293 118674 39139.7 2750.84
threshold=4197.5000000000009 4383.5000000000009 6.5000000000000009 0 4683.0000000000009 0.11699000000000001 4106.0000000000009 2869.5000000000005 3775.5000000000005 2118.5000000000005 8.5000000000000018 8987.0000000000018 3754.0000000000005 8898.0000000000018 4274.0000000000009 5143.5000000000009 5113.5000000000009
decision_type=2 2 2 1 2 2 2 2 2 2 2 2 2 2 2 2 2
left_child=3 2 -2 7 -3 6 10 9 12 14 -5 -6 -9 -10 -1 -11 -8
right_child=1 4 -4 5 11 -7 16 8 13 15 -12 -13 -14 -15 -16 -17 -18
leaf_value=0.038578541511566929 4.7061003746215917 -0.043474707618484112 2.5406925067351072 -0.62554725822426416 -0.49953192399972085 -0.032638283866994688 -0.40760256518563831 0.11060918262713323 0.063737717772152369 -0.25358851093186219 -0.94080371386240857 -0.84489932791438571 0.38570100449240424 -0.17946332315848357 0.27730495859362608 -0.13424539464111843 -0.37414779380971069
leaf_weight=398 691 445 672 680 354 364 634 371 604 1023 369 399 993 784 439 377 403
leaf_count=398 691 445 672 680 354 364 634 371 604 1023 369 399 993 784 439 377 403
internal_value=0 1.72822 3.63849 -0.140438 -0.445155 -0.485208 -0.566505 0.029785 0.116946 -0.0773091 -0.736443 -0.682535 0.310878 -0.0736323 0.163789 -0.221451 -0.394601
internal_weight=0 2561 1363 7439 1198 2450 2086 4989 2752 2237 1049 753 1364 1388 837 1400 1037
internal_count=10000 2561 1363 7439 1198 2450 2086 4989 2752 2237 1049 753 1364 1388 837 1400 1037
cat_boundaries=0 1
cat_threshold=12
is_linear=0
shrinkage=0.0100123


Tree=114
num_leaves=13
num_cat=2
split_feature=3 1 2 3 0 0 1 55 3 3 2 2
split_gain=9.27592e+07 7.73457e+07 5.23091e+06 3.67507e+06 1.7617e+06 1.02858e+06 1.67985e+06 863594 378611 189015 116310 3264.1
threshold=15.050000000000002 0 5250.5000000000009 10.355000000000002 1180.0000000000002 4683.0000000000009 1 0.11699000000000001 4.705000000000001 33.980000000000011 4274.0000000000009 5025.5000000000009
decision_type=2 1 2 2 2 2 1 2 2 2 2 2
left_child=1 2 3 -1 10 6 9 -8 -3 -6 -2 -10
right_child=4 8 -4 -5 5 -7 7 -9 11 -11 -12 -13
leaf_value=3.8739710121061832 0.038192283240746493 0.43003035854350685 4.6412979034693507 2.6609666602993562 -0.01039864091174089 -0.70068944303919567 -0.56083340529757464 -0.032311502079935231 0.085048553915503727 -0.18029055683007786 0.27452850870914713 0.12599393144078122
leaf_weight=473 398 675 358 532 916 660 2086 364 375 2317 439 407
leaf_count=473 398 675 358 532 916 660 2086 364 375 2317 439 407
internal_value=0 1.87342 3.57582 3.23186 -0.26959 -0.326561 -0.283111 -0.48035 0.254563 -0.131748 0.162149 0.106359
internal_weight=0 2820 1363 1005 7180 6343 5683 2450 1457 3233 837 782
internal_count=10000 2820 1363 1005 7180 6343 5683 2450 1457 3233 837 782
cat_boundaries=0 1 2
cat_threshold=16 14
is_linear=0
shrinkage=0.0100123


Tree=115
num_leaves=17
num_cat=0
split_feature=0 0 2 0 0 0 0 0 55 2 2 9 2 2 2 55
split_gain=6.37446e+07 1.01879e+08 5.12669e+06 1.10206e+06 1.02966e+06 1.9481e+06 1.82814e+06 975960 954809 353362 216476 198352 195816 113993 16875.4 4867.44
threshold=4197.5000000000009 4383.5000000000009 5250.5000000000009 4683.0000000000009 4106.0000000000009 2869.5000000000005 1180.0000000000002 3775.5000000000005 0.0061500000000000001 4548.5000000000009 8987.0000000000018 2021.5000000000002 8898.0000000000018 4274.0000000000009 5198.5000000000009 0.040195000000000002
decision_type=2 2 2 2 2 2 2 2 2 2 2 2 2 2 2 2
left_child=4 2 9 -3 5 6 13 11 -8 -2 -5 -7 -9 -1 15 -6
right_child=1 3 -4 10 14 7 8 12 -10 -11 -12 -13 -14 -15 -16 -17
leaf_value=0.037809891265217534 2.9992017565665572 -0.041234307195527717 4.5948279124829075 -0.48947900375867637 -0.39413432809164006 0.4679128949096823 -0.45933065632954861 0.063485295793404103 0.099746744620897138 3.3754722310141951 -0.82961116090969933 0.21556816587872507 -0.17638425383746728 0.27177984859095522 -0.33329239030051794 -0.44092438727490613
leaf_weight=398 470 445 358 354 596 484 2153 604 357 535 399 880 784 439 388 356
leaf_count=398 470 445 358 354 596 484 2153 604 357 535 399 880 784 439 388 356
internal_value=0 1.6938 3.56599 -0.43626 -0.137644 -0.0824299 -0.244688 0.114909 -0.379812 3.1995 -0.669708 0.30511 -0.072003 0.160525 -0.388948 -0.411631
internal_weight=0 2561 1363 1198 7439 6099 3347 2752 2510 1005 753 1364 1388 837 1340 952
internal_count=10000 2561 1363 1198 7439 6099 3347 2752 2510 1005 753 1364 1388 837 1340 952
is_linear=0
shrinkage=0.0100123


Tree=116
num_leaves=12
num_cat=2
split_feature=3 1 10 0 0 1 10 3 3 10 10
split_gain=8.91006e+07 7.42936e+07 1.55306e+07 1.69222e+06 988155 1.62552e+06 444736 364863 181557 116431 7604.64
threshold=15.050000000000002 0 6.5000000000000009 1180.0000000000002 4683.0000000000009 1 10.500000000000002 4.705000000000001 33.980000000000011 5.5000000000000009 6.5000000000000009
decision_type=2 1 2 2 2 1 2 2 2 2 2
left_child=1 2 -1 9 5 8 -7 -3 -5 -2 -9
right_child=3 7 -4 4 -6 6 -8 10 -10 -11 -12
leaf_value=4.5842537362173106 0.27162601408620074 0.4217548181003179 2.4465287476432991 -0.0096510804908376182 -0.68676080602812262 -0.40829711357551868 -0.75286719491293652 0.13781893157141961 -0.17615770188550539 0.035193613036879547 0.075176563182035416
leaf_weight=691 438 675 672 916 660 1987 463 360 2317 399 422
leaf_count=691 438 675 672 916 660 1987 463 360 2317 399 422
internal_value=0 1.8361 3.50458 -0.264221 -0.320057 -0.27747 -0.471489 0.249505 -0.128584 0.158918 0.104014
internal_weight=0 2820 1363 7180 6343 5683 2450 1457 3233 837 782
internal_count=10000 2820 1363 7180 6343 5683 2450 1457 3233 837 782
cat_boundaries=0 1 2
cat_threshold=16 14
is_linear=0
shrinkage=0.0100123


Tree=117
num_leaves=12
num_cat=2
split_feature=3 1 10 0 0 1 55 3 3 10 10
split_gain=8.73253e+07 7.28134e+07 1.52212e+07 1.6585e+06 968467 1.59313e+06 843946 357778 177940 114111 2674.26
threshold=15.050000000000002 0 6.5000000000000009 1180.0000000000002 4683.0000000000009 1 0.11699000000000001 5.1850000000000014 33.980000000000011 5.5000000000000009 7.5000000000000009
decision_type=2 1 2 2 2 1 2 2 2 2 2
left_child=1 2 -1 9 5 8 -7 -3 -5 -2 -9
right_child=3 7 -4 4 -6 6 -8 10 -10 -11 -12
leaf_value=4.5383549255485969 0.26890641486206002 0.41141238882475334 2.4220334299405684 -0.0095544506258279701 -0.6798847670318916 -0.54629871982475231 -0.023823802617205861 0.11535562806297024 -0.17439396090744216 0.034841243785033872 0.077623311906260192
leaf_weight=691 438 702 672 916 660 2086 364 396 2317 399 359
leaf_count=691 438 702 672 916 660 2086 364 396 2317 399 359
internal_value=0 1.81772 3.46949 -0.261576 -0.316853 -0.274692 -0.466769 0.247007 -0.127297 0.157327 0.097414
internal_weight=0 2820 1363 7180 6343 5683 2450 1457 3233 837 755
internal_count=10000 2820 1363 7180 6343 5683 2450 1457 3233 837 755
cat_boundaries=0 1 2
cat_threshold=16 14
is_linear=0
shrinkage=0.0100123


Tree=118
num_leaves=12
num_cat=2
split_feature=3 1 10 0 0 1 55 3 0 10 10
split_gain=8.55854e+07 7.13626e+07 1.49179e+07 1.62546e+06 949171 1.56139e+06 827131 350726 176684 111838 7323.01
threshold=15.050000000000002 0 6.5000000000000009 1180.0000000000002 4683.0000000000009 1 0.11699000000000001 4.705000000000001 3775.5000000000005 5.5000000000000009 6.5000000000000009
decision_type=2 1 2 2 2 1 2 2 2 2 2
left_child=1 2 -1 9 5 8 -7 -3 -5 -2 -9
right_child=3 7 -4 4 -6 6 -8 10 -10 -11 -12
leaf_value=4.4929156737089908 0.2662140478459486 0.41341291917756795 2.3977833561117539 -0.21110448392637252 -0.67307756894797333 -0.54082902509612385 -0.023585269282966833 0.13506176245925483 -0.061725648679898958 0.034492403912562586 0.073590289815666718
leaf_weight=691 438 675 672 1400 660 2086 364 360 1833 399 422
leaf_count=691 438 675 672 1400 660 2086 364 360 1833 399 422
internal_value=0 1.79952 3.43475 -0.258957 -0.31368 -0.271942 -0.462095 0.244534 -0.126022 0.155752 0.101889
internal_weight=0 2820 1363 7180 6343 5683 2450 1457 3233 837 782
internal_count=10000 2820 1363 7180 6343 5683 2450 1457 3233 837 782
cat_boundaries=0 1 2
cat_threshold=16 14
is_linear=0
shrinkage=0.0100123


Tree=119
num_leaves=13
num_cat=2
split_feature=3 1 2 3 0 0 1 55 3 3 2 2
split_gain=8.38802e+07 6.99408e+07 4.88622e+06 3.67189e+06 1.59307e+06 930259 1.53028e+06 810651 343861 173297 111323 1820.05
threshold=15.050000000000002 0 5250.5000000000009 10.355000000000002 1180.0000000000002 4683.0000000000009 1 0.11699000000000001 5.1850000000000014 33.980000000000011 4274.0000000000009 5025.5000000000009
decision_type=2 1 2 2 2 2 1 2 2 2 2 2
left_child=1 2 3 -1 10 6 9 -8 -3 -6 -2 -10
right_child=4 8 -4 -5 5 -7 7 -9 11 -11 -12 -13
leaf_value=3.7093486553374948 0.032922360774393311 0.40326119831617302 4.4297250204338807 2.4968696019662087 -0.008561569397293748 -0.66633853101282947 -0.53541409413694374 -0.0233491255277215 0.079740276024061876 -0.1712365469303567 0.26413640220525264 0.11083232237104218
leaf_weight=473 398 702 358 532 916 660 2086 364 374 2317 439 381
leaf_count=473 398 702 358 532 916 660 2086 364 374 2317 439 381
internal_value=0 1.7815 3.40036 3.06752 -0.256364 -0.31054 -0.269219 -0.457469 0.242085 -0.12476 0.154192 0.0954304
internal_weight=0 2820 1363 1005 7180 6343 5683 2450 1457 3233 837 755
internal_count=10000 2820 1363 1005 7180 6343 5683 2450 1457 3233 837 755
cat_boundaries=0 1 2
cat_threshold=16 14
is_linear=0
shrinkage=0.0100123


Tree=120
num_leaves=12
num_cat=2
split_feature=3 1 10 0 0 1 10 3 0 10 10
split_gain=8.22089e+07 6.85472e+07 1.45956e+07 1.56133e+06 911724 1.49979e+06 436532 337136 172081 109480 7121.19
threshold=15.050000000000002 0 6.5000000000000009 1180.0000000000002 4683.0000000000009 1 10.500000000000002 4.705000000000001 3775.5000000000005 5.5000000000000009 6.5000000000000009
decision_type=2 1 2 2 2 1 2 2 2 2 2
left_child=1 2 -1 9 5 8 -7 -3 -5 -2 -9
right_child=3 7 -4 4 -6 6 -8 10 -10 -11 -12
leaf_value=4.4127587541723328 0.2619399586866144 0.40523614778333739 2.3403831826357946 -0.20747531710353614 -0.6596669622837823 -0.39022355722473262 -0.73160071483614664 0.13251943242157146 -0.060055150602327682 0.032674444024605551 0.071900924544835848
leaf_weight=691 438 675 672 1400 660 1987 463 360 1833 399 422
leaf_count=691 438 675 672 1400 660 1987 463 360 1833 399 422
internal_value=0 1.76367 3.36632 -0.253797 -0.307431 -0.266523 -0.452888 0.239662 -0.123511 0.152649 0.0998071
internal_weight=0 2820 1363 7180 6343 5683 2450 1457 3233 837 782
internal_count=10000 2820 1363 7180 6343 5683 2450 1457 3233 837 782
cat_boundaries=0 1 2
cat_threshold=16 14
is_linear=0
shrinkage=0.0100123


Tree=121
num_leaves=13
num_cat=2
split_feature=3 1 2 3 0 0 1 55 3 3 2 2
split_gain=8.0571e+07 6.71815e+07 4.74458e+06 3.61832e+06 1.53022e+06 893559 1.46991e+06 794714 330484 168776 108976 1782.31
threshold=15.050000000000002 0 5250.5000000000009 10.355000000000002 1180.0000000000002 4683.0000000000009 1 0.11699000000000001 5.1850000000000014 33.980000000000011 4274.0000000000009 5025.5000000000009
decision_type=2 1 2 2 2 2 1 2 2 2 2 2
left_child=1 2 3 -1 10 6 9 -8 -3 -6 -2 -10
right_child=4 8 -4 -5 5 -7 7 -9 11 -11 -12 -13
leaf_value=3.641626669792986 0.031135155106060335 0.39527131940595001 4.3468135512291157 2.4380240769261534 -0.0075990167655991744 -0.65306219395410792 -0.52551060458420495 -0.018504068657668887 0.077960730587141286 -0.16813787323120494 0.25989926590600665 0.10872875302262081
leaf_weight=473 398 702 358 532 916 660 2086 364 374 2317 439 381
leaf_count=473 398 702 358 532 916 660 2086 364 374 2317 439 381
internal_value=0 1.74601 3.33261 3.0045 -0.251256 -0.304352 -0.263855 -0.448354 0.237262 -0.122274 0.15112 0.0934874
internal_weight=0 2820 1363 1005 7180 6343 5683 2450 1457 3233 837 755
internal_count=10000 2820 1363 1005 7180 6343 5683 2450 1457 3233 837 755
cat_boundaries=0 1 2
cat_threshold=16 14
is_linear=0
shrinkage=0.0100123


Tree=122
num_leaves=13
num_cat=0
split_feature=3 0 3 9 0 0 0 3 3 2 9 2
split_gain=7.89656e+07 5.47825e+07 5.74058e+06 7.17511e+06 1.49973e+06 875755 1.14976e+06 476816 384863 189976 133944 106805
threshold=15.050000000000002 4197.5000000000009 10.355000000000002 2022.5000000000002 1180.0000000000002 4683.0000000000009 2118.5000000000005 45.630000000000003 33.980000000000011 3754.0000000000005 2021.5000000000002 4274.0000000000009
decision_type=2 2 2 2 2 2 2 2 2 2 2 2
left_child=1 9 -3 -4 11 6 7 -6 -8 -1 -11 -2
right_child=4 2 3 -5 5 -7 8 -9 -10 10 -12 -13
leaf_value=0.093419432124069252 0.030823418581583776 3.9264783253981936 1.7215200092160312 3.472236056321869 -0.33630144489823827 -0.64652355280634832 -0.007522933315149259 -0.75152356080171145 -0.23701963789418115 0.50791774227665942 0.26818237781545196 0.25729707979135258
leaf_weight=371 398 517 461 478 538 660 916 572 3657 376 617 439
leaf_count=371 398 517 461 478 538 660 916 572 3657 376 617 439
internal_value=0 1.72853 3.07922 2.61273 -0.248741 -0.301305 -0.261213 -0.550272 -0.19105 0.286733 0.358958 0.149607
internal_weight=0 2820 1456 939 7180 6343 5683 1110 4573 1364 993 837
internal_count=10000 2820 1456 939 7180 6343 5683 1110 4573 1364 993 837
is_linear=0
shrinkage=0.0100123


Tree=123
num_leaves=14
num_cat=0
split_feature=3 4 10 10 4 3 4 2 10 2 2 3 10
split_gain=7.73923e+07 5.3691e+07 1.62292e+07 2.92618e+06 1.46985e+06 858307 1.12685e+06 704975 657897 381063 186191 126807 107045
threshold=15.050000000000002 2069.0000000000005 6.5000000000000009 3.5000000000000004 596.50000000000011 28.820000000000004 1067.0000000000002 4638.5000000000009 4.5000000000000009 5622.0000000000009 3754.0000000000005 3.9100000000000006 5.5000000000000009
decision_type=2 2 2 2 2 2 2 2 2 2 2 2 2
left_child=1 10 3 -3 12 -6 8 -4 -7 -8 -1 -12 -2
right_child=4 2 7 -5 5 6 9 -9 -10 -11 11 -13 -14
leaf_value=0.092484090414320305 0.25617867033186265 3.4791104001562627 2.3077380755983468 4.7574694966831643 -0.64005038089152799 -0.23471395823829547 -0.26678472522420982 1.6886524829285026 -0.73639565440126376 -0.081556675716532814 0.50186472653628877 0.26798223976143298 0.029476527486161287
leaf_weight=371 438 358 378 360 660 424 2656 360 686 1917 371 622 399
leaf_count=371 438 358 378 360 660 424 2656 360 686 1917 371 622 399
internal_value=0 1.71122 3.04839 4.12007 -0.24625 -0.298288 -0.258598 2.00575 -0.544762 -0.189137 0.283862 0.355364 0.148109
internal_weight=0 2820 1456 718 7180 6343 5683 738 1110 4573 1364 993 837
internal_count=10000 2820 1456 718 7180 6343 5683 738 1110 4573 1364 993 837
is_linear=0
shrinkage=0.0100123


Tree=124
num_leaves=13
num_cat=2
split_feature=55 1 0 1 9 0 0 0 0 0 2 2
split_gain=5.75624e+07 2.25505e+07 4.30178e+07 3.03471e+06 1.00868e+06 899120 807168 1.52293e+06 355346 320542 123252 4132.18
threshold=0.26837500000000003 0 4197.5000000000009 1 2021.5000000000002 2869.5000000000005 3775.5000000000005 4683.0000000000009 2118.5000000000005 4383.5000000000009 8641.5000000000018 4970.0000000000009
decision_type=2 1 2 1 2 2 2 2 2 2 2 2
left_child=1 2 11 5 -4 8 10 -8 -3 -7 -5 -1
right_child=-2 3 4 6 -6 9 7 -9 -10 -11 -12 -13
leaf_value=-0.37136498042330307 3.6819848452929103 0.069477973150624123 2.7261610716616111 -0.51934439417454337 2.1228115982114248 0.28102032658230164 -0.062331884796173229 -0.62248919625009891 -0.19610528141488395 -0.028442025613781226 -0.74401983767255264 -0.33355503195190928
leaf_weight=656 481 803 472 727 675 1364 1375 753 1361 445 369 519
leaf_count=656 481 803 472 727 675 1364 1375 753 1361 445 369 519
internal_value=0 0.131938 0.987528 -0.145276 2.37109 0.0400569 -0.373082 -0.260545 -0.0975547 0.204895 -0.594988 -0.354664
internal_weight=0 9519 2322 7197 1147 3973 3224 2128 2164 1809 1096 1175
internal_count=10000 9519 2322 7197 1147 3973 3224 2128 2164 1809 1096 1175
cat_boundaries=0 1 2
cat_threshold=16 10
is_linear=0
shrinkage=0.0100123


Tree=125
num_leaves=12
num_cat=2
split_feature=3 1 10 4 3 1 10 3 4 2 10
split_gain=7.46985e+07 6.2557e+07 1.3991e+07 1.41632e+06 818179 1.3936e+06 424052 324686 161871 103558 2317.96
threshold=15.050000000000002 0 6.5000000000000009 596.50000000000011 28.820000000000004 1 10.500000000000002 5.1850000000000014 1855.5000000000002 4274.0000000000009 7.5000000000000009
decision_type=2 1 2 2 2 1 2 2 2 2 2
left_child=1 2 -1 9 -5 8 -7 -3 -6 -2 -9
right_child=3 7 -4 4 5 6 -8 10 -10 -11 -12
leaf_value=4.2353877968958313 0.027497474594112583 0.38116818229336408 2.2063934191232417 -0.62740948280225006 -0.19856754749888497 -0.3728102423483407 -0.7092722466892325 0.098747170535038703 -0.055587573696365071 0.25050158095104907 0.063618242940840189
leaf_weight=691 398 702 672 660 1400 1987 463 396 1833 439 359
leaf_count=691 398 702 672 660 1400 1987 463 396 1833 439 359
internal_value=0 1.68045 3.21147 -0.24265 -0.293732 -0.25498 -0.434621 0.224624 -0.11714 0.144461 0.0820435
internal_weight=0 2820 1363 7180 6343 5683 2450 1457 3233 837 755
internal_count=10000 2820 1363 7180 6343 5683 2450 1457 3233 837 755
cat_boundaries=0 1 2
cat_threshold=16 14
is_linear=0
shrinkage=0.0100123


Tree=126
num_leaves=14
num_cat=0
split_feature=3 0 10 10 0 0 0 2 10 2 2 9 10
split_gain=7.32102e+07 5.07552e+07 1.55568e+07 2.88544e+06 1.3881e+06 801877 1.05601e+06 666300 639094 368844 181225 126613 103144
threshold=15.050000000000002 4197.5000000000009 6.5000000000000009 3.5000000000000004 1180.0000000000002 4683.0000000000009 2118.5000000000005 4638.5000000000009 4.5000000000000009 5622.0000000000009 3754.0000000000005 2021.5000000000002 5.5000000000000009
decision_type=2 2 2 2 2 2 2 2 2 2 2 2 2
left_child=1 10 3 -3 12 6 8 -4 -6 -8 -1 -12 -2
right_child=4 2 7 -5 5 -7 9 -9 -10 -11 11 -13 -14
leaf_value=0.087032017247121812 0.24909695779334604 3.3764885031475624 2.2364991261273608 4.6459170101076506 -0.22386539170842498 -0.62112768405648811 -0.26157825814308233 1.6346345191266562 -0.71832619469045988 -0.079344140000776969 0.49120863906300355 0.25812625892758284 0.026564154425120879
leaf_weight=371 438 358 378 360 424 660 2656 360 686 1917 376 617 399
leaf_count=371 438 358 378 360 424 660 2656 360 686 1917 376 617 399
internal_value=0 1.66363 2.96372 4.01297 -0.240221 -0.290791 -0.252427 1.94291 -0.529451 -0.185186 0.275841 0.346383 0.143015
internal_weight=0 2820 1456 718 7180 6343 5683 738 1110 4573 1364 993 837
internal_count=10000 2820 1456 718 7180 6343 5683 738 1110 4573 1364 993 837
is_linear=0
shrinkage=0.0100123


Tree=127
num_leaves=13
num_cat=2
split_feature=3 1 3 9 4 3 1 55 3 4 3 11
split_gain=7.17516e+07 6.02548e+07 2.9496e+06 2.78894e+06 1.36045e+06 785900 1.34788e+06 704668 320826 155906 53389.4 1061.1
threshold=15.050000000000002 0 10.355000000000002 2022.5000000000002 596.50000000000011 28.820000000000004 1 0.11699000000000001 5.1850000000000014 1855.5000000000002 57.750000000000007 16.500000000000004
decision_type=2 1 2 2 2 2 1 2 2 2 2 2
left_child=1 2 -1 -4 10 -6 9 -8 -3 -7 -2 -10
right_child=4 8 3 -5 5 6 7 -9 11 -11 -12 -13
leaf_value=3.7684662301229186 0.22596894552846247 0.37379074483734387 2.1533782268214368 3.3129557222779811 -0.61490878057060638 -0.19425758612621497 -0.49923910801969335 -0.021819520388159201 0.088085515099666098 -0.053936982579770247 0.065808065585652345 0.064341566248838883
leaf_weight=517 396 702 368 478 660 1400 2086 364 385 1833 441 370
leaf_count=517 396 702 368 478 660 1400 2086 364 385 1833 441 370
internal_value=0 1.64697 3.14955 2.80855 -0.237816 -0.28788 -0.2499 -0.426567 0.218214 -0.114347 0.141583 0.0764494
internal_weight=0 2820 1363 846 7180 6343 5683 2450 1457 3233 837 755
internal_count=10000 2820 1363 846 7180 6343 5683 2450 1457 3233 837 755
cat_boundaries=0 1 2
cat_threshold=16 14
is_linear=0
shrinkage=0.0100123


Tree=128
num_leaves=13
num_cat=2
split_feature=3 1 2 3 4 3 1 55 3 3 2 2
split_gain=7.0322e+07 5.90543e+07 4.53628e+06 3.37761e+06 1.33334e+06 770242 1.32103e+06 690628 314451 153874 101209 1247.15
threshold=15.050000000000002 0 5250.5000000000009 10.355000000000002 596.50000000000011 28.820000000000004 1 0.11699000000000001 4.705000000000001 33.980000000000011 4274.0000000000009 5025.5000000000009
decision_type=2 1 2 2 2 2 1 2 2 2 2 2
left_child=1 2 3 -1 10 -6 9 -8 -3 -7 -2 -10
right_child=4 8 -4 -5 5 6 7 -9 11 -11 -12 -13
leaf_value=3.4117248460053884 0.024535272248433226 0.37583039545837665 4.1086725715456174 2.2488458938048663 -0.60875214321504778 -0.003695173706780725 -0.4942405878127567 -0.021601060341152431 0.06768387146042365 -0.15698295418656452 0.24499661813157297 0.092993373727127071
leaf_weight=473 398 675 358 532 660 916 2086 364 375 2317 439 407
leaf_count=473 398 675 358 532 660 916 2086 364 375 2317 439 407
internal_value=0 1.63048 3.11802 2.79615 -0.235435 -0.284998 -0.247398 -0.422296 0.216029 -0.113202 0.140166 0.0808565
internal_weight=0 2820 1363 1005 7180 6343 5683 2450 1457 3233 837 782
internal_count=10000 2820 1363 1005 7180 6343 5683 2450 1457 3233 837 782
cat_boundaries=0 1 2
cat_threshold=16 14
is_linear=0
shrinkage=0.0100123


Tree=129
num_leaves=12
num_cat=2
split_feature=3 1 10 4 3 1 10 3 4 10 10
split_gain=6.89208e+07 5.78777e+07 1.34236e+07 1.30677e+06 754895 1.29471e+06 412747 308378 151841 100802 2095.73
threshold=15.050000000000002 0 6.5000000000000009 596.50000000000011 28.820000000000004 1 10.500000000000002 5.1850000000000014 1855.5000000000002 5.5000000000000009 7.5000000000000009
decision_type=2 1 2 2 2 1 2 2 2 2 2
left_child=1 2 -1 9 -5 8 -7 -3 -6 -2 -9
right_child=3 7 -4 4 5 6 -8 10 -10 -11 -12
leaf_value=4.089308389447738 0.24363309597845045 0.36639460548144676 2.1018773669988917 -0.6026571476184317 -0.19092832819724245 -0.35704326996763042 -0.68899013594957359 0.090761223362053639 -0.052448977873089067 0.023640681230223858 0.057358685599763939
leaf_weight=691 438 702 672 660 1400 1987 463 396 1833 399 359
leaf_count=691 438 702 672 660 1400 1987 463 396 1833 399 359
internal_value=0 1.61415 3.0868 -0.233077 -0.282144 -0.244921 -0.418068 0.213867 -0.112069 0.138762 0.0748784
internal_weight=0 2820 1363 7180 6343 5683 2450 1457 3233 837 755
internal_count=10000 2820 1363 7180 6343 5683 2450 1457 3233 837 755
cat_boundaries=0 1 2
cat_threshold=16 14
is_linear=0
shrinkage=0.0100123


Tree=130
num_leaves=14
num_cat=2
split_feature=55 1 0 1 10 0 0 0 10 0 0 55 2
split_gain=5.4385e+07 1.93927e+07 3.69481e+07 2.73895e+06 2.03402e+06 816561 729222 1.38553e+06 417345 305832 280304 4377.24 2298.2
threshold=0.26837500000000003 0 4197.5000000000009 1 6.5000000000000009 2869.5000000000005 3775.5000000000005 4683.0000000000009 8.5000000000000018 2118.5000000000005 4383.5000000000009 0.012030000000000001 4926.0000000000009
decision_type=2 1 2 1 2 2 2 2 2 2 2 2 2
left_child=1 2 11 5 -4 9 8 -8 -5 -3 -7 12 -1
right_child=-2 3 4 6 -6 10 7 -9 -10 -11 -12 -13 -14
leaf_value=-0.33564890498590899 3.5696602058185829 0.061805994101024532 2.6495659128736175 -0.42423165425025938 1.8038755725199092 0.26626358082340312 -0.058475914263220304 -0.59276742309634523 -0.83578440209325844 -0.18458011486560066 -0.023123814708843792 -0.36069743889458455 -0.30206266602272125
leaf_weight=405 481 803 530 720 617 1364 1375 753 376 1361 445 358 412
leaf_count=405 481 803 530 720 617 1364 1375 753 376 1361 445 358 412
internal_value=0 0.118982 0.912412 -0.138081 2.19465 0.037989 -0.354502 -0.247537 -0.565421 -0.0931531 0.195077 -0.331504 -0.318712
internal_weight=0 9519 2322 7197 1147 3973 3224 2128 1096 2164 1809 1175 817
internal_count=10000 9519 2322 7197 1147 3973 3224 2128 1096 2164 1809 1175 817
cat_boundaries=0 1 2
cat_threshold=16 10
is_linear=0
shrinkage=0.0100123


Tree=131
num_leaves=17
num_cat=1
split_feature=0 0 10 1 0 10 0 2 0 10 2 0 0 2 2 2
split_gain=4.67573e+07 7.48943e+07 1.30339e+07 3.14272e+06 887357 401863 343649 746242 546998 189292 169789 151709 130783 98134.9 38635.2 16269
threshold=4197.5000000000009 4383.5000000000009 6.5000000000000009 0 4683.0000000000009 10.500000000000002 2869.5000000000005 8864.0000000000018 2118.5000000000005 3.5000000000000004 8987.0000000000018 3775.5000000000005 4106.0000000000009 4274.0000000000009 5143.5000000000009 9800.5000000000018
decision_type=2 2 2 1 2 2 2 2 2 2 2 2 2 2 2 2
left_child=3 2 -2 6 -3 9 8 11 13 -5 -6 -8 -11 -1 -10 -9
right_child=1 4 -4 5 10 -7 7 15 14 12 -12 -13 -14 -15 -16 -17
leaf_value=0.021466938093212918 4.019690523945763 -0.022892291332830172 2.0613249186507665 -0.21136142040317368 -0.42721678081191783 -0.67970094663629854 0.26362996687559359 -0.10831551117629876 -0.22014534618006026 -0.53568762817042104 -0.72844638971686226 0.071311453064346941 -0.335487807257003 0.2385538372656322 -0.10157386383447828 -0.19887866267111165
leaf_weight=398 691 445 672 646 354 463 1362 367 1023 566 399 589 775 439 377 434
leaf_count=398 691 445 672 646 354 463 1362 367 1023 566 399 589 775 439 377 434
internal_value=0 1.44894 3.05416 -0.119596 -0.377356 -0.412375 0.0249586 0.0999278 -0.0671583 -0.35216 -0.586832 0.20557 -0.419987 0.135327 -0.188216 -0.157385
internal_weight=0 2561 1363 7439 1198 2450 4989 2752 2237 1987 753 1951 1341 837 1400 801
internal_count=10000 2561 1363 7439 1198 2450 4989 2752 2237 1987 753 1951 1341 837 1400 801
cat_boundaries=0 1
cat_threshold=12
is_linear=0
shrinkage=0.0100123


Tree=132
num_leaves=15
num_cat=2
split_feature=3 1 10 1 3 55 3 3 3 10 3 10 10 9
split_gain=6.52026e+07 5.4745e+07 1.27742e+07 1.21749e+06 1.5617e+06 618974 537051 361691 298327 200742 198511 158223 5956.68 1951.47
threshold=15.050000000000002 0 6.5000000000000009 1 28.820000000000004 0.11699000000000001 94.820000000000007 49.065000000000005 4.705000000000001 8.5000000000000018 33.980000000000011 3.5000000000000004 6.5000000000000009 2022.5000000000002
decision_type=2 1 2 1 2 2 2 2 2 2 2 2 2 2
left_child=1 2 -1 4 -2 6 9 10 -3 -5 -6 -9 -10 -8
right_child=3 8 -4 5 7 -7 13 11 12 -11 -12 -13 -14 -15
leaf_value=3.979444255459831 -0.58462863200735482 0.36309358839306277 2.0406863441405738 -0.53409172842749031 -0.0028137443941419942 -0.028941174670179884 -0.32653481190178341 0.25065230694361768 0.10570013168474242 -0.82414138924488689 -0.18268894777467751 0.0072711339978424891 0.050259143071749182 -0.29871934469835937
leaf_weight=691 660 675 672 680 916 364 600 381 360 369 1872 901 422 437
leaf_count=691 660 675 672 680 916 364 600 381 360 369 1872 901 422 437
internal_value=0 1.56932 3.00156 -0.22739 -0.132569 -0.408246 -0.476391 -0.0595875 0.207464 -0.636121 -0.123591 0.079602 0.0757818 -0.314813
internal_weight=0 2820 1363 7180 4730 2450 2086 4070 1457 1049 2788 1282 782 1037
internal_count=10000 2820 1363 7180 4730 2450 2086 4070 1457 1049 2788 1282 782 1037
cat_boundaries=0 1 2
cat_threshold=16 14
is_linear=0
shrinkage=0.0100123


Tree=133
num_leaves=12
num_cat=2
split_feature=3 1 10 0 0 1 55 3 3 2 10
split_gain=6.39034e+07 5.36543e+07 1.25197e+07 1.21308e+06 689818 1.2095e+06 606642 292383 143120 95932.4 5838
threshold=15.050000000000002 0 6.5000000000000009 1180.0000000000002 4683.0000000000009 1 0.11699000000000001 4.705000000000001 33.980000000000011 4274.0000000000009 6.5000000000000009
decision_type=2 1 2 2 2 1 2 2 2 2 2
left_child=1 2 -1 9 5 8 -7 -3 -5 -2 -9
right_child=3 7 -4 4 -6 6 -8 10 -10 -11 -12
leaf_value=3.9396009472837656 0.020573067221482097 0.35945819618284386 2.0202544281595221 -0.0027855726929902559 -0.57877516731788159 -0.47162131754009401 -0.028651403453218878 0.10464183272544086 -0.15062009992817874 0.23520999129345674 0.049755934815520764
leaf_weight=691 398 675 672 916 660 2086 364 360 2317 439 422
leaf_count=691 398 675 672 916 660 2086 364 360 2317 439 422
internal_value=0 1.55361 2.9715 -0.225114 -0.272389 -0.236806 -0.404159 0.205387 -0.108399 0.133148 0.0750231
internal_weight=0 2820 1363 7180 6343 5683 2450 1457 3233 837 782
internal_count=10000 2820 1363 7180 6343 5683 2450 1457 3233 837 782
cat_boundaries=0 1 2
cat_threshold=16 14
is_linear=0
shrinkage=0.0100123


Tree=134
num_leaves=12
num_cat=2
split_feature=3 1 10 4 3 1 55 3 4 10 10
split_gain=6.26302e+07 5.25853e+07 1.22702e+07 1.18891e+06 676074 1.1854e+06 594555 286715 141339 95727.7 1822.84
threshold=15.050000000000002 0 6.5000000000000009 596.50000000000011 28.820000000000004 1 0.11699000000000001 5.1850000000000014 1855.5000000000002 5.5000000000000009 7.5000000000000009
decision_type=2 1 2 2 2 1 2 2 2 2 2
left_child=1 2 -1 9 -5 8 -7 -3 -6 -2 -9
right_child=3 7 -4 4 5 6 -8 10 -10 -11 -12
leaf_value=3.9001565662568409 0.23401238789798393 0.35038357560702615 2.0000270891002057 -0.57298030839735103 -0.18339485512812539 -0.46689931370390875 -0.028364542927306141 0.084105871425541684 -0.049790430732849417 0.019629116259516532 0.052953835917717823
leaf_weight=691 438 702 672 660 1400 2086 364 396 1833 399 359
leaf_count=691 438 702 672 660 1400 2086 364 396 1833 399 359
internal_value=0 1.53805 2.94175 -0.22286 -0.269661 -0.234435 -0.400112 0.20333 -0.107314 0.131815 0.0692932
internal_weight=0 2820 1363 7180 6343 5683 2450 1457 3233 837 755
internal_count=10000 2820 1363 7180 6343 5683 2450 1457 3233 837 755
cat_boundaries=0 1 2
cat_threshold=16 14
is_linear=0
shrinkage=0.0100123


Tree=135
num_leaves=14
num_cat=0
split_feature=3 4 10 10 4 3 4 10 2 2 2 9 2
split_gain=6.13823e+07 4.23843e+07 1.36069e+07 2.88873e+06 1.16523e+06 662604 884443 597883 568900 326469 170730 111875 93909.3
threshold=15.050000000000002 2069.0000000000005 6.5000000000000009 3.5000000000000004 596.50000000000011 28.820000000000004 1067.0000000000002 4.5000000000000009 4638.5000000000009 5622.0000000000009 3754.0000000000005 2021.5000000000002 4274.0000000000009
decision_type=2 2 2 2 2 2 2 2 2 2 2 2 2
left_child=1 10 3 -3 12 -6 7 -7 -4 -8 -1 -12 -2
right_child=4 2 8 -5 5 6 9 -9 -10 -11 11 -13 -14
leaf_value=0.07120389573005248 0.019113497453518952 3.055157728737544 2.02730092923747 4.3253099225751077 -0.56724347069170211 -0.19004257956564283 -0.24242090357085569 -0.66829539273985938 1.4711637456832285 -0.070974122086352925 0.45906869332351385 0.23997151019598667 0.23147522420901209
leaf_weight=371 398 358 378 360 660 424 2656 686 360 1917 376 617 439
leaf_count=371 398 358 378 360 660 424 2656 686 360 1917 376 617 439
internal_value=0 1.52265 2.71071 3.692 -0.220628 -0.266961 -0.232088 -0.485611 1.75601 -0.17055 0.254464 0.322933 0.130496
internal_weight=0 2820 1456 718 7180 6343 5683 1110 738 4573 1364 993 837
internal_count=10000 2820 1456 718 7180 6343 5683 1110 738 4573 1364 993 837
is_linear=0
shrinkage=0.0100123


Tree=136
num_leaves=14
num_cat=0
split_feature=3 0 10 10 0 0 0 10 2 3 2 9 10
split_gain=6.01593e+07 4.15398e+07 1.33358e+07 2.83117e+06 1.14201e+06 649402 866821 585971 557565 322271 167328 109646 93709.9
threshold=15.050000000000002 4197.5000000000009 6.5000000000000009 3.5000000000000004 1180.0000000000002 4683.0000000000009 2118.5000000000005 4.5000000000000009 4638.5000000000009 33.980000000000011 3754.0000000000005 2021.5000000000002 5.5000000000000009
decision_type=2 2 2 2 2 2 2 2 2 2 2 2 2
left_child=1 10 3 -3 12 6 7 -6 -4 -8 -1 -12 -2
right_child=4 2 8 -5 5 -7 9 -9 -10 -11 11 -13 -14
leaf_value=0.070490983444892602 0.23030325906209143 3.024568642489454 2.0070030581447962 4.2820037016566141 -0.18813982286826453 -0.5615640710940607 -0.00090154877484081495 -0.66160423355116116 1.4564340456098515 -0.21090857120441103 0.45447237181739991 0.23756884798015063 0.018191423341363793
leaf_weight=371 438 358 378 360 424 660 916 686 360 3657 376 617 399
leaf_count=371 438 358 378 360 424 660 916 686 360 3657 376 617 399
internal_value=0 1.50741 2.68357 3.65504 -0.218419 -0.264289 -0.229764 -0.480749 1.73843 -0.168843 0.251916 0.319699 0.129189
internal_weight=0 2820 1456 718 7180 6343 5683 1110 738 4573 1364 993 837
internal_count=10000 2820 1456 718 7180 6343 5683 1110 738 4573 1364 993 837
is_linear=0
shrinkage=0.0100123


Tree=137
num_leaves=14
num_cat=0
split_feature=3 4 10 10 4 3 4 10 2 2 2 9 2
split_gain=5.89607e+07 4.07122e+07 1.30701e+07 2.77476e+06 1.11926e+06 636463 849550 574720 546456 317690 163994 107461 91929
threshold=15.050000000000002 2069.0000000000005 6.5000000000000009 3.5000000000000004 596.50000000000011 28.820000000000004 1067.0000000000002 5.5000000000000009 4638.5000000000009 5622.0000000000009 3754.0000000000005 2021.5000000000002 4274.0000000000009
decision_type=2 2 2 2 2 2 2 2 2 2 2 2 2
left_child=1 10 3 -3 12 -6 7 -7 -4 -8 -1 -12 -2
right_child=4 2 8 -5 5 6 9 -9 -10 -11 11 -13 -14
leaf_value=0.069785207342607791 0.017694137124691187 2.9942858034059587 1.986908369493624 4.2391310639352895 -0.55594153508867383 -0.24271140195157073 -0.23804987466350319 -0.69848474969667951 1.4418518226422454 -0.068924012849998523 0.44992207024761638 0.23519024274091244 0.22780478519153086
leaf_weight=371 398 358 378 360 660 542 2656 568 360 1917 376 617 439
leaf_count=371 398 358 378 360 660 542 2656 568 360 1917 376 617 439
internal_value=0 1.49232 2.6567 3.61844 -0.216233 -0.261642 -0.227464 -0.475936 1.72103 -0.167152 0.249394 0.316499 0.127896
internal_weight=0 2820 1456 718 7180 6343 5683 1110 738 4573 1364 993 837
internal_count=10000 2820 1456 718 7180 6343 5683 1110 738 4573 1364 993 837
is_linear=0
shrinkage=0.0100123


Tree=138
num_leaves=15
num_cat=2
split_feature=3 1 10 1 3 55 3 4 3 10 3 10 2 10
split_gain=5.7786e+07 4.89334e+07 1.13204e+07 1.10089e+06 1.38986e+06 573195 499264 346938 287369 185190 133399 91734.7 2318.89 1347.1
threshold=15.050000000000002 0 6.5000000000000009 1 28.820000000000004 0.11699000000000001 94.820000000000007 1067.0000000000002 5.1850000000000014 8.5000000000000018 33.980000000000011 5.5000000000000009 5113.5000000000009 7.5000000000000009
decision_type=2 1 2 1 2 2 2 2 2 2 2 2 2 2
left_child=1 2 -1 4 -2 6 9 11 -3 -5 -9 -6 -8 -10
right_child=3 8 -4 5 7 -7 12 10 13 -11 -12 -13 -14 -15
leaf_value=3.7520535362181011 -0.55037529388569539 0.33705039468336728 1.92695154211535 -0.50759654526875653 0.22665792998263862 -0.021000267032143846 -0.30773281660714774 0.00018947137365891618 0.068373728064269723 -0.78618437670604835 -0.14253581257277273 0.016793467633568603 -0.27701678761917009 0.041593694630840519
leaf_weight=691 660 702 672 680 438 364 634 916 396 369 2317 399 403 359
leaf_count=691 660 702 672 680 438 364 634 916 396 369 2317 399 403 359
internal_value=0 1.47738 2.83145 -0.214068 -0.123914 -0.386037 -0.451586 -0.0550627 0.189923 -0.605594 -0.102098 0.126615 -0.295796 0.0556399
internal_weight=0 2820 1363 7180 4730 2450 2086 4070 1457 1049 3233 837 1037 755
internal_count=10000 2820 1363 7180 4730 2450 2086 4070 1457 1049 3233 837 1037 755
cat_boundaries=0 1 2
cat_threshold=16 14
is_linear=0
shrinkage=0.0100123


Tree=139
num_leaves=14
num_cat=2
split_feature=3 1 10 1 0 10 0 3 10 0 3 2 10
split_gain=5.66346e+07 4.79585e+07 1.10948e+07 1.07896e+06 1.36217e+06 378263 340025 281643 175833 131699 113966 89990.4 1320.26
threshold=15.050000000000002 0 6.5000000000000009 1 4683.0000000000009 10.500000000000002 2118.5000000000005 5.1850000000000014 3.5000000000000004 3775.5000000000005 176.66000000000003 4274.0000000000009 7.5000000000000009
decision_type=2 1 2 1 2 2 2 2 2 2 2 2 2
left_child=1 2 -1 4 6 8 11 -3 -5 -8 -10 -2 -9
right_child=3 7 -4 5 -6 -7 9 12 10 -11 -12 -13 -14
leaf_value=3.7144869065996238 0.016314064621574649 0.33367575260686194 1.9076583569235723 -0.18797811152045163 -0.54486478235597147 -0.64145638763823043 -0.17419596019814676 0.067689152802162617 -0.49024325783438594 -0.045227882327613239 -0.30486019322807117 0.22419749335123448 0.041177245115057201
leaf_weight=691 398 702 672 646 660 463 1400 396 609 1833 732 439 359
leaf_count=691 398 702 672 646 660 463 1400 396 609 1833 732 439 359
internal_value=0 1.46258 2.8031 -0.211924 -0.122673 -0.382172 -0.0545114 0.188022 -0.323679 -0.101075 -0.38905 0.125347 0.0550828
internal_weight=0 2820 1363 7180 4730 2450 4070 1457 1987 3233 1341 837 755
internal_count=10000 2820 1363 7180 4730 2450 4070 1457 1987 3233 1341 837 755
cat_boundaries=0 1 2
cat_threshold=16 14
is_linear=0
shrinkage=0.0100123


Tree=140
num_leaves=14
num_cat=2
split_feature=55 1 4 1 10 4 4 4 10 4 4 55 9
split_gain=4.98929e+07 1.48826e+07 2.86161e+07 2.29478e+06 1.27421e+06 695781 594785 1.20653e+06 370866 237371 220996 5371.87 1277.35
threshold=0.26837500000000003 0 2069.0000000000005 1 6.5000000000000009 1421.0000000000002 1855.5000000000002 2298.0000000000005 8.5000000000000018 1067.0000000000002 2157.5000000000005 0.012030000000000001 2022.5000000000002
decision_type=2 1 2 1 2 2 2 2 2 2 2 2 2
left_child=1 2 11 5 -4 9 8 -8 -5 -3 -7 12 -1
right_child=-2 3 4 6 -6 10 7 -9 -10 -11 -12 -13 -14
leaf_value=-0.29847255993915955 3.4038017850443021 0.050146732976425676 2.28224087964115 -0.38197950391252594 1.6128889948859131 0.24289850641136324 -0.051558587790842547 -0.55014282789217051 -0.7699393382333537 -0.16691748782595606 -0.014056555766403772 -0.33331001856921821 -0.27337301016242244
leaf_weight=437 481 803 530 720 617 1364 1375 753 376 1361 445 358 380
leaf_count=437 481 803 530 720 617 1364 1375 753 376 1361 445 358 380
internal_value=0 0.0987057 0.793783 -0.126477 1.92218 0.0346853 -0.324574 -0.227984 -0.515075 -0.086371 0.17969 -0.30097 -0.286798
internal_weight=0 9519 2322 7197 1147 3973 3224 2128 1096 2164 1809 1175 817
internal_count=10000 9519 2322 7197 1147 3973 3224 2128 1096 2164 1809 1175 817
cat_boundaries=0 1 2
cat_threshold=16 10
is_linear=0
shrinkage=0.0100123


Tree=141
num_leaves=14
num_cat=0
split_feature=3 0 10 10 0 0 0 10 2 2 2 9 10
split_gain=5.46836e+07 3.76988e+07 1.21938e+07 2.74791e+06 1.03631e+06 581484 769377 545663 514864 305790 158534 101743 88386.8
threshold=15.050000000000002 4197.5000000000009 6.5000000000000009 3.5000000000000004 1180.0000000000002 4683.0000000000009 2118.5000000000005 4.5000000000000009 4638.5000000000009 5622.0000000000009 3754.0000000000005 2021.5000000000002 5.5000000000000009
decision_type=2 2 2 2 2 2 2 2 2 2 2 2 2
left_child=1 10 3 -3 12 6 7 -6 -4 -8 -1 -12 -2
right_child=4 2 8 -5 5 -7 9 -9 -10 -11 11 -13 -14
leaf_value=0.063873205694687255 0.22042663521474323 2.8647853037713422 1.9112870781723417 4.1035924338448204 -0.17402229731683375 -0.53390126193796605 -0.23209307043614133 -0.63091225054140909 1.382220401852674 -0.066165041174157072 0.43626985385131445 0.22732890463717992 0.014427320924865364
leaf_weight=371 438 358 378 360 424 660 2656 686 360 1917 376 617 399
leaf_count=371 438 358 378 360 424 660 2656 686 360 1917 376 617 399
internal_value=0 1.43651 2.55697 3.48591 -0.208905 -0.2526 -0.219931 -0.456389 1.65321 -0.162536 0.240467 0.306445 0.122226
internal_weight=0 2820 1456 718 7180 6343 5683 1110 738 4573 1364 993 837
internal_count=10000 2820 1456 718 7180 6343 5683 1110 738 4573 1364 993 837
is_linear=0
shrinkage=0.0100123


Tree=142
num_leaves=14
num_cat=0
split_feature=3 0 10 10 0 0 0 10 3 9 10 10 12
split_gain=5.35941e+07 3.69477e+07 1.19509e+07 2.69316e+06 1.01566e+06 569898 754048 534791 301553 127960 86625.7 73302.2 23352.5
threshold=15.050000000000002 4197.5000000000009 6.5000000000000009 3.5000000000000004 1180.0000000000002 4683.0000000000009 2118.5000000000005 4.5000000000000009 33.980000000000011 2021.5000000000002 5.5000000000000009 9.5000000000000018 3.5000000000000004
decision_type=2 2 2 2 2 2 2 2 2 2 2 2 2
left_child=1 9 3 -3 10 6 7 -6 -8 -1 -2 -4 -11
right_child=4 2 11 -5 5 -7 8 -9 -10 12 -12 -13 -14
leaf_value=0.36882090041105786 0.21821966107303961 2.8361022902374362 1.5382119280798898 4.0625061279755492 -0.17227993618906906 -0.52855569484401488 0.0015447965841900281 -0.62459538194888276 -0.2015998661422102 0.12138376246169791 0.014282873318486678 1.7377993422360709 0.22557778991046379
leaf_weight=484 438 358 374 360 424 660 916 686 3657 502 399 364 378
leaf_count=484 438 358 374 360 424 660 916 686 3657 502 399 364 378
internal_value=0 1.42212 2.53137 3.45101 -0.206814 -0.250071 -0.217729 -0.451819 -0.160909 0.238059 0.121002 1.63665 0.16614
internal_weight=0 2820 1456 718 7180 6343 5683 1110 4573 1364 837 738 880
internal_count=10000 2820 1456 718 7180 6343 5683 1110 4573 1364 837 738 880
is_linear=0
shrinkage=0.0100123


Tree=143
num_leaves=14
num_cat=2
split_feature=3 1 10 1 3 10 4 3 3 3 4 2 11
split_gain=5.25262e+07 4.47383e+07 1.03504e+07 1.02567e+06 1.25676e+06 362628 311159 278531 169154 138516 124682 87143.5 1335.7
threshold=15.050000000000002 0 6.5000000000000009 1 28.820000000000004 10.500000000000002 1067.0000000000002 5.1850000000000014 45.630000000000003 165.44500000000002 1855.5000000000002 4274.0000000000009 16.500000000000004
decision_type=2 1 2 1 2 2 2 2 2 2 2 2 2
left_child=1 2 -1 4 -2 8 11 -3 -5 -10 -8 -6 -9
right_child=3 7 -4 5 6 -7 10 12 9 -11 -12 -13 -14
leaf_value=3.5828560378233769 -0.52326364740906628 0.32170437706093596 1.8376963225484038 -0.1474746243660833 0.012496265918462778 -0.62458127749894499 -0.16795329175889548 0.057710003730413739 -0.51218144861734893 -0.30272844849167696 -0.042468272629299093 0.21706498431272306 0.031070287211346425
leaf_weight=691 660 702 672 470 398 463 1400 385 450 1067 1833 439 370
leaf_count=691 660 702 672 470 398 463 1400 385 450 1067 1833 439 370
internal_value=0 1.40789 2.70261 -0.204743 -0.117736 -0.370726 -0.0522639 0.176926 -0.31344 -0.36486 -0.0968076 0.119791 0.0446548
internal_weight=0 2820 1363 7180 4730 2450 4070 1457 1987 1517 3233 837 755
internal_count=10000 2820 1363 7180 4730 2450 4070 1457 1987 1517 3233 837 755
cat_boundaries=0 1 2
cat_threshold=16 14
is_linear=0
shrinkage=0.0100123


Tree=144
num_leaves=16
num_cat=2
split_feature=3 1 2 3 1 3 55 3 4 3 2 3 2 2 11
split_gain=5.14797e+07 4.38469e+07 3.9486e+06 3.42548e+06 1.00523e+06 1.23172e+06 506491 461119 304959 272982 157844 122519 85407.2 2216.48 1309.09
threshold=15.050000000000002 0 5250.5000000000009 10.355000000000002 1 28.820000000000004 0.11699000000000001 94.820000000000007 1067.0000000000002 5.1850000000000014 8606.0000000000018 33.980000000000011 4274.0000000000009 5113.5000000000009 16.500000000000004
decision_type=2 1 2 2 1 2 2 2 2 2 2 2 2 2 2
left_child=1 2 3 -1 5 -2 7 10 12 -3 -6 -10 -7 -9 -11
right_child=4 9 -4 -5 6 8 -8 13 11 14 -12 -13 -14 -15 -16
leaf_value=2.993465992238153 -0.51802458528506756 0.31848338312615943 3.5980996212964191 1.8223758530042438 -0.48674929015082902 0.012371150931180417 -0.023891409302281955 -0.29059800812082048 0.0021890780907208849 0.057132194738980374 -0.74443117625797295 -0.13459236760765447 0.21489167028014489 -0.26056787767450917 0.030759203119563868
leaf_weight=473 660 702 358 532 683 398 364 634 916 385 366 2317 439 403 370
leaf_count=473 660 702 358 532 683 398 364 634 916 385 366 2317 439 403 370
internal_value=0 1.39379 2.67555 2.37355 -0.202693 -0.116557 -0.367015 -0.428648 -0.0517406 0.175155 -0.576655 -0.0958383 0.118592 -0.278928 0.0442077
internal_weight=0 2820 1363 1005 7180 4730 2450 2086 4070 1457 1049 3233 837 1037 755
internal_count=10000 2820 1363 1005 7180 4730 2450 2086 4070 1457 1049 3233 837 1037 755
cat_boundaries=0 1 2
cat_threshold=16 14
is_linear=0
shrinkage=0.0100123


Tree=145
num_leaves=14
num_cat=0
split_feature=3 0 10 10 0 0 0 10 2 2 2 9 10
split_gain=5.0454e+07 3.47246e+07 1.14465e+07 2.64556e+06 956157 536508 707522 519444 488453 289442 153472 98817.7 84698.4
threshold=15.050000000000002 4197.5000000000009 6.5000000000000009 3.5000000000000004 1180.0000000000002 4683.0000000000009 2118.5000000000005 5.5000000000000009 4638.5000000000009 5622.0000000000009 3797.5000000000005 2021.5000000000002 5.5000000000000009
decision_type=2 2 2 2 2 2 2 2 2 2 2 2 2
left_child=1 10 3 -3 12 6 7 -6 -4 -8 -1 -12 -2
right_child=4 2 8 -5 5 -7 9 -9 -10 -11 11 -13 -14
leaf_value=0.064106017627703224 0.21353383015505956 2.7457687209964301 1.8309327050428248 3.9612856222198363 -0.21628223435663085 -0.51283797926869246 -0.22388714903279699 -0.64958360967479523 1.3156144358283932 -0.062455257317742929 0.43085220387554191 0.22192531309702523 0.011878480120200204
leaf_weight=390 438 358 378 360 542 660 2656 568 360 1917 360 614 399
leaf_count=390 438 358 378 360 542 660 2656 568 360 1917 360 614 399
internal_value=0 1.37983 2.45519 3.35522 -0.200664 -0.242635 -0.211255 -0.438008 1.57956 -0.156215 0.231943 0.299147 0.117404
internal_weight=0 2820 1456 718 7180 6343 5683 1110 738 4573 1364 974 837
internal_count=10000 2820 1456 718 7180 6343 5683 1110 738 4573 1364 974 837
is_linear=0
shrinkage=0.0100123


Tree=146
num_leaves=13
num_cat=2
split_feature=55 1 0 1 9 0 10 0 0 0 55 2
split_gain=4.72684e+07 1.27013e+07 2.463e+07 2.07787e+06 1.22064e+06 632389 530075 611926 202150 187337 5391.46 1929.49
threshold=0.26837500000000003 0 4197.5000000000009 1 2021.5000000000002 2869.5000000000005 10.500000000000002 4683.0000000000009 2118.5000000000005 4383.5000000000009 0.012030000000000001 4926.0000000000009
decision_type=2 1 2 1 2 2 2 2 2 2 2 2
left_child=1 2 10 5 -4 8 7 -5 -3 -7 11 -1
right_child=-2 3 4 6 -6 9 -8 -9 -10 -11 -12 -13
leaf_value=-0.2870234894601531 3.3048408840696619 0.043756285121674066 2.1673991522112508 -0.16308411837475051 1.5036773367682825 0.22962074512035133 -0.5797731621585005 -0.52130287798490993 -0.15655786038829722 -0.0069585954511822709 -0.31810088553142629 -0.25624910209176427
leaf_weight=405 481 803 472 2002 675 1364 594 628 1361 445 358 412
leaf_count=405 481 803 472 2002 675 1364 594 628 1361 445 358 412
internal_value=0 0.0878458 0.729972 -0.120174 1.7768 0.0331828 -0.308676 -0.248621 -0.0822269 0.171424 -0.285701 -0.271504
internal_weight=0 9519 2322 7197 1147 3973 3224 2630 2164 1809 1175 817
internal_count=10000 9519 2322 7197 1147 3973 3224 2630 2164 1809 1175 817
cat_boundaries=0 1 2
cat_threshold=16 10
is_linear=0
shrinkage=0.0100123


Tree=147
num_leaves=16
num_cat=2
split_feature=3 1 2 3 1 0 55 0 0 3 2 0 2 2 11
split_gain=4.87224e+07 4.16164e+07 3.84663e+06 3.32829e+06 981138 1.16013e+06 451663 445291 283767 267616 155047 121148 82803.4 2055.65 1334.89
threshold=15.050000000000002 0 5250.5000000000009 10.355000000000002 1 4683.0000000000009 0.11699000000000001 4106.0000000000009 2118.5000000000005 5.1850000000000014 8606.0000000000018 3775.5000000000005 4274.0000000000009 5113.5000000000009 16.500000000000004
decision_type=2 1 2 2 1 2 2 2 2 2 2 2 2 2 2
left_child=1 2 3 -1 5 8 7 10 12 -3 -6 -10 -2 -9 -11
right_child=4 9 -4 -5 6 -7 -8 13 11 14 -12 -13 -14 -15 -16
leaf_value=2.9167536204474502 0.0098755859069507672 0.30998901233259124 3.5143297277020591 1.762395904146671 -0.47475855091943769 -0.50237299800790669 -0.036197532178558624 -0.28253004281427002 -0.16251092994269439 0.051473626634601553 -0.73014706276759911 -0.038817125962584 0.20928507729387114 -0.25360993988696612 0.024842001317795494
leaf_weight=473 398 702 358 532 683 660 364 634 1400 385 366 1833 439 403 370
leaf_count=473 398 702 358 532 683 660 364 634 1400 385 366 1833 439 403 370
internal_value=0 1.35531 2.60404 2.30569 -0.197831 -0.112748 -0.360162 -0.418419 -0.0498429 0.168113 -0.563865 -0.0923808 0.114464 -0.271291 0.0384224
internal_weight=0 2820 1363 1005 7180 4730 2450 2086 4070 1457 1049 3233 837 1037 755
internal_count=10000 2820 1363 1005 7180 4730 2450 2086 4070 1457 1049 3233 837 1037 755
cat_boundaries=0 1 2
cat_threshold=16 14
is_linear=0
shrinkage=0.0100123


Tree=148
num_leaves=13
num_cat=2
split_feature=55 1 0 1 9 0 10 0 0 0 55 9
split_gain=4.60106e+07 1.20762e+07 2.34765e+07 1.99747e+06 1.19448e+06 610671 517697 593933 192650 180212 5487.57 1105.16
threshold=0.26837500000000003 0 4197.5000000000009 1 2021.5000000000002 2869.5000000000005 10.500000000000002 4683.0000000000009 2118.5000000000005 4383.5000000000009 0.012030000000000001 2022.5000000000002
decision_type=2 1 2 1 2 2 2 2 2 2 2 2
left_child=1 2 10 5 -4 8 7 -5 -3 -7 11 -1
right_child=-2 3 4 6 -6 9 -8 -9 -10 -11 -12 -13
leaf_value=-0.2769370634534693 3.2589889880356302 0.042187470195341671 2.119614817310747 -0.15894059454686718 1.4630446180722849 0.22553678758343298 -0.5704733917889393 -0.51185351297017678 -0.15336325745044577 -0.0065002763060332779 -0.31308806368236675 -0.25359043562255829
leaf_weight=437 481 803 472 2002 675 1364 594 628 1361 445 358 380
leaf_count=437 481 803 472 2002 675 1364 594 628 1361 445 358 380
internal_value=0 0.0850852 0.71121 -0.117749 1.73323 0.0326108 -0.302568 -0.24321 -0.0807998 0.168457 -0.280401 -0.266078
internal_weight=0 9519 2322 7197 1147 3973 3224 2630 2164 1809 1175 817
internal_count=10000 9519 2322 7197 1147 3973 3224 2630 2164 1809 1175 817
cat_boundaries=0 1 2
cat_threshold=16 10
is_linear=0
shrinkage=0.0100123


Tree=149
num_leaves=14
num_cat=0
split_feature=3 0 10 10 0 0 0 10 2 2 2 9 2
split_gain=4.70535e+07 3.23519e+07 1.11259e+07 2.58721e+06 888663 483830 656715 498146 446589 293766 149504 95196.3 80373.1
threshold=15.050000000000002 4197.5000000000009 6.5000000000000009 3.5000000000000004 1180.0000000000002 4683.0000000000009 2118.5000000000005 4.5000000000000009 4638.5000000000009 5622.0000000000009 3797.5000000000005 2021.5000000000002 4274.0000000000009
decision_type=2 2 2 2 2 2 2 2 2 2 2 2 2
left_child=1 10 3 -3 12 6 7 -6 -4 -8 -1 -12 -2
right_child=4 2 8 -5 5 -7 9 -9 -10 -11 11 -13 -14
leaf_value=0.057625547893574991 0.0085450816754485369 2.6538655389205621 1.7463041914882971 3.8559043416010756 -0.15437966027454952 -0.49210712213339891 -0.22086096173741102 -0.59092352033412243 1.2535641173362035 -0.058227741772659415 0.41887752944728135 0.21381466835911064 0.20500648599209564
leaf_weight=390 398 358 378 360 424 660 2656 686 360 1917 360 614 439
leaf_count=390 398 358 378 360 424 660 2656 686 360 1917 360 614 439
internal_value=0 1.33126 2.36923 3.25656 -0.195049 -0.235512 -0.205712 -0.424172 1.50594 -0.152685 0.223279 0.289608 0.111588
internal_weight=0 2820 1456 718 7180 6343 5683 1110 738 4573 1364 974 837
internal_count=10000 2820 1456 718 7180 6343 5683 1110 738 4573 1364 974 837
is_linear=0
shrinkage=0.0100123


Tree=150
num_leaves=14
num_cat=0
split_feature=3 0 10 10 0 0 3 0 2 3 2 9 10
split_gain=4.61159e+07 3.17073e+07 1.09042e+07 2.53566e+06 870957 474190 645398 531155 437691 211041 146525 93299.6 80204.3
threshold=15.050000000000002 4197.5000000000009 6.5000000000000009 3.5000000000000004 1180.0000000000002 4683.0000000000009 43.385000000000012 4383.5000000000009 4638.5000000000009 33.980000000000011 3797.5000000000005 2021.5000000000002 5.5000000000000009
decision_type=2 2 2 2 2 2 2 2 2 2 2 2 2
left_child=1 10 3 -3 12 6 9 -8 -4 -6 -1 -12 -2
right_child=4 2 8 -5 5 -7 7 -9 -10 -11 11 -13 -14
leaf_value=0.057048584534671432 0.20401482615426825 2.6272943220322156 1.7288196992218356 3.8172979685832229 0.010689742811840189 -0.48718000729914401 -0.38486912991626637 -0.0049191143183125131 1.2410130860190691 -0.16464229585218595 0.41468361371853152 0.21167389544232218 0.0077823580045337992
leaf_weight=390 438 358 378 360 1037 660 2155 445 360 2046 360 614 399
leaf_count=390 438 358 378 360 1037 660 2155 445 360 2046 360 614 399
internal_value=0 1.31793 2.34551 3.22395 -0.193096 -0.233154 -0.203652 -0.319839 1.49087 -0.105667 0.221043 0.286708 0.11047
internal_weight=0 2820 1456 718 7180 6343 5683 2600 738 3083 1364 974 837
internal_count=10000 2820 1456 718 7180 6343 5683 2600 738 3083 1364 974 837
is_linear=0
shrinkage=0.0100123


Tree=151
num_leaves=14
num_cat=2
split_feature=55 1 0 1 0 0 0 0 0 2 12 55 2
split_gain=4.45153e+07 1.12386e+07 2.18325e+07 1.9044e+06 577796 493710 1.07248e+06 178051 167495 121033 107163 5348.23 1788.45
threshold=0.26837500000000003 0 4197.5000000000009 1 2869.5000000000005 3775.5000000000005 4683.0000000000009 2118.5000000000005 4383.5000000000009 8641.5000000000018 2.5000000000000004 0.012030000000000001 4926.0000000000009
decision_type=2 1 2 1 2 2 2 2 2 2 2 2 2
left_child=1 2 11 4 7 9 -7 -3 -6 -5 -4 12 -1
right_child=-2 3 10 5 8 6 -8 -9 -10 -11 -12 -13 -14
leaf_value=-0.27252962491460542 3.2024196608414401 0.039581855579043361 1.5584566817306422 -0.39421733493721506 0.21882997754104225 -0.041278061071899019 -0.51134908061974704 -0.14841363992182521 -0.004869862265824608 -0.61686104138811648 1.7539957902598642 -0.30399776166565562 -0.24290132101471537
leaf_weight=405 481 803 492 727 1364 1375 753 1361 445 369 655 358 412
leaf_count=405 481 803 492 727 1364 1375 753 1361 445 369 655 358 412
internal_value=0 0.0805165 0.68454 -0.115153 0.0316621 -0.295616 -0.207614 -0.0786538 0.163802 -0.469177 1.67012 -0.271729 -0.257589
internal_weight=0 9519 2322 7197 3973 3224 2128 2164 1809 1096 1147 1175 817
internal_count=10000 9519 2322 7197 3973 3224 2128 2164 1809 1096 1147 1175 817
cat_boundaries=0 1 2
cat_threshold=16 10
is_linear=0
shrinkage=0.0100123


Tree=152
num_leaves=14
num_cat=0
split_feature=3 0 10 10 0 0 3 0 3 9 10 10 12
split_gain=4.45398e+07 3.06218e+07 1.06444e+07 2.48521e+06 839733 449977 632111 518520 203665 112031 77358.4 66111.7 22733.5
threshold=15.050000000000002 4197.5000000000009 6.5000000000000009 3.5000000000000004 1180.0000000000002 4683.0000000000009 43.385000000000012 4383.5000000000009 33.980000000000011 2021.5000000000002 5.5000000000000009 9.5000000000000018 3.5000000000000004
decision_type=2 2 2 2 2 2 2 2 2 2 2 2 2
left_child=1 9 3 -3 10 6 8 -8 -6 -1 -2 -4 -11
right_child=4 2 11 -5 5 -7 7 -9 -10 12 -12 -13 -14
leaf_value=0.33899170768059722 0.19955147990203498 2.5816456669824261 1.3665334726337548 3.7597495350533525 0.010288206351331623 -0.47718245752694971 -0.38022494926511974 -0.004821104167151485 -0.16195254266877068 0.10518599573326883 0.0068319366808314375 1.5560791499025151 0.20799001916822177
leaf_weight=484 438 358 374 360 1037 660 2155 445 2046 502 399 364 378
leaf_count=484 438 358 374 360 1037 660 2155 445 2046 502 399 364 378
internal_value=0 1.29459 2.30442 3.17234 -0.190394 -0.229727 -0.200988 -0.315973 -0.104018 0.216639 0.107682 1.46002 0.149345
internal_weight=0 2820 1456 718 7180 6343 5683 2600 3083 1364 837 738 880
internal_count=10000 2820 1456 718 7180 6343 5683 2600 3083 1364 837 738 880
is_linear=0
shrinkage=0.0100123


Tree=153
num_leaves=14
num_cat=0
split_feature=55 0 0 9 0 0 0 2 0 10 0 2 2
split_gain=4.33554e+07 9.63004e+06 2.223e+07 1.20708e+06 697171 623699 1.13822e+06 885661 320076 254157 227901 143411 101132
threshold=0.26837500000000003 4197.5000000000009 4383.5000000000009 2021.5000000000002 4683.0000000000009 2869.5000000000005 3775.5000000000005 7092.5000000000009 4106.0000000000009 7.5000000000000009 1180.0000000000002 3797.5000000000005 8987.0000000000018
decision_type=2 2 2 2 2 2 2 2 2 2 2 2 2
left_child=1 5 3 -3 -4 7 11 10 -8 -9 -1 -7 -6
right_child=-2 2 4 -5 12 6 8 9 -10 -11 -12 -13 -14
leaf_value=0.037432777353337089 3.1588499046402001 2.0195861905896559 -0.0047728339642757554 1.3595622505213159 -0.38145189762757326 0.052227681480854674 -0.040161332007436365 -0.33355331250373221 -0.26520100653385265 -0.6674186371671913 -0.17214175950604252 0.27943347583974093 -0.61393204322016326
leaf_weight=800 481 472 445 675 354 390 1375 606 1175 367 1487 974 399
leaf_count=800 481 472 445 675 354 390 1375 606 1175 367 1487 974 399
internal_value=0 0.0778897 0.634897 1.63117 -0.318962 -0.104182 -0.0189821 -0.206474 -0.143856 -0.459482 -0.0988319 0.21447 -0.504639
internal_weight=0 9519 2345 1147 1198 7174 3914 3260 2550 973 2287 1364 753
internal_count=10000 9519 2345 1147 1198 7174 3914 3260 2550 973 2287 1364 753
is_linear=0
shrinkage=0.0100123


Tree=154
num_leaves=15
num_cat=2
split_feature=3 1 10 10 1 0 10 55 3 0 2 0 2 2
split_gain=4.30173e+07 3.70775e+07 9.3324e+06 2.76351e+06 917132 999922 340805 332818 262023 243075 169986 112670 77128.3 2168.19
threshold=15.050000000000002 0 7.5000000000000009 3.5000000000000004 1 4683.0000000000009 10.500000000000002 0.058825000000000009 5.1850000000000014 2118.5000000000005 8290.5000000000018 3775.5000000000005 4274.0000000000009 5143.5000000000009
decision_type=2 1 2 2 1 2 2 2 2 2 2 2 2 2
left_child=1 2 3 -1 5 9 7 10 -3 12 -6 -11 -2 -10
right_child=4 8 -4 -5 6 -7 -8 -9 13 11 -12 -13 -14 -15
leaf_value=2.5375096759891993 0.0040434204999890604 0.29146032658613474 1.5100083192387248 3.7334601675528596 -0.2925273066066803 -0.46721013763334629 -0.59069579066294609 -0.011230025963570395 0.038815556619471107 -0.15408838620022175 -0.53277511329401117 -0.034800707360322689 0.19649817169064818 0.0048311663726024971
leaf_weight=358 398 702 583 422 1245 660 463 355 398 1400 387 1833 439 357
leaf_count=358 398 702 583 422 1245 660 463 355 398 1400 387 1833 439 357
internal_value=0 1.27165 2.45032 3.18455 -0.187724 -0.105485 -0.344658 -0.289062 0.151178 -0.0470864 -0.349498 -0.0864564 0.104984 0.0227461
internal_weight=0 2820 1363 780 7180 4730 2450 1987 1457 4070 1632 3233 837 755
internal_count=10000 2820 1363 780 7180 4730 2450 1987 1457 4070 1632 3233 837 755
cat_boundaries=0 1 2
cat_threshold=16 14
is_linear=0
shrinkage=0.0100123


Tree=155
num_leaves=13
num_cat=0
split_feature=3 0 3 9 0 0 0 3 2 2 9 2
split_gain=4.21602e+07 2.89563e+07 5.05073e+06 5.26286e+06 793633 422980 574351 366334 278916 139844 88133.9 75591.5
threshold=15.050000000000002 4197.5000000000009 10.355000000000002 2022.5000000000002 1180.0000000000002 2118.5000000000005 4683.0000000000009 45.630000000000003 5622.0000000000009 3797.5000000000005 2021.5000000000002 4274.0000000000009
decision_type=2 2 2 2 2 2 2 2 2 2 2 2
left_child=1 9 -3 -4 11 7 8 -6 -7 -1 -11 -2
right_child=4 2 3 -5 5 6 -8 -9 -10 10 -12 -13
leaf_value=0.050485918927081805 0.0040029354957811392 3.0356348794505377 1.040082954677914 2.5394640334195864 -0.214057614903713 -0.21300822026263153 -0.46253229844234767 -0.57800947553707194 -0.054538807321824659 0.39923066816984998 0.20192097576865728 0.19453077769266117
leaf_weight=390 398 517 461 478 538 2656 660 572 1917 360 614 439
leaf_count=390 398 517 461 478 538 2656 660 572 1917 360 614 439
internal_value=0 1.25892 2.24091 1.80335 -0.185845 -0.224083 -0.186427 -0.401608 -0.146578 0.210698 0.274849 0.103933
internal_weight=0 2820 1456 939 7180 6343 5233 1110 4573 1364 974 837
internal_count=10000 2820 1456 939 7180 6343 5233 1110 4573 1364 974 837
is_linear=0
shrinkage=0.0100123


Tree=156
num_leaves=15
num_cat=2
split_feature=3 1 10 10 1 0 10 3 3 3 3 10 3 11
split_gain=4.13202e+07 3.56888e+07 9.13798e+06 2.68032e+06 887190 962000 332848 256361 234119 178903 148800 132749 110389 1494.02
threshold=15.050000000000002 0 7.5000000000000009 3.5000000000000004 1 4683.0000000000009 10.500000000000002 5.1850000000000014 49.065000000000005 45.630000000000003 33.980000000000011 3.5000000000000004 174.79000000000002 16.500000000000004
decision_type=2 1 2 2 1 2 2 2 2 2 2 2 2 2
left_child=1 2 3 -1 5 8 9 -3 10 -6 -2 -10 -11 -9
right_child=4 7 -4 -5 6 -7 -8 13 11 12 -12 -13 -14 -15
leaf_value=2.4918535362797951 0.0072521893381742334 0.28578382679392206 1.4720723338081751 3.6696643911277964 -0.11269871947049256 -0.45790129665638951 -0.58147177531404948 0.033796431899883787 0.22283970786372559 -0.46572932894937102 -0.14848042193269451 -8.9612852383058771e-05 -0.27991761668705867 0.0056220845028145238
leaf_weight=358 916 702 583 422 470 660 463 385 381 460 1872 901 1057 370
leaf_count=358 916 702 583 422 470 660 463 385 381 460 1872 901 1057 370
internal_value=0 1.24632 2.40269 3.12908 -0.183984 -0.103103 -0.338333 0.147043 -0.0458209 -0.28338 -0.0973143 0.0661632 -0.336261 0.0199891
internal_weight=0 2820 1363 780 7180 4730 2450 1457 4070 1987 2788 1282 1517 755
internal_count=10000 2820 1363 780 7180 4730 2450 1457 4070 1987 2788 1282 1517 755
cat_boundaries=0 1 2
cat_threshold=16 14
is_linear=0
shrinkage=0.0100123


Tree=157
num_leaves=12
num_cat=0
split_feature=55 3 0 3 0 0 0 9 2 9 2
split_gain=4.16167e+07 1.70651e+07 8.82613e+06 1.96654e+06 511688 350385 900038 303757 136208 84850.6 41269.1
threshold=0.26837500000000003 15.050000000000002 4197.5000000000009 10.925000000000002 4683.0000000000009 1180.0000000000002 2118.5000000000005 2022.5000000000002 3797.5000000000005 2021.5000000000002 4410.5000000000009
decision_type=2 2 2 2 2 2 2 2 2 2 2
left_child=1 2 8 -4 5 10 -7 -5 -1 -10 -3
right_child=-2 4 3 7 -6 6 -8 -9 9 -11 -12
leaf_value=0.048902253660131893 3.0905231220336611 -0.032628901003549635 1.9343023873881346 0.91348427628794115 -0.45331666145322552 -0.44541764483478891 -0.12442730262543332 1.2995469474267323 0.39237211666041016 0.19877253348805954 0.11117237558374296
leaf_weight=390 481 425 417 446 660 1096 4356 377 360 614 378
leaf_count=390 481 425 417 446 660 1096 4356 377 360 614 378
internal_value=0 0.0719722 0.762795 1.37415 -0.188173 -0.160196 -0.188955 1.09033 0.207018 0.270329 0.0350634
internal_weight=0 9519 2604 1240 6915 6255 5452 823 1364 974 803
internal_count=10000 9519 2604 1240 6915 6255 5452 823 1364 974 803
is_linear=0
shrinkage=0.0100123


Tree=158
num_leaves=13
num_cat=2
split_feature=55 1 4 1 9 4 10 4 4 4 55 9
split_gain=4.07875e+07 9.4708e+06 1.84373e+07 1.68797e+06 1.19614e+06 509709 478376 553355 149849 143748 5482.88 958.374
threshold=0.26837500000000003 0 2069.0000000000005 1 2021.5000000000002 1421.0000000000002 10.500000000000002 2298.0000000000005 1067.0000000000002 2157.5000000000005 0.012030000000000001 2022.5000000000002
decision_type=2 1 2 1 2 2 2 2 2 2 2 2
left_child=1 2 10 5 -4 8 7 -5 -3 -7 11 -1
right_child=-2 3 4 6 -6 9 -8 -9 -10 -11 -12 -13
leaf_value=-0.24883944311691342 3.0595799426848314 0.034712292680709987 1.9180900525682514 -0.13982556893358392 1.2610649912042045 0.20494500557071874 -0.53575496779960596 -0.48046965223274185 -0.13775280521012076 -0.0022916018241570016 -0.28571715482552795 -0.22709846718559334
leaf_weight=437 481 803 472 2002 675 1364 594 628 1361 445 358 380
leaf_count=437 481 803 472 2002 675 1364 594 628 1361 445 358 380
internal_value=0 0.0712516 0.625742 -0.108365 1.53144 0.0298563 -0.278264 -0.221166 -0.0737558 0.153966 -0.253044 -0.238727
internal_weight=0 9519 2322 7197 1147 3973 3224 2630 2164 1809 1175 817
internal_count=10000 9519 2322 7197 1147 3973 3224 2630 2164 1809 1175 817
cat_boundaries=0 1 2
cat_threshold=16 10
is_linear=0
shrinkage=0.0100123


Tree=159
num_leaves=13
num_cat=2
split_feature=55 1 4 1 10 4 10 4 4 4 55 2
split_gain=3.99748e+07 9.2821e+06 1.80699e+07 1.65434e+06 792777 499553 468844 542330 146863 140884 5373.63 1748.07
threshold=0.26837500000000003 0 2069.0000000000005 1 6.5000000000000009 1421.0000000000002 10.500000000000002 2298.0000000000005 1067.0000000000002 2157.5000000000005 0.012030000000000001 4926.0000000000009
decision_type=2 1 2 1 2 2 2 2 2 2 2 2
left_child=1 2 10 5 -4 8 7 -5 -3 -7 11 -1
right_child=-2 3 4 6 -6 9 -8 -9 -10 -11 -12 -13
leaf_value=-0.25110860043841537 3.028946581592407 0.034364743110110257 1.8001116201277734 -0.13842559637357491 1.2721411253267676 0.20289303829386271 -0.53039083951536181 -0.47565905597504138 -0.13637358380193643 -0.002268657564525415 -0.28285647546552428 -0.22181668420665623
leaf_weight=405 481 803 530 2002 617 1364 594 628 1361 445 358 412
leaf_count=405 481 803 530 2002 617 1364 594 628 1361 445 358 412
internal_value=0 0.0705382 0.619477 -0.10728 1.5161 0.0295574 -0.275477 -0.218951 -0.0730174 0.152425 -0.250511 -0.236337
internal_weight=0 9519 2322 7197 1147 3973 3224 2630 2164 1809 1175 817
internal_count=10000 9519 2322 7197 1147 3973 3224 2630 2164 1809 1175 817
cat_boundaries=0 1 2
cat_threshold=16 10
is_linear=0
shrinkage=0.0100123


Tree=160
num_leaves=13
num_cat=3
split_feature=55 3 1 3 1 3 1 10 3 2 2 2
split_gain=3.91784e+07 1.60561e+07 1.1618e+07 955765 817508 687780 345578 300941 247369 237842 37482.3 2449.21
threshold=0.26837500000000003 15.050000000000002 0 10.925000000000002 1 28.820000000000004 2 8.5000000000000018 5.1850000000000014 5040.5000000000009 8290.5000000000018 5143.5000000000009
decision_type=2 2 1 2 1 2 1 2 2 2 2 2
left_child=1 2 3 -1 7 -6 -7 10 -4 -5 -3 -10
right_child=-2 4 8 9 5 6 -8 -9 11 -11 -12 -13
leaf_value=1.8833254052855495 2.9986199170004362 -0.24476137604760978 0.27612849393176203 1.0997673294498469 -0.43899628174401029 -0.24590967106092815 -0.050697270900125276 -0.66607843867042127 0.032115997170853172 1.4612370718519696 -0.38924421936228959 -0.00400368198451899
leaf_weight=417 481 362 702 361 660 1175 3984 376 398 369 358 357
leaf_count=417 481 362 702 361 660 1175 3984 376 398 369 358 357
internal_value=0 0.0698319 0.739921 1.48795 -0.182505 -0.134436 -0.0957333 -0.432548 0.139874 1.28248 -0.316601 0.0150369
internal_weight=0 9519 2604 1147 6915 5819 5159 1096 1457 730 720 755
internal_count=10000 9519 2604 1147 6915 5819 5159 1096 1457 730 720 755
cat_boundaries=0 1 2 3
cat_threshold=16 1 16
is_linear=0
shrinkage=0.0100123


Tree=161
num_leaves=15
num_cat=2
split_feature=3 1 2 3 1 0 3 3 3 3 3 3 2 2
split_gain=3.82403e+07 3.30659e+07 3.60647e+06 2.99528e+06 886670 862768 242440 213378 142145 122297 309411 64099.2 36117.2 2400.41
threshold=15.050000000000002 0 5250.5000000000009 10.355000000000002 1 4683.0000000000009 5.1850000000000014 49.065000000000005 33.980000000000011 45.630000000000003 165.44500000000002 57.750000000000007 4649.5000000000009 5143.5000000000009
decision_type=2 1 2 2 1 2 2 2 2 2 2 2 2 2
left_child=1 2 3 -1 5 7 -3 8 -2 -6 -11 -9 -12 -8
right_child=4 6 -4 -5 9 -7 13 11 -10 10 12 -13 -14 -15
leaf_value=2.5988528386188787 0.0086898640898544124 0.27336381870946408 3.1894659005272579 1.5037661812110361 -0.20172196242163554 -0.43460092795586214 0.031794442677998483 0.1684536670428467 -0.14352076350946955 -0.55558925669655246 -0.35061707430826838 0.015225388207368851 -0.24178441963332373 -0.0039635974152679955
leaf_weight=473 916 702 358 532 538 660 398 396 1872 624 499 886 789 357
leaf_count=473 916 702 358 532 538 660 398 396 1872 624 499 886 789 357
internal_value=0 1.19654 2.30961 2.01917 -0.179428 -0.0985971 0.138473 -0.0443522 -0.0935118 -0.333715 -0.372601 0.0625564 -0.283949 0.0148863
internal_weight=0 2820 1363 1005 7180 4730 1457 4070 2788 2450 1912 1282 1288 755
internal_count=10000 2820 1363 1005 7180 4730 1457 4070 2788 2450 1912 1282 1288 755
cat_boundaries=0 1 2
cat_threshold=16 14
is_linear=0
shrinkage=0.0100123


Tree=162
num_leaves=11
num_cat=3
split_feature=55 3 1 9 1 0 1 3 3 11
split_gain=3.81702e+07 1.53045e+07 1.10265e+07 1.16664e+06 787946 660836 330492 237754 177338 2275.69
threshold=0.26837500000000003 15.050000000000002 0 2021.5000000000002 1 4683.0000000000009 2 4.705000000000001 52.425000000000004 17.500000000000004
decision_type=2 2 1 2 1 2 1 2 2 2
left_child=1 2 3 -1 8 6 -6 -4 -3 -9
right_child=-2 4 7 -5 5 -7 -8 9 -10 -11
leaf_value=1.84491814204033 2.9583130974534422 -0.32135732926281285 0.27569146310581755 1.1960432781146328 -0.24063985257632126 -0.43024958247030537 -0.049734404278144906 0.034774203838338742 -0.57999056454995501 0.00046862194399969895
leaf_weight=472 481 643 675 675 1175 660 3984 427 453 355
leaf_count=472 481 643 675 675 1175 660 3984 427 453 355
internal_value=0 0.0674553 0.721673 1.45042 -0.178905 -0.131714 -0.0937774 0.137087 -0.424384 0.0192007
internal_weight=0 9519 2604 1147 6915 5819 5159 1457 1096 782
internal_count=10000 9519 2604 1147 6915 5819 5159 1457 1096 782
cat_boundaries=0 1 2 3
cat_threshold=16 1 16
is_linear=0
shrinkage=0.0100123


Tree=163
num_leaves=14
num_cat=2
split_feature=3 1 10 1 3 10 3 3 3 3 10 3 2
split_gain=3.69537e+07 3.19408e+07 8.84691e+06 865855 826228 318711 233042 208486 187898 138236 122472 95729.4 2351.89
threshold=15.050000000000002 0 6.5000000000000009 1 28.820000000000004 10.500000000000002 5.1850000000000014 49.065000000000005 45.630000000000003 33.980000000000011 3.5000000000000004 189.24500000000003 5143.5000000000009
decision_type=2 1 2 1 2 2 2 2 2 2 2 2 2
left_child=1 2 -1 4 -2 8 -3 9 -5 -6 -9 -10 -8
right_child=3 6 -4 5 7 -7 12 10 11 -11 -12 -13 -14
leaf_value=3.0817113804132417 -0.42594180403647536 0.26796419172371289 1.4682703805698043 -0.1007693395832478 0.0081473154049936918 -0.56738139931773457 0.031282417960944747 0.21211932365938704 -0.44297828790820665 -0.14195587164458084 -0.0020074242305684431 -0.2739483994487491 -0.0041123703265655643
leaf_weight=691 660 702 672 470 916 463 398 381 502 1872 901 1015 357
leaf_count=691 660 702 672 470 916 463 398 381 502 1872 901 1015 357
internal_value=0 1.17561 2.26959 -0.177003 -0.097129 -0.329468 0.135714 -0.0440466 -0.275689 -0.0926393 0.0616293 -0.329883 0.0145461
internal_weight=0 2820 1363 7180 4730 2450 1457 4070 1987 2788 1282 1517 755
internal_count=10000 2820 1363 7180 4730 2450 1457 4070 1987 2788 1282 1517 755
cat_boundaries=0 1 2
cat_threshold=16 14
is_linear=0
shrinkage=0.0100123


Tree=164
num_leaves=11
num_cat=3
split_feature=55 3 1 9 1 0 1 3 3 11
split_gain=3.71727e+07 1.45895e+07 1.04666e+07 1.15713e+06 762773 635409 314368 228543 170177 2225.78
threshold=0.26837500000000003 15.050000000000002 0 2021.5000000000002 1 4683.0000000000009 2 4.705000000000001 52.425000000000004 17.500000000000004
decision_type=2 2 1 2 1 2 1 2 2 2
left_child=1 2 3 -1 8 6 -6 -4 -3 -9
right_child=-2 4 7 -5 5 -7 -8 9 -10 -11
leaf_value=1.8065433763607004 2.91800314666563 -0.31597558890842031 0.27024823054832575 1.1603210619439415 -0.23497828666935791 -0.42167715647499299 -0.048784789019019323 0.034176999425745667 -0.56933313067683744 0.00024967960131164446
leaf_weight=472 481 643 675 675 1175 660 3984 427 453 355
leaf_count=472 481 643 675 675 1175 660 3984 427 453 355
internal_value=0 0.0651667 0.703919 1.41392 -0.17537 -0.128942 -0.0917418 0.134356 -0.41689 0.0187752
internal_weight=0 9519 2604 1147 6915 5819 5159 1457 1096 782
internal_count=10000 9519 2604 1147 6915 5819 5159 1457 1096 782
cat_boundaries=0 1 2 3
cat_threshold=16 1 16
is_linear=0
shrinkage=0.0100123


Tree=165
num_leaves=11
num_cat=3
split_feature=55 3 1 9 1 0 1 10 3 10
split_gain=3.64322e+07 1.42989e+07 1.02581e+07 1.13407e+06 747549 622728 308167 284509 224008 539.686
threshold=0.26837500000000003 15.050000000000002 0 2021.5000000000002 1 4683.0000000000009 2 8.5000000000000018 5.1850000000000014 7.5000000000000009
decision_type=2 2 1 2 1 2 1 2 2 2
left_child=1 2 3 -1 7 6 -6 -3 -4 -10
right_child=-2 4 8 -5 5 -7 -8 -9 9 -11
leaf_value=1.788455745775841 2.8887873138301421 -0.29990714308444943 0.26267120384621068 1.1487036039753404 -0.23264547245955269 -0.41745520708485995 -0.048297565175796725 -0.63970905689521718 0.022273365189912429 0.005322886103984785
leaf_weight=472 481 720 702 675 1175 660 3984 376 396 359
leaf_count=472 481 720 702 675 1175 660 3984 376 396 359
internal_value=0 0.0645113 0.696871 1.39976 -0.173618 -0.127656 -0.0908287 -0.412716 0.13301 0.0142135
internal_weight=0 9519 2604 1147 6915 5819 5159 1096 1457 755
internal_count=10000 9519 2604 1147 6915 5819 5159 1096 1457 755
cat_boundaries=0 1 2 3
cat_threshold=16 1 16
is_linear=0
shrinkage=0.0100123


Tree=166
num_leaves=12
num_cat=3
split_feature=55 3 1 3 1 0 1 3 2 3 2
split_gain=3.57063e+07 1.40141e+07 1.00537e+07 904654 732629 610300 302088 219689 218971 165451 2238.12
threshold=0.26837500000000003 15.050000000000002 0 10.925000000000002 1 4683.0000000000009 2 4.705000000000001 5040.5000000000009 52.425000000000004 5296.0000000000009
decision_type=2 2 1 2 1 2 1 2 2 2 2
left_child=1 2 3 -1 9 6 -6 -4 -5 -3 -9
right_child=-2 4 7 8 5 -7 -8 10 -10 -11 -12
leaf_value=1.7698666549399507 2.8598639658431289 -0.30905785989470558 0.26491249515552412 1.009993048768181 -0.23033581796747329 -0.41327552848057275 -0.04781520698041291 0.033843321529586828 1.3568266168025145 -0.55887263001597776 -0.00016992800154566783
leaf_weight=417 481 643 675 361 1175 660 3984 426 369 453 356
leaf_count=417 481 643 675 361 1175 660 3984 426 369 453 356
internal_value=0 0.0638624 0.689894 1.38575 -0.171884 -0.126383 -0.0899248 0.131679 1.18531 -0.408584 0.018359
internal_weight=0 9519 2604 1147 6915 5819 5159 1457 730 1096 782
internal_count=10000 9519 2604 1147 6915 5819 5159 1457 730 1096 782
cat_boundaries=0 1 2 3
cat_threshold=16 1 16
is_linear=0
shrinkage=0.0100123


Tree=167
num_leaves=14
num_cat=0
split_feature=3 0 10 10 0 10 0 3 0 9 10 10 12
split_gain=3.47301e+07 2.36447e+07 9.60851e+06 2.30536e+06 667651 377105 293620 482009 120267 86939.2 63470 63400.9 22123.2
threshold=15.050000000000002 4197.5000000000009 6.5000000000000009 3.5000000000000004 1180.0000000000002 10.500000000000002 4683.0000000000009 37.415000000000006 3775.5000000000005 2021.5000000000002 9.5000000000000018 5.5000000000000009 3.5000000000000004
decision_type=2 2 2 2 2 2 2 2 2 2 2 2 2
left_child=1 9 3 -3 11 6 7 -6 -7 -1 -4 -2 -11
right_child=4 2 10 -5 5 8 -8 -9 -10 12 -12 -13 -14
leaf_value=0.29843661460728915 0.17553206306361785 2.2809195474108637 1.1313719444744033 3.4155957384849134 0.016675876982838643 -0.49443329122918889 -0.39433373413395184 -0.21016532220630801 -0.28648482441934309 0.087810062016769747 1.3170920418917207 0.0010624439410303137 0.18922462717453975
leaf_weight=484 438 358 374 360 1304 476 535 3355 673 502 364 399 378
leaf_count=484 438 358 374 360 1304 476 535 3355 673 502 364 399 378
internal_value=0 1.13787 2.02523 2.84984 -0.173423 -0.208495 -0.172185 -0.146675 -0.372632 0.190653 1.22297 0.092362 0.131372
internal_weight=0 2820 1456 718 7180 6343 5194 4659 1149 1364 738 837 880
internal_count=10000 2820 1456 718 7180 6343 5194 4659 1149 1364 738 837 880
is_linear=0
shrinkage=0.0100123


Tree=168
num_leaves=15
num_cat=2
split_feature=3 1 2 3 1 0 3 3 3 3 3 3 2 2
split_gain=3.40381e+07 2.94834e+07 3.47327e+06 2.85604e+06 833873 744269 217023 198941 129909 126758 263370 55437.5 45627.1 2884.22
threshold=15.050000000000002 0 5250.5000000000009 10.355000000000002 1 4683.0000000000009 5.1850000000000014 49.065000000000005 33.980000000000011 45.630000000000003 176.66000000000003 57.750000000000007 4649.5000000000009 5143.5000000000009
decision_type=2 1 2 2 1 2 2 2 2 2 2 2 2 2
left_child=1 2 3 -1 5 7 -3 8 -2 -6 -11 -9 -12 -8
right_child=4 6 -4 -5 9 -7 13 11 -10 10 12 -13 -14 -15
leaf_value=2.4578914348994338 0.0073014785414304614 0.25502137709193451 3.0403242055388757 1.3885611930211097 -0.18684818583098681 -0.40539402963937465 0.029002214499500807 0.15877672322404132 -0.13821018249143543 -0.52628449482983097 -0.35310064735524321 0.016276869563867868 -0.22984880134465105 -0.010194086144208388
leaf_weight=473 916 702 358 532 538 660 398 396 1872 641 490 886 781 357
leaf_count=473 916 702 358 532 538 660 398 396 1872 641 490 886 781 357
internal_value=0 1.12648 2.17752 1.89184 -0.171686 -0.0933132 0.127422 -0.0429347 -0.0904022 -0.321302 -0.360816 0.060294 -0.277365 0.0104683
internal_weight=0 2820 1363 1005 7180 4730 1457 4070 2788 2450 1912 1282 1271 755
internal_count=10000 2820 1363 1005 7180 4730 1457 4070 2788 2450 1912 1282 1271 755
cat_boundaries=0 1 2
cat_threshold=16 14
is_linear=0
shrinkage=0.0100123


Tree=169
num_leaves=12
num_cat=3
split_feature=55 3 1 9 1 3 1 10 3 2 2
split_gain=3.45647e+07 1.29774e+07 9.28388e+06 1.11474e+06 702748 577853 284920 271227 212698 37782 2826.76
threshold=0.26837500000000003 15.050000000000002 0 2021.5000000000002 1 28.820000000000004 2 8.5000000000000018 5.1850000000000014 8290.5000000000018 5143.5000000000009
decision_type=2 2 1 2 1 2 1 2 2 2 2
left_child=1 2 3 -1 7 -6 -7 9 -4 -3 -10
right_child=-2 4 8 -5 5 6 -8 -9 10 -11 -12
leaf_value=1.7161143715017946 2.8110675404080352 -0.21622812633328387 0.25246803139691959 1.0818380424855489 -0.40133511356581558 -0.22305714380974667 -0.045805865037573605 -0.62013050118603918 0.028711836432721186 -0.36128752379034584 -0.010092019736046291
leaf_weight=472 481 362 702 675 660 1175 3984 376 398 358 357
leaf_count=472 481 362 702 675 660 1175 3984 376 398 358 357
internal_value=0 0.0601289 0.662559 1.33124 -0.16673 -0.122174 -0.0866973 -0.398539 0.126147 -0.288355 0.0103635
internal_weight=0 9519 2604 1147 6915 5819 5159 1096 1457 720 755
internal_count=10000 9519 2604 1147 6915 5819 5159 1096 1457 720 755
cat_boundaries=0 1 2 3
cat_threshold=16 1 16
is_linear=0
shrinkage=0.0100123


Tree=170
num_leaves=11
num_cat=3
split_feature=55 3 1 9 1 0 1 10 3 10
split_gain=3.38761e+07 1.2719e+07 9.09891e+06 1.09253e+06 688723 566320 279299 265823 208519 2830.3
threshold=0.26837500000000003 15.050000000000002 0 2021.5000000000002 1 4683.0000000000009 2 8.5000000000000018 4.705000000000001 6.5000000000000009
decision_type=2 2 1 2 1 2 1 2 2 2
left_child=1 2 3 -1 7 6 -6 -3 -4 -10
right_child=-2 4 8 -5 5 -7 -8 -9 9 -11
leaf_value=1.6989321509248534 2.7829223341773286 -0.28546779390805865 0.254662833416199 1.0710063773385603 -0.22084268005083924 -0.39731683378368227 -0.045348392265954503 -0.61392158353100634 0.035081710356664575 -0.0031342477754956102
leaf_weight=472 481 720 675 675 1175 660 3984 376 360 422
leaf_count=472 481 720 675 675 1175 660 3984 376 360 422
internal_value=0 0.059524 0.655925 1.31791 -0.165064 -0.120955 -0.0858345 -0.394549 0.124884 0.0144588
internal_weight=0 9519 2604 1147 6915 5819 5159 1096 1457 782
internal_count=10000 9519 2604 1147 6915 5819 5159 1096 1457 782
cat_boundaries=0 1 2 3
cat_threshold=16 1 16
is_linear=0
shrinkage=0.0100123


Tree=171
num_leaves=14
num_cat=2
split_feature=55 1 0 1 9 0 0 0 0 0 2 55 2
split_gain=3.32012e+07 7.01715e+06 1.36709e+07 1.34127e+06 1.07076e+06 417394 355673 820259 128456 111106 80829 5102.11 1564.82
threshold=0.26837500000000003 0 4197.5000000000009 1 2021.5000000000002 2869.5000000000005 4683.0000000000009 3775.5000000000005 2118.5000000000005 4383.5000000000009 8987.0000000000018 0.012030000000000001 4955.5000000000009
decision_type=2 1 2 1 2 2 2 2 2 2 2 2 2
left_child=1 2 11 5 -4 8 7 -5 -3 -7 -8 12 -1
right_child=-2 3 4 6 -6 9 10 -9 -10 -11 -12 -13 -14
leaf_value=-0.22030466604085289 2.7550589523840321 0.034198407381586408 1.681921973504837 -0.3941626410251558 1.0602831677744278 0.18466054911997501 -0.32826447817536736 -0.026974963122810398 -0.1254819172439447 0.0024664328787260296 -0.53610295505903793 -0.25202902383702913 -0.19258692498092883
leaf_weight=416 481 803 472 1096 675 1364 354 1375 1361 445 399 358 401
leaf_count=416 481 803 472 1096 675 1364 354 1375 1361 445 399 358 401
internal_value=0 0.0589252 0.536217 -0.0956776 1.31609 0.0275308 -0.247125 -0.189839 -0.066229 0.139842 -0.438394 -0.220511 -0.2067
internal_weight=0 9519 2322 7197 1147 3973 3224 2471 2164 1809 753 1175 817
internal_count=10000 9519 2322 7197 1147 3973 3224 2471 2164 1809 753 1175 817
cat_boundaries=0 1 2
cat_threshold=16 10
is_linear=0
shrinkage=0.0100123


Tree=172
num_leaves=14
num_cat=0
split_feature=55 3 0 3 2 0 3 9 0 0 2 9 2
split_gain=3.25397e+07 1.22112e+07 6.04354e+06 1.66342e+06 453432 235124 234245 233531 220396 327440 126775 67767.8 40113.3
threshold=0.26837500000000003 15.050000000000002 4197.5000000000009 10.925000000000002 8864.0000000000018 4683.0000000000009 38.015000000000008 2022.5000000000002 1180.0000000000002 2118.5000000000005 3797.5000000000005 2021.5000000000002 4410.5000000000009
decision_type=2 2 2 2 2 2 2 2 2 2 2 2 2
left_child=1 2 10 -4 8 6 -6 -5 12 -10 -1 -12 -3
right_child=-2 4 3 7 5 -7 -8 -9 9 -11 11 -13 -14
leaf_value=0.030269549453632104 2.7274745484471627 -0.032881647439850704 1.6637725678928623 0.73250471209952217 -0.13426615170792394 -0.51991360426016509 -0.44749808656098766 1.071011168912386 -0.32717758732645363 -0.10669057567070314 0.35295938811577082 0.17994238101688781 0.1088917217592424
leaf_weight=390 481 425 417 446 718 412 359 377 821 3802 360 614 378
leaf_count=390 481 425 417 446 718 412 359 377 821 3802 360 614 378
internal_value=0 0.0583353 0.64271 1.1486 -0.161724 -0.316494 -0.238677 0.887568 -0.119252 -0.145847 0.182812 0.243891 0.033856
internal_weight=0 9519 2604 1240 6915 1489 1077 823 5426 4623 1364 974 803
internal_count=10000 9519 2604 1240 6915 1489 1077 823 5426 4623 1364 974 803
is_linear=0
shrinkage=0.0100123


Tree=173
num_leaves=14
num_cat=2
split_feature=3 1 10 1 0 10 2 3 3 2 10 3 2
split_gain=3.1565e+07 2.73656e+07 8.40749e+06 815103 664852 304118 212045 202522 187332 124131 109580 62179.1 2923.15
threshold=15.050000000000002 0 6.5000000000000009 1 4683.0000000000009 3.5000000000000004 8186.5000000000009 5.1850000000000014 49.065000000000005 4912.5000000000009 3.5000000000000004 202.36500000000004 5143.5000000000009
decision_type=2 1 2 1 2 2 2 2 2 2 2 2 2
left_child=1 2 -1 4 8 -5 11 -3 9 -2 -10 -7 -9
right_child=3 7 -4 5 -6 6 -8 12 10 -11 -12 -13 -14
leaf_value=2.8858595576944288 -0.18173203037973557 0.24320943496676217 1.3129986599640358 -0.13047259812527925 -0.38517157219755316 -0.41171613479830282 -0.59066649139144944 0.025626376673840257 0.19992484281868192 -0.040703723862395499 -0.0026186478466649166 -0.27489391066121671 -0.013833582180081043
leaf_weight=691 948 702 672 646 660 536 389 398 381 1840 901 879 357
leaf_count=691 948 702 672 646 660 536 389 398 381 1840 901 879 357
internal_value=0 1.08243 2.09502 -0.16768 -0.0902063 -0.315596 -0.383637 0.119968 -0.0425958 -0.0886574 0.0575756 -0.326722 0.00696783
internal_weight=0 2820 1363 7180 4730 2450 1804 1457 4070 2788 1282 1415 755
internal_count=10000 2820 1363 7180 4730 2450 1804 1457 4070 2788 1282 1415 755
cat_boundaries=0 1 2
cat_threshold=16 14
is_linear=0
shrinkage=0.0100123


Tree=174
num_leaves=14
num_cat=2
split_feature=55 1 0 1 0 0 0 0 0 12 2 55 2
split_gain=3.16832e+07 6.5304e+06 1.27755e+07 1.26626e+06 395512 344882 779633 120648 104503 104397 74374.9 4937.65 1488.67
threshold=0.26837500000000003 0 4197.5000000000009 1 2869.5000000000005 4683.0000000000009 3775.5000000000005 2118.5000000000005 4383.5000000000009 2.5000000000000004 8987.0000000000018 0.012030000000000001 4955.5000000000009
decision_type=2 1 2 1 2 2 2 2 2 2 2 2 2
left_child=1 2 11 4 7 6 -5 -3 -6 -4 -7 12 -1
right_child=-2 3 9 5 8 10 -8 -9 -10 -11 -12 -13 -14
leaf_value=-0.21446096117179173 2.6900927544841502 0.032944718577118691 1.1604417942897438 -0.38275749548461008 0.17968001065217365 -0.32267199848853156 -0.024778334374623075 -0.12180690546521661 0.0029833143188676492 1.3534409228741879 -0.52204008990011175 -0.24578395591539787 -0.1874261207045011
leaf_weight=416 481 803 492 1096 1364 354 1375 1361 445 655 399 358 401
leaf_count=416 481 803 492 1096 1364 354 1375 1361 445 655 399 358 401
internal_value=0 0.0563159 0.516757 -0.0928272 0.0268859 -0.239979 -0.183558 -0.0643829 0.136214 1.27065 -0.428313 -0.214778 -0.201192
internal_weight=0 9519 2322 7197 3973 3224 2471 2164 1809 1147 753 1175 817
internal_count=10000 9519 2322 7197 3973 3224 2471 2164 1809 1147 753 1175 817
cat_boundaries=0 1 2
cat_threshold=16 10
is_linear=0
shrinkage=0.0100123


Tree=175
num_leaves=13
num_cat=2
split_feature=55 1 0 1 9 10 0 0 0 0 55 2
split_gain=3.10519e+07 6.40028e+06 1.2521e+07 1.24103e+06 1.05336e+06 416752 460393 387632 118244 102420 4839.27 1459.01
threshold=0.26837500000000003 0 4197.5000000000009 1 2021.5000000000002 10.500000000000002 4683.0000000000009 2869.5000000000005 2118.5000000000005 4383.5000000000009 0.012030000000000001 4955.5000000000009
decision_type=2 1 2 1 2 2 2 2 2 2 2 2
left_child=1 2 10 7 -4 6 -5 8 -3 -9 11 -1
right_child=-2 3 4 5 -6 -7 -8 9 -10 -11 -12 -13
leaf_value=-0.21231371810002214 2.6631587922451883 0.032614866806938557 1.6207780436680141 -0.11002046476611767 1.00420981061772 -0.47784261091806646 -0.42073626724453633 0.17788100455142677 -0.1205873405223637 0.002953444726975161 -0.24332309802338759 -0.18554955865656611
leaf_weight=416 481 803 472 2002 675 594 628 1364 1361 445 358 401
leaf_count=416 481 803 472 2002 675 594 628 1364 1361 445 358 401
internal_value=0 0.0557521 0.511583 -0.0918978 1.25793 -0.237576 -0.184214 0.0266167 -0.0637383 0.13485 -0.212628 -0.199177
internal_weight=0 9519 2322 7197 1147 3224 2630 3973 2164 1809 1175 817
internal_count=10000 9519 2322 7197 1147 3224 2630 3973 2164 1809 1175 817
cat_boundaries=0 1 2
cat_threshold=16 10
is_linear=0
shrinkage=0.0100123


Tree=176
num_leaves=13
num_cat=0
split_feature=55 3 0 3 10 2 0 0 2 3 2 10
split_gain=3.04332e+07 1.11599e+07 5.47542e+06 1.61149e+06 2.00891e+06 434936 223535 377845 123707 62678.6 39220.8 31545.1
threshold=0.26837500000000003 15.050000000000002 4197.5000000000009 10.925000000000002 5.5000000000000009 9509.5000000000018 1180.0000000000002 2118.5000000000005 3797.5000000000005 3.9100000000000006 4410.5000000000009 5.5000000000000009
decision_type=2 2 2 2 2 2 2 2 2 2 2 2
left_child=1 2 8 -4 -5 6 10 -8 -1 -10 -3 -7
right_child=-2 5 3 4 -6 11 7 -9 9 -11 -12 -13
leaf_value=0.025414906497548649 2.6364945224607315 -0.033702711463996962 1.6024419284236484 1.3373409453276972 0.34797000877296108 -0.30719786619767997 -0.32577925258075696 -0.10604062079690203 0.34249412434746218 0.17561095981382366 0.10648458054392768 -0.42491917259548134
leaf_weight=390 481 425 417 408 415 606 966 4174 355 619 378 366
leaf_count=390 481 425 417 408 415 606 966 4174 355 619 378 366
internal_value=0 0.0551938 0.613848 1.09537 0.838448 -0.15518 -0.123067 -0.147338 0.1761 0.236436 0.0322883 -0.351525
internal_weight=0 9519 2604 1240 823 6915 5943 5140 1364 974 803 972
internal_count=10000 9519 2604 1240 823 6915 5943 5140 1364 974 803 972
is_linear=0
shrinkage=0.0100123


Tree=177
num_leaves=16
num_cat=1
split_feature=0 0 10 1 2 10 0 2 0 2 2 9 2 2 10
split_gain=2.13689e+07 3.3854e+07 8.14935e+06 1.73731e+06 500593 301545 205620 386514 258890 189235 91576.2 70567.9 61190.8 41100.3 10236.9
threshold=4197.5000000000009 4383.5000000000009 6.5000000000000009 0 6885.5000000000009 3.5000000000000004 2869.5000000000005 8898.0000000000018 2118.5000000000005 8186.5000000000009 3726.5000000000005 2021.5000000000002 4474.5000000000009 4878.5000000000009 4.5000000000000009
decision_type=2 2 2 1 2 2 2 2 2 2 2 2 2 2 2
left_child=3 2 -2 6 -3 -5 8 10 12 11 -8 -7 -1 -10 -9
right_child=1 4 -4 5 -6 9 7 14 13 -11 -12 -13 -14 -15 -16
leaf_value=0.005143033293547144 2.8090759809323376 -0.015051344290645407 1.2605489786251607 -0.12733802617289838 -0.43146599306760941 -0.40204255653461862 0.0014272208521688568 -0.077580875787726544 -0.18005624177597629 -0.57500678766019753 0.17868441383321954 -0.26020846324152885 0.1774721714285809 -0.065594711455034524 -0.15000582232656773
leaf_weight=466 691 489 672 646 709 653 357 367 923 389 1609 762 371 477 419
leaf_count=466 691 489 672 646 709 653 357 367 923 389 1609 762 371 477 419
internal_value=0 0.966377 2.04561 -0.0940051 -0.261494 -0.311687 0.013492 0.071471 -0.0577746 -0.379429 0.146497 -0.325663 0.0815279 -0.141058 -0.116189
internal_weight=0 2561 1363 7439 1198 2450 4989 2752 2237 1804 1966 1415 837 1400 786
internal_count=10000 2561 1363 7439 1198 2450 4989 2752 2237 1804 1966 1415 837 1400 786
cat_boundaries=0 1
cat_threshold=12
is_linear=0
shrinkage=0.0100123


Tree=178
num_leaves=16
num_cat=2
split_feature=3 1 2 3 1 0 3 3 3 3 2 2 3 2 2
split_gain=2.90998e+07 2.52561e+07 3.34345e+06 2.66467e+06 792718 599613 193308 169546 151161 214708 122254 51130.8 43646 36308.6 2643.09
threshold=15.050000000000002 0 5250.5000000000009 10.355000000000002 1 4683.0000000000009 4.705000000000001 49.065000000000005 45.630000000000003 202.36500000000004 4912.5000000000009 4600.5000000000009 57.750000000000007 7800.0000000000009 5296.0000000000009
decision_type=2 1 2 2 1 2 2 2 2 2 2 2 2 2 2
left_child=1 2 3 -1 5 7 -3 10 -6 13 -2 -11 -9 -10 -8
right_child=4 6 -4 -5 8 -7 14 12 9 11 -12 -13 -14 -15 -16
leaf_value=2.2759189642470421 -0.17729313983567305 0.2379148355368314 2.8559769087104723 1.2430360508347509 -0.16156629033227846 -0.36643888325010332 0.023464864870874777 0.14157671343476019 -0.41805953574834215 -0.3595986203255474 -0.037335403597235577 -0.22090591871965187 0.015136664432154162 -0.55953005378157616 -0.013497738704497681
leaf_weight=473 948 675 358 532 538 660 426 396 374 405 1840 779 886 354 356
leaf_count=473 948 675 358 532 538 660 426 396 374 405 1840 779 886 354 356
internal_value=0 1.0376 2.01037 1.72916 -0.162705 -0.0863176 0.113008 -0.0411046 -0.308567 -0.351543 -0.084925 -0.268347 0.054193 -0.486852 0.0066379
internal_weight=0 2820 1363 1005 7180 4730 1457 4070 2450 1912 2788 1184 1282 728 782
internal_count=10000 2820 1363 1005 7180 4730 1457 4070 2450 1912 2788 1184 1282 728 782
cat_boundaries=0 1 2
cat_threshold=16 14
is_linear=0
shrinkage=0.0100123


Tree=179
num_leaves=14
num_cat=2
split_feature=55 1 0 1 9 0 0 0 0 0 2 55 2
split_gain=2.94599e+07 5.76744e+06 1.13201e+07 1.15276e+06 1.02806e+06 362216 323826 729055 107434 94043.9 69550.2 4651.03 1251.23
threshold=0.26837500000000003 0 4197.5000000000009 1 2021.5000000000002 2869.5000000000005 4683.0000000000009 3775.5000000000005 2118.5000000000005 4383.5000000000009 8987.0000000000018 0.012030000000000001 4955.5000000000009
decision_type=2 1 2 1 2 2 2 2 2 2 2 2 2
left_child=1 2 11 5 -4 8 7 -5 -3 -7 -8 12 -1
right_child=-2 3 4 6 -6 9 10 -9 -10 -11 -12 -13 -14
leaf_value=-0.20301917038055875 2.591549996054018 0.030426059255145691 1.5526788046094893 -0.366643841349165 0.94356255617065432 0.17178450743949369 -0.3090229966256573 -0.020471165004871044 -0.11560500425258012 0.004162740325208256 -0.50181614303514421 -0.23413274242213952 -0.17823393456089362
leaf_weight=416 481 803 472 1096 675 1364 354 1375 1361 445 399 358 401
leaf_count=416 481 803 472 1096 675 1364 354 1375 1361 445 399 358 401
internal_value=0 0.0518619 0.484572 -0.0882958 1.19422 0.0259252 -0.228698 -0.174014 -0.061417 0.130551 -0.41118 -0.20404 -0.190854
internal_weight=0 9519 2322 7197 1147 3973 3224 2471 2164 1809 753 1175 817
internal_count=10000 9519 2322 7197 1147 3973 3224 2471 2164 1809 753 1175 817
cat_boundaries=0 1 2
cat_threshold=16 10
is_linear=0
shrinkage=0.0100123


Tree=180
num_leaves=15
num_cat=0
split_feature=3 0 10 10 0 10 0 3 3 2 2 2 9 2
split_gain=2.81314e+07 1.90211e+07 8.77996e+06 2.23817e+06 540507 365374 280118 337764 311256 245885 144465 118927 62675.1 59424.2
threshold=15.050000000000002 4197.5000000000009 6.5000000000000009 3.5000000000000004 1180.0000000000002 10.500000000000002 4106.0000000000009 45.630000000000003 276.81500000000005 4638.5000000000009 7745.5000000000009 3797.5000000000005 2021.5000000000002 4474.5000000000009
decision_type=2 2 2 2 2 2 2 2 2 2 2 2 2 2
left_child=1 11 3 -3 13 6 7 -6 -8 -4 -7 -1 -13 -2
right_child=4 2 9 -5 5 10 8 -9 -10 -11 -12 12 -14 -15
leaf_value=0.022319147748433809 0.0033406592498211219 2.04320916639234 1.2269865117530583 3.1612274156208633 -0.058221528812520386 -0.25872218109501849 -0.30774182039887621 -0.36710952384013085 0.013304016048646684 0.86136662484829529 -0.48642518857956107 0.33411337635491267 0.16772437553098288 0.17316403884441658
leaf_weight=390 466 358 378 360 2771 670 1645 407 371 360 479 360 614 371
leaf_count=390 466 358 378 360 2771 670 1645 407 371 360 479 360 614 371
internal_value=0 1.01964 1.81552 2.60378 -0.160527 -0.192084 -0.156343 -0.0977802 -0.24866 1.04864 -0.353648 0.170065 0.229223 0.0786148
internal_weight=0 2820 1456 718 7180 6343 5194 3178 2016 738 1149 1364 974 837
internal_count=10000 2820 1456 718 7180 6343 5194 3178 2016 738 1149 1364 974 837
is_linear=0
shrinkage=0.0100123


Tree=181
num_leaves=13
num_cat=2
split_feature=55 1 0 1 9 10 0 0 0 0 55 9
split_gain=2.86922e+07 5.50195e+06 1.07684e+07 1.11184e+06 1.01721e+06 391237 438738 349411 102819 89931.6 4560.98 623.923
threshold=0.26837500000000003 0 4197.5000000000009 1 2021.5000000000002 10.500000000000002 4683.0000000000009 2869.5000000000005 2118.5000000000005 4383.5000000000009 0.012030000000000001 2022.5000000000002
decision_type=2 1 2 1 2 2 2 2 2 2 2 2
left_child=1 2 10 7 -4 6 -5 8 -3 -9 11 -1
right_child=-2 3 4 5 -6 -7 -8 9 -10 -11 -12 -13
leaf_value=-0.19409233817317317 2.5563766764177678 0.029344748744596222 1.5213339806093007 -0.10063587265892772 0.91543868534281969 -0.45756183204796014 -0.40395635746658737 0.16836181893711236 -0.11351570454579832 0.0044458954687764153 -0.22879097127863929 -0.17655042988941511
leaf_weight=437 481 803 472 2002 675 594 628 1364 1361 445 358 380
leaf_count=437 481 803 472 2002 675 594 628 1364 1361 445 358 380
internal_value=0 0.0499968 0.472631 -0.0868956 1.16477 -0.224783 -0.173064 0.0252807 -0.0605042 0.12804 -0.198991 -0.185933
internal_weight=0 9519 2322 7197 1147 3224 2630 3973 2164 1809 1175 817
internal_count=10000 9519 2322 7197 1147 3224 2630 3973 2164 1809 1175 817
cat_boundaries=0 1 2
cat_threshold=16 10
is_linear=0
shrinkage=0.0100123


Tree=182
num_leaves=17
num_cat=1
split_feature=0 0 10 1 0 10 0 0 0 10 9 9 10 10 10 9
split_gain=1.96307e+07 3.10476e+07 7.79573e+06 1.62737e+06 460596 293263 195378 256760 237318 161415 119340 72154.1 52761.7 40084.7 27669.7 20833.1
threshold=4197.5000000000009 4383.5000000000009 6.5000000000000009 0 4683.0000000000009 3.5000000000000004 2869.5000000000005 3775.5000000000005 2118.5000000000005 10.500000000000002 2022.5000000000002 2021.5000000000002 5.5000000000000009 6.5000000000000009 5.5000000000000009 2021.5000000000002
decision_type=2 2 2 1 2 2 2 2 2 2 2 2 2 2 2 2
left_child=3 2 -2 6 -3 -5 8 11 12 15 -9 -8 -1 -6 -10 -7
right_child=1 4 -4 5 13 9 7 10 14 -11 -12 -13 -14 -15 -16 -17
leaf_value=0.1523776983269805 2.7051529806637094 0.0044013820616531536 1.1905964633872173 -0.12029911895789076 -0.47350549080200499 -0.36268590213059737 0.26486784998785484 0.044995363324771678 -0.08550578545214628 -0.53008374491558308 -0.14688326690383913 0.11267068883571257 -0.0067814609186999664 -0.32737491978052452 -0.17537773174960802 -0.28174895536819405
leaf_weight=438 691 445 672 646 384 522 484 869 604 463 519 880 399 369 796 819
leaf_count=438 691 445 672 646 384 522 484 869 604 463 519 880 399 369 796 819
internal_value=0 0.924901 1.95843 -0.0914387 -0.250976 -0.302121 0.0126034 0.0691188 -0.0568666 -0.368904 -0.0267518 0.166676 0.0765061 -0.401896 -0.136604 -0.313255
internal_weight=0 2561 1363 7439 1198 2450 4989 2752 2237 1804 1388 1364 837 753 1400 1341
internal_count=10000 2561 1363 7439 1198 2450 4989 2752 2237 1804 1388 1364 837 753 1400 1341
cat_boundaries=0 1
cat_threshold=12
is_linear=0
shrinkage=0.0100123


Tree=183
num_leaves=12
num_cat=2
split_feature=55 3 1 1 0 3 3 3 3 12 11
split_gain=2.79433e+07 9.37874e+06 6.31846e+06 630116 722281 531640 496602 141919 85906.2 20713.4 6896.26
threshold=0.26837500000000003 13.335000000000003 0 1 4683.0000000000009 10.925000000000002 29.975000000000005 52.425000000000004 3.9100000000000006 3.5000000000000004 15.500000000000002
decision_type=2 2 1 1 2 2 2 2 2 2 2
left_child=1 2 5 7 6 -1 -5 -3 -4 -10 -6
right_child=-2 3 8 4 10 -7 -8 -9 9 -11 -12
leaf_value=1.4865678413631636 2.5216360229122214 -0.2599844605112987 0.26084936274727888 0.21729331365703811 -0.35525099197894139 1.015612337646822 -0.08609400190919099 -0.49135238731991121 0.053250364690485372 0.15037424518008879 -0.4164317211551849
leaf_weight=417 481 643 479 611 376 567 4711 453 514 385 363
leaf_count=417 481 643 479 611 376 567 4711 453 514 385 363
internal_value=0 0.0481824 0.595242 -0.132362 -0.0918402 1.20297 -0.0512632 -0.352398 0.151449 0.094844 -0.385303
internal_weight=0 9519 2362 7157 6061 984 5322 1096 1378 899 739
internal_count=10000 9519 2362 7157 6061 984 5322 1096 1378 899 739
cat_boundaries=0 1 2
cat_threshold=16 1
is_linear=0
shrinkage=0.0100123


Tree=184
num_leaves=12
num_cat=2
split_feature=55 3 1 10 1 4 3 10 3 10 12
split_gain=2.73866e+07 9.19187e+06 6.19257e+06 752157 617561 707890 486708 236726 84194.5 27553.4 20300.7
threshold=0.26837500000000003 13.335000000000003 0 6.5000000000000009 1 2298.0000000000005 29.975000000000005 8.5000000000000018 3.9100000000000006 6.5000000000000009 3.5000000000000004
decision_type=2 2 1 2 1 2 2 2 2 2 2
left_child=1 2 3 -1 7 6 -6 -3 -4 -7 -10
right_child=-2 4 8 -5 5 9 -8 -9 10 -11 -12
leaf_value=1.5403383203655667 2.4963887195399579 -0.24571779498517654 0.25823766766136119 0.97585853894721619 0.21511771299997726 -0.44249894930028488 -0.085232004779675352 -0.55567423970860352 0.05271720624156255 -0.32022652945871605 0.14886865605753227
leaf_weight=396 481 720 479 588 611 370 4711 376 514 369 385
leaf_count=396 481 720 479 588 611 370 4711 376 514 369 385
internal_value=0 0.0477 0.589283 1.19092 -0.131037 -0.0909206 -0.0507499 -0.34887 0.149933 -0.381445 0.0938944
internal_weight=0 9519 2362 984 7157 6061 5322 1096 1378 739 899
internal_count=10000 9519 2362 984 7157 6061 5322 1096 1378 739 899
cat_boundaries=0 1 2
cat_threshold=16 1
is_linear=0
shrinkage=0.0100123


Tree=185
num_leaves=12
num_cat=3
split_feature=55 3 1 10 1 10 3 3 1 3 12
split_gain=2.68409e+07 9.00873e+06 6.06919e+06 737171 605257 232009 113089 341508 215744 82517 19896.2
threshold=0.26837500000000003 13.335000000000003 0 6.5000000000000009 1 8.5000000000000018 28.820000000000004 16.460000000000004 2 3.9100000000000006 3.5000000000000004
decision_type=2 2 1 2 1 2 2 2 1 2 2
left_child=1 2 3 -1 5 -3 7 -6 -8 -4 -11
right_child=-2 4 9 -5 6 -7 8 -9 -10 10 -12
leaf_value=1.5249160249064517 2.4713941491284395 -0.24325760149894043 0.25565211856420927 0.96608796978203082 0.020300717493842317 -0.55011067649042211 -0.19071835194455139 -0.37103653122616387 -0.036513124500115103 0.05218938720912715 0.14737814092656842
leaf_weight=396 481 720 479 588 409 376 1175 493 3984 514 385
leaf_count=396 481 720 479 588 409 376 1175 493 3984 514 385
internal_value=0 0.0472224 0.583383 1.179 -0.129725 -0.345377 -0.0900103 -0.19359 -0.0720749 0.148432 0.0929543
internal_weight=0 9519 2362 984 7157 1096 6061 902 5159 1378 899
internal_count=10000 9519 2362 984 7157 1096 6061 902 5159 1378 899
cat_boundaries=0 1 2 3
cat_threshold=16 1 16
is_linear=0
shrinkage=0.0100123


Tree=186
num_leaves=13
num_cat=2
split_feature=55 3 1 10 1 4 3 10 2 2 3 2
split_gain=2.63062e+07 8.82932e+06 5.94827e+06 722483 593180 686508 475289 227386 96697.5 82458.3 75698.8 37344.2
threshold=0.26837500000000003 13.335000000000003 0 6.5000000000000009 1 2298.0000000000005 29.975000000000005 8.5000000000000018 3797.5000000000005 9169.5000000000018 3.9100000000000006 8290.5000000000018
decision_type=2 2 1 2 1 2 2 2 2 2 2 2
left_child=1 2 3 -1 7 6 -6 11 -4 -7 -10 -3
right_child=-2 4 8 -5 5 9 -8 -9 10 -11 -12 -13
leaf_value=1.5096481519740539 2.4466498759716382 -0.16911436514192815 0.014517915560227667 0.95641522758936548 0.21317772269408064 -0.27101683249495478 -0.083627973474036471 -0.54460281383495446 0.31773416351311912 -0.48256343316470068 0.13507570042068909 -0.31333091411504976
leaf_weight=396 481 362 390 588 611 375 4711 376 355 364 633 358
leaf_count=396 481 362 390 588 611 375 4711 376 355 364 633 358
internal_value=0 0.0467472 0.577542 1.1672 -0.128429 -0.0891129 -0.0495528 -0.341919 0.146946 -0.375216 0.200707 -0.240822
internal_weight=0 9519 2362 984 7157 6061 5322 1096 1378 739 988 720
internal_count=10000 9519 2362 984 7157 6061 5322 1096 1378 739 988 720
cat_boundaries=0 1 2
cat_threshold=16 1
is_linear=0
shrinkage=0.0100123


Tree=187
num_leaves=12
num_cat=0
split_feature=55 3 0 3 0 3 10 0 9 10 10
split_gain=2.5782e+07 8.6534e+06 5.48724e+06 652656 490696 656962 384689 286811 64951.7 26469.9 2854.34
threshold=0.26837500000000003 13.335000000000003 4197.5000000000009 10.925000000000002 4683.0000000000009 33.320000000000007 7.5000000000000009 1180.0000000000002 2021.5000000000002 6.5000000000000009 4.5000000000000009
decision_type=2 2 2 2 2 2 2 2 2 2 2
left_child=1 2 8 -4 5 6 -3 -7 -1 -6 -10
right_child=-2 4 3 -5 9 7 -8 -9 10 -11 -12
leaf_value=0.25213226370709058 2.4221533595616282 0.30510809950733753 1.4381562369428345 0.91901666822733952 -0.43130001112091909 0.031223447648903172 -0.084208688472560064 -0.17390417139093112 0.12945373039524802 -0.31145568779986943 0.092762621679159246
leaf_weight=484 481 574 417 581 370 803 457 4584 359 369 521
leaf_count=484 481 574 417 581 370 803 457 4584 359 369 521
internal_value=0 0.0462792 0.571759 1.13593 -0.127143 -0.0990115 0.13254 -0.143327 0.15897 -0.371459 0.107731
internal_weight=0 9519 2362 998 7157 6418 1031 5387 1364 739 880
internal_count=10000 9519 2362 998 7157 6418 1031 5387 1364 739 880
is_linear=0
shrinkage=0.0100123


Tree=188
num_leaves=14
num_cat=2
split_feature=3 1 10 1 0 10 3 10 3 10 10 3 10
split_gain=2.50021e+07 2.18038e+07 7.51401e+06 765402 474316 289885 173640 154022 152879 108373 94792.4 28136.1 176.856
threshold=15.050000000000002 0 6.5000000000000009 1 4683.0000000000009 3.5000000000000004 5.1850000000000014 10.500000000000002 49.065000000000005 9.5000000000000018 3.5000000000000004 196.43500000000003 7.5000000000000009
decision_type=2 1 2 1 2 2 2 2 2 2 2 2 2
left_child=1 2 -1 4 8 -5 -3 11 9 -2 -10 -7 -8
right_child=3 6 -4 5 -6 7 12 -9 10 -11 -12 -13 -14
leaf_value=2.6083959142887481 -0.043822710836351891 0.21283352514482881 1.1214576684693907 -0.11732920265175731 -0.32891556555219759 -0.35707258957485866 -0.00130128676423166 -0.52194385707013469 0.18332622882007005 -0.18550064803942151 -0.0050554818764958313 -0.26532454333923555 -0.011004637052456301
leaf_weight=691 2053 702 672 646 660 655 396 463 381 735 901 686 359
leaf_count=691 2053 702 672 646 660 655 396 463 381 735 901 686 359
internal_value=0 0.957789 1.86163 -0.154798 -0.0797686 -0.29811 0.0988024 -0.364498 -0.0395623 -0.0811732 0.05093 -0.310138 -0.0059152
internal_weight=0 2820 1363 7180 4730 2450 1457 1804 4070 2788 1282 1341 755
internal_count=10000 2820 1363 7180 4730 2450 1457 1804 4070 2788 1282 1341 755
cat_boundaries=0 1 2
cat_threshold=16 14
is_linear=0
shrinkage=0.0100123


Tree=189
num_leaves=14
num_cat=2
split_feature=3 1 10 1 0 10 3 10 3 2 10 2 2
split_gain=2.45039e+07 2.13694e+07 7.36429e+06 750152 464866 284109 170180 150953 149833 119260 92903.7 35131.1 2268.86
threshold=15.050000000000002 0 6.5000000000000009 1 4683.0000000000009 3.5000000000000004 5.1850000000000014 10.500000000000002 49.065000000000005 4912.5000000000009 3.5000000000000004 4548.5000000000009 5143.5000000000009
decision_type=2 1 2 1 2 2 2 2 2 2 2 2 2
left_child=1 2 -1 4 8 -5 -3 11 9 -2 -10 -7 -8
right_child=3 6 -4 5 -6 7 12 -9 10 -11 -12 -13 -14
leaf_value=2.5822799374472671 -0.17159056375902473 0.2107025766881723 1.1102293216404082 -0.1161544700086732 -0.32562237135366717 -0.39051841918210106 0.010582281676340658 -0.51671801054599975 0.18149071522118265 -0.033357205862741976 -0.0050048654759135107 -0.27557583666435453 -0.024182094920924917
leaf_weight=691 948 702 672 646 660 367 398 463 381 1840 901 974 357
leaf_count=691 948 702 672 646 660 367 398 463 381 1840 901 974 357
internal_value=0 0.948199 1.84299 -0.153249 -0.0789699 -0.295125 0.0978132 -0.360849 -0.0391662 -0.0803605 0.0504201 -0.307033 -0.00585597
internal_weight=0 2820 1363 7180 4730 2450 1457 1804 4070 2788 1282 1341 755
internal_count=10000 2820 1363 7180 4730 2450 1457 1804 4070 2788 1282 1341 755
cat_boundaries=0 1 2
cat_threshold=16 14
is_linear=0
shrinkage=0.0100123


Tree=190
num_leaves=15
num_cat=2
split_feature=3 1 10 10 1 3 10 3 10 3 2 10 2 2
split_gain=2.40157e+07 2.09436e+07 7.23049e+06 2.39411e+06 735206 455604 278449 166853 147946 146848 116883 91052.7 34431.2 2261.56
threshold=15.050000000000002 0 7.5000000000000009 3.5000000000000004 1 28.820000000000004 3.5000000000000004 4.705000000000001 10.500000000000002 49.065000000000005 4912.5000000000009 3.5000000000000004 4548.5000000000009 5296.0000000000009
decision_type=2 1 2 2 1 2 2 2 2 2 2 2 2 2
left_child=1 2 3 -1 5 -2 -6 -3 12 10 -7 -11 -8 -9
right_child=4 7 -4 -5 6 9 8 13 -10 11 -12 -13 -14 -15
leaf_value=1.8661401369013961 -0.32236215083631437 0.21282283102331262 0.99443272211425682 2.9792931841407029 -0.11499149953462136 -0.16987255078822605 -0.38660843938896305 0.013518953476752209 -0.51154448518883577 0.17967357954781174 -0.033023224129942179 -0.0049547552632202476 -0.27281669435362954 -0.020671961905906186
leaf_weight=358 660 675 583 422 646 948 367 426 463 381 1840 901 974 356
leaf_count=358 660 675 583 422 646 948 367 426 463 381 1840 901 974 356
internal_value=0 0.938705 1.82454 2.46838 -0.151714 -0.0781792 -0.29217 0.0968339 -0.357236 -0.0387741 -0.0795559 0.0499153 -0.303959 -0.00204622
internal_weight=0 2820 1363 780 7180 4730 2450 1457 1804 4070 2788 1282 1341 782
internal_count=10000 2820 1363 780 7180 4730 2450 1457 1804 4070 2788 1282 1341 782
cat_boundaries=0 1 2
cat_threshold=16 14
is_linear=0
shrinkage=0.0100123


Tree=191
num_leaves=16
num_cat=2
split_feature=3 1 2 3 1 0 3 3 3 3 2 2 3 2 2
split_gain=2.35372e+07 2.05263e+07 3.16468e+06 2.52993e+06 720557 446526 163606 163439 178624 143922 114588 64707.2 33711.6 19865.8 2182.95
threshold=15.050000000000002 0 5250.5000000000009 10.175000000000002 1 4683.0000000000009 5.1850000000000014 45.630000000000003 202.36500000000004 49.065000000000005 4847.5000000000009 4600.5000000000009 57.750000000000007 7800.0000000000009 5143.5000000000009
decision_type=2 1 2 2 1 2 2 2 2 2 2 2 2 2 2
left_child=1 2 3 -1 5 9 -3 -6 13 10 -2 -10 -11 -9 -8
right_child=4 6 -4 -5 7 -7 14 8 11 12 -12 -13 -14 -15 -16
leaf_value=2.1330171659379329 -0.17007544306129374 0.2065515493117191 2.6278595360364152 1.1119977503192731 -0.13626218236269622 -0.31913456937438511 0.010340973269652333 -0.40633464660155993 -0.36057393545517086 0.126213209441947 -0.0336396624245641 -0.20455084417359687 0.015090597259300953 -0.51097850828300417 -0.023758894327175227
leaf_weight=413 922 702 358 592 538 660 398 374 405 396 1866 779 886 354 357
leaf_count=413 922 702 358 592 538 660 398 374 405 396 1866 779 886 354 357
internal_value=0 0.929307 1.80627 1.53158 -0.150195 -0.0773965 0.0958643 -0.289245 -0.333804 -0.0383859 -0.0787594 -0.25792 0.0494155 -0.457219 -0.00578307
internal_weight=0 2820 1363 1005 7180 4730 1457 2450 1912 4070 2788 1184 1282 728 755
internal_count=10000 2820 1363 1005 7180 4730 1457 2450 1912 4070 2788 1184 1282 728 755
cat_boundaries=0 1 2
cat_threshold=16 14
is_linear=0
shrinkage=0.0100123


Tree=192
num_leaves=12
num_cat=2
split_feature=55 3 1 9 1 0 3 3 2 2 3
split_gain=2.4629e+07 7.64848e+06 5.01251e+06 593810 535164 617563 380713 129419 92804.6 78973.6 68468.7
threshold=0.26837500000000003 13.335000000000003 0 2021.5000000000002 1 4683.0000000000009 29.975000000000005 52.425000000000004 3797.5000000000005 9169.5000000000018 3.9100000000000006
decision_type=2 2 1 2 1 2 2 2 2 2 2
left_child=1 2 3 -1 7 6 -6 -3 -4 -7 -10
right_child=-2 4 8 -5 5 9 -8 -9 10 -11 -12
leaf_value=1.3492292960116545 2.3631247409636806 -0.2364811526932625 0.0098880278456353107 0.85633604068907332 0.18795049667182992 -0.25409525614216583 -0.077688469741079388 -0.45742558689115909 0.30358904785260815 -0.46112364216613655 0.12987244243169738
leaf_weight=461 481 643 390 523 611 375 4711 453 355 364 633
leaf_count=461 481 643 390 523 611 375 4711 453 355 364 633
internal_value=0 0.0409854 0.535012 1.07632 -0.122057 -0.0847121 -0.0471914 -0.324838 0.139654 -0.356069 0.192291
internal_weight=0 9519 2362 984 7157 6061 5322 1096 1378 739 988
internal_count=10000 9519 2362 984 7157 6061 5322 1096 1378 739 988
cat_boundaries=0 1 2
cat_threshold=16 1
is_linear=0
shrinkage=0.0100123


Tree=193
num_leaves=13
num_cat=2
split_feature=55 3 1 10 1 0 3 10 2 2 3 2
split_gain=2.41383e+07 7.49609e+06 4.91264e+06 611119 524501 605258 373127 210318 90955.6 77400.1 67104.5 37499.4
threshold=0.26837500000000003 13.335000000000003 0 6.5000000000000009 1 4683.0000000000009 29.975000000000005 8.5000000000000018 3797.5000000000005 9169.5000000000018 3.9100000000000006 8290.5000000000018
decision_type=2 2 1 2 1 2 2 2 2 2 2 2
left_child=1 2 3 -1 7 6 -6 11 -4 -7 -10 -3
right_child=-2 4 8 -5 5 9 -8 -9 10 -11 -12 -13
leaf_value=1.3804145619989892 2.3394644809805016 -0.15243467922492554 0.0097890260300645734 0.87160300860632811 0.18606868220606151 -0.25155118253763381 -0.076910630977616926 -0.51644794281102668 0.3005494301230256 -0.45650674242395511 0.12857212305632384 -0.29695047309003325
leaf_weight=396 481 362 390 588 611 375 4711 376 355 364 633 358
leaf_count=396 481 362 390 588 611 375 4711 376 355 364 633 358
internal_value=0 0.040575 0.529655 1.06554 -0.120834 -0.083864 -0.0467189 -0.321586 0.138256 -0.352504 0.190366 -0.224291
internal_weight=0 9519 2362 984 7157 6061 5322 1096 1378 739 988 720
internal_count=10000 9519 2362 984 7157 6061 5322 1096 1378 739 988 720
cat_boundaries=0 1 2
cat_threshold=16 1
is_linear=0
shrinkage=0.0100123


Tree=194
num_leaves=12
num_cat=0
split_feature=55 3 0 3 0 3 10 0 9 10 9
split_gain=2.36574e+07 7.34673e+06 4.50499e+06 636182 432420 547235 337451 253049 55767.8 24658.9 3400.87
threshold=0.26837500000000003 13.335000000000003 4197.5000000000009 10.925000000000002 4683.0000000000009 33.320000000000007 7.5000000000000009 1180.0000000000002 2021.5000000000002 6.5000000000000009 2022.5000000000002
decision_type=2 2 2 2 2 2 2 2 2 2 2
left_child=1 2 8 -4 5 6 -3 -7 -1 -6 -10
right_child=-2 4 3 -5 9 7 -8 -9 10 -11 -12
leaf_value=0.23665456231936025 2.3160411154596079 0.27974118648323637 1.3339273003069101 0.82138127816992856 -0.4067319470399422 0.030293328398116579 -0.084889790740570431 -0.16238304417327187 0.079416170655210824 -0.29105996711232096 0.11938243482878828
leaf_weight=484 481 574 417 581 370 803 457 4584 364 369 516
leaf_count=484 481 574 417 581 370 803 457 4584 364 369 516
internal_value=0 0.0401688 0.524352 1.03554 -0.119625 -0.0932162 0.118115 -0.133662 0.15033 -0.348974 0.102851
internal_weight=0 9519 2362 998 7157 6418 1031 5387 1364 739 880
internal_count=10000 9519 2362 998 7157 6418 1031 5387 1364 739 880
is_linear=0
shrinkage=0.0100123


Tree=195
num_leaves=15
num_cat=0
split_feature=3 4 10 10 4 10 4 3 3 2 2 2 2 9
split_gain=2.22183e+07 1.49176e+07 7.70186e+06 2.14016e+06 444750 338027 270038 287055 260906 179777 108475 107637 54073.9 47336.9
threshold=15.050000000000002 2069.0000000000005 6.5000000000000009 3.5000000000000004 596.50000000000011 10.500000000000002 2022.0000000000002 276.81500000000005 45.630000000000003 4638.5000000000009 7745.5000000000009 3797.5000000000005 4474.5000000000009 2021.5000000000002
decision_type=2 2 2 2 2 2 2 2 2 2 2 2 2 2
left_child=1 11 3 -3 12 6 8 -8 -6 -4 -7 -1 -2 -13
right_child=4 2 9 -5 5 10 7 -9 -10 -11 -12 13 -14 -15
leaf_value=0.0082670734918555786 -0.0025063225140751098 1.7961390935618091 1.0402616754357834 2.8894047467080304 -0.04960825413092565 -0.24939685170188886 -0.28925471910469952 0.019057373223723969 -0.32108712201495881 0.72763157681227153 -0.44670851974281583 0.29626144397298604 0.15949170259552822 0.15165853294416298
leaf_weight=390 466 358 378 360 2771 670 1645 371 407 360 479 360 371 614
leaf_count=390 466 358 378 360 2771 670 1645 371 407 360 479 360 371 614
internal_value=0 0.901194 1.60602 2.34429 -0.147628 -0.176253 -0.141875 -0.232517 -0.084376 0.887759 -0.331653 0.148824 0.0692993 0.205105
internal_weight=0 2820 1456 718 7180 6343 5194 2016 3178 738 1149 1364 837 974
internal_count=10000 2820 1456 718 7180 6343 5194 2016 3178 738 1149 1364 837 974
is_linear=0
shrinkage=0.0100123


Tree=196
num_leaves=13
num_cat=2
split_feature=55 3 1 9 1 2 10 9 3 2 3 2
split_gain=2.30404e+07 7.02153e+06 4.59219e+06 584081 504831 291957 203046 162116 161324 86608.4 64246.3 36925.2
threshold=0.26837500000000003 13.335000000000003 0 2021.5000000000002 1 9453.5000000000018 8.5000000000000018 2023.5000000000002 31.190000000000001 3797.5000000000005 3.9100000000000006 8290.5000000000018
decision_type=2 2 1 2 1 2 2 2 2 2 2 2
left_child=1 2 3 -1 6 7 11 -6 -7 -4 -11 -3
right_child=-2 4 9 -5 5 8 -8 -9 -10 10 -12 -13
leaf_value=1.3003701580541791 2.2846229340153368 -0.14762210684059676 0.0081843011539554662 0.81153135246143548 -0.070614789642245143 -0.41223472078310003 -0.5059880824249986 0.12456293820473667 -0.13596837596816932 0.29220454192890644 0.12392964644195334 -0.29102722236542572
leaf_weight=461 481 362 390 523 4720 363 376 469 509 355 633 358
leaf_count=461 481 362 390 523 4720 363 376 469 509 355 633 358
internal_value=0 0.0386242 0.51197 1.03008 -0.117592 -0.0813261 -0.314537 -0.0529739 -0.250974 0.133553 0.184393 -0.218926
internal_weight=0 9519 2362 984 7157 6061 1096 5189 872 1378 988 720
internal_count=10000 9519 2362 984 7157 6061 1096 5189 872 1378 988 720
cat_boundaries=0 1 2
cat_threshold=16 1
is_linear=0
shrinkage=0.0100123


Tree=197
num_leaves=12
num_cat=2
split_feature=55 3 1 9 1 2 9 3 3 2 3
split_gain=2.25813e+07 6.88163e+06 4.5007e+06 572444 494772 286140 158886 158109 122599 84882.8 62966.2
threshold=0.26837500000000003 13.335000000000003 0 2021.5000000000002 1 9453.5000000000018 2023.5000000000002 31.190000000000001 52.425000000000004 3797.5000000000005 3.9100000000000006
decision_type=2 2 1 2 1 2 2 2 2 2 2
left_child=1 2 3 -1 8 6 -6 -7 -3 -4 -11
right_child=-2 4 9 -5 5 7 -8 -9 -10 10 -12
leaf_value=1.2873504859270102 2.261748634313677 -0.22534735206183568 0.0081023584304641023 0.80340607196976144 -0.069907774794485414 -0.40810731343448625 0.12331577926942024 -0.13460702401469773 -0.44039086860482712 0.28927890759308328 0.1226888281108152
leaf_weight=461 481 643 390 523 4720 363 469 509 453 355 633
leaf_count=461 481 643 390 523 4720 363 469 509 453 355 633
internal_value=0 0.0382375 0.506844 1.01977 -0.116415 -0.0805119 -0.0524436 -0.248461 -0.311388 0.132216 0.182547
internal_weight=0 9519 2362 984 7157 6061 5189 872 1096 1378 988
internal_count=10000 9519 2362 984 7157 6061 5189 872 1096 1378 988
cat_boundaries=0 1 2
cat_threshold=16 1
is_linear=0
shrinkage=0.0100123


Tree=198
num_leaves=15
num_cat=0
split_feature=3 0 10 10 0 3 0 0 10 2 10 2 2 3
split_gain=2.12444e+07 1.42541e+07 7.53612e+06 2.09139e+06 431148 332497 397651 271338 181631 167476 146947 101707 52259 42197.9
threshold=15.050000000000002 4197.5000000000009 6.5000000000000009 3.5000000000000004 1180.0000000000002 43.385000000000012 4383.5000000000009 4683.0000000000009 9.5000000000000018 4638.5000000000009 10.500000000000002 3797.5000000000005 4474.5000000000009 3.9100000000000006
decision_type=2 2 2 2 2 2 2 2 2 2 2 2 2 2
left_child=1 11 3 -3 12 7 10 8 -6 -4 -7 -1 -2 -13
right_child=4 2 9 -5 5 6 -8 -9 -10 -11 -12 13 -14 -15
leaf_value=0.0080212355510496415 -0.0024840857955822685 1.7574859358461605 1.0057737668917608 2.8382216690838828 -0.029116864179011177 -0.27628685109814788 0.011845691811636215 -0.29748886889739584 -0.20596690716312438 0.7040288281559145 -0.48519480621626143 0.28638256411336316 0.15677204810470349 0.14945270863304849
leaf_weight=390 466 358 378 360 2304 1736 445 660 779 360 419 355 371 619
leaf_count=390 466 358 378 360 2304 1736 445 660 779 360 419 355 371 619
internal_value=0 0.880099 1.56907 2.29936 -0.145478 -0.173662 -0.260638 -0.113245 -0.0738026 0.858581 -0.316905 0.144652 0.0681061 0.19936
internal_weight=0 2820 1456 718 7180 6343 2600 3743 3083 738 2155 1364 837 974
internal_count=10000 2820 1456 718 7180 6343 2600 3743 3083 738 2155 1364 837 974
is_linear=0
shrinkage=0.0100123


Tree=199
num_leaves=12
num_cat=2
split_feature=55 3 1 3 1 0 3 3 2 2 3
split_gain=2.19957e+07 6.57573e+06 4.28707e+06 499926 476418 562265 328429 118375 80999.8 67716.7 61132.6
threshold=0.26837500000000003 13.335000000000003 0 10.925000000000002 1 4683.0000000000009 29.975000000000005 52.425000000000004 3797.5000000000005 9169.5000000000018 3.9100000000000006
decision_type=2 2 1 2 1 2 2 2 2 2 2
left_child=1 2 3 -1 7 6 -6 -3 -4 -7 -10
right_child=-2 4 8 -5 5 9 -8 -9 10 -11 -12
leaf_value=1.268688430029262 2.231228720632664 -0.22121160012815838 0.0079409236374872773 0.81199603820750765 0.17500037134440891 -0.24369715945459552 -0.071725090305585784 -0.43251807744755877 0.28351522521088962 -0.43540366176459766 0.11936866892107109
leaf_weight=417 481 643 390 567 611 375 4711 453 355 364 633
leaf_count=417 481 643 390 567 611 375 4711 453 355 364 633
internal_value=0 0.0367408 0.494814 0.995417 -0.114435 -0.0792036 -0.0433994 -0.305759 0.129182 -0.338124 0.178348
internal_weight=0 9519 2362 984 7157 6061 5322 1096 1378 739 988
internal_count=10000 9519 2362 984 7157 6061 5322 1096 1378 739 988
cat_boundaries=0 1 2
cat_threshold=16 1
is_linear=0
shrinkage=0.0100123


Tree=200
num_leaves=14
num_cat=1
split_feature=1 4 10 4 9 2 4 4 2 10 2 55 4
split_gain=1.56226e+08 3.40491e+08 4.22219e+06 276817 259547 236473 290567 254560 114820 68069.7 64579.7 60483.1 58197.1
threshold=0 1448.0000000000002 5.5000000000000009 2415.0000000000005 2021.5000000000002 9536.0000000000018 662.00000000000011 508.00000000000006 8804.5000000000018 6.5000000000000009 8510.0000000000018 0.0056000000000000008 1256.5000000000002
decision_type=1 2 2 2 2 2 2 2 2 2 2 2 2
left_child=1 2 -1 -3 -5 6 7 9 12 -2 -6 -9 -8
right_child=5 3 -4 4 10 -7 8 11 -10 -11 -12 -13 -14
leaf_value=7.6658405438203294 -0.35117459114793487 -0.33274214781164424 6.3621061547390765 -0.23232944314494258 0.1386277893153553 -0.54789213155636207 -0.24001287908158786 -0.42552339862484578 -0.39045702274502547 -0.24584019896709622 -0.039895626438376144 -0.56914892780146908 -0.12196903434512266
leaf_weight=572 1255 503 441 518 430 507 1044 1732 354 1206 385 354 699
leaf_count=572 1255 503 441 518 430 507 1044 1732 354 1206 385 354 699
internal_value=0 2.4299 7.09827 -0.132607 -0.0570867 -0.338993 -0.323562 -0.368527 -0.226062 -0.299556 0.0542946 -0.449897 -0.192673
internal_weight=0 2849 1013 1836 1333 7151 6644 4547 2097 2461 815 2086 1743
internal_count=10000 2849 1013 1836 1333 7151 6644 4547 2097 2461 815 2086 1743
cat_boundaries=0 1
cat_threshold=1
is_linear=0
shrinkage=0.0100123


Tree=201
num_leaves=14
num_cat=1
split_feature=1 0 10 0 2 0 0 2 10 2 0 2 2
split_gain=1.53113e+08 3.33707e+08 4.13806e+06 271302 231761 284777 249488 112532 66713.5 63188.9 57037.5 28912.1 23341.7
threshold=0 2928.0000000000005 5.5000000000000009 4929.5000000000009 9536.0000000000018 1296.5000000000002 991.00000000000011 8804.5000000000018 6.5000000000000009 8692.5000000000018 2519.5000000000005 7702.0000000000009 4264.5000000000009
decision_type=1 2 2 2 2 2 2 2 2 2 2 2 2
left_child=1 2 -1 -3 5 6 8 10 -2 11 -7 -5 -8
right_child=4 3 -4 9 -6 7 12 -9 -10 -11 -12 -13 -14
leaf_value=7.5890880249245871 -0.34765853259781437 -0.32941063973329382 6.2984070063383921 -0.072156661924000248 -0.54240648286499149 -0.23760980336499665 -0.38829500919904664 -0.38654765817761982 -0.24337877735903121 -0.16568247544097758 -0.12074784599710213 0.03841200721219782 -0.46503823346901946
leaf_weight=572 1255 503 441 443 507 1044 534 354 1206 380 699 510 1552
leaf_count=572 1255 503 441 443 507 1044 534 354 1206 380 699 510 1552
internal_value=0 2.40557 7.0272 -0.131279 -0.335598 -0.320322 -0.364837 -0.223798 -0.296557 -0.0565151 -0.190744 -0.0129856 -0.445393
internal_weight=0 2849 1013 1836 7151 6644 4547 2097 2461 1333 1743 953 2086
internal_count=10000 2849 1013 1836 7151 6644 4547 2097 2461 1333 1743 953 2086
cat_boundaries=0 1
cat_threshold=1
is_linear=0
shrinkage=0.0100123


Tree=202
num_leaves=14
num_cat=1
split_feature=1 0 11 0 9 2 0 0 2 2 0 2 12
split_gain=1.50063e+08 3.27058e+08 1.40896e+06 265896 254362 227144 279104 244517 110290 62406.2 55901.1 22876.7 15943.2
threshold=0 2928.0000000000005 15.500000000000002 4929.5000000000009 2021.5000000000002 9536.0000000000018 1296.5000000000002 991.00000000000011 8804.5000000000018 8510.0000000000018 2519.5000000000005 4264.5000000000009 2.5000000000000004
decision_type=1 2 2 2 2 2 2 2 2 2 2 2 2
left_child=1 2 -1 -3 -5 6 7 12 10 -6 -8 -9 -2
right_child=5 3 -4 4 9 -7 8 11 -10 -11 -12 -13 -14
leaf_value=6.5845457603288855 -0.32320291943451485 -0.32611248859604636 7.3313537046677713 -0.22943263053573051 0.13721564928906496 -0.53697575851579249 -0.23523078779434151 -0.38440729229522169 -0.38267743473422083 -0.038277857910472154 -0.11953888528728793 -0.46038214050889598 -0.27165882814923936
leaf_weight=508 1047 503 505 518 430 507 1044 534 354 385 699 1552 1414
leaf_count=508 1047 503 505 518 430 507 1044 534 354 385 699 1552 1414
internal_value=0 2.38149 6.95684 -0.129965 -0.0559492 -0.332238 -0.317115 -0.361184 -0.221558 0.0543138 -0.188835 -0.440933 -0.293588
internal_weight=0 2849 1013 1836 1333 7151 6644 4547 2097 815 1743 2086 2461
internal_count=10000 2849 1013 1836 1333 7151 6644 4547 2097 815 1743 2086 2461
cat_boundaries=0 1
cat_threshold=1
is_linear=0
shrinkage=0.0100123


Tree=203
num_leaves=15
num_cat=1
split_feature=1 0 11 0 9 3 2 0 3 55 2 3 2 2
split_gain=1.47073e+08 3.20542e+08 1.38088e+06 260598 249294 240056 237640 195975 131158 61951.7 61162.8 36652.1 34482.9 24157.7
threshold=0 2928.0000000000005 15.500000000000002 4929.5000000000009 2021.5000000000002 31.880000000000003 8954.0000000000018 2519.5000000000005 27.575000000000003 0.14978500000000003 8510.0000000000018 28.685000000000006 4740.5000000000009 4599.0000000000009
decision_type=1 2 2 2 2 2 2 2 2 2 2 2 2 2
left_child=1 2 -1 -3 -5 8 7 9 12 -7 -6 13 -2 -10
right_child=5 3 -4 4 10 6 -8 -9 11 -11 -12 -13 -14 -15
leaf_value=6.5186194542214553 -0.26129192630780018 -0.32284736057704261 7.2579501650748233 -0.22713548703600056 0.13584180802829243 -0.27939976583837134 -0.49532158978551571 -0.08817843400524393 -0.47623781323663383 -0.41810819708920921 -0.037894607379278987 -0.41797839586743113 -0.38011973868965826 -0.59279799253209153
leaf_weight=508 392 503 505 518 430 3557 511 538 355 355 385 433 652 358
leaf_count=508 392 503 505 518 430 3557 511 538 355 355 385 433 652 358
internal_value=0 2.35764 6.88719 -0.128663 -0.0553891 -0.328912 -0.290829 -0.267347 -0.416683 -0.291987 0.05377 -0.490638 -0.335502 -0.534763
internal_weight=0 2849 1013 1836 1333 7151 4961 4450 2190 3912 815 1146 1044 713
internal_count=10000 2849 1013 1836 1333 7151 4961 4450 2190 3912 815 1146 1044 713
cat_boundaries=0 1
cat_threshold=1
is_linear=0
shrinkage=0.0100123


Tree=204
num_leaves=15
num_cat=1
split_feature=1 0 11 0 3 2 0 3 2 0 3 2 2 2
split_gain=1.44142e+08 3.14155e+08 1.35337e+06 255406 235273 232905 192070 128545 61438.4 49967.9 35921.8 33795.8 27074.1 23676.4
threshold=0 2928.0000000000005 15.500000000000002 4929.5000000000009 31.880000000000003 8954.0000000000018 2519.5000000000005 27.575000000000003 8692.5000000000018 1296.5000000000002 28.685000000000006 4740.5000000000009 7702.0000000000009 4599.0000000000009
decision_type=1 2 2 2 2 2 2 2 2 2 2 2 2 2
left_child=1 2 -1 -3 7 6 9 11 12 -6 13 -2 -5 -9
right_child=4 3 -4 8 5 -7 -8 10 -10 -11 -12 -13 -14 -15
leaf_value=6.4533532183667077 -0.25867579926493689 -0.31961492173455675 7.185281537620539 -0.069171568914504808 -0.31065296035320816 -0.49036229324549163 -0.087295567599133733 -0.47146958813747541 -0.16247918613509135 -0.22975491189436978 -0.41379348068404298 -0.37631387492678875 0.037824920622814492 -0.58686273384802023
leaf_weight=508 392 503 505 443 2868 511 538 355 380 1044 433 652 510 358
leaf_count=508 392 503 505 443 2868 511 538 355 380 1044 433 652 510 358
internal_value=0 2.33404 6.81823 -0.127375 -0.325619 -0.287917 -0.26467 -0.412511 -0.0548345 -0.289064 -0.485725 -0.332143 -0.0119122 -0.529409
internal_weight=0 2849 1013 1836 7151 4961 4450 2190 1333 3912 1146 1044 953 713
internal_count=10000 2849 1013 1836 7151 4961 4450 2190 1333 3912 1146 1044 953 713
cat_boundaries=0 1
cat_threshold=1
is_linear=0
shrinkage=0.0100123


Tree=205
num_leaves=15
num_cat=1
split_feature=1 4 11 3 3 2 4 3 55 2 3 2 2 2
split_gain=1.4127e+08 3.07896e+08 1.32641e+06 250317 230586 228265 188243 125984 61046.8 60214.3 35206.1 33122.5 26534.7 23204.7
threshold=0 1448.0000000000002 15.500000000000002 34.740000000000002 31.880000000000003 8954.0000000000018 1256.5000000000002 27.575000000000003 0.14978500000000003 8692.5000000000018 28.685000000000006 4740.5000000000009 7702.0000000000009 4599.0000000000009
decision_type=1 2 2 2 2 2 2 2 2 2 2 2 2 2
left_child=1 2 -1 -3 7 6 8 11 -6 12 13 -2 -5 -9
right_child=4 3 -4 9 5 -7 -8 10 -10 -11 -12 -13 -14 -15
leaf_value=6.3887404485434756 -0.25608586322526056 -0.31641484886012267 7.1133404982942388 -0.068479002919045129 -0.27367439109391478 -0.48545264692659496 -0.086421540099522992 -0.46674910223574267 -0.41136606906106021 -0.1608523999230474 -0.40965046353792062 -0.37254611454465297 0.037446207694092258 -0.58098690216247528
leaf_weight=508 392 503 505 443 3557 511 538 355 355 380 433 652 510 358
leaf_count=508 392 503 505 443 3557 511 538 355 355 380 433 652 510 358
internal_value=0 2.31067 6.74997 -0.1261 -0.322359 -0.285034 -0.26202 -0.408381 -0.286169 -0.0542855 -0.480862 -0.328818 -0.0117929 -0.524108
internal_weight=0 2849 1013 1836 7151 4961 4450 2190 3912 1333 1146 1044 953 713
internal_count=10000 2849 1013 1836 7151 4961 4450 2190 3912 1333 1146 1044 953 713
cat_boundaries=0 1
cat_threshold=1
is_linear=0
shrinkage=0.0100123


Tree=206
num_leaves=15
num_cat=1
split_feature=1 0 10 0 9 3 3 9 0 0 10 3 0 10
split_gain=1.38456e+08 3.01761e+08 4.05573e+06 245330 244322 225991 123474 82332.8 102286 77495.6 40533.6 34504.7 33890.8 4868.42
threshold=0 2928.0000000000005 5.5000000000000009 4929.5000000000009 2021.5000000000002 31.880000000000003 27.575000000000003 2021.5000000000002 1296.5000000000002 2519.5000000000005 5.5000000000000009 28.685000000000006 1296.5000000000002 5.5000000000000009
decision_type=1 2 2 2 2 2 2 2 2 2 2 2 2 2
left_child=1 2 -1 -3 -5 6 10 8 -7 12 -2 -8 -9 -6
right_child=5 3 -4 4 13 7 11 9 -10 -11 -12 -13 -14 -15
leaf_value=7.2386529091343252 -0.40731481006083181 -0.31324681670904975 5.9608764549806015 -0.22376703154924099 0.030357477463572952 -0.30248070407501465 -0.51886081610268142 -0.30559482463177617 -0.11721806403758453 -0.40836407223037274 -0.27793903842984169 -0.40554892996446984 -0.23244889323197093 0.07930972612607462
leaf_weight=572 384 503 441 518 416 597 713 2274 598 611 660 433 881 399
leaf_count=572 384 503 441 518 416 597 713 2274 598 611 660 433 881 399
internal_value=0 2.28753 6.68238 -0.124837 -0.053742 -0.319131 -0.404292 -0.282181 -0.209772 -0.305157 -0.325526 -0.476048 -0.28517 0.0543231
internal_weight=0 2849 1013 1836 1333 7151 2190 4961 1195 3766 1044 1146 3155 815
internal_count=10000 2849 1013 1836 1333 7151 2190 4961 1195 3766 1044 1146 3155 815
cat_boundaries=0 1
cat_threshold=1
is_linear=0
shrinkage=0.0100123


Tree=207
num_leaves=15
num_cat=1
split_feature=1 4 2 3 9 3 2 4 3 55 2 3 2 2
split_gain=1.35697e+08 2.95749e+08 1.31585e+06 240442 239454 221489 222186 183512 121014 60195.5 58142.8 33817.2 32322.1 22742.3
threshold=0 1448.0000000000002 8203.5000000000018 34.740000000000002 2021.5000000000002 31.880000000000003 8954.0000000000018 1256.5000000000002 27.575000000000003 0.14978500000000003 8510.0000000000018 28.685000000000006 4740.5000000000009 4599.0000000000009
decision_type=1 2 2 2 2 2 2 2 2 2 2 2 2 2
left_child=1 2 -1 -3 -5 8 7 9 12 -7 -6 13 -2 -10
right_child=5 3 -4 4 10 6 -8 -9 11 -11 -12 -13 -14 -15
leaf_value=6.1787539933708366 -0.2504185240147645 -0.31011050103206916 6.9136418766807148 -0.22152661280085814 0.13379907412073561 -0.26808577397187133 -0.47708689947826127 -0.083271896893669123 -0.45688090323141123 -0.40481403953438777 -0.035593732493210059 -0.40148846027280732 -0.36546308486177048 -0.56997491804178979
leaf_weight=411 392 503 602 518 430 3557 511 538 355 355 385 433 652 358
leaf_count=411 392 503 602 518 430 3557 511 538 355 355 385 433 652 358
internal_value=0 2.26463 6.61548 -0.123587 -0.0532039 -0.315936 -0.279355 -0.25665 -0.400244 -0.280493 0.0537792 -0.471281 -0.322266 -0.513666
internal_weight=0 2849 1013 1836 1333 7151 4961 4450 2190 3912 815 1146 1044 713
internal_count=10000 2849 1013 1836 1333 7151 4961 4450 2190 3912 815 1146 1044 713
cat_boundaries=0 1
cat_threshold=1
is_linear=0
shrinkage=0.0100123


Tree=208
num_leaves=15
num_cat=1
split_feature=1 0 10 0 3 2 0 3 2 0 10 3 2 2
split_gain=1.32993e+08 2.89856e+08 3.96786e+06 235651 217076 217759 179855 118603 59259.2 48513.6 39587.2 33143.4 24867 22289.2
threshold=0 2928.0000000000005 5.5000000000000009 4929.5000000000009 31.880000000000003 8954.0000000000018 2519.5000000000005 27.575000000000003 8692.5000000000018 1296.5000000000002 5.5000000000000009 28.685000000000006 7702.0000000000009 4599.0000000000009
decision_type=1 2 2 2 2 2 2 2 2 2 2 2 2 2
left_child=1 2 -1 -3 7 6 9 10 12 -6 -2 13 -5 -9
right_child=4 3 -4 8 5 -7 -8 11 -10 -11 -12 -13 -14 -15
leaf_value=7.0994517003475046 -0.3998685060747823 -0.30700558851842485 5.8355937440376433 -0.065392806927780198 -0.29895785573605693 -0.47231017312912082 -0.08243815455076664 -0.45230648385748823 -0.15838956082719388 -0.21924576575263055 -0.27201196485649953 -0.3974686470549324 0.037149716103405055 -0.56426817265359031
leaf_weight=572 384 503 441 443 2868 511 538 355 380 1044 660 433 510 358
leaf_count=572 384 503 441 443 2868 511 538 355 380 1044 660 433 510 358
internal_value=0 2.24195 6.54924 -0.12235 -0.312773 -0.276558 -0.25408 -0.396237 -0.0526712 -0.277685 -0.31904 -0.466563 -0.010517 -0.508523
internal_weight=0 2849 1013 1836 7151 4961 4450 2190 1333 3912 1044 1146 953 713
internal_count=10000 2849 1013 1836 7151 4961 4450 2190 1333 3912 1044 1146 953 713
cat_boundaries=0 1
cat_threshold=1
is_linear=0
shrinkage=0.0100123


Tree=209
num_leaves=16
num_cat=1
split_feature=1 0 10 0 3 2 0 3 0 3 2 10 3 2 2
split_gain=1.30344e+08 2.84081e+08 3.8888e+06 230956 212751 213428 125768 116240 115290 108377 58078.5 38798.4 32483 24371.5 21845.1
threshold=0 2928.0000000000005 5.5000000000000009 4929.5000000000009 31.880000000000003 9396.5000000000018 1296.5000000000002 27.575000000000003 991.00000000000011 45.665000000000013 8692.5000000000018 5.5000000000000009 28.685000000000006 7702.0000000000009 4599.0000000000009
decision_type=1 2 2 2 2 2 2 2 2 2 2 2 2 2 2
left_child=1 2 -1 -3 7 6 8 11 -6 -8 13 -2 14 -5 -9
right_child=4 3 -4 10 5 -7 9 12 -10 -11 -12 -13 -14 -15 -16
leaf_value=7.0283700389366919 -0.39586491229906079 -0.30393176424280438 5.7771661251276534 -0.064738075892854519 -0.24087671060805282 -0.50962420842238298 -0.038492385090277352 -0.44777786537198222 -0.36897692754226052 -0.23003793817567852 -0.15680372370707985 -0.26928850451051856 -0.3934890807858662 0.036777762870595157 -0.55861856232770246
leaf_weight=572 384 503 441 443 1632 357 379 355 1239 1354 380 660 433 510 358
leaf_count=572 384 503 441 443 1632 357 379 355 1239 1354 380 660 433 510 358
internal_value=0 2.21951 6.48367 -0.121125 -0.309641 -0.273789 -0.255502 -0.392269 -0.296159 -0.188148 -0.0521438 -0.315845 -0.461891 -0.0104117 -0.503431
internal_weight=0 2849 1013 1836 7151 4961 4604 2190 2871 1733 1333 1044 1146 953 713
internal_count=10000 2849 1013 1836 7151 4961 4604 2190 2871 1733 1333 1044 1146 953 713
cat_boundaries=0 1
cat_threshold=1
is_linear=0
shrinkage=0.0100123


Tree=210
num_leaves=14
num_cat=1
split_feature=1 0 10 0 2 0 0 2 10 2 55 0 2
split_gain=1.27747e+08 2.78421e+08 3.81132e+06 226354 203337 249521 222355 98355.3 64207.8 56921.4 52916.2 49773.8 23885.9
threshold=0 2928.0000000000005 5.5000000000000009 4929.5000000000009 9536.0000000000018 1296.5000000000002 991.00000000000011 8804.5000000000018 6.5000000000000009 8692.5000000000018 0.0056000000000000008 2519.5000000000005 7702.0000000000009
decision_type=1 2 2 2 2 2 2 2 2 2 2 2 2
left_child=1 2 -1 -3 5 6 8 11 -2 12 -8 -7 -5
right_child=4 3 -4 9 -6 7 10 -9 -10 -11 -12 -13 -14
leaf_value=6.9580000507971596 -0.31956165504707129 -0.30088871356389868 5.7193235353558203 -0.064089900700312494 -0.50024112187059755 -0.21474741236901393 -0.387140240016905 -0.35402231140693557 -0.21725894740552404 -0.15523375737571771 -0.52148129765076789 -0.1055800050331623 0.036409532854201294
leaf_weight=572 1255 503 441 443 507 1044 1732 354 1206 380 354 699 510
leaf_count=572 1255 503 441 443 507 1044 1732 354 1206 380 354 699 510
internal_value=0 2.19729 6.41875 -0.119912 -0.306541 -0.292221 -0.333889 -0.20187 -0.269429 -0.0516217 -0.409938 -0.170968 -0.0103074
internal_weight=0 2849 1013 1836 7151 6644 4547 2097 2461 1333 2086 1743 953
internal_count=10000 2849 1013 1836 7151 6644 4547 2097 2461 1333 2086 1743 953
cat_boundaries=0 1
cat_threshold=1
is_linear=0
shrinkage=0.0100123


Tree=211
num_leaves=15
num_cat=1
split_feature=1 0 10 0 9 3 3 9 0 0 10 0 3 10
split_gain=1.25201e+08 2.72874e+08 3.73538e+06 221845 234716 206995 111905 77393.3 94981.5 72550.1 37421.7 31202 31117.6 4430.82
threshold=0 2928.0000000000005 5.5000000000000009 4929.5000000000009 2021.5000000000002 31.880000000000003 27.575000000000003 2021.5000000000002 1296.5000000000002 2519.5000000000005 5.5000000000000009 1296.5000000000002 28.685000000000006 5.5000000000000009
decision_type=1 2 2 2 2 2 2 2 2 2 2 2 2 2
left_child=1 2 -1 -3 -5 6 10 8 -7 11 -2 -9 -8 -6
right_child=5 3 -4 4 13 7 12 9 -10 -11 -12 -13 -14 -15
leaf_value=6.8883346026546288 -0.38857355574783614 -0.29787613312124561 5.6620600735395099 -0.21775409390264017 0.031951327757392373 -0.28723950753679589 -0.4939410372874557 -0.29064115107944499 -0.10871467000192048 -0.39024164467529715 -0.26426319447465846 -0.22045672371666172 -0.38633420266820845 0.078651729213385924
leaf_weight=572 384 503 441 518 416 597 713 2274 598 611 660 881 433 399
leaf_count=572 384 503 441 518 416 597 713 2274 598 611 660 881 433 399
internal_value=0 2.17529 6.35449 -0.118712 -0.0511049 -0.303472 -0.384972 -0.268105 -0.197902 -0.290382 -0.309987 -0.271043 -0.453283 0.0548145
internal_weight=0 2849 1013 1836 1333 7151 2190 4961 1195 3766 1044 3155 1146 815
internal_count=10000 2849 1013 1836 1333 7151 2190 4961 1195 3766 1044 3155 1146 815
cat_boundaries=0 1
cat_threshold=1
is_linear=0
shrinkage=0.0100123


Tree=212
num_leaves=15
num_cat=1
split_feature=1 4 10 3 3 2 4 3 2 4 10 3 2 2
split_gain=1.22707e+08 2.67437e+08 3.66095e+06 217424 202871 205681 169392 109675 56242.9 44415.1 36676.1 30497.6 22895.6 21391
threshold=0 1448.0000000000002 5.5000000000000009 34.740000000000002 31.880000000000003 8954.0000000000018 1256.5000000000002 27.575000000000003 8692.5000000000018 662.00000000000011 5.5000000000000009 28.685000000000006 7702.0000000000009 4599.0000000000009
decision_type=1 2 2 2 2 2 2 2 2 2 2 2 2 2
left_child=1 2 -1 -3 7 6 9 10 12 -6 -2 13 -5 -9
right_child=4 3 -4 8 5 -7 -8 11 -10 -11 -12 -13 -14 -15
leaf_value=6.8193666648780997 -0.3846830495228078 -0.29489371333837505 5.6053699650766813 -0.062181596694128254 -0.286837579057659 -0.45566693054263757 -0.077001007264994592 -0.43392356616763189 -0.15358590699066688 -0.21056684779988144 -0.26161731763590795 -0.3824661179367389 0.036212405709441835 -0.54360605985367338
leaf_weight=572 384 503 441 443 2868 511 538 355 380 1044 660 433 510 358
leaf_count=572 384 503 441 443 2868 511 538 355 380 1044 660 433 510 358
internal_value=0 2.15351 6.29086 -0.117523 -0.300433 -0.265421 -0.243575 -0.381118 -0.0505932 -0.266483 -0.306883 -0.448745 -0.00952583 -0.488996
internal_weight=0 2849 1013 1836 7151 4961 4450 2190 1333 3912 1044 1146 953 713
internal_count=10000 2849 1013 1836 7151 4961 4450 2190 1333 3912 1044 1146 953 713
cat_boundaries=0 1
cat_threshold=1
is_linear=0
shrinkage=0.0100123


Tree=213
num_leaves=14
num_cat=1
split_feature=1 0 10 0 2 0 0 2 10 2 55 0 2
split_gain=1.20262e+08 2.62108e+08 3.58801e+06 213092 195604 236535 214305 93649.8 62383.2 55122.3 50270.7 48476.4 22439.4
threshold=0 2928.0000000000005 5.5000000000000009 4929.5000000000009 9536.0000000000018 1296.5000000000002 991.00000000000011 8804.5000000000018 6.5000000000000009 8692.5000000000018 0.0056000000000000008 2519.5000000000005 7702.0000000000009
decision_type=1 2 2 2 2 2 2 2 2 2 2 2 2
left_child=1 2 -1 -3 5 6 8 11 -2 12 -8 -7 -5
right_child=4 3 -4 9 -6 7 10 -9 -10 -11 -12 -13 -14
leaf_value=6.7510892624563903 -0.31007785776889729 -0.29194115593861869 5.5492474315410467 -0.061559017861958408 -0.48740205882326154 -0.20845859398965599 -0.37638412841594743 -0.34387531618965239 -0.20923922170366066 -0.15204816124365628 -0.50732399715194088 -0.10072326963368219 0.035849836673603544
leaf_weight=572 1255 503 441 443 507 1044 1732 354 1206 380 354 699 510
leaf_count=572 1255 503 441 443 507 1044 1732 354 1206 380 354 699 510
internal_value=0 2.13194 6.22788 -0.116346 -0.297425 -0.283376 -0.323946 -0.195407 -0.260662 -0.0500867 -0.398605 -0.165253 -0.00943046
internal_weight=0 2849 1013 1836 7151 6644 4547 2097 2461 1333 2086 1743 953
internal_count=10000 2849 1013 1836 7151 6644 4547 2097 2461 1333 2086 1743 953
cat_boundaries=0 1
cat_threshold=1
is_linear=0
shrinkage=0.0100123


Tree=214
num_leaves=12
num_cat=1
split_feature=55 1 0 2 2 0 0 0 2 3 2
split_gain=1.1859e+08 5.50544e+07 1.30764e+08 2.01016e+06 215546 266664 209904 197738 66140.2 30267.3 19712.7
threshold=0.24409000000000003 0 2928.0000000000005 8288.0000000000018 8873.0000000000018 1296.5000000000002 991.00000000000011 4929.5000000000009 8692.5000000000018 45.665000000000013 9613.5000000000018
decision_type=2 1 2 2 2 2 2 2 2 2 2
left_child=1 2 3 -1 5 6 -3 -4 -9 -7 -6
right_child=-2 4 7 -5 10 9 -8 8 -10 -11 -12
leaf_value=4.0051557321056572 6.0757699841631023 -0.24235063807224641 -0.3317246019005069 4.9627037690645377 -0.38229512034993662 -0.096508542918742071 -0.38047786125181993 -0.050544607822369941 -0.21011969389808657 -0.18715026687815059 -0.48088136840014062
leaf_weight=394 355 2405 492 497 365 539 2037 921 363 1173 459
leaf_count=394 355 2405 492 497 365 539 2037 921 363 1173 459
internal_value=0 0.183387 1.40398 4.53928 -0.28473 -0.264776 -0.305693 -0.161055 -0.0956581 -0.158613 -0.437211
internal_weight=0 9645 2667 891 6978 6154 4442 1776 1284 1712 824
internal_count=10000 9645 2667 891 6978 6154 4442 1776 1284 1712 824
cat_boundaries=0 1
cat_threshold=1
is_linear=0
shrinkage=0.0100123


Tree=215
num_leaves=13
num_cat=0
split_feature=55 0 0 2 2 0 0 0 2 0 0 2
split_gain=1.16227e+08 2.66666e+07 1.55524e+08 1.97011e+06 630913 130148 105844 206815 31389.6 28860.2 21625.2 1891.9
threshold=0.24409000000000003 2006.5000000000002 2519.5000000000005 8288.0000000000018 9292.5000000000018 4929.5000000000009 1296.5000000000002 991.00000000000011 4264.5000000000009 855.00000000000011 4055.5000000000005 5138.5000000000009
decision_type=2 2 2 2 2 2 2 2 2 2 2 2
left_child=1 6 3 -3 5 -4 7 9 -9 -1 -6 -8
right_child=-2 2 4 -5 10 -7 11 8 -10 -11 -12 -13
leaf_value=-0.2696653325131893 6.0149376387849811 3.965055007067543 -0.20153402152231667 4.9130158132029589 -0.49568854679741875 -0.055048765635379207 -0.19862266993657748 -0.30978258745741177 -0.39990941702554506 -0.19951381496137793 -0.39529460327802685 -0.1697898007496664
leaf_weight=1384 355 394 1343 497 468 1111 632 520 1519 1022 398 357
leaf_count=1384 355 394 1343 497 468 1111 632 520 1519 1022 398 357
internal_value=0 0.181551 0.779594 4.49383 -0.217207 -0.135216 -0.281894 -0.302738 -0.376925 -0.239867 -0.449549 -0.188215
internal_weight=0 9645 4211 891 3320 2454 5434 4445 2039 2406 866 989
internal_count=10000 9645 4211 891 3320 2454 5434 4445 2039 2406 866 989
is_linear=0
shrinkage=0.0100123


Tree=216
num_leaves=16
num_cat=1
split_feature=1 0 10 0 3 3 3 3 3 0 10 3 3 10 12
split_gain=1.14299e+08 2.49327e+08 3.51584e+06 199265 186474 106726 75738.5 94064.7 56870.4 44596.2 34959.1 30737.4 30675 62415.1 1601.5
threshold=0 2928.0000000000005 5.5000000000000009 4929.5000000000009 31.880000000000003 27.575000000000003 42.880000000000003 56.980000000000011 34.740000000000002 1296.5000000000002 5.5000000000000009 28.685000000000006 47.615000000000009 7.5000000000000009 2.5000000000000004
decision_type=1 2 2 2 2 2 2 2 2 2 2 2 2 2 2
left_child=1 2 -1 -3 5 10 8 -8 14 -9 -2 -7 13 -5 -6
right_child=4 3 -4 12 6 11 7 9 -10 -11 -12 -13 -14 -15 -16
leaf_value=6.5893159073449823 -0.37187753434260507 -0.28601569503428387 5.3996236937885733 -0.0083089110195021035 -0.26125826791937518 -0.4762703782511063 -0.38531684190964616 -0.28726413060534756 -0.11118466038230713 -0.20624847894371556 -0.25172696504325454 -0.36932305061257065 0.0099534738615330645 -0.18193134234241554 -0.23319519598783037
leaf_weight=572 384 503 441 445 356 713 711 1813 513 1091 660 433 499 389 477
leaf_count=572 384 503 441 445 356 713 711 1813 513 1091 660 433 499 389 477
internal_value=0 2.07658 6.07139 -0.116213 -0.29179 -0.36915 -0.258228 -0.282099 -0.194116 -0.256827 -0.29592 -0.435862 -0.0521395 -0.0892911 -0.245189
internal_weight=0 2849 1013 1836 7151 2190 4961 3615 1346 2904 1044 1146 1333 834 833
internal_count=10000 2849 1013 1836 7151 2190 4961 3615 1346 2904 1044 1146 1333 834 833
cat_boundaries=0 1
cat_threshold=1
is_linear=0
shrinkage=0.0100123


Tree=217
num_leaves=14
num_cat=1
split_feature=55 1 0 10 0 3 9 10 10 3 3 0 3
split_gain=1.133e+08 5.14463e+07 1.22245e+08 6.74031e+06 187591 183642 158763 75302.1 73686.4 65067.6 29308.6 24129.7 12895.1
threshold=0.24409000000000003 0 2928.0000000000005 5.5000000000000009 4929.5000000000009 32.745000000000005 2021.5000000000002 3.5000000000000004 5.5000000000000009 45.665000000000013 27.575000000000003 991.00000000000011 28.685000000000006
decision_type=2 1 2 2 2 2 2 2 2 2 2 2 2
left_child=1 2 3 -1 -4 8 -6 11 12 -9 -10 -7 -3
right_child=-2 5 4 -5 6 7 -8 9 10 -11 -12 -13 -14
leaf_value=5.1199633602339771 5.9359134797613322 -0.43369996157198498 -0.32308481538524442 3.3520405173561669 -0.23008666831898333 -0.24447794468043146 -0.0026347170921495237 -0.12799951931502429 -0.24920660282376836 -0.23662434011681724 -0.34049070013789962 -0.33844036928721116 -0.36129011158715674
leaf_weight=522 355 692 492 369 511 420 773 704 660 2574 757 788 383
leaf_count=522 355 692 492 369 511 420 773 704 660 2574 757 788 383
internal_value=0 0.176431 1.35635 4.38779 -0.156852 -0.276084 -0.0931549 -0.238198 -0.345394 -0.213296 -0.297973 -0.305771 -0.407902
internal_weight=0 9645 2667 891 1776 6978 1284 4486 2492 3278 1417 1208 1075
internal_count=10000 9645 2667 891 1776 6978 1284 4486 2492 3278 1417 1208 1075
cat_boundaries=0 1
cat_threshold=1
is_linear=0
shrinkage=0.0100123


Tree=218
num_leaves=12
num_cat=1
split_feature=55 1 0 10 2 0 0 0 9 3 2
split_gain=1.11043e+08 5.04212e+07 1.1981e+08 6.60602e+06 207105 252475 197465 183853 155600 29197.9 18529.3
threshold=0.24409000000000003 0 2928.0000000000005 5.5000000000000009 8873.0000000000018 1296.5000000000002 991.00000000000011 4929.5000000000009 2021.5000000000002 45.665000000000013 9613.5000000000018
decision_type=2 1 2 2 2 2 2 2 2 2 2
left_child=1 2 3 -1 5 6 -3 -4 -9 -7 -6
right_child=-2 4 7 -5 10 9 -8 8 -10 -11 -12
leaf_value=5.0687008580105744 5.8764814860325059 -0.23212881860257861 -0.31984999997672403 3.3184789394843937 -0.36953511994332205 -0.0894548182714449 -0.36610089952632113 -0.22778297621647234 -0.0026083385281259141 -0.17848088486686203 -0.46511638464561611
leaf_weight=522 355 2405 492 369 365 539 2037 511 773 1173 459
leaf_count=522 355 2405 492 369 365 539 2037 511 773 1173 459
internal_value=0 0.174665 1.34277 4.34386 -0.27332 -0.253752 -0.293565 -0.155281 -0.0922222 -0.150452 -0.422778
internal_weight=0 9645 2667 891 6978 6154 4442 1776 1284 1712 824
internal_count=10000 9645 2667 891 6978 6154 4442 1776 1284 1712 824
cat_boundaries=0 1
cat_threshold=1
is_linear=0
shrinkage=0.0100123


Tree=219
num_leaves=12
num_cat=1
split_feature=55 1 0 2 2 0 0 0 9 3 2
split_gain=1.08831e+08 4.94166e+07 1.17422e+08 1.90287e+06 202979 247444 193531 180190 152499 28616.1 18160.1
threshold=0.24409000000000003 0 2928.0000000000005 8288.0000000000018 8873.0000000000018 1296.5000000000002 991.00000000000011 4929.5000000000009 2021.5000000000002 45.665000000000013 9613.5000000000018
decision_type=2 1 2 2 2 2 2 2 2 2 2
left_child=1 2 3 -1 5 6 -3 -4 -9 -7 -6
right_child=-2 4 7 -5 10 9 -8 8 -10 -11 -12
leaf_value=3.7806987836310784 5.8176445344759129 -0.22980468053094569 -0.3166475735179955 4.7123419304085195 -0.36583523126403983 -0.088559172278180276 -0.36243539567399419 -0.22550234982575934 -0.0025822230949644914 -0.17669388465962785 -0.46045951231158383
leaf_weight=394 355 2405 492 497 365 539 2037 511 773 1173 459
leaf_count=394 355 2405 492 497 365 539 2037 511 773 1173 459
internal_value=0 0.172916 1.32933 4.30037 -0.270583 -0.251212 -0.290626 -0.153727 -0.0912989 -0.148946 -0.418545
internal_weight=0 9645 2667 891 6978 6154 4442 1776 1284 1712 824
internal_count=10000 9645 2667 891 6978 6154 4442 1776 1284 1712 824
cat_boundaries=0 1
cat_threshold=1
is_linear=0
shrinkage=0.0100123


Tree=220
num_leaves=16
num_cat=1
split_feature=1 0 10 0 9 3 2 3 0 3 0 2 10 3 2
split_gain=1.07038e+08 2.33726e+08 3.28229e+06 179828 200054 165900 169266 106593 95402.6 100757 90658.2 54320.9 32707.1 32500.8 17604.6
threshold=0 2928.0000000000005 5.5000000000000009 4929.5000000000009 2021.5000000000002 31.880000000000003 9396.5000000000018 27.575000000000003 1296.5000000000002 45.665000000000013 991.00000000000011 8358.5000000000018 5.5000000000000009 28.685000000000006 4599.0000000000009
decision_type=1 2 2 2 2 2 2 2 2 2 2 2 2 2 2
left_child=1 2 -1 -3 -5 7 8 12 10 -10 -7 -6 -2 14 -9
right_child=5 3 -4 4 11 6 -8 13 9 -11 -12 -13 -14 -15 -16
leaf_value=6.3750055773386434 -0.35838853204611731 -0.27761473630253647 5.2255053381313648 -0.20929056463590159 0.13401523425965131 -0.22358059651399961 -0.46350126667956887 -0.4163638928337855 -0.034231651720004808 -0.21892092125196622 -0.33717509970660942 -0.030540821032063233 -0.24217240370374454 -0.35635217489186588 -0.51586658560873278
leaf_weight=572 384 503 441 518 361 1632 357 355 379 1354 1239 454 660 433 358
leaf_count=572 384 503 441 518 361 1632 357 355 379 1354 1239 454 660 433 358
internal_value=0 2.00679 5.87458 -0.116307 -0.0554378 -0.285121 -0.253478 -0.358103 -0.237193 -0.17853 -0.272603 0.0423484 -0.284919 -0.424773 -0.466325
internal_weight=0 2849 1013 1836 1333 7151 4961 2190 4604 1733 2871 815 1044 1146 713
internal_count=10000 2849 1013 1836 1333 7151 4961 2190 4604 1733 2871 815 1044 1146 713
cat_boundaries=0 1
cat_threshold=1
is_linear=0
shrinkage=0.0100123


Tree=221
num_leaves=12
num_cat=1
split_feature=55 1 0 2 2 0 0 0 2 3 2
split_gain=1.06086e+08 4.71121e+07 1.11959e+08 1.85822e+06 197144 238447 186032 173130 65044.2 27504.8 17180.3
threshold=0.24409000000000003 0 2928.0000000000005 8288.0000000000018 8873.0000000000018 1296.5000000000002 991.00000000000011 4929.5000000000009 8692.5000000000018 45.665000000000013 9613.5000000000018
decision_type=2 1 2 2 2 2 2 2 2 2 2
left_child=1 2 3 -1 5 6 -3 -4 -9 -7 -6
right_child=-2 4 7 -5 10 9 -8 8 -10 -11 -12
leaf_value=3.684713172609948 5.7411225837402062 -0.22497809293394136 -0.31069765342214961 4.6053616677354388 -0.3595609346506351 -0.086326478899147602 -0.35501390185189119 -0.045069981570826402 -0.20331735063116674 -0.17273287919562563 -0.45159717394317245
leaf_weight=394 355 2405 492 497 365 539 2037 921 363 1173 459
leaf_count=394 355 2405 492 497 365 539 2037 921 363 1173 459
internal_value=0 0.168021 1.29715 4.19825 -0.265012 -0.245918 -0.28461 -0.151001 -0.0898081 -0.145529 -0.410829
internal_weight=0 9645 2667 891 6978 6154 4442 1776 1284 1712 824
internal_count=10000 9645 2667 891 6978 6154 4442 1776 1284 1712 824
cat_boundaries=0 1
cat_threshold=1
is_linear=0
shrinkage=0.0100123


Tree=222
num_leaves=19
num_cat=0
split_feature=0 0 11 2 0 9 3 0 2 2 0 0 12 0 2 3 2 2
split_gain=5.34211e+07 2.75869e+08 1.28551e+06 602543 160647 197482 153226 81205.2 57713.7 53120.2 28584.8 83054.7 24896.8 19280.2 15945.7 10167.2 7170.44 2820.22
threshold=2006.5000000000002 2519.5000000000005 15.500000000000002 9353.0000000000018 4929.5000000000009 2021.5000000000002 31.880000000000003 1032.5000000000002 8745.0000000000018 4697.5000000000009 991.00000000000011 1296.5000000000002 2.5000000000000004 4055.5000000000005 4306.5000000000009 126.63500000000002 4740.5000000000009 5178.5000000000009
decision_type=2 2 2 2 2 2 2 2 2 2 2 2 2 2 2 2 2 2
left_child=6 2 -2 4 8 -6 7 9 -3 -1 12 14 -8 -5 -12 -14 -9 -13
right_child=1 3 -4 13 5 -7 10 16 -10 -11 11 17 15 -15 -16 -17 -18 -19
leaf_value=-0.22700973837796851 5.4162537982348598 -0.14048885019618026 6.1295968827018958 -0.46310573512393449 -0.17524914323911236 0.089355390232625509 -0.26679430474521365 -0.40921654550005493 -0.28656482332552385 -0.38875962767528133 -0.2748584542506104 -0.22225301624706517 -0.16158789054344663 -0.36588317219712224 -0.35423371107098389 -0.22917533423044922 -0.46761209099822809 -0.18771664480644509
leaf_weight=470 508 1038 505 440 481 686 690 452 367 359 356 683 579 382 883 363 395 363
leaf_count=470 508 1038 505 440 481 686 690 452 367 359 356 683 579 382 883 363 395 363
internal_value=0 1.18661 5.77187 -0.181947 -0.106529 -0.0197061 -0.287386 -0.367501 -0.178645 -0.297056 -0.253106 -0.275964 -0.221102 -0.417924 -0.331427 -0.187633 -0.436449 -0.210268
internal_weight=0 4407 1013 3394 2572 1167 5593 1676 1405 829 3917 2285 1632 822 1239 942 847 1046
internal_count=10000 4407 1013 3394 2572 1167 5593 1676 1405 829 3917 2285 1632 822 1239 942 847 1046
is_linear=0
shrinkage=0.0100123


Tree=223
num_leaves=15
num_cat=0
split_feature=55 4 4 10 2 3 10 2 4 4 3 10 4 2
split_gain=1.03384e+08 2.21781e+07 1.29546e+08 6.36942e+06 569432 170367 153271 71368.4 45271.8 113289 35893.8 29256.6 16623.7 7889.36
threshold=0.24409000000000003 1010.0000000000001 1256.5000000000002 5.5000000000000009 9326.0000000000018 31.880000000000003 10.500000000000002 4711.5000000000009 508.00000000000006 662.00000000000011 28.360000000000003 6.5000000000000009 1990.0000000000002 5221.0000000000009
decision_type=2 2 2 2 2 2 2 2 2 2 2 2 2 2
left_child=1 5 3 -3 6 7 -4 10 11 -10 -1 -7 -6 -9
right_child=-2 2 4 -5 12 8 -8 13 9 -11 -12 -13 -14 -15
leaf_value=-0.21011175185171604 5.6649460057025811 4.8102659784266182 -0.092752418699957664 3.0916722167793811 -0.46786266267267207 -0.22139004634777412 -0.31748463275882122 -0.44782318538497551 -0.31638117860226239 -0.17205457378950531 -0.33802606770786631 -0.13490174408165317 -0.37838000345906903 -0.38289493867679691
leaf_weight=380 355 522 2127 369 453 847 355 386 1215 989 522 730 385 365
leaf_count=380 355 522 2127 369 453 847 355 386 1215 989 522 730 385 365
internal_value=0 0.163267 0.708662 4.09853 -0.201087 -0.25938 -0.124896 -0.344167 -0.222312 -0.251618 -0.284138 -0.181354 -0.426752 -0.416267
internal_weight=0 9645 4211 891 3320 5434 2482 1653 3781 2204 902 1577 838 751
internal_count=10000 9645 4211 891 3320 5434 2482 1653 3781 2204 902 1577 838 751
is_linear=0
shrinkage=0.0100123


Tree=224
num_leaves=12
num_cat=1
split_feature=55 1 0 2 2 0 0 0 9 0 2
split_gain=1.01325e+08 4.40183e+07 1.04623e+08 1.81112e+06 187908 225403 175613 167249 143904 20629 15840.3
threshold=0.24409000000000003 0 2928.0000000000005 8288.0000000000018 8873.0000000000018 1296.5000000000002 991.00000000000011 4929.5000000000009 2021.5000000000002 2519.5000000000005 9613.5000000000018
decision_type=2 1 2 2 2 2 2 2 2 2 2
left_child=1 2 3 -1 5 6 -3 -4 -9 -7 -6
right_child=-2 4 7 -5 10 9 -8 8 -10 -11 -12
leaf_value=3.5505020073756302 5.6082270307213467 -0.21797578051786839 -0.30380429402525083 4.4594072462152008 -0.3500685895157879 -0.17047775933608142 -0.3443178266169396 -0.2170651411168176 -0.00051862316551765943 -0.10013870064168591 -0.43844282130175455
leaf_weight=394 355 2405 492 497 365 987 2037 511 773 725 459
leaf_count=394 355 2405 492 497 365 987 2037 511 773 725 459
internal_value=0 0.161632 1.25306 4.05749 -0.256939 -0.238295 -0.275913 -0.146843 -0.0866987 -0.14069 -0.399296
internal_weight=0 9645 2667 891 6978 6154 4442 1776 1284 1712 824
internal_count=10000 9645 2667 891 6978 6154 4442 1776 1284 1712 824
cat_boundaries=0 1
cat_threshold=1
is_linear=0
shrinkage=0.0100123


Tree=225
num_leaves=15
num_cat=1
split_feature=1 4 10 3 9 3 2 3 4 2 10 3 10 2
split_gain=9.82916e+07 2.14851e+08 3.13971e+06 162942 180151 144921 146080 103317 91792.3 52289 48587.2 34173.3 30924.9 15277.4
threshold=0 1448.0000000000002 5.5000000000000009 34.740000000000002 2021.5000000000002 31.880000000000003 9396.5000000000018 27.575000000000003 1256.5000000000002 8384.5000000000018 7.5000000000000009 28.685000000000006 5.5000000000000009 4599.0000000000009
decision_type=1 2 2 2 2 2 2 2 2 2 2 2 2 2
left_child=1 2 -1 -3 -5 7 8 12 10 -6 -7 13 -2 -9
right_child=5 3 -4 4 9 6 -8 11 -10 -11 -12 -13 -14 -15
leaf_value=6.1180942756382768 -0.34354338433665121 -0.26879037809071871 4.9938392761642447 -0.20330072958302808 0.12366132524977884 -0.28093694118925305 -0.44147732323620137 -0.40585758396632921 -0.12448938975076303 -0.037453741806058753 -0.20981776563956123 -0.33963250972093939 -0.23053776257373129 -0.49855041132489553
leaf_weight=572 384 503 441 518 369 2211 357 355 687 446 1706 433 660 358
leaf_count=572 384 503 441 518 369 2211 357 355 687 446 1706 433 660 358
internal_value=0 1.92034 5.62866 -0.115242 -0.0573017 -0.275929 -0.246368 -0.344154 -0.231239 0.0354928 -0.249962 -0.409792 -0.272103 -0.452399
internal_weight=0 2849 1013 1836 1333 7151 4961 2190 4604 815 3917 1146 1044 713
internal_count=10000 2849 1013 1836 1333 7151 4961 2190 4604 815 3917 1146 1044 713
cat_boundaries=0 1
cat_threshold=1
is_linear=0
shrinkage=0.0100123


Tree=226
num_leaves=15
num_cat=0
split_feature=55 0 0 10 2 3 3 2 0 0 3 10 0 2
split_gain=9.87804e+07 2.07066e+07 1.2101e+08 6.15042e+06 544797 162990 135344 69424.7 43843.3 108425 33833.1 28275.8 16425.2 7719.95
threshold=0.24409000000000003 2006.5000000000002 2519.5000000000005 5.5000000000000009 9292.5000000000018 31.880000000000003 23.395000000000003 4711.5000000000009 991.00000000000011 1296.5000000000002 28.360000000000003 6.5000000000000009 4055.5000000000005 5221.0000000000009
decision_type=2 2 2 2 2 2 2 2 2 2 2 2 2 2
left_child=1 5 3 -3 6 7 -4 10 11 -10 -1 -7 -6 -9
right_child=-2 2 4 -5 12 8 -8 13 9 -11 -12 -13 -14 -15
leaf_value=-0.2032375294975052 5.5347812955019826 4.6596686077674283 -0.24334504182801572 2.9708780424339696 -0.45138769062315504 -0.21417817375227197 -0.074589626931599831 -0.43664024661483769 -0.30732296738452852 -0.16612898308795024 -0.32742563540835895 -0.12915194513244413 -0.36389287300787887 -0.37241288970027614
leaf_weight=380 355 522 647 369 468 847 1807 386 1215 989 522 730 398 365
leaf_count=380 355 522 647 369 468 847 1807 386 1215 989 522 730 398 365
internal_value=0 0.157002 0.683993 3.96027 -0.195273 -0.251382 -0.119082 -0.334314 -0.215125 -0.243965 -0.275107 -0.174819 -0.411176 -0.405425
internal_weight=0 9645 4211 891 3320 5434 2454 1653 3781 2204 902 1577 866 751
internal_count=10000 9645 4211 891 3320 5434 2454 1653 3781 2204 902 1577 866 751
is_linear=0
shrinkage=0.0100123


Tree=227
num_leaves=14
num_cat=2
split_feature=55 1 4 3 3 9 3 12 9 1 4 3 11
split_gain=9.68122e+07 4.11194e+07 9.77183e+07 160872 158318 138256 59609.5 57413.2 51111.2 91424.8 76030.4 10814.8 2521.89
threshold=0.24409000000000003 0 1448.0000000000002 31.880000000000003 34.740000000000002 2021.5000000000002 27.575000000000003 2.5000000000000004 2021.5000000000002 1 1256.5000000000002 28.685000000000006 20.500000000000004
decision_type=2 1 2 2 2 2 2 2 2 1 2 2 2
left_child=1 2 7 6 -4 -6 12 -1 9 -5 -10 -8 -3
right_child=-2 3 4 8 5 -7 11 -9 10 -11 -12 -13 -14
leaf_value=3.8276321109541134 5.479365516776066 -0.25528457239297764 -0.29532925233018564 -0.096013827600902157 -0.21188277027829355 0.0003721876922636352 -0.39635376585601517 3.9900859709745258 -0.21515560720062019 -0.29068641921401239 -0.33757745075154089 -0.33251794912904881 -0.2879598395172554
leaf_weight=381 355 681 492 806 511 773 690 510 3033 361 611 433 363
leaf_count=381 355 681 492 806 511 773 690 510 3033 361 611 433 363
internal_value=0 0.15543 1.2103 -0.249122 -0.142616 -0.0841 -0.321109 3.92062 -0.217214 -0.159548 -0.235682 -0.37174 -0.266646
internal_weight=0 9645 2667 6978 1776 1284 2167 891 4811 1167 3644 1123 1044
internal_count=10000 9645 2667 6978 1776 1284 2167 891 4811 1167 3644 1123 1044
cat_boundaries=0 1 2
cat_threshold=1 6
is_linear=0
shrinkage=0.0100123


Tree=228
num_leaves=12
num_cat=1
split_feature=55 1 4 2 2 4 4 3 9 3 2
split_gain=9.48835e+07 4.03005e+07 9.57713e+07 1.75951e+06 179369 212523 165900 155163 135502 25363.6 14227.2
threshold=0.24409000000000003 0 1448.0000000000002 8288.0000000000018 8873.0000000000018 662.00000000000011 508.00000000000006 34.740000000000002 2021.5000000000002 45.665000000000013 9613.5000000000018
decision_type=2 1 2 2 2 2 2 2 2 2 2
left_child=1 2 3 -1 5 6 -3 -4 -9 -7 -6
right_child=-2 4 7 -5 10 9 -8 8 -10 -11 -12
leaf_value=3.3816523379865586 5.4245045939435323 -0.20862644215376666 -0.29237233390174738 4.2775151870166122 -0.33905781600125373 -0.076784725166821083 -0.33142456867104964 -0.20976134097661095 0.00036846080348697154 -0.15975967881996611 -0.42281138335701995
leaf_weight=394 355 2405 492 497 365 539 2037 511 773 1173 459
leaf_count=394 355 2405 492 497 365 539 2037 511 773 1173 459
internal_value=0 0.15387 1.19819 3.88136 -0.246633 -0.228411 -0.264939 -0.141188 -0.083258 -0.133636 -0.385712
internal_weight=0 9645 2667 891 6978 6154 4442 1776 1284 1712 824
internal_count=10000 9645 2667 891 6978 6154 4442 1776 1284 1712 824
cat_boundaries=0 1
cat_threshold=1
is_linear=0
shrinkage=0.0100123


Tree=229
num_leaves=15
num_cat=1
split_feature=1 4 10 3 9 3 2 4 3 10 2 3 10 2
split_gain=9.21516e+07 2.0161e+08 3.00975e+06 147462 161642 125761 130010 181005 102255 58358.6 51753.9 36154.3 29707.5 13317.9
threshold=0 1448.0000000000002 5.5000000000000009 34.740000000000002 2021.5000000000002 31.880000000000003 8832.5000000000018 1256.5000000000002 27.575000000000003 7.5000000000000009 8384.5000000000018 28.685000000000006 5.5000000000000009 4599.0000000000009
decision_type=1 2 2 2 2 2 2 2 2 2 2 2 2 2
left_child=1 2 -1 -3 -5 8 7 9 12 -7 -6 13 -2 -10
right_child=5 3 -4 4 10 6 -8 -9 11 -11 -12 -13 -14 -15
leaf_value=5.9280968431195138 -0.33179381913353861 -0.26126087211798016 4.8273541348622704 -0.19836442906187923 0.11554586203650007 -0.2806589977211536 -0.38590346156224303 -0.04223879500570419 -0.39912326300025541 -0.20265112847677938 -0.044742818100503241 -0.32658875611832022 -0.22103482996378104 -0.48566782049156504
leaf_weight=572 384 503 441 518 369 2211 561 488 355 1701 446 433 660 358
leaf_count=572 384 503 441 518 369 2211 561 488 355 1701 446 433 660 358
internal_value=0 1.85668 5.4489 -0.115188 -0.0600688 -0.26988 -0.242361 -0.224059 -0.333453 -0.24674 0.0278296 -0.398753 -0.261774 -0.442578
internal_weight=0 2849 1013 1836 1333 7151 4961 4400 2190 3912 815 1146 1044 713
internal_count=10000 2849 1013 1836 1333 7151 4961 4400 2190 3912 815 1146 1044 713
cat_boundaries=0 1
cat_threshold=1
is_linear=0
shrinkage=0.0100123


Tree=230
num_leaves=12
num_cat=1
split_feature=55 1 0 10 2 0 0 0 9 0 2
split_gain=9.25015e+07 3.83922e+07 9.12436e+07 5.93936e+06 173513 205302 161260 149154 129921 18501.5 13891.4
threshold=0.24409000000000003 0 2928.0000000000005 5.5000000000000009 8873.0000000000018 1296.5000000000002 991.00000000000011 4929.5000000000009 2021.5000000000002 2519.5000000000005 9613.5000000000018
decision_type=2 1 2 2 2 2 2 2 2 2 2
left_child=1 2 3 -1 5 6 -3 -4 -9 -7 -6
right_child=-2 4 7 -5 10 9 -8 8 -10 -11 -12
leaf_value=4.475007102479009 5.3534974363676602 -0.20392299690958135 -0.28682920403505646 2.8154457407606333 -0.33215207847886136 -0.15859931305853381 -0.32499202816820733 -0.20567507164677726 8.1949312900582273e-05 -0.091986071927917953 -0.41491145833821441
leaf_weight=522 355 2405 492 369 365 987 2037 511 773 725 459
leaf_count=522 355 2405 492 369 365 987 2037 511 773 725 459
internal_value=0 0.14944 1.16873 3.78771 -0.241464 -0.223541 -0.259442 -0.138602 -0.0818042 -0.13039 -0.378252
internal_weight=0 9645 2667 891 6978 6154 4442 1776 1284 1712 824
internal_count=10000 9645 2667 891 6978 6154 4442 1776 1284 1712 824
cat_boundaries=0 1
cat_threshold=1
is_linear=0
shrinkage=0.0100123


Tree=231
num_leaves=14
num_cat=1
split_feature=1 0 10 0 9 2 0 0 10 2 0 2 10
split_gain=8.89964e+07 1.94776e+08 2.87856e+06 140464 152715 116892 153511 158692 84643.8 55674.4 66513.1 51065.5 17975.1
threshold=0 2928.0000000000005 5.5000000000000009 4929.5000000000009 2021.5000000000002 9536.0000000000018 1296.5000000000002 991.00000000000011 6.5000000000000009 8804.5000000000018 2519.5000000000005 8384.5000000000018 4.5000000000000009
decision_type=1 2 2 2 2 2 2 2 2 2 2 2 2
left_child=1 2 -1 -3 -5 6 7 8 -2 10 -8 -6 -9
right_child=5 3 -4 4 11 -7 9 12 -10 -11 -12 -13 -14
leaf_value=5.8231692200960126 -0.29109134279617066 -0.25700822779442195 4.7466834707776009 -0.19507123550725658 0.11191879465636467 -0.41302476922656844 -0.21179491561910829 -0.39093488066626741 -0.17363114518990289 -0.29891011402092921 -0.085598651523498062 -0.047300138326429896 -0.32991322989580263
leaf_weight=572 1255 503 441 518 369 507 1044 763 1206 354 699 446 1323
leaf_count=572 1255 503 441 518 369 507 1044 763 1206 354 699 446 1323
internal_value=0 1.82372 5.35453 -0.114444 -0.0606487 -0.266114 -0.255304 -0.287987 -0.233531 -0.184436 -0.161186 0.0247879 -0.352233
internal_weight=0 2849 1013 1836 1333 7151 6644 4547 2461 2097 1743 815 2086
internal_count=10000 2849 1013 1836 1333 7151 6644 4547 2461 2097 1743 815 2086
cat_boundaries=0 1
cat_threshold=1
is_linear=0
shrinkage=0.0100123


Tree=232
num_leaves=14
num_cat=3
split_feature=55 1 3 10 3 9 3 10 10 1 3 3 1
split_gain=9.01795e+07 3.65669e+07 6.3869e+07 3.83204e+06 240453 160433 152612 68680 60060.5 36590.2 24816.7 13792.4 10584.3
threshold=0.24409000000000003 0 51.630000000000003 5.5000000000000009 34.740000000000002 2021.5000000000002 31.880000000000003 5.5000000000000009 3.5000000000000004 1 27.575000000000003 27.575000000000003 2
decision_type=2 1 2 2 2 2 2 2 2 1 2 2 1
left_child=1 2 4 -4 -1 -6 7 11 12 -10 -9 -3 -8
right_child=-2 6 3 -5 5 -7 8 10 9 -11 -12 -13 -14
leaf_value=-0.28138415248905169 5.2834393131731101 -0.32313561616287051 3.570074668708592 2.3282418831151559 -0.14635390871717194 0.092844914292776928 -0.20968404283125869 -0.21486156255444055 -0.16114027413323873 -0.23847146807558098 -0.30610673031350094 -0.4005749219451516 -0.29786413143175694
leaf_weight=492 355 384 630 412 517 616 535 660 2542 1005 546 577 729
leaf_count=492 355 384 630 412 517 616 535 660 2542 1005 546 577 729
internal_value=0 0.145115 1.13988 3.07906 -0.0965622 -0.0163041 -0.236382 -0.306488 -0.205296 -0.184178 -0.256172 -0.369631 -0.264556
internal_weight=0 9645 2667 1042 1625 1133 6978 2167 4811 3547 1206 961 1264
internal_count=10000 9645 2667 1042 1625 1133 6978 2167 4811 3547 1206 961 1264
cat_boundaries=0 1 2 3
cat_threshold=1 6 4
is_linear=0
shrinkage=0.0100123


Tree=233
num_leaves=12
num_cat=1
split_feature=55 1 0 10 2 0 0 0 9 3 2
split_gain=8.83831e+07 3.5839e+07 8.5625e+07 5.65489e+06 167414 195113 153505 134162 114089 23631.3 13195.5
threshold=0.24409000000000003 0 2928.0000000000005 5.5000000000000009 8873.0000000000018 1296.5000000000002 991.00000000000011 4929.5000000000009 2021.5000000000002 45.665000000000013 9613.5000000000018
decision_type=2 1 2 2 2 2 2 2 2 2 2
left_child=1 2 3 -1 5 6 -3 -4 -9 -7 -6
right_child=-2 4 7 -5 10 9 -8 8 -10 -11 -12
leaf_value=4.3361542969690046 5.2305400474772723 -0.19724973665758003 -0.27856685570383644 2.7168234569951166 -0.32345586496683448 -0.070732434719281756 -0.31537147094227203 -0.20019735291187898 -0.0073837366277823453 -0.15082377613187206 -0.40411555853578685
leaf_weight=522 355 2405 492 369 365 539 2037 511 773 1173 459
leaf_count=522 355 2405 492 369 365 539 2037 511 773 1173 459
internal_value=0 0.143652 1.12847 3.66552 -0.234028 -0.216418 -0.251418 -0.137986 -0.0841188 -0.125608 -0.368386
internal_weight=0 9645 2667 891 6978 6154 4442 1776 1284 1712 824
internal_count=10000 9645 2667 891 6978 6154 4442 1776 1284 1712 824
cat_boundaries=0 1
cat_threshold=1
is_linear=0
shrinkage=0.0100123


Tree=234
num_leaves=14
num_cat=2
split_feature=55 1 4 10 3 3 9 10 10 1 3 4 3
split_gain=8.66221e+07 3.5125e+07 8.3919e+07 5.54222e+06 148765 131489 111816 66809.4 58665.7 35302.1 23857.5 21033 13273.8
threshold=0.24409000000000003 0 1448.0000000000002 5.5000000000000009 31.880000000000003 34.740000000000002 2021.5000000000002 5.5000000000000009 3.5000000000000004 1 27.575000000000003 508.00000000000006 27.575000000000003
decision_type=2 1 2 2 2 2 2 2 2 1 2 2 2
left_child=1 2 3 -1 7 -4 -7 12 11 -10 -9 -6 -3
right_child=-2 4 5 -5 8 6 -8 10 9 -11 -12 -13 -14
leaf_value=4.29273952149493 5.178170438936526 -0.31756379352778424 -0.27577776641585322 2.689621872075501 -0.20366764816118102 -0.19819292155625265 -0.0073098078009767621 -0.21076915992635839 -0.15751006752627933 -0.23341665184753196 -0.30023359142348727 -0.28940438036372357 -0.39353308114639274
leaf_weight=522 355 384 492 369 440 511 773 660 2542 1005 546 824 577
leaf_count=522 355 384 492 369 440 511 773 660 2542 1005 546 824 577
internal_value=0 0.142214 1.11717 3.62882 -0.231685 -0.136605 -0.0832765 -0.300899 -0.200991 -0.180119 -0.251273 -0.259559 -0.363177
internal_weight=0 9645 2667 891 6978 1776 1284 2167 4811 3547 1206 1264 961
internal_count=10000 9645 2667 891 6978 1776 1284 2167 4811 3547 1206 1264 961
cat_boundaries=0 1 2
cat_threshold=1 6
is_linear=0
shrinkage=0.0100123


Tree=235
num_leaves=15
num_cat=0
split_feature=55 4 4 10 2 10 3 2 4 4 3 10 4 2
split_gain=8.48963e+07 1.69676e+07 9.97547e+07 5.4318e+06 497388 158455 144545 66316.2 40150.6 94743.5 28220.1 26188.3 9269.42 8541.01
threshold=0.24409000000000003 1010.0000000000001 1256.5000000000002 5.5000000000000009 9353.0000000000018 10.500000000000002 31.880000000000003 4730.5000000000009 508.00000000000006 662.00000000000011 28.360000000000003 7.5000000000000009 1990.0000000000002 5221.0000000000009
decision_type=2 2 2 2 2 2 2 2 2 2 2 2 2 2
left_child=1 6 3 -3 5 -4 7 10 11 -10 -1 -8 -6 -9
right_child=-2 2 4 -5 12 -7 8 13 9 -11 -12 -13 -14 -15
leaf_value=-0.1848414073649903 5.1263251494354156 4.2497594197592505 -0.078108458283398033 2.6626926142922347 -0.42750827652597362 -0.30402992281578234 -0.18871341256849125 -0.41145304141875311 -0.28157333191867778 -0.14958758094278254 -0.29742694272653153 -0.10501182555222145 -0.35955559391979997 -0.34328145590121839
leaf_weight=385 355 522 2146 369 437 364 964 372 1215 989 531 613 373 365
leaf_count=385 355 522 2146 369 437 364 964 372 1215 989 531 613 373 365
internal_value=0 0.140786 0.617831 3.59249 -0.180489 -0.110872 -0.228892 -0.306991 -0.194749 -0.222347 -0.250107 -0.156178 -0.396216 -0.377691
internal_weight=0 9645 4211 891 3320 2510 5434 1653 3781 2204 916 1577 810 737
internal_count=10000 9645 4211 891 3320 2510 5434 1653 3781 2204 916 1577 810 737
is_linear=0
shrinkage=0.0100123


Tree=236
num_leaves=15
num_cat=0
split_feature=55 0 0 10 2 3 3 2 0 0 3 10 0 2
split_gain=8.32048e+07 1.66295e+07 9.77671e+07 5.32358e+06 487570 141665 113124 64995.9 39350.6 92855.8 28056.9 25666.5 11602 7657.66
threshold=0.24409000000000003 2006.5000000000002 2519.5000000000005 5.5000000000000009 9292.5000000000018 31.880000000000003 23.395000000000003 4711.5000000000009 991.00000000000011 1296.5000000000002 28.360000000000003 7.5000000000000009 4055.5000000000005 5221.0000000000009
decision_type=2 2 2 2 2 2 2 2 2 2 2 2 2 2
left_child=1 5 3 -3 6 7 -4 10 11 -10 -1 -7 -6 -9
right_child=-2 2 4 -5 12 8 -8 13 9 -11 -12 -13 -14 -15
leaf_value=-0.18118272132769989 5.0749989406271538 4.207209643466097 -0.22020920806593972 2.636032991451466 -0.41672655880878934 -0.18682396132247417 -0.065926840765231517 -0.4038121543568397 -0.2787541412710568 -0.14808986842791177 -0.29427390890591293 -0.10396041826117684 -0.34319150580112634 -0.33984442529755426
leaf_weight=380 355 522 647 369 468 964 1807 386 1215 989 522 613 398 365
leaf_count=380 355 522 647 369 468 964 1807 386 1215 989 522 613 398 365
internal_value=0 0.139377 0.611645 3.55652 -0.178682 -0.226601 -0.106604 -0.303917 -0.192799 -0.220121 -0.24663 -0.154614 -0.382931 -0.372723
internal_weight=0 9645 4211 891 3320 5434 2454 1653 3781 2204 902 1577 866 751
internal_count=10000 9645 4211 891 3320 5434 2454 1653 3781 2204 902 1577 866 751
is_linear=0
shrinkage=0.0100123


Tree=237
num_leaves=15
num_cat=0
split_feature=55 4 4 10 2 10 3 2 4 4 3 10 4 2
split_gain=8.1547e+07 1.62982e+07 9.58192e+07 5.21751e+06 478190 155208 138843 63732.6 38566.5 91005.7 27103.9 25218.5 8886.97 8212.71
threshold=0.24409000000000003 1010.0000000000001 1256.5000000000002 5.5000000000000009 9353.0000000000018 10.500000000000002 31.880000000000003 4730.5000000000009 508.00000000000006 662.00000000000011 28.360000000000003 6.5000000000000009 1990.0000000000002 5221.0000000000009
decision_type=2 2 2 2 2 2 2 2 2 2 2 2 2 2
left_child=1 6 3 -3 5 -4 7 10 11 -10 -1 -8 -6 -9
right_child=-2 2 4 -5 12 -7 8 13 9 -11 -12 -13 -14 -15
leaf_value=-0.18114772387263339 5.024186661556727 4.165085896076973 -0.076206537894295781 2.60964030078715 -0.41905556369251901 -0.29980112688969007 -0.19023616396762483 -0.40329037863796757 -0.2759631768615507 -0.14660715128317756 -0.29148408122699387 -0.10993801444267018 -0.35251949406900995 -0.33644180863864487
leaf_weight=385 355 522 2146 369 437 364 847 372 1215 989 531 730 373 365
leaf_count=385 355 522 2146 369 437 364 847 372 1215 989 531 730 373 365
internal_value=0 0.137981 0.605521 3.52091 -0.176893 -0.108632 -0.224332 -0.300874 -0.190869 -0.217917 -0.245109 -0.153066 -0.388416 -0.370184
internal_weight=0 9645 4211 891 3320 2510 5434 1653 3781 2204 916 1577 810 737
internal_count=10000 9645 4211 891 3320 2510 5434 1653 3781 2204 916 1577 810 737
is_linear=0
shrinkage=0.0100123


Tree=238
num_leaves=13
num_cat=1
split_feature=1 4 10 55 2 4 4 3 9 2 3 2
split_gain=7.99602e+07 1.75895e+08 2.44994e+06 1.20167e+06 172893 155757 137037 115237 119030 53405.8 10230.7 10030.5
threshold=0 1448.0000000000002 5.5000000000000009 0.15591500000000003 8873.0000000000018 662.00000000000011 508.00000000000006 34.740000000000002 2021.5000000000002 8384.5000000000018 45.665000000000013 9613.5000000000018
decision_type=1 2 2 2 2 2 2 2 2 2 2 2
left_child=1 2 -1 4 5 6 -2 -3 -9 -10 -7 -6
right_child=3 7 -4 -5 11 10 -8 8 9 -11 -12 -13
leaf_value=5.5110152537776562 -0.18758407974047542 -0.24759999172901498 4.517904085463889 -0.80725741405292872 -0.32459738824919776 -0.087018937371277055 -0.29981981838459165 -0.18841985189668337 0.094788498941855898 -0.068038146166302119 -0.14109340456714842 -0.39536378962507329
leaf_weight=572 2377 503 441 378 360 530 2015 518 369 446 1037 454
leaf_count=572 2377 503 441 378 360 530 2015 518 369 446 1037 454
internal_value=0 1.72339 5.07867 -0.257499 -0.227197 -0.208501 -0.239077 -0.118471 -0.0697446 0.00568337 -0.122804 -0.364067
internal_weight=0 2849 1013 7151 6773 5959 4392 1836 1333 815 1567 814
internal_count=10000 2849 1013 7151 6773 5959 4392 1836 1333 815 1567 814
cat_boundaries=0 1
cat_threshold=1
is_linear=0
shrinkage=0.0100123


Tree=239
num_leaves=19
num_cat=1
split_feature=1 0 10 0 10 3 2 2 2 0 3 3 3 10 10 2 10 2
split_gain=7.8367e+07 1.7239e+08 2.40112e+06 112941 108955 75529.1 65976.8 71808.6 61530.8 59989.5 50803.5 76372 62821 46232.1 35509.5 12746.7 9297.44 3064.14
threshold=0 2928.0000000000005 5.5000000000000009 4929.5000000000009 4.5000000000000009 77.705000000000027 5605.5000000000009 8954.0000000000018 8692.5000000000018 991.00000000000011 32.330000000000005 27.575000000000003 42.880000000000003 7.5000000000000009 8.5000000000000018 4982.0000000000009 7.5000000000000009 5152.0000000000009
decision_type=1 2 2 2 2 2 2 2 2 2 2 2 2 2 2 2 2 2
left_child=1 2 -1 -3 5 6 9 -8 16 -2 11 15 14 -14 -12 -6 -5 -7
right_child=4 3 -4 8 10 17 7 -9 -10 -11 12 -13 13 -15 -16 -17 -18 -19
leaf_value=5.4558374344549847 -0.32184245155896024 -0.24512095258448988 4.4726695735946969 0.0036750851357874536 -0.1623351621161605 -0.25144871605107283 -0.19765536688962104 -0.38987775302189931 -0.17677181690667776 -0.4963029470701637 -0.058090320912976785 -0.351557807411014 -0.29242569028749155 -0.19949094142167839 -0.18682737305948327 -0.24613742705116873 -0.058946920625202216 -0.21401806967267392
leaf_weight=572 370 503 441 500 358 522 426 359 380 424 370 697 823 1542 512 370 453 378
leaf_count=572 370 503 441 500 358 522 426 359 380 424 370 697 823 1542 512 370 453 378
internal_value=0 1.70614 5.02782 -0.117285 -0.254921 -0.30893 -0.350653 -0.285563 -0.0690463 -0.415005 -0.226809 -0.276647 -0.204937 -0.231831 -0.132822 -0.204927 -0.0260917 -0.235728
internal_weight=0 2849 1013 1836 7151 2479 1579 785 1333 794 4672 1425 3247 2365 882 728 953 900
internal_count=10000 2849 1013 1836 7151 2479 1579 785 1333 794 4672 1425 3247 2365 882 728 953 900
cat_boundaries=0 1
cat_threshold=1
is_linear=0
shrinkage=0.0100123


Tree=240
num_leaves=13
num_cat=1
split_feature=55 1 4 10 10 4 10 55 4 4 4 9
split_gain=7.91816e+07 3.05859e+07 7.30284e+07 4.98298e+06 125702 143063 100311 41857.5 37382.6 17532.9 24352 14914.7
threshold=0.24409000000000003 0 1448.0000000000002 5.5000000000000009 9.5000000000000018 2415.0000000000005 4.5000000000000009 0.090080000000000007 508.00000000000006 508.00000000000006 662.00000000000011 2022.5000000000002
decision_type=2 1 2 2 2 2 2 2 2 2 2 2
left_child=1 2 3 -1 5 -4 9 8 -8 11 -11 -3
right_child=-2 6 4 -5 -6 -7 7 -9 -10 10 -12 -13
leaf_value=4.0135807101973731 4.9460694985545928 -0.28127174724498566 -0.24793573327959748 2.4934957289139597 -0.27040896173908119 -0.01406066269235944 -0.15973382741946493 -0.086229220263657855 -0.22171309265084044 -0.33168875359168082 -0.25305406976568978 -0.19476570299025381
leaf_weight=522 355 355 362 369 463 951 1529 356 2695 741 845 457
leaf_count=522 355 355 362 369 463 951 1529 356 2695 741 845 457
internal_value=0 0.131254 1.04104 3.38405 -0.128561 -0.0785411 -0.217647 -0.190491 -0.199278 -0.270422 -0.289793 -0.232585
internal_weight=0 9645 2667 891 1776 1313 6978 4580 4224 2398 1586 812
internal_count=10000 9645 2667 891 1776 1313 6978 4580 4224 2398 1586 812
cat_boundaries=0 1
cat_threshold=1
is_linear=0
shrinkage=0.0100123


Tree=241
num_leaves=15
num_cat=0
split_feature=55 0 0 10 2 10 3 2 0 0 3 10 9 2
split_gain=7.76039e+07 1.47705e+07 8.68218e+07 4.8837e+06 456195 150391 133113 61832.3 36156.4 87472.2 24886 24259 8770.76 8004.72
threshold=0.24409000000000003 2006.5000000000002 2519.5000000000005 5.5000000000000009 9353.0000000000018 10.500000000000002 31.880000000000003 4730.5000000000009 991.00000000000011 1296.5000000000002 28.360000000000003 6.5000000000000009 2022.5000000000002 5221.0000000000009
decision_type=2 2 2 2 2 2 2 2 2 2 2 2 2 2
left_child=1 6 3 -3 5 -4 7 10 11 -10 -1 -8 -6 -9
right_child=-2 2 4 -5 12 -7 8 13 9 -11 -12 -13 -14 -15
leaf_value=-0.17370499754911811 4.8965480789723834 3.9733956269924073 -0.071155049139789539 2.4685301552924588 -0.41096288616037713 -0.29125273036498434 -0.18206301108869596 -0.39087414361760875 -0.26530688596126228 -0.13848699256993732 -0.27943066330193395 -0.10330731519207383 -0.34498942304735897 -0.32487749809371569
leaf_weight=385 355 522 2146 369 385 364 847 372 1215 989 531 730 425 365
leaf_count=385 355 522 2146 369 385 364 847 372 1215 989 531 730 425 365
internal_value=0 0.12994 0.575028 3.35017 -0.169746 -0.103074 -0.214975 -0.289921 -0.182209 -0.208399 -0.234994 -0.145607 -0.376347 -0.358189
internal_weight=0 9645 4211 891 3320 2510 5434 1653 3781 2204 916 1577 810 737
internal_count=10000 9645 4211 891 3320 2510 5434 1653 3781 2204 916 1577 810 737
is_linear=0
shrinkage=0.0100123


Tree=242
num_leaves=20
num_cat=0
split_feature=0 0 10 0 9 10 9 0 9 0 3 10 3 10 3 0 0 0 10
split_gain=3.91188e+07 2.00054e+08 2.23898e+06 193125 112040 80028 85801.7 79641.9 72500.4 66643 60521 42235.9 43982.7 34480.4 26804.6 18232.9 9213.5 22700.9 6345.59
threshold=2006.5000000000002 2519.5000000000005 5.5000000000000009 4929.5000000000009 2021.5000000000002 7.5000000000000009 2022.5000000000002 991.00000000000011 2021.5000000000002 1296.5000000000002 39.135000000000012 5.5000000000000009 77.705000000000027 3.5000000000000004 33.020000000000003 1032.5000000000002 1296.5000000000002 991.00000000000011 5.5000000000000009
decision_type=2 2 2 2 2 2 2 2 2 2 2 2 2 2 2 2 2 2 2
left_child=5 2 -2 8 -5 6 11 14 10 15 -3 12 -1 -10 -7 -9 17 -8 -6
right_child=1 3 -4 4 18 7 16 9 13 -11 -12 -13 -14 -15 -16 -17 -18 -19 -20
leaf_value=-0.43537713467708045 5.3196201778824239 -0.24060059325761723 4.3702286604728613 -0.18502391367901427 -0.024067058123675818 -0.21239919015271691 -0.21752851070565643 -0.27248804947712124 -0.35448269489688727 -0.1670346918968944 -0.070547476457220676 -0.27002719500332273 -0.30297684299013683 -0.23870866891032691 -0.10760107570455693 -0.36193082022749229 -0.19794264095539862 -0.302047703730218 0.031820440452915787
leaf_weight=627 572 407 441 518 416 405 719 480 370 457 433 495 420 851 618 436 364 572 399
leaf_count=627 572 407 441 518 416 405 719 480 370 457 433 495 420 851 618 436 364 572 399
internal_value=0 1.00163 4.90631 -0.163798 -0.0698859 -0.259712 -0.292499 -0.215964 -0.224537 -0.265791 -0.152942 -0.346236 -0.382265 -0.273792 -0.14909 -0.315061 -0.242432 -0.254976 0.00329382
internal_weight=0 4407 1013 3394 1333 5593 3197 2396 2061 1373 840 1542 1047 1221 1023 916 1655 1291 815
internal_count=10000 4407 1013 3394 1333 5593 3197 2396 2061 1373 840 1542 1047 1221 1023 916 1655 1291 815
is_linear=0
shrinkage=0.0100123


Tree=243
num_leaves=19
num_cat=1
split_feature=1 4 10 10 3 9 3 2 2 4 2 4 2 4 10 3 3 12
split_gain=7.31652e+07 1.61032e+08 2.19437e+06 105567 104244 109808 77331.6 69482.8 67666 64222.5 51779.8 47703.2 100261 83533.3 81254.5 37840.9 36809.8 3084.64
threshold=0 1448.0000000000002 5.5000000000000009 4.5000000000000009 34.740000000000002 2021.5000000000002 77.705000000000027 5605.5000000000009 8873.0000000000018 508.00000000000006 8384.5000000000018 662.00000000000011 8832.5000000000018 508.00000000000006 6.5000000000000009 30.840000000000003 84.120000000000019 2.5000000000000004
decision_type=1 2 2 2 2 2 2 2 2 2 2 2 2 2 2 2 2 2
left_child=1 2 -1 6 -3 -6 7 9 -9 -2 -7 13 16 14 -5 -15 -13 -8
right_child=3 4 -4 11 5 10 17 8 -10 -11 -12 12 -14 15 -16 -17 -18 -19
leaf_value=5.2663586655173535 -0.31307142917299408 -0.23834571274318592 4.3264727108687229 -0.31602923357403262 -0.18317140288259831 0.090998964992425435 -0.2484295283568525 -0.18681535269150343 -0.37283994731623815 -0.49358211682495695 -0.069329677017204272 -0.090086037412964337 -0.30626983362699922 -0.37772579629378911 -0.15489275002900688 -0.26505754399111325 -0.20109698317771882 -0.21100074981324501
leaf_weight=572 370 503 441 424 518 369 388 406 379 424 446 780 453 456 1206 867 486 512
leaf_count=572 370 503 441 424 518 369 388 406 379 424 446 780 453 456 1206 867 486 512
internal_value=0 1.64681 4.85719 -0.248049 -0.11553 -0.0691862 -0.301207 -0.343425 -0.276629 -0.409465 0.00326084 -0.220374 -0.178441 -0.244783 -0.196808 -0.303891 -0.132702 -0.227137
internal_weight=0 2849 1013 7151 1836 1333 2479 1579 785 794 815 4672 1719 2953 1630 1323 1266 900
internal_count=10000 2849 1013 7151 1836 1333 2479 1579 785 794 815 4672 1719 2953 1630 1323 1266 900
cat_boundaries=0 1
cat_threshold=1
is_linear=0
shrinkage=0.0100123


Tree=244
num_leaves=12
num_cat=1
split_feature=55 1 4 2 2 4 4 3 2 3 2
split_gain=7.52762e+07 2.76932e+07 6.61047e+07 1.61517e+06 149020 171611 127903 114926 62283 20889.5 11450.1
threshold=0.24409000000000003 0 1448.0000000000002 8288.0000000000018 8832.5000000000018 662.00000000000011 508.00000000000006 34.740000000000002 8692.5000000000018 45.665000000000013 9574.0000000000018
decision_type=2 1 2 2 2 2 2 2 2 2 2
left_child=1 2 3 -1 5 6 -3 -4 -9 -7 -6
right_child=-2 4 7 -5 10 9 -8 8 -10 -11 -12
leaf_value=2.7396934397655115 4.8181788902545266 -0.17476404173821244 -0.25359531161473137 3.5980229175406762 -0.29076633129695512 -0.053697906668478186 -0.28258654328317862 -0.029847941830828281 -0.18469998075210578 -0.12950925264560439 -0.36530499084276197
leaf_weight=394 355 2405 492 497 361 531 2037 921 363 1161 483
leaf_count=394 355 2405 492 497 361 531 2037 921 363 1161 483
internal_value=0 0.123601 0.989298 3.21847 -0.208389 -0.191524 -0.224209 -0.123483 -0.0736262 -0.105717 -0.333423
internal_weight=0 9645 2667 891 6978 6134 4442 1776 1284 1692 844
internal_count=10000 9645 2667 891 6978 6134 4442 1776 1284 1692 844
cat_boundaries=0 1
cat_threshold=1
is_linear=0
shrinkage=0.0100123


Tree=245
num_leaves=16
num_cat=0
split_feature=0 0 10 2 10 0 10 3 0 10 0 9 2 9 11
split_gain=3.70928e+07 1.8948e+08 2.15119e+06 427154 129043 123117 79801.3 79473.4 77237.5 53141 50241.5 41001.1 35108.8 12034.2 4569.69
threshold=2006.5000000000002 2519.5000000000005 5.5000000000000009 9353.0000000000018 10.500000000000002 4929.5000000000009 1.5000000000000002 32.330000000000005 1032.5000000000002 7.5000000000000009 991.00000000000011 2022.5000000000002 4573.5000000000009 2022.5000000000002 15.500000000000002
decision_type=2 2 2 2 2 2 2 2 2 2 2 2 2 2 2
left_child=6 2 -2 4 5 -3 -1 8 12 11 -11 -9 -8 -5 -10
right_child=1 3 -4 13 -6 -7 7 9 14 10 -12 -13 -14 -15 -16
leaf_value=-0.3732008770920836 5.1795279473299232 -0.13528143024054134 4.2489359102445752 -0.39920153691528731 -0.26620654060387849 0.015489854768257316 -0.1661119307176307 -0.31792365935029709 -0.34947267509228336 -0.1036257047104832 -0.21666906814494966 -0.21891160226930531 -0.30166329455381052 -0.32245171926318439 -0.39870600965551656
leaf_weight=511 572 1195 441 387 382 995 396 641 375 618 1088 1212 371 435 381
leaf_count=511 572 1195 441 387 382 995 396 641 375 618 1088 1212 371 435 381
internal_value=0 0.974308 4.7744 -0.159899 -0.0963996 -0.0667803 -0.253933 -0.241941 -0.302467 -0.21604 -0.175719 -0.253162 -0.231678 -0.358586 -0.374285
internal_weight=0 4407 1013 3394 2572 2190 5593 5082 1523 3559 1706 1853 767 822 756
internal_count=10000 4407 1013 3394 2572 2190 5593 5082 1523 3559 1706 1853 767 822 756
is_linear=0
shrinkage=0.0100123


Tree=246
num_leaves=12
num_cat=1
split_feature=55 1 0 10 2 0 0 10 0 0 2
split_gain=7.34027e+07 2.63324e+07 6.28836e+07 4.59872e+06 144875 166886 123471 119137 131678 17215.7 10802.7
threshold=0.24409000000000003 0 2928.0000000000005 5.5000000000000009 8832.5000000000018 1296.5000000000002 991.00000000000011 9.5000000000000018 4929.5000000000009 2519.5000000000005 9574.0000000000018
decision_type=2 1 2 2 2 2 2 2 2 2 2
left_child=1 2 3 -1 5 6 -3 8 -4 -7 -6
right_child=-2 4 7 -5 10 9 -8 -9 -10 -11 -12
leaf_value=3.7430160215779429 4.7556927069825594 -0.17084430161682027 -0.23508733754225603 2.2827162744354701 -0.28567128512450624 -0.12956767215525455 -0.27678239275070587 -0.25936280976274578 -0.010710889543313836 -0.06478741482497824 -0.35807214668043663
leaf_weight=522 355 2405 362 369 361 987 2037 463 951 705 483
leaf_count=522 355 2405 362 369 361 987 2037 463 951 705 483
internal_value=0 0.119905 0.964066 3.13825 -0.203824 -0.187193 -0.219425 -0.121268 -0.0725725 -0.102576 -0.327104
internal_weight=0 9645 2667 891 6978 6134 4442 1776 1313 1692 844
internal_count=10000 9645 2667 891 6978 6134 4442 1776 1313 1692 844
cat_boundaries=0 1
cat_threshold=1
is_linear=0
shrinkage=0.0100123


Tree=247
num_leaves=12
num_cat=1
split_feature=55 1 0 2 2 0 0 0 2 3 2
split_gain=7.19402e+07 2.58077e+07 6.16307e+07 1.57009e+06 141988 163561 121011 109107 59619.2 19779.8 10587.5
threshold=0.24409000000000003 0 2928.0000000000005 8288.0000000000018 8832.5000000000018 1296.5000000000002 991.00000000000011 4929.5000000000009 8692.5000000000018 45.665000000000013 9574.0000000000018
decision_type=2 1 2 2 2 2 2 2 2 2 2
left_child=1 2 3 -1 5 6 -3 -4 -9 -7 -6
right_child=-2 4 7 -5 10 9 -8 8 -10 -11 -12
leaf_value=2.6347754965778711 4.7080773558466094 -0.16913376110281148 -0.24683051599424666 3.4810443258864527 -0.2828110648752169 -0.050930007446797647 -0.27401117003391551 -0.028644510708152771 -0.18014896327894089 -0.12470014694532829 -0.3544870281847044
leaf_weight=394 355 2405 492 497 361 531 2037 921 363 1161 483
leaf_count=394 355 2405 492 497 361 531 2037 921 363 1161 483
internal_value=0 0.118704 0.954413 3.10682 -0.201783 -0.185319 -0.217228 -0.120054 -0.0714764 -0.101549 -0.323829
internal_weight=0 9645 2667 891 6978 6134 4442 1776 1284 1692 844
internal_count=10000 9645 2667 891 6978 6134 4442 1776 1284 1692 844
cat_boundaries=0 1
cat_threshold=1
is_linear=0
shrinkage=0.0100123


Tree=248
num_leaves=13
num_cat=1
split_feature=55 1 0 10 10 0 10 55 0 0 0 9
split_gain=7.05068e+07 2.52935e+07 6.04027e+07 4.49932e+06 116607 126975 90818.3 39371.8 32428.6 15355.6 20860.3 13453
threshold=0.24409000000000003 0 2928.0000000000005 5.5000000000000009 9.5000000000000018 4929.5000000000009 4.5000000000000009 0.090080000000000007 991.00000000000011 991.00000000000011 1296.5000000000002 2022.5000000000002
decision_type=2 1 2 2 2 2 2 2 2 2 2 2
left_child=1 2 3 -1 5 -4 9 8 -8 11 -11 -3
right_child=-2 6 4 -5 -6 -7 7 -9 -10 10 -12 -13
leaf_value=3.6739168767872443 4.6609388103762974 -0.26079762132819351 -0.23026224245778434 2.2294855428664389 -0.2554726801012811 -0.0099292519383575757 -0.14560416120845937 -0.072794294421690109 -0.20333073296707746 -0.30687216910796777 -0.23409301709240457 -0.17863978191506144
leaf_weight=522 355 355 362 369 463 951 1529 356 2695 741 845 457
leaf_count=522 355 355 362 369 463 951 1529 356 2695 741 845 457
internal_value=0 0.117516 0.944857 3.07572 -0.118852 -0.070676 -0.199763 -0.173913 -0.182435 -0.249968 -0.268096 -0.214559
internal_weight=0 9645 2667 891 1776 1313 6978 4580 4224 2398 1586 812
internal_count=10000 9645 2667 891 1776 1313 6978 4580 4224 2398 1586 812
cat_boundaries=0 1
cat_threshold=1
is_linear=0
shrinkage=0.0100123


Tree=249
num_leaves=16
num_cat=0
split_feature=0 0 10 2 10 0 10 3 0 10 0 9 2 9 11
split_gain=3.49725e+07 1.78122e+08 2.00578e+06 401392 128972 110968 89771.7 73606.4 77420.9 58067.2 48532 45553.8 34236.9 10962.4 5067.07
threshold=2006.5000000000002 2519.5000000000005 5.5000000000000009 9353.0000000000018 10.500000000000002 4929.5000000000009 1.5000000000000002 32.330000000000005 1032.5000000000002 7.5000000000000009 991.00000000000011 2022.5000000000002 4573.5000000000009 2022.5000000000002 15.500000000000002
decision_type=2 2 2 2 2 2 2 2 2 2 2 2 2 2 2
left_child=6 2 -2 4 5 -3 -1 8 12 11 -11 -9 -8 -5 -10
right_child=1 3 -4 13 -6 -7 7 9 14 10 -12 -13 -14 -15 -16
leaf_value=-0.37607128486203734 5.0186792511841922 -0.13050453849276966 4.1200875450465322 -0.38800412352684049 -0.26484222266551583 0.012634348554719239 -0.15948213619452623 -0.31899332444089279 -0.34087737239587984 -0.098921537308686386 -0.2100251059003222 -0.21462881839372033 -0.29333972892848781 -0.31475182704912535 -0.39272084329754642
leaf_weight=511 572 1195 441 387 382 995 396 641 375 618 1088 1212 371 435 381
leaf_count=511 572 1195 441 387 382 995 396 641 375 618 1088 1212 371 435 381
internal_value=0 0.943049 4.62749 -0.156637 -0.0950822 -0.0654711 -0.249572 -0.236853 -0.295102 -0.211926 -0.169778 -0.250731 -0.224229 -0.349239 -0.367005
internal_weight=0 4407 1013 3394 2572 2190 5593 5082 1523 3559 1706 1853 767 822 756
internal_count=10000 4407 1013 3394 2572 2190 5593 5082 1523 3559 1706 1853 767 822 756
is_linear=0
shrinkage=0.0100123


Tree=250
num_leaves=15
num_cat=0
split_feature=55 0 0 10 2 3 3 2 0 0 10 3 0 2
split_gain=6.8752e+07 1.18252e+07 6.96822e+07 4.35436e+06 403635 119874 94877.2 58795.1 31580 76576.5 20681 20569.5 9329.88 7742
threshold=0.24409000000000003 2006.5000000000002 2519.5000000000005 5.5000000000000009 9292.5000000000018 31.880000000000003 23.395000000000003 4730.5000000000009 991.00000000000011 1296.5000000000002 6.5000000000000009 28.360000000000003 4055.5000000000005 5221.0000000000009
decision_type=2 2 2 2 2 2 2 2 2 2 2 2 2 2
left_child=1 5 3 -3 6 7 -4 11 10 -10 -7 -1 -6 -9
right_child=-2 2 4 -5 12 8 -8 13 9 -11 -12 -13 -14 -15
leaf_value=-0.15647529160008228 4.6005062992448043 3.5868841874802508 -0.19345424124036281 2.1659118426493227 -0.37113972227475056 -0.16299462382035468 -0.052161511681734551 -0.36447165932124287 -0.24126385800917585 -0.12260500286180202 -0.090278406780973333 -0.25259559731276016 -0.30519721857648785 -0.2995670665715745
leaf_weight=385 355 522 647 369 468 847 1807 372 1215 989 730 531 398 365
leaf_count=385 355 522 647 369 468 847 1807 372 1215 989 730 531 398 365
internal_value=0 0.113981 0.512228 2.9984 -0.154995 -0.194635 -0.0894135 -0.265757 -0.163542 -0.188018 -0.129334 -0.212196 -0.340834 -0.332328
internal_weight=0 9645 4211 891 3320 5434 2454 1653 3781 2204 1577 916 866 737
internal_count=10000 9645 4211 891 3320 5434 2454 1653 3781 2204 1577 916 866 737
is_linear=0
shrinkage=0.0100123


Tree=251
num_leaves=12
num_cat=1
split_feature=55 1 0 2 2 0 0 2 0 0 2
split_gain=6.73821e+07 2.35633e+07 5.62879e+07 1.51883e+06 135871 156021 113093 103986 62921.1 16074.3 9487.22
threshold=0.24409000000000003 0 2928.0000000000005 8288.0000000000018 8832.5000000000018 1296.5000000000002 991.00000000000011 8873.0000000000018 4929.5000000000009 2519.5000000000005 9574.0000000000018
decision_type=2 1 2 2 2 2 2 2 2 2 2
left_child=1 2 3 -1 5 6 -3 8 -4 -7 -6
right_child=-2 4 7 -5 10 9 -8 -9 -10 -11 -12
leaf_value=2.5041015935273276 4.554444731125229 -0.16195292310767681 -0.18436574768315284 3.3364395092274193 -0.2739474394082525 -0.12154758828408228 -0.2633412152643787 -0.25755351545430916 -0.032560455509666679 -0.058951608256186637 -0.34179692678383622
leaf_weight=394 355 2405 377 497 361 987 2037 400 999 705 483
leaf_count=394 355 2405 377 497 361 987 2037 400 999 705 483
internal_value=0 0.11284 0.911383 2.96838 -0.193394 -0.177283 -0.208447 -0.115459 -0.0741525 -0.0954659 -0.312776
internal_weight=0 9645 2667 891 6978 6134 4442 1776 1376 1692 844
internal_count=10000 9645 2667 891 6978 6134 4442 1776 1376 1692 844
cat_boundaries=0 1
cat_threshold=1
is_linear=0
shrinkage=0.0100123


Tree=252
num_leaves=15
num_cat=0
split_feature=0 0 10 10 0 10 9 3 0 10 9 9 0 10
split_gain=3.34109e+07 1.69843e+08 1.91753e+06 181403 204217 96070.7 82058.2 68692.6 93792.1 62721.6 51058.2 46961.6 46569.8 5046.88
threshold=2006.5000000000002 2519.5000000000005 5.5000000000000009 10.500000000000002 4929.5000000000009 1.5000000000000002 2021.5000000000002 30.840000000000003 1032.5000000000002 7.5000000000000009 2021.5000000000002 2022.5000000000002 991.00000000000011 7.5000000000000009
decision_type=2 2 2 2 2 2 2 2 2 2 2 2 2 2
left_child=5 2 -2 4 6 -1 -3 8 13 11 -6 -9 -11 -7
right_child=1 3 -4 -5 10 7 -8 9 -10 12 -12 -13 -14 -15
leaf_value=-0.37677299165163358 4.9000587487206717 -0.098433778543628475 4.0214591705343095 -0.31248468389003087 -0.10481613040515232 -0.24510488436692959 -0.24251478535688797 -0.31888718135306143 -0.38252517817251319 -0.096165915923182452 0.037331429770032933 -0.21461200162177518 -0.20500030684340076 -0.1936578464218614
leaf_weight=511 572 630 441 597 396 362 1068 641 634 618 703 1334 1088 405
leaf_count=511 572 630 441 597 396 362 1068 641 634 618 703 1334 1088 405
internal_value=0 0.919778 4.51757 -0.154047 -0.12023 -0.245911 -0.189057 -0.232753 -0.29242 -0.210043 -0.0138883 -0.248455 -0.165575 -0.217939
internal_weight=0 4407 1013 3394 2797 5593 1698 5082 1401 3681 1099 1975 1706 767
internal_count=10000 4407 1013 3394 2797 5593 1698 5082 1401 3681 1099 1975 1706 767
is_linear=0
shrinkage=0.0100123


Tree=253
num_leaves=13
num_cat=0
split_feature=55 0 0 10 2 10 0 0 10 2 9 10
split_gain=6.57034e+07 1.10064e+07 6.4914e+07 4.207e+06 386703 136344 60055.8 109948 30789.9 27794.6 8225.69 2129.31
threshold=0.24409000000000003 2006.5000000000002 2519.5000000000005 5.5000000000000009 9353.0000000000018 10.500000000000002 1296.5000000000002 991.00000000000011 5.5000000000000009 4264.5000000000009 2022.5000000000002 5.5000000000000009
decision_type=2 2 2 2 2 2 2 2 2 2 2 2
left_child=1 6 3 -3 5 -4 7 8 -1 -9 -6 -8
right_child=-2 2 4 -5 10 -7 11 9 -10 -11 -12 -13
leaf_value=-0.1992216714228964 4.4953533847282872 3.4716821725854938 -0.058575959128676601 2.0749607336947418 -0.37409046095098125 -0.26814270929816825 -0.13491905638552518 -0.19492512592484648 -0.12692090677739268 -0.27973403104163735 -0.31019988347683053 -0.10517885930915584
leaf_weight=1040 355 522 2146 369 385 364 418 520 1366 1519 425 571
leaf_count=1040 355 522 2146 369 385 364 418 520 1366 1519 425 571
internal_value=0 0.109426 0.493638 2.89324 -0.150352 -0.0889673 -0.188313 -0.204014 -0.158173 -0.258105 -0.340568 -0.117749
internal_weight=0 9645 4211 891 3320 2510 5434 4445 2406 2039 810 989
internal_count=10000 9645 4211 891 3320 2510 5434 4445 2406 2039 810 989
is_linear=0
shrinkage=0.0100123


Tree=254
num_leaves=12
num_cat=1
split_feature=55 1 0 10 2 0 10 0 0 3 2
split_gain=6.43943e+07 2.19468e+07 5.24314e+07 4.12318e+06 131248 149381 108390 117892 106974 18261.7 8751.96
threshold=0.24409000000000003 0 2928.0000000000005 5.5000000000000009 8832.5000000000018 1296.5000000000002 9.5000000000000018 4929.5000000000009 991.00000000000011 45.665000000000013 9574.0000000000018
decision_type=2 1 2 2 2 2 2 2 2 2 2
left_child=1 2 3 -1 5 8 7 -4 -3 -7 -6
right_child=-2 4 6 -5 10 9 -8 -9 -10 -11 -12
leaf_value=3.4369227252435524 4.4503446616437996 -0.15664689240964721 -0.21937079456608691 2.0541856528899549 -0.26724652332478072 -0.042677212514376527 -0.24376498439769967 -0.0070649341318676463 -0.25525414648661238 -0.11355999899506075 -0.33241380861192943
leaf_weight=522 355 2405 362 369 361 531 463 951 2037 1161 483
leaf_count=522 355 2405 362 369 361 531 463 951 2037 1161 483
internal_value=0 0.108331 0.878997 2.86427 -0.18721 -0.171372 -0.112046 -0.0655986 -0.201866 -0.0913149 -0.30454
internal_weight=0 9645 2667 891 6978 6134 1776 1313 4442 1692 844
internal_count=10000 9645 2667 891 6978 6134 1776 1313 4442 1692 844
cat_boundaries=0 1
cat_threshold=1
is_linear=0
shrinkage=0.0100123


Tree=255
num_leaves=17
num_cat=0
split_feature=0 0 11 2 3 0 3 2 12 0 9 3 0 3 3 3
split_gain=3.19292e+07 1.61992e+08 1.21447e+06 359204 72731.2 62534.7 112829 51578.2 35540.7 30688.4 22771.5 19374.3 18154.3 12026.8 11182.4 9467.3
threshold=2006.5000000000002 2519.5000000000005 15.500000000000002 9353.0000000000018 23.395000000000003 991.00000000000011 29.660000000000004 8832.5000000000018 2.5000000000000004 1032.5000000000002 2021.5000000000002 79.860000000000028 855.00000000000011 31.880000000000003 129.56000000000003 43.810000000000009
decision_type=2 2 2 2 2 2 2 2 2 2 2 2 2 2 2 2
left_child=5 2 -2 4 -3 8 -7 -6 12 10 -8 -11 -1 -10 -15 -5
right_child=1 3 -4 15 7 6 9 -9 13 11 -12 -13 -14 14 -16 -17
leaf_value=-0.21274849615364352 4.0651978084353431 -0.18335873294990229 4.7585501842372704 -0.30039411010662936 -0.035867623070827526 -0.38508472932586885 -0.22290374142624694 -0.1663609668233485 -0.2130976097383592 -0.25256133781317214 -0.3244282972778384 -0.1802806946860129 -0.29701270602019608 -0.1242893449319423 -0.19543549229564583 -0.36836489703540548
leaf_weight=599 508 666 505 419 1527 690 361 379 472 665 573 843 448 586 356 403
leaf_count=599 508 666 505 419 1527 690 361 379 472 665 573 843 448 586 356 403
internal_value=0 0.897194 4.41085 -0.151518 -0.0932883 -0.242355 -0.272032 -0.0618157 -0.204587 -0.240088 -0.285188 -0.212155 -0.248804 -0.171846 -0.151177 -0.333718
internal_weight=0 4407 1013 3394 2572 5593 3132 1906 2461 2442 934 1508 1047 1414 942 822
internal_count=10000 4407 1013 3394 2572 5593 3132 1906 2461 2442 934 1508 1047 1414 942 822
is_linear=0
shrinkage=0.0100123


Tree=256
num_leaves=15
num_cat=1
split_feature=1 0 10 10 10 0 3 3 3 10 3 3 3 10
split_gain=5.91785e+07 1.30684e+08 1.78658e+06 111260 81833.1 82174 67715.9 89032.4 58423.7 58558.2 42790.3 37992.8 22964.3 12577.9
threshold=0 2928.0000000000005 5.5000000000000009 1.5000000000000002 9.5000000000000018 4929.5000000000009 32.330000000000005 27.575000000000003 42.880000000000003 7.5000000000000009 36.225000000000009 28.685000000000006 43.810000000000009 6.5000000000000009
decision_type=1 2 2 2 2 2 2 2 2 2 2 2 2 2
left_child=1 2 -1 -2 5 -3 7 13 10 -10 -8 -9 -7 -5
right_child=3 4 -4 6 -6 12 8 11 9 -11 -12 -13 -14 -15
leaf_value=4.7358834905642624 -0.35666936597364962 -0.20094264938579456 3.8878145950093126 -0.2426469073407192 -0.22380710533917564 0.034534868115928617 -0.18229464475459423 -0.37593493054037269 -0.25748059558038383 -0.17289017476408844 -0.059337587799137149 -0.25191203214590485 -0.064406860609100586 -0.16753940796111025
leaf_weight=572 632 365 441 358 490 391 765 658 1753 1542 451 397 590 595
leaf_count=572 632 365 441 358 490 391 765 658 1753 1542 451 397 590 595
internal_value=0 1.47462 4.36668 -0.22951 -0.113021 -0.0726902 -0.217534 -0.2659 -0.196005 -0.217894 -0.136691 -0.329265 -0.0249714 -0.195754
internal_weight=0 2849 1013 7151 1836 1346 6519 2008 4511 3295 1216 1055 981 953
internal_count=10000 2849 1013 7151 1836 1346 6519 2008 4511 3295 1216 1055 981 953
cat_boundaries=0 1
cat_threshold=1
is_linear=0
shrinkage=0.0100123


Tree=257
num_leaves=15
num_cat=0
split_feature=55 0 0 2 2 3 3 2 0 0 3 9 9 2
split_gain=6.24488e+07 9.91694e+06 5.8607e+07 1.46494e+06 364570 110894 85380.5 57384.3 28983.7 68906.6 17467.8 11950.2 8167.04 7538.5
threshold=0.24409000000000003 2006.5000000000002 2519.5000000000005 8288.0000000000018 9353.0000000000018 31.880000000000003 23.395000000000003 4730.5000000000009 991.00000000000011 1296.5000000000002 28.360000000000003 2022.5000000000002 2022.5000000000002 5221.0000000000009
decision_type=2 2 2 2 2 2 2 2 2 2 2 2 2 2
left_child=1 5 3 -3 6 7 -4 10 11 -10 -1 -7 -6 -9
right_child=-2 2 4 -5 12 8 -8 13 9 -11 -12 -13 -14 -15
leaf_value=-0.14389179443812727 4.3787925729993855 2.2916609269129919 -0.18279953235269691 3.1090987572804658 -0.36242803456136807 -0.081853237076979043 -0.049959560971169409 -0.34564016394040292 -0.22379989277710155 -0.11124019908730717 -0.23246896989851132 -0.13864081070912204 -0.29876563332782274 -0.28159429737915231
leaf_weight=385 355 394 657 497 385 599 1853 372 1215 989 531 978 425 365
leaf_count=385 355 394 657 497 385 599 1853 372 1215 989 531 978 425 365
internal_value=0 0.102872 0.467573 2.74763 -0.144333 -0.179749 -0.0847308 -0.248155 -0.149842 -0.173291 -0.195239 -0.117071 -0.329025 -0.313921
internal_weight=0 9645 4211 891 3320 5434 2510 1653 3781 2204 916 1577 810 737
internal_count=10000 9645 4211 891 3320 5434 2510 1653 3781 2204 916 1577 810 737
is_linear=0
shrinkage=0.0100123


Tree=258
num_leaves=13
num_cat=1
split_feature=55 1 4 10 10 4 10 55 4 4 4 9
split_gain=6.12045e+07 1.98125e+07 4.73208e+07 3.98476e+06 103830 110980 80951.3 36928.6 27291.7 13326.4 17028.8 12315
threshold=0.24409000000000003 0 1448.0000000000002 5.5000000000000009 9.5000000000000018 2415.0000000000005 4.5000000000000009 0.090080000000000007 508.00000000000006 508.00000000000006 662.00000000000011 2022.5000000000002
decision_type=2 1 2 2 2 2 2 2 2 2 2 2
left_child=1 2 3 -1 5 -4 9 8 -8 11 -11 -3
right_child=-2 6 4 -5 -6 -7 7 -9 -10 10 -12 -13
leaf_value=3.2830719450050152 4.3349508998073301 -0.2375978585247254 -0.21116595993816434 1.923743937535684 -0.23634833152186746 -0.0051777521108719703 -0.12900535695493059 -0.056609024510906839 -0.18196278047605774 -0.27826707869424655 -0.21251057232852896 -0.15899182461787792
leaf_weight=522 355 355 362 369 463 951 1529 356 2695 741 845 457
leaf_count=522 355 355 362 369 463 951 1529 356 2695 741 845 457
internal_value=0 0.101842 0.834079 2.72012 -0.10743 -0.0619696 -0.178959 -0.15454 -0.162793 -0.226344 -0.243233 -0.193358
internal_weight=0 9645 2667 891 1776 1313 6978 4580 4224 2398 1586 812
internal_count=10000 9645 2667 891 1776 1313 6978 4580 4224 2398 1586 812
cat_boundaries=0 1
cat_threshold=1
is_linear=0
shrinkage=0.0100123


Tree=259
num_leaves=12
num_cat=1
split_feature=55 1 4 10 2 4 10 4 4 4 10
split_gain=5.99851e+07 1.94178e+07 4.63779e+07 3.90536e+06 125719 139625 101761 108768 98288.6 14101.5 8059.08
threshold=0.24409000000000003 0 1448.0000000000002 5.5000000000000009 8832.5000000000018 662.00000000000011 9.5000000000000018 2415.0000000000005 508.00000000000006 1256.5000000000002 4.5000000000000009
decision_type=2 1 2 2 2 2 2 2 2 2 2
left_child=1 2 3 -1 5 8 7 -4 -3 -7 -6
right_child=-2 4 6 -5 10 9 -8 -9 -10 -11 -12
leaf_value=3.2502009151093909 4.2915481539152021 -0.14779439632091596 -0.20905170787392791 1.9044828746334634 -0.32553108523497981 -0.10868754807824278 -0.23398194672698422 -0.0051259117903509404 -0.24231376595526793 -0.050058585583139817 -0.26345151999317884
leaf_weight=522 355 2405 362 369 388 987 463 951 2037 705 456
leaf_count=522 355 2405 362 369 388 987 463 951 2037 705 456
internal_value=0 0.100822 0.825728 2.69288 -0.177167 -0.161657 -0.106354 -0.0613492 -0.191139 -0.0842588 -0.29199
internal_weight=0 9645 2667 891 6978 6134 1776 1313 4442 1692 844
internal_count=10000 9645 2667 891 6978 6134 1776 1313 4442 1692 844
cat_boundaries=0 1
cat_threshold=1
is_linear=0
shrinkage=0.0100123


Tree=260
num_leaves=12
num_cat=1
split_feature=55 1 4 10 2 4 10 3 4 3 10
split_gain=5.87899e+07 1.90309e+07 4.54539e+07 3.82755e+06 123214 136843 99734 106601 96330.3 16892.6 7898.51
threshold=0.24409000000000003 0 1448.0000000000002 5.5000000000000009 8832.5000000000018 662.00000000000011 9.5000000000000018 34.740000000000002 508.00000000000006 45.665000000000013 4.5000000000000009
decision_type=2 1 2 2 2 2 2 2 2 2 2
left_child=1 2 3 -1 5 8 7 -4 -3 -7 -6
right_child=-2 4 6 -5 10 9 -8 -9 -10 -11 -12
leaf_value=3.2176589884911588 4.2485799911703745 -0.14631463740517106 -0.2069586238630422 1.8854146683569362 -0.32227177664168261 -0.036636315435006749 -0.23163925428725765 -0.0050745893164135603 -0.23988765281885921 -0.10481018127209409 -0.260813768940792
leaf_weight=522 355 2405 362 369 388 531 463 951 2037 1161 456
leaf_count=522 355 2405 362 369 388 531 463 951 2037 1161 456
internal_value=0 0.0998127 0.817461 2.66592 -0.175393 -0.160039 -0.105289 -0.0607349 -0.189225 -0.0834152 -0.289067
internal_weight=0 9645 2667 891 6978 6134 1776 1313 4442 1692 844
internal_count=10000 9645 2667 891 6978 6134 1776 1313 4442 1692 844
cat_boundaries=0 1
cat_threshold=1
is_linear=0
shrinkage=0.0100123


Tree=261
num_leaves=19
num_cat=1
split_feature=1 0 11 2 2 2 0 0 3 0 9 2 3 0 9 2 2 11
split_gain=5.49582e+07 1.21539e+08 1.18172e+06 95980.8 52002 120858 57770.4 50087 69204.9 45607.9 81503.9 37710.8 19244.5 15839.1 12225.8 11433.3 6822.71 5947.12
threshold=0 2928.0000000000005 15.500000000000002 8982.0000000000018 5539.5000000000009 8832.5000000000018 1296.5000000000002 991.00000000000011 77.705000000000027 4929.5000000000009 2021.5000000000002 4406.5000000000009 129.56000000000003 991.00000000000011 2022.5000000000002 4780.0000000000009 9574.0000000000018 18.500000000000004
decision_type=1 2 2 2 2 2 2 2 2 2 2 2 2 2 2 2 2 2
left_child=1 2 -1 9 7 6 13 12 11 -3 -11 -9 15 -6 -10 -2 -7 -8
right_child=4 3 -4 -5 5 16 17 8 14 10 -12 -13 -14 -15 -16 -17 -18 -19
leaf_value=3.8658583520122769 -0.16941538524697128 -0.16831936792771091 4.5497983033832448 -0.2586393266946308 -0.16414615019296011 -0.25488508267832988 -0.064907694240852479 -0.25875844070583115 -0.1921094678847968 -0.14336662113498916 0.0330506878591183 -0.36643732848785254 -0.26873648358720237 -0.25089725773605137 -0.25647082587330428 -0.22502362905847373 -0.31224246077200185 -0.11699001783498607
leaf_weight=508 947 401 505 365 500 365 533 543 699 462 608 816 404 365 513 609 483 374
leaf_count=508 947 401 505 365 500 365 533 543 699 462 608 816 404 365 513 609 483 374
internal_value=0 1.41779 4.20682 -0.113312 -0.224447 -0.189255 -0.142213 -0.245292 -0.274357 -0.0772513 -0.043122 -0.323413 -0.207166 -0.200752 -0.219352 -0.19118 -0.287554 -0.0863838
internal_weight=0 2849 1013 1836 7151 2620 1772 4531 2571 1471 1070 1359 1960 865 1212 1556 848 907
internal_count=10000 2849 1013 1836 7151 2620 1772 4531 2571 1471 1070 1359 1960 865 1212 1556 848 907
cat_boundaries=0 1
cat_threshold=1
is_linear=0
shrinkage=0.0100123


Tree=262
num_leaves=12
num_cat=1
split_feature=55 1 0 2 2 3 2 0 0 2 2
split_gain=5.73043e+07 1.80692e+07 4.31574e+07 1.41494e+06 119388 132841 93412.2 82543.6 51429.7 34990.2 7512.18
threshold=0.24409000000000003 0 2928.0000000000005 8288.0000000000018 8832.5000000000018 31.880000000000003 8873.0000000000018 2519.5000000000005 4929.5000000000009 4370.5000000000009 9574.0000000000018
decision_type=2 1 2 2 2 2 2 2 2 2 2
left_child=1 2 3 -1 5 9 8 -7 -4 -3 -6
right_child=-2 4 6 -5 10 7 -8 -9 -10 -11 -12
leaf_value=2.1490848963621829 4.1927749703082187 -0.15734310565800919 -0.16358754364222722 2.9524520936646099 -0.24874081376397103 -0.14100006339848004 -0.2377723514682118 -0.0013492991807373162 -0.026342831481779631 -0.25340024616965234 -0.30911620124177996
leaf_weight=394 355 529 377 497 361 3776 400 478 999 1351 483
leaf_count=394 355 529 377 497 361 3776 400 478 999 1351 483
internal_value=0 0.0967623 0.796044 2.5972 -0.171399 -0.156283 -0.103096 -0.125308 -0.0639455 -0.226371 -0.283292
internal_weight=0 9645 2667 891 6978 6134 1776 4254 1376 1880 844
internal_count=10000 9645 2667 891 6978 6134 1776 4254 1376 1880 844
cat_boundaries=0 1
cat_threshold=1
is_linear=0
shrinkage=0.0100123


Tree=263
num_leaves=14
num_cat=1
split_feature=1 4 10 10 2 3 3 2 4 3 9 2 2
split_gain=5.31503e+07 1.17588e+08 1.62378e+06 126555 93329.2 56946.2 100975 51110.2 121482 43300.3 78738.3 19141.8 9717.15
threshold=0 1448.0000000000002 5.5000000000000009 1.5000000000000002 8982.0000000000018 30.840000000000003 27.575000000000003 8832.5000000000018 1256.5000000000002 34.740000000000002 2021.5000000000002 4740.5000000000009 4740.5000000000009
decision_type=1 2 2 2 2 2 2 2 2 2 2 2 2
left_child=1 2 -1 -2 9 6 11 8 -7 -3 -11 -5 -8
right_child=3 4 -4 5 -6 7 12 -9 -10 10 -12 -13 -14
leaf_value=4.4887442812591987 -0.35712493944902318 -0.16572613136277342 3.680236121755744 -0.12567385000605108 -0.25585672436946272 -0.19752125233309079 -0.30177260721431287 -0.28578679842525417 -0.02493242612420829 -0.14226624952285233 0.031132133699532501 -0.21798104593948459 -0.36728310009662751
leaf_weight=572 632 401 441 365 365 3676 543 497 460 462 608 588 390
leaf_count=572 632 401 441 365 365 3676 543 497 460 462 608 588 390
internal_value=0 1.39346 4.13677 -0.221539 -0.11255 -0.208734 -0.255115 -0.189854 -0.178326 -0.0769917 -0.0437371 -0.182627 -0.329156
internal_weight=0 2849 1013 7151 1836 6519 1886 4633 4136 1471 1070 953 933
internal_count=10000 2849 1013 7151 1836 6519 1886 4633 4136 1471 1070 953 933
cat_boundaries=0 1
cat_threshold=1
is_linear=0
shrinkage=0.0100123


Tree=264
num_leaves=12
num_cat=1
split_feature=55 1 0 2 2 0 0 2 0 3 2
split_gain=5.58955e+07 1.56339e+07 3.84445e+07 1.08107e+06 116104 130112 92097.5 80317.2 30982.5 15331.7 7344
threshold=0.21135000000000001 0 2928.0000000000005 8288.0000000000018 8832.5000000000018 1296.5000000000002 991.00000000000011 8873.0000000000018 4929.5000000000009 45.665000000000013 9574.0000000000018
decision_type=2 1 2 2 2 2 2 2 2 2 2
left_child=1 2 3 -1 5 6 -3 8 -4 -7 -6
right_child=-2 4 7 -5 10 9 -8 -9 -10 -11 -12
leaf_value=2.0509659489765726 3.834784740782303 -0.13877964307885909 -0.16029036283991821 2.7560765349848775 -0.24350091733670018 -0.032789367721764322 -0.2303626889623826 -0.24521142482693337 -0.053392535378179541 -0.097870538517575975 -0.30319665160633397
leaf_weight=392 415 2399 377 491 361 531 2034 397 974 1146 483
leaf_count=392 415 2399 377 491 361 531 2034 397 974 1146 483
internal_value=0 0.081588 0.737383 2.44305 -0.167348 -0.152383 -0.180801 -0.120013 -0.0832226 -0.0772634 -0.277663
internal_weight=0 9585 2631 883 6954 6110 4433 1748 1351 1677 844
internal_count=10000 9585 2631 883 6954 6110 4433 1748 1351 1677 844
cat_boundaries=0 1
cat_threshold=1
is_linear=0
shrinkage=0.0100123


Tree=265
num_leaves=14
num_cat=1
split_feature=55 1 0 10 3 10 0 10 10 9 0 3 3
split_gain=5.48479e+07 1.68097e+07 4.01766e+07 3.69434e+06 104899 95743.3 98990.7 49116.8 42274.3 30570.8 15037.8 11370.8 7990.02
threshold=0.24409000000000003 0 2928.0000000000005 5.5000000000000009 31.880000000000003 9.5000000000000018 4929.5000000000009 5.5000000000000009 3.5000000000000004 2021.5000000000002 991.00000000000011 27.575000000000003 27.575000000000003
decision_type=2 1 2 2 2 2 2 2 2 2 2 2 2
left_child=1 2 3 -1 7 6 -4 12 10 -10 -6 -9 -3
right_child=-2 4 5 -5 8 -7 -8 11 9 -11 -12 -13 -14
leaf_value=3.0470752976649975 4.0999715709811291 -0.24202276841827675 -0.19760775362917571 1.7382190030328859 -0.14257614679458916 -0.22415065437579926 -0.0030637302577326856 -0.15349965915662875 -0.075326383237413516 -0.14075459552435068 -0.21507126628363166 -0.21526329168019906 -0.30096343030356065
leaf_weight=522 355 384 362 369 440 463 951 660 995 2552 824 546 577
leaf_count=522 355 384 362 369 440 463 951 660 995 2552 824 546 577
internal_value=0 0.0927115 0.767182 2.50502 -0.165934 -0.100354 -0.0567004 -0.224013 -0.140118 -0.122401 -0.189836 -0.181462 -0.277412
internal_weight=0 9645 2667 891 6978 1776 1313 2167 4811 3547 1264 1206 961
internal_count=10000 9645 2667 891 6978 1776 1313 2167 4811 3547 1264 1206 961
cat_boundaries=0 1
cat_threshold=1
is_linear=0
shrinkage=0.0100123


Tree=266
num_leaves=12
num_cat=1
split_feature=55 1 0 2 2 0 0 2 0 3 2
split_gain=5.37693e+07 1.50029e+07 3.69061e+07 1.05355e+06 113570 126768 89569 78512.4 29517.6 14963.1 7150.27
threshold=0.21135000000000001 0 2928.0000000000005 8288.0000000000018 8832.5000000000018 1296.5000000000002 991.00000000000011 8873.0000000000018 4929.5000000000009 45.665000000000013 9574.0000000000018
decision_type=2 1 2 2 2 2 2 2 2 2 2
left_child=1 2 3 -1 5 6 -3 8 -4 -7 -6
right_child=-2 4 7 -5 10 9 -8 -9 -10 -11 -12
leaf_value=2.0064083934521779 3.7609715930399465 -0.13581781778824856 -0.15664001939975594 2.7024843053288405 -0.23940499762328632 -0.03112405355235771 -0.22613495154374927 -0.24157481098076786 -0.052300018996514298 -0.095418055217801931 -0.29830809163309108
leaf_weight=392 415 2399 377 491 361 531 2034 397 974 1146 483
leaf_count=392 415 2399 377 491 361 531 2034 397 974 1146 483
internal_value=0 0.0798502 0.722277 2.39347 -0.164011 -0.149208 -0.177258 -0.117791 -0.0814164 -0.0750602 -0.273114
internal_weight=0 9585 2631 883 6954 6110 4433 1748 1351 1677 844
internal_count=10000 9585 2631 883 6954 6110 4433 1748 1351 1677 844
cat_boundaries=0 1
cat_threshold=1
is_linear=0
shrinkage=0.0100123


Tree=267
num_leaves=16
num_cat=0
split_feature=0 0 10 10 0 10 9 10 0 9 3 9 0 3 3
split_gain=2.67498e+07 1.3459e+08 1.55332e+06 170841 138489 130481 60638.1 55473 76962.4 61512.4 57778.2 33144.2 29824.6 20045.8 9968.69
threshold=2006.5000000000002 2519.5000000000005 5.5000000000000009 10.500000000000002 4929.5000000000009 1.5000000000000002 2021.5000000000002 7.5000000000000009 991.00000000000011 2022.5000000000002 51.800000000000004 2021.5000000000002 855.00000000000011 33.020000000000003 83.015000000000015
decision_type=2 2 2 2 2 2 2 2 2 2 2 2 2 2 2
left_child=5 2 -2 4 6 -1 -3 9 13 12 -10 -6 -7 -9 -11
right_child=1 3 -4 -5 11 7 -8 8 10 14 -12 -13 -14 -15 -16
leaf_value=-0.38188578565453613 4.3606303351667597 -0.088208664214085339 3.5698585481602305 -0.2960061151529092 -0.095120493180233898 -0.21613486316973912 -0.21206512715455728 -0.16802893451075154 -0.32321639864236212 -0.17408044699627376 -0.18369620807724155 0.019407163388163815 -0.3226604815872951 -0.077401351569346619 -0.22885926228283479
leaf_weight=511 572 630 441 597 396 362 1068 405 436 768 937 703 968 618 588
leaf_count=511 572 630 441 597 396 362 1068 405 436 768 937 703 968 618 588
internal_value=0 0.813658 4.01638 -0.14225 -0.109432 -0.229379 -0.166111 -0.214044 -0.17902 -0.245286 -0.228001 -0.0218603 -0.293666 -0.11328 -0.197834
internal_weight=0 4407 1013 3394 2797 5593 1698 5082 2396 2686 1373 1099 1330 1023 1356
internal_count=10000 4407 1013 3394 2797 5593 1698 5082 2396 2686 1373 1099 1330 1023 1356
is_linear=0
shrinkage=0.0100123


Tree=268
num_leaves=20
num_cat=1
split_feature=1 0 11 2 2 2 0 3 0 2 12 0 0 3 2 11 2 11 12
split_gain=4.90947e+07 1.08846e+08 1.14827e+06 89532.3 57415.2 111884 50737.6 75497.9 41992.4 39119.8 37972.6 36826.2 34712.1 13506.6 6816.78 6507.71 5739.36 4409.15 2597.02
threshold=0 2928.0000000000005 15.500000000000002 8982.0000000000018 5605.5000000000009 8832.5000000000018 991.00000000000011 77.705000000000027 1296.5000000000002 4406.5000000000009 2.5000000000000004 4929.5000000000009 855.00000000000011 43.810000000000009 4780.0000000000009 18.500000000000004 9574.0000000000018 17.500000000000004 3.5000000000000004
decision_type=1 2 2 2 2 2 2 2 2 2 2 2 2 2 2 2 2 2 2
left_child=1 2 -1 11 6 8 10 9 18 -8 12 -3 -2 -13 -12 -10 -7 -9 -6
right_child=4 3 -4 -5 5 16 7 17 15 -11 14 13 -14 -15 -16 -17 -18 -19 -20
leaf_value=3.6400657841494262 -0.19575836579700653 -0.15915883965292521 4.3142553052136421 -0.25251536811966752 -0.20234024032619938 -0.24041412552002503 -0.24964922139177981 -0.22482293779252352 -0.059099202018404122 -0.35846626117584368 -0.13876840885494132 -0.0008944742470947504 -0.32118368923794055 -0.074309153057078678 -0.18961457065868392 -0.11416412290766452 -0.29302100947578319 -0.18663104493084229 -0.16537993537429527
leaf_weight=508 550 401 505 365 370 365 543 713 518 849 662 403 370 667 440 368 483 527 393
leaf_count=508 550 401 505 365 370 365 543 713 518 849 662 403 370 667 440 368 483 527 393
internal_value=0 1.33681 3.97616 -0.112154 -0.215349 -0.176919 -0.236431 -0.265407 -0.128857 -0.316018 -0.198714 -0.0773266 -0.246201 -0.0466586 -0.15907 -0.0819704 -0.270378 -0.208591 -0.183303
internal_weight=0 2849 1013 1836 7151 2497 4654 2632 1649 1392 2022 1471 920 1070 1102 886 848 1240 763
internal_count=10000 2849 1013 1836 7151 2497 4654 2632 1649 1392 2022 1471 920 1070 1102 886 848 1240 763
cat_boundaries=0 1
cat_threshold=1
is_linear=0
shrinkage=0.0100123


Tree=269
num_leaves=12
num_cat=2
split_feature=55 1 3 10 3 9 2 3 1 10 10
split_gain=5.22211e+07 1.51224e+07 2.57371e+07 2.52573e+06 147787 148693 109301 123197 73304 46239.4 7511.15
threshold=0.24409000000000003 0 51.630000000000003 5.5000000000000009 34.740000000000002 2021.5000000000002 8832.5000000000018 31.880000000000003 1 5.5000000000000009 4.5000000000000009
decision_type=2 1 2 2 2 2 2 2 1 2 2
left_child=1 2 4 -4 -1 -6 7 9 -9 -3 -8
right_child=-2 6 3 -5 5 -7 10 8 -10 -11 -12
leaf_value=-0.20316061415200815 3.9970147406643384 -0.26933546346736753 2.3562414432084791 1.3480545336270049 -0.120545189236953 0.10973559637524934 -0.29786235584261977 0.0039204861854317168 -0.12874057990401785 -0.16885660277251513 -0.23793032609511042
leaf_weight=492 355 797 630 412 517 616 388 478 3776 1083 456
leaf_count=492 355 797 630 412 517 616 388 478 3776 1083 456
internal_value=0 0.0868899 0.726616 1.95761 -0.0582645 0.00465601 -0.158428 -0.143957 -0.114128 -0.211453 -0.265482
internal_weight=0 9645 2667 1042 1625 1133 6978 6134 4254 1880 844
internal_count=10000 9645 2667 1042 1625 1133 6978 6134 4254 1880 844
cat_boundaries=0 1 2
cat_threshold=1 2
is_linear=0
shrinkage=0.0100123


Tree=270
num_leaves=14
num_cat=1
split_feature=55 1 0 10 3 10 0 10 10 9 0 3 3
split_gain=5.12114e+07 1.34391e+07 3.33104e+07 4.24767e+06 99494.2 65396.8 60219.1 46233.9 39896.3 29408.7 14592.1 10244 7338.61
threshold=0.21135000000000001 0 2928.0000000000005 5.5000000000000009 31.880000000000003 9.5000000000000018 4929.5000000000009 5.5000000000000009 3.5000000000000004 2021.5000000000002 991.00000000000011 27.575000000000003 27.575000000000003
decision_type=2 1 2 2 2 2 2 2 2 2 2 2 2
left_child=1 2 3 -1 7 6 -4 12 10 -10 -6 -9 -3
right_child=-2 4 5 -5 8 -7 -8 11 9 -11 -12 -13 -14
leaf_value=2.8502575146946749 3.6668458492258695 -0.23100301522929884 -0.1884192542220896 1.4389106040284285 -0.13302446246478658 -0.21775868121612765 -0.036050336738412965 -0.14520533384010764 -0.06773751810848852 -0.13202592210173394 -0.20455073035406091 -0.20385849784823459 -0.28752917195454891
leaf_weight=520 415 384 362 363 439 463 923 660 992 2539 820 545 575
leaf_count=520 415 384 362 363 439 463 923 660 992 2539 820 545 575
internal_value=0 0.0743497 0.682376 2.27005 -0.156449 -0.115735 -0.0789745 -0.213019 -0.131219 -0.113965 -0.17961 -0.171733 -0.264895
internal_weight=0 9585 2631 883 6954 1748 1285 2164 4790 3531 1259 1205 959
internal_count=10000 9585 2631 883 6954 1748 1285 2164 4790 3531 1259 1205 959
cat_boundaries=0 1
cat_threshold=1
is_linear=0
shrinkage=0.0100123


Tree=271
num_leaves=12
num_cat=1
split_feature=55 1 0 2 2 0 2 0 9 0 2
split_gain=5.02398e+07 1.45293e+07 3.49773e+07 1.31159e+06 106640 116891 85726.5 83795.7 43147.2 11575.5 6757.13
threshold=0.24409000000000003 0 2928.0000000000005 8288.0000000000018 8832.5000000000018 1296.5000000000002 8873.0000000000018 991.00000000000011 2021.5000000000002 2519.5000000000005 9574.0000000000018
decision_type=2 1 2 2 2 2 2 2 2 2 2
left_child=1 2 3 -1 5 7 8 -3 -4 -7 -6
right_child=-2 4 6 -5 10 9 -8 -9 -10 -11 -12
leaf_value=1.9021471859419896 3.9202820258781603 -0.12806669432307913 -0.12122764170810048 2.6756204853969341 -0.22838116740835679 -0.092428420638257749 -0.22638186083130982 -0.21533972724237929 -0.0086373978759909723 -0.039309348807443183 -0.28564206396473912
leaf_weight=394 355 2405 626 497 361 987 400 2037 750 705 483
leaf_count=394 355 2405 626 497 361 987 400 2037 750 705 483
internal_value=0 0.0850505 0.712107 2.33359 -0.155409 -0.141113 -0.0973645 -0.168088 -0.0598594 -0.0702955 -0.26115
internal_weight=0 9645 2667 891 6978 6134 1776 4442 1376 1692 844
internal_count=10000 9645 2667 891 6978 6134 1776 4442 1376 1692 844
cat_boundaries=0 1
cat_threshold=1
is_linear=0
shrinkage=0.0100123


Tree=272
num_leaves=12
num_cat=0
split_feature=55 3 0 9 55 2 3 0 0 0 2
split_gain=4.92605e+07 6.44218e+06 2.73284e+07 2.06636e+06 200654 143444 125295 21022.4 59785.4 8114.79 1634.18
threshold=0.21135000000000001 51.630000000000003 2006.5000000000002 2022.5000000000002 0.011000000000000001 9326.0000000000018 32.745000000000005 1296.5000000000002 991.00000000000011 2928.0000000000005 5118.5000000000009
decision_type=2 2 2 2 2 2 2 2 2 2 2
left_child=1 4 7 -4 5 6 -1 8 -3 -7 -9
right_child=-2 2 3 -5 -6 9 -8 10 -10 -11 -12
leaf_value=-0.18881907333095396 3.5961663142241007 -0.092699586232096343 2.2056133035107273 1.328934961345839 0.084313432512267181 -0.25486102520727549 -0.082556519446292123 -0.098216021437185747 -0.20446743182111515 -0.31987531778315165 -0.071269492293616066
leaf_weight=2418 415 1016 505 578 355 379 2060 619 909 391 355
leaf_count=2418 415 1016 505 578 355 379 2060 619 909 391 355
internal_value=0 0.0727653 0.380668 1.73773 -0.146058 -0.161641 -0.139935 -0.126299 -0.145477 -0.287875 -0.0883946
internal_weight=0 9585 3982 1083 5603 5248 4478 2899 1925 770 974
internal_count=10000 9585 3982 1083 5603 5248 4478 2899 1925 770 974
is_linear=0
shrinkage=0.0100123


Tree=273
num_leaves=15
num_cat=1
split_feature=1 0 10 10 2 0 2 10 0 3 10 3 2 3
split_gain=4.5769e+07 1.02148e+08 1.46278e+06 145517 91427 53168.9 94033.3 63369.5 111895 58257.6 40396.1 31897.8 17333.6 5130.35
threshold=0 2928.0000000000005 5.5000000000000009 1.5000000000000002 8982.0000000000018 1296.5000000000002 8832.5000000000018 7.5000000000000009 991.00000000000011 84.120000000000019 9.5000000000000018 42.880000000000003 8203.5000000000018 45.665000000000013
decision_type=1 2 2 2 2 2 2 2 2 2 2 2 2 2
left_child=1 2 -1 -2 10 7 9 11 -9 -7 12 -5 -3 -8
right_child=3 4 -4 5 -6 6 13 8 -10 -11 -12 -13 -14 -15
leaf_value=4.1783104215875175 -0.35660286511840733 -0.021233390567108289 3.4109316012995206 -0.22425854568945533 -0.25812959138182906 -0.067565857230340545 -0.22591132919050522 -0.10558080001725377 -0.25793032425434348 -0.18972655836543217 -0.17209810209857992 -0.30193557141448019 -0.10399714837100862 -0.27780651134006218
leaf_weight=572 632 709 441 1291 365 970 387 1023 916 656 367 899 395 377
leaf_count=572 632 709 441 1291 365 970 387 1023 916 656 367 899 395 377
internal_value=0 1.28741 3.84424 -0.21125 -0.116291 -0.197483 -0.1599 -0.219237 -0.177552 -0.116851 -0.0810968 -0.256145 -0.0508454 -0.251519
internal_weight=0 2849 1013 7151 1836 6519 2390 4129 1939 1626 1471 2190 1104 764
internal_count=10000 2849 1013 7151 1836 6519 2390 4129 1939 1626 1471 2190 1104 764
cat_boundaries=0 1
cat_threshold=1
is_linear=0
shrinkage=0.0100123


Tree=274
num_leaves=12
num_cat=1
split_feature=55 1 0 2 2 0 2 0 0 0 2
split_gain=4.80922e+07 1.35237e+07 3.26585e+07 1.2886e+06 102039 110066 82696.8 80184.1 37869.6 11094.6 6251.31
threshold=0.24409000000000003 0 2928.0000000000005 8288.0000000000018 8832.5000000000018 1296.5000000000002 8873.0000000000018 991.00000000000011 4929.5000000000009 2519.5000000000005 9574.0000000000018
decision_type=2 1 2 2 2 2 2 2 2 2 2
left_child=1 2 3 -1 5 7 8 -3 -4 -7 -6
right_child=-2 4 6 -5 10 9 -8 -9 -10 -11 -12
leaf_value=1.8255454773742008 3.8337774780204299 -0.12361260530408891 -0.14447129606151179 2.5922085269554977 -0.22248691544986623 -0.089535574833170234 -0.22252171738768439 -0.20898418738436667 -0.026701399866216731 -0.037531660716310422 -0.27756293604597992
leaf_weight=394 355 2405 377 497 361 987 400 2037 999 705 483
leaf_count=394 355 2405 377 497 361 987 400 2037 999 705 483
internal_value=0 0.0814144 0.686382 2.25319 -0.150573 -0.136586 -0.0958047 -0.162762 -0.0589683 -0.0678673 -0.254006
internal_weight=0 9645 2667 891 6978 6134 1776 4442 1376 1692 844
internal_count=10000 9645 2667 891 6978 6134 1776 4442 1376 1692 844
cat_boundaries=0 1
cat_threshold=1
is_linear=0
shrinkage=0.0100123


Tree=275
num_leaves=12
num_cat=1
split_feature=55 1 0 10 2 0 0 2 0 0 10
split_gain=4.71588e+07 1.19698e+07 2.97845e+07 4.11097e+06 101343 111147 79025.4 73525.4 23250.5 9398.62 6899.05
threshold=0.21135000000000001 0 2928.0000000000005 5.5000000000000009 8832.5000000000018 1296.5000000000002 991.00000000000011 8873.0000000000018 4929.5000000000009 2519.5000000000005 4.5000000000000009
decision_type=2 1 2 2 2 2 2 2 2 2 2
left_child=1 2 3 -1 5 6 -3 8 -4 -7 -6
right_child=-2 4 7 -5 10 9 -8 -9 -10 -11 -12
leaf_value=2.71531969817923 3.5168281334222162 -0.12175703479557694 -0.14302480943501153 1.3268687432371495 -0.2824953084898521 -0.085173841277526988 -0.206591915720855 -0.2312510870009247 -0.050421400379158404 -0.037155883636134188 -0.22505713950030209
leaf_weight=520 415 2399 377 363 388 972 2034 397 974 705 456
leaf_count=520 415 2399 377 363 388 972 2034 397 974 705 456
internal_value=0 0.0694065 0.643234 2.14453 -0.148409 -0.134417 -0.160682 -0.111463 -0.0762626 -0.0649874 -0.251462
internal_weight=0 9585 2631 883 6954 6110 4433 1748 1351 1677 844
internal_count=10000 9585 2631 883 6954 6110 4433 1748 1351 1677 844
cat_boundaries=0 1
cat_threshold=1
is_linear=0
shrinkage=0.0100123


Tree=276
num_leaves=14
num_cat=0
split_feature=55 2 0 2 2 0 3 0 2 3 2 11 3
split_gain=4.62675e+07 6.40466e+06 3.23376e+07 3.73318e+06 265293 96014.1 92425.8 73935.7 54485.3 44875.2 24400.9 10029.1 8998.4
threshold=0.24409000000000003 6684.0000000000009 2519.5000000000005 7974.0000000000009 9353.0000000000018 1296.5000000000002 23.395000000000003 991.00000000000011 5631.5000000000009 31.880000000000003 4264.5000000000009 19.500000000000004 43.810000000000009
decision_type=2 2 2 2 2 2 2 2 2 2 2 2 2
left_child=1 5 3 -3 6 7 -4 9 11 -1 -9 -7 -6
right_child=-2 2 4 -5 12 8 -8 10 -10 -11 -12 -13 -14
leaf_value=-0.18125707618653522 3.7601812052245513 1.1517474175732598 -0.18256433786871312 2.4287312866669915 -0.2515941526614921 -0.076310604791904768 -0.034042721656438513 -0.1458876908335138 0.039001664070210884 -0.089624671477491868 -0.22564521843724294 -0.14345947175796581 -0.31836136527688152
leaf_weight=828 355 363 565 624 416 550 1637 520 379 1518 1476 375 394
leaf_count=828 355 363 565 624 416 550 1637 520 379 1518 1476 375 394
internal_value=0 0.0796897 0.386256 1.95908 -0.129142 -0.137448 -0.0721511 -0.160075 -0.0621062 -0.121966 -0.204867 -0.103533 -0.284071
internal_weight=0 9645 3999 987 3012 5646 2202 4342 1304 2346 1996 925 810
internal_count=10000 9645 3999 987 3012 5646 2202 4342 1304 2346 1996 925 810
is_linear=0
shrinkage=0.0100123


Tree=277
num_leaves=15
num_cat=1
split_feature=1 0 10 10 2 0 2 10 0 9 2 10 2 2
split_gain=4.32564e+07 9.66531e+07 1.38822e+06 153812 87220.4 51104.9 82193.7 65955.3 110357 81771.1 51767.1 42381.4 17993.1 2946.42
threshold=0 2928.0000000000005 5.5000000000000009 1.5000000000000002 8982.0000000000018 1296.5000000000002 8832.5000000000018 7.5000000000000009 1032.5000000000002 2022.5000000000002 4422.5000000000009 9.5000000000000018 8203.5000000000018 9613.5000000000018
decision_type=1 2 2 2 2 2 2 2 2 2 2 2 2 2
left_child=1 2 -1 -2 11 7 10 9 -9 -5 -7 12 -3 -8
right_child=3 4 -4 5 -6 6 13 8 -10 -11 -12 -13 -14 -15
leaf_value=4.0615980728610435 -0.35730663989816208 -0.020846189932047104 3.3140330393697375 -0.31162658179696745 -0.254914205382054 -0.22275108571360744 -0.22136543128982894 -0.1318326991963667 -0.31275817239704068 -0.18918034159765976 -0.086548728043305254 -0.17521279995803443 -0.10516966932914211 -0.2607960170199578
leaf_weight=572 632 709 441 1136 365 359 354 1503 436 1054 1267 367 395 410
leaf_count=572 632 709 441 1136 365 359 354 1503 436 1054 1267 367 395 410
internal_value=0 1.24906 3.73615 -0.207882 -0.116377 -0.193715 -0.156868 -0.215043 -0.172515 -0.252696 -0.11662 -0.0820021 -0.0510163 -0.242526
internal_weight=0 2849 1013 7151 1836 6519 2390 4129 1939 2190 1626 1471 1104 764
internal_count=10000 2849 1013 7151 1836 6519 2390 4129 1939 2190 1626 1471 1104 764
cat_boundaries=0 1
cat_threshold=1
is_linear=0
shrinkage=0.0100123


Tree=278
num_leaves=17
num_cat=1
split_feature=1 0 2 2 2 2 0 3 2 0 2 12 0 9 9 3
split_gain=4.23945e+07 9.47274e+07 782864 85482.6 65645.8 88785 51953.6 91503.4 43783.6 35609.3 30810.9 29806 25736.8 52992 7280.06 5405.65
threshold=0 2928.0000000000005 8572.5000000000018 8982.0000000000018 5605.5000000000009 8832.5000000000018 855.00000000000011 76.055000000000021 4406.5000000000009 2519.5000000000005 4711.5000000000009 2.5000000000000004 4929.5000000000009 2021.5000000000002 2022.5000000000002 34.665000000000006
decision_type=1 2 2 2 2 2 2 2 2 2 2 2 2 2 2 2
left_child=1 2 -1 12 6 9 10 8 -8 15 -2 -9 -3 -14 -7 -6
right_child=4 3 -4 -5 5 14 7 11 -10 -11 -12 -13 13 -15 -16 -17
leaf_value=3.4553300643745914 -0.11856165157593263 -0.14959164057197183 4.017014856701679 -0.25236193171765392 -0.18651664964353651 -0.27386175155330911 -0.2404275110882883 -0.24830602093009269 -0.3555749964761265 -0.064616394102494007 -0.22141459251288065 -0.17226218537220378 -0.13637390832040885 0.0058777297441189374 -0.21474327020838052 -0.13934452541758316
leaf_weight=574 578 401 439 365 428 476 543 926 848 656 590 1169 462 608 372 565
leaf_count=574 578 401 439 365 428 476 543 926 848 656 590 1169 462 608 372 565
internal_value=0 1.23655 3.69875 -0.115212 -0.205801 -0.164674 -0.228309 -0.247672 -0.310625 -0.12186 -0.170516 -0.205874 -0.0811811 -0.0555431 -0.247928 -0.159677
internal_weight=0 2849 1013 1836 7151 2497 4654 3486 1391 1649 1168 2095 1471 1070 848 993
internal_count=10000 2849 1013 1836 7151 2497 4654 3486 1391 1649 1168 2095 1471 1070 848 993
cat_boundaries=0 1
cat_threshold=1
is_linear=0
shrinkage=0.0100123


Tree=279
num_leaves=12
num_cat=1
split_feature=55 1 0 2 2 0 0 2 0 0 9
split_gain=4.49213e+07 1.07169e+07 2.66937e+07 924698 96007.4 103438 73768.5 68089 21722.5 8747.66 5714.04
threshold=0.21135000000000001 0 2928.0000000000005 8288.0000000000018 8832.5000000000018 1296.5000000000002 991.00000000000011 8873.0000000000018 4929.5000000000009 2519.5000000000005 2022.5000000000002
decision_type=2 1 2 2 2 2 2 2 2 2 2
left_child=1 2 3 -1 5 6 -3 8 -4 -7 -6
right_child=-2 4 7 -5 10 9 -8 -9 -10 -11 -12
leaf_value=1.6660669398878982 3.4291032617516595 -0.1157451947146807 -0.13770406124011766 2.3181897308970196 -0.26506587865104331 -0.080511608334676993 -0.19770987918889235 -0.22232153684857883 -0.048195248106861897 -0.034186373120315236 -0.21259320140140531
leaf_weight=392 415 2399 377 491 472 972 2034 397 974 705 372
leaf_count=392 415 2399 377 491 472 972 2034 397 974 705 372
internal_value=0 0.0644593 0.607426 2.02869 -0.141638 -0.128015 -0.153353 -0.107047 -0.0731729 -0.0610368 -0.241938
internal_weight=0 9585 2631 883 6954 6110 4433 1748 1351 1677 844
internal_count=10000 9585 2631 883 6954 6110 4433 1748 1351 1677 844
cat_boundaries=0 1
cat_threshold=1
is_linear=0
shrinkage=0.0100123


Tree=280
num_leaves=14
num_cat=0
split_feature=2 0 2 11 2 9 10 3 10 3 3 10 3
split_gain=2.23386e+07 9.36555e+07 7.15598e+06 1.09735e+06 219512 180267 135664 61397.4 78523.8 54097.6 67989.4 55127.8 12383.8
threshold=6630.0000000000009 2519.5000000000005 7813.5000000000009 15.500000000000002 9292.5000000000018 2020.5000000000002 1.5000000000000002 23.395000000000003 9.5000000000000018 28.685000000000006 27.575000000000003 7.5000000000000009 43.810000000000009
decision_type=2 2 2 2 2 2 2 2 2 2 2 2 2
left_child=5 2 -2 -4 7 -1 -7 -3 -9 10 -8 -11 -6
right_child=1 4 3 -5 12 6 9 8 -10 11 -12 -13 -14
leaf_value=-0.027145890326179558 2.0809922732121473 -0.17956787493477624 3.4011043532801102 4.1625066634728389 -0.23985190033774845 -0.37741610557926447 -0.16539656169077266 -0.019618699176531532 -0.17976915501284782 -0.22102793435459944 -0.3359262234310933 -0.1436238581936162 -0.31494552240657847
leaf_weight=529 368 569 379 380 450 503 381 1248 407 2103 609 1643 431
leaf_count=529 368 569 379 380 450 503 381 1248 407 2103 609 1643 431
internal_value=0 0.754508 3.22678 3.78231 -0.142834 -0.203293 -0.221079 -0.0898491 -0.0590031 -0.204474 -0.270298 -0.187078 -0.276589
internal_weight=0 4232 1127 759 3105 5768 5239 2224 1655 4736 990 3746 881
internal_count=10000 4232 1127 759 3105 5768 5239 2224 1655 4736 990 3746 881
is_linear=0
shrinkage=0.0100123


Tree=281
num_leaves=13
num_cat=1
split_feature=55 1 0 10 10 0 10 55 0 0 0 9
split_gain=4.38522e+07 1.13503e+07 2.7397e+07 3.22883e+06 80238.8 74596.8 63387.7 25605.6 20962 9229.58 11689.1 9892.69
threshold=0.24409000000000003 0 2928.0000000000005 5.5000000000000009 9.5000000000000018 4929.5000000000009 4.5000000000000009 0.090080000000000007 991.00000000000011 991.00000000000011 1296.5000000000002 2022.5000000000002
decision_type=2 1 2 2 2 2 2 2 2 2 2 2
left_child=1 2 3 -1 5 -4 9 8 -8 11 -11 -3
right_child=-2 6 4 -5 -6 -7 7 -9 -10 10 -12 -13
leaf_value=2.5688571624126211 3.6559610877740059 -0.19380484465049064 -0.17172236459400941 1.345239587675553 -0.20269606279713023 -0.0028413011761573735 -0.095327229354301726 -0.036519744726825669 -0.14173899702868742 -0.22468663448643061 -0.17020667112968282 -0.12335243095763476
leaf_weight=522 355 355 362 369 463 951 1529 356 2695 741 845 457
leaf_count=522 355 355 362 369 463 951 1529 356 2695 741 845 457
internal_value=0 0.0728242 0.627054 2.06211 -0.0893659 -0.0494026 -0.139701 -0.118066 -0.124939 -0.181606 -0.19566 -0.154154
internal_weight=0 9645 2667 891 1776 1313 6978 4580 4224 2398 1586 812
internal_count=10000 9645 2667 891 1776 1313 6978 4580 4224 2398 1586 812
cat_boundaries=0 1
cat_threshold=1
is_linear=0
shrinkage=0.0100123


Tree=282
num_leaves=15
num_cat=1
split_feature=1 0 10 10 10 0 10 0 9 0 9 9 10 10
split_gain=3.98503e+07 8.90819e+07 1.30698e+06 154557 78885.8 49415.9 65318.2 107883 80115.4 37989.2 29551 24664.2 20906.7 7781.87
threshold=0 2928.0000000000005 5.5000000000000009 1.5000000000000002 9.5000000000000018 1296.5000000000002 7.5000000000000009 1032.5000000000002 2022.5000000000002 4929.5000000000009 2021.5000000000002 2022.5000000000002 9.5000000000000018 8.5000000000000018
decision_type=1 2 2 2 2 2 2 2 2 2 2 2 2 2
left_child=1 2 -1 -2 9 6 8 -8 -5 -3 12 -11 -7 -12
right_child=3 4 -4 5 -6 10 7 -9 -10 11 13 -13 -14 -15
leaf_value=3.9004916116905219 -0.35115302297520812 -0.16145290704593118 3.1751307310292467 -0.30393990208421345 -0.22262119546896422 -0.050104344662883611 -0.12559248939141407 -0.30447844962860843 -0.18273968086777995 -0.00067494182497884682 -0.16146881207179767 -0.10308287164385695 -0.15518449148902488 -0.21038195881530963
leaf_weight=572 632 365 441 1136 490 404 1503 436 1054 587 1177 394 358 451
leaf_count=572 632 365 441 1136 490 404 1503 436 1054 587 1177 394 358 451
internal_value=0 1.19702 3.58471 -0.201377 -0.113848 -0.187165 -0.208138 -0.165816 -0.245609 -0.0742505 -0.150933 -0.0418051 -0.0994727 -0.175019
internal_weight=0 2849 1013 7151 1836 6519 4129 1939 2190 1346 2390 981 762 1628
internal_count=10000 2849 1013 7151 1836 6519 4129 1939 2190 1346 2390 981 762 1628
cat_boundaries=0 1
cat_threshold=1
is_linear=0
shrinkage=0.0100123


Tree=283
num_leaves=14
num_cat=2
split_feature=55 1 0 12 3 0 3 1 3 3 3 3 11
split_gain=4.28191e+07 9.60538e+06 2.39325e+07 135165 87952.6 40855.5 58616.5 29673 107289 21926.7 4801.55 2976.9 2446.99
threshold=0.21135000000000001 0 2928.0000000000005 2.5000000000000004 31.880000000000003 4929.5000000000009 43.810000000000009 1 45.665000000000013 27.575000000000003 126.63500000000002 28.685000000000006 20.500000000000004
decision_type=2 1 2 2 2 2 2 1 2 2 2 2 2
left_child=1 2 3 -1 9 -4 -7 10 -9 12 -6 -11 -3
right_child=-2 4 5 -5 7 6 -8 8 -10 11 -12 -13 -14
leaf_value=1.7756486327942913 3.3446866684826277 -0.14436962810647033 -0.18010026697889495 2.026171722696275 -0.076041211104006731 0.015388421103629694 -0.12571749714205122 -0.056696149366049109 -0.19054010599120769 -0.23227618959261709 -0.10914265896024812 -0.1987420168426047 -0.17655605862281154
leaf_weight=376 415 681 492 507 1703 474 782 1006 1489 688 592 432 363
leaf_count=376 415 681 492 507 1703 474 782 1006 1489 688 592 432 363
internal_value=0 0.0597139 0.573755 1.91949 -0.135401 -0.102761 -0.0724657 -0.111662 -0.136028 -0.188571 -0.0842129 -0.219342 -0.155561
internal_weight=0 9585 2631 883 6954 1748 1256 4790 2495 2164 2295 1120 1044
internal_count=10000 9585 2631 883 6954 1748 1256 4790 2495 2164 2295 1120 1044
cat_boundaries=0 1 2
cat_threshold=1 4
is_linear=0
shrinkage=0.0100123


Tree=284
num_leaves=14
num_cat=2
split_feature=55 1 4 10 3 10 3 10 9 1 4 3 3
split_gain=4.19809e+07 1.05284e+07 2.54332e+07 3.1278e+06 84317.2 76167 70196.6 41577.5 36309.9 52069.7 47404.8 7513.58 6864.55
threshold=0.24409000000000003 0 1448.0000000000002 5.5000000000000009 31.880000000000003 9.5000000000000018 34.740000000000002 5.5000000000000009 2021.5000000000002 1 1256.5000000000002 27.575000000000003 27.575000000000003
decision_type=2 1 2 2 2 2 2 2 2 1 2 2 2
left_child=1 2 3 -1 7 6 -4 12 9 -6 -10 -9 -3
right_child=-2 4 5 -5 8 -7 -8 11 10 -11 -12 -13 -14
leaf_value=2.4848282370039474 3.5754721631497963 -0.20344467682491377 -0.16658330777932021 1.2805055625763533 -0.017179532491455225 -0.19727933252273239 -0.0027588235323918035 -0.12523751649845183 -0.11125854934320711 -0.16131518895475752 -0.20792514737396001 -0.17544421225280557 -0.25807669057070631
leaf_weight=522 355 384 362 369 806 463 951 660 3033 361 611 546 577
leaf_count=522 355 384 362 369 806 463 951 660 3033 361 611 546 577
internal_value=0 0.0696197 0.603407 1.98607 -0.135066 -0.0868621 -0.047926 -0.187117 -0.111901 -0.063296 -0.127467 -0.147968 -0.236247
internal_weight=0 9645 2667 891 6978 1776 1313 2167 4811 1167 3644 1206 961
internal_count=10000 9645 2667 891 6978 1776 1313 2167 4811 1167 3644 1206 961
cat_boundaries=0 1 2
cat_threshold=1 6
is_linear=0
shrinkage=0.0100123


Tree=285
num_leaves=14
num_cat=3
split_feature=55 1 3 10 3 9 3 10 9 1 1 3 3
split_gain=4.1191e+07 9.21589e+06 1.58801e+07 2.80587e+06 93344.1 96587.1 84497.8 40324.4 34896.3 52138.1 42893.4 7219.33 6480.98
threshold=0.21135000000000001 0 51.630000000000003 5.5000000000000009 34.740000000000002 2021.5000000000002 31.880000000000003 5.5000000000000009 2021.5000000000002 1 2 27.575000000000003 27.575000000000003
decision_type=2 1 2 2 2 2 2 2 2 1 1 2 2
left_child=1 2 4 -4 -1 -6 7 12 9 -8 -10 -9 -3
right_child=-2 6 3 -5 5 -7 8 11 10 -11 -12 -13 -14
leaf_value=-0.17654796717806956 3.2803386750895345 -0.20140773246483593 1.9501310256293065 0.88209862640906611 -0.11058391815683337 0.077019059340264012 -0.015483890279528364 -0.12398360230057444 -0.10794403730410708 -0.15974359094624588 -0.20252863532948179 -0.173222076946076 -0.25452832632154976
leaf_weight=492 415 384 628 406 517 588 803 660 3015 361 611 545 575
leaf_count=492 415 384 628 406 517 588 803 660 3015 361 611 545 575
internal_value=0 0.058423 0.561934 1.53077 -0.0618324 -0.0107554 -0.132694 -0.18481 -0.109427 -0.0617296 -0.124738 -0.146253 -0.233258
internal_weight=0 9585 2631 1034 1597 1105 6954 2164 4790 1164 3626 1205 959
internal_count=10000 9585 2631 1034 1597 1105 6954 2164 4790 1164 3626 1205 959
cat_boundaries=0 1 2 3
cat_threshold=1 6 12
is_linear=0
shrinkage=0.0100123


Tree=286
num_leaves=12
num_cat=1
split_feature=55 1 4 10 2 3 10 3 4 10 10
split_gain=4.03881e+07 1.01166e+07 2.45918e+07 3.01165e+06 89176.3 100443 72992.5 64652.9 62860.6 39481.7 6147.1
threshold=0.24409000000000003 0 1448.0000000000002 5.5000000000000009 8832.5000000000018 31.880000000000003 9.5000000000000018 34.740000000000002 1256.5000000000002 5.5000000000000009 4.5000000000000009
decision_type=2 1 2 2 2 2 2 2 2 2 2
left_child=1 2 3 -1 5 9 7 -4 -7 -3 -6
right_child=-2 4 6 -5 10 8 -8 -9 -10 -11 -12
leaf_value=2.4403731552558372 3.50682986045268 -0.23385562905401469 -0.16314778125156004 1.2586241415635693 -0.25848675239979002 -0.1061844515592035 -0.1954800179616242 -0.0059252317145055576 0.01568389957463541 -0.14100895601705893 -0.20426907572962993
leaf_weight=522 355 797 362 369 388 3776 463 951 478 1083 456
leaf_count=522 355 797 362 369 388 3776 463 951 478 1083 456
internal_value=0 0.0681301 0.591373 1.95096 -0.132512 -0.119425 -0.0873883 -0.0492722 -0.0924907 -0.18037 -0.229194
internal_weight=0 9645 2667 891 6978 6134 1776 1313 4254 1880 844
internal_count=10000 9645 2667 891 6978 6134 1776 1313 4254 1880 844
cat_boundaries=0 1
cat_threshold=1
is_linear=0
shrinkage=0.0100123


Tree=287
num_leaves=16
num_cat=0
split_feature=55 3 0 0 10 3 3 3 10 10 0 0 3 10 10
split_gain=3.9625e+07 4.48583e+06 1.46589e+07 1.19148e+07 3.61888e+06 95353 114414 42477.7 36220.2 21946.3 16121 50491.8 12461.9 3124.36 1640.73
threshold=0.21135000000000001 47.615000000000009 2006.5000000000002 2519.5000000000005 5.5000000000000009 31.880000000000003 43.810000000000009 34.740000000000002 5.5000000000000009 10.500000000000002 1296.5000000000002 991.00000000000011 25.170000000000005 6.5000000000000009 5.5000000000000009
decision_type=2 2 2 2 2 2 2 2 2 2 2 2 2 2 2
left_child=1 5 10 4 -4 8 7 -7 12 -10 11 -3 -1 -8 -12
right_child=-2 2 3 -5 -6 6 13 -9 9 -11 14 -13 -14 -15 -16
leaf_value=-0.18385669118464579 3.2172324952470448 -0.073423047619421034 2.3812611967370767 -0.098582211895490948 1.0785589131856672 -0.1022838511516571 -0.21045029688883757 -0.0042098145879919937 -0.12257292598217967 -0.20847867815926438 -0.087070193615942176 -0.17610730707692684 -0.24958698666764245 -0.17218979180037478 -0.060783488242096659
leaf_weight=511 415 1016 520 492 363 813 381 972 1065 414 414 910 666 488 560
leaf_count=511 415 1016 520 492 363 813 381 972 1065 414 414 910 666 488 560
internal_value=0 0.0571564 0.298556 1.15001 1.84572 -0.137191 -0.0947471 -0.0488788 -0.179603 -0.14662 -0.105152 -0.121939 -0.22105 -0.188965 -0.0719567
internal_weight=0 9585 4275 1375 883 5310 2654 1785 2656 1479 2900 1926 1177 869 974
internal_count=10000 9585 4275 1375 883 5310 2654 1785 2656 1479 2900 1926 1177 869 974
is_linear=0
shrinkage=0.0100123


Tree=288
num_leaves=15
num_cat=1
split_feature=1 0 10 10 3 9 0 10 0 9 3 9 10 10
split_gain=3.67868e+07 8.27127e+07 1.15946e+06 168504 95389.8 83357.3 47608.7 68555.5 111839 81358.7 31511.8 26001.1 20630.1 8755.96
threshold=0 2928.0000000000005 5.5000000000000009 1.5000000000000002 48.315000000000005 2022.5000000000002 1296.5000000000002 7.5000000000000009 1032.5000000000002 2022.5000000000002 36.870000000000012 2021.5000000000002 9.5000000000000018 8.5000000000000018
decision_type=1 2 2 2 2 2 2 2 2 2 2 2 2 2
left_child=1 2 -1 -2 5 10 7 9 -9 -5 -3 12 -8 -13
right_child=3 4 -4 6 -6 -7 11 8 -10 -11 -12 13 -14 -15
leaf_value=3.7443996067014238 -0.35368728773313457 -0.20001127224044182 3.061199027175098 -0.30021580851790336 -0.26279282904472889 0.033854484932721376 -0.049585213708945836 -0.11873319248687204 -0.30086944112891262 -0.17807873331153964 -0.086487278584856733 -0.15511612551846307 -0.15396798758191327 -0.20700038353552591
leaf_weight=572 632 400 441 1136 361 442 404 1503 436 1054 633 1177 358 451
leaf_count=572 632 400 441 1136 361 442 404 1503 436 1054 633 1177 358 451
internal_value=0 1.14625 3.44697 -0.197317 -0.116915 -0.0812117 -0.18246 -0.203046 -0.159688 -0.241434 -0.130446 -0.146896 -0.0986259 -0.169489
internal_weight=0 2849 1013 7151 1836 1475 6519 4129 1939 2190 1033 2390 762 1628
internal_count=10000 2849 1013 7151 1836 1475 6519 4129 1939 2190 1033 2390 762 1628
cat_boundaries=0 1
cat_threshold=1
is_linear=0
shrinkage=0.0100123


Tree=289
num_leaves=15
num_cat=1
split_feature=1 0 10 10 3 9 0 10 0 9 2 3 3 3
split_gain=3.60538e+07 8.10647e+07 1.13636e+06 165147 93489.3 81696.5 46660.2 67189.6 109611 79737.7 63591.8 62853.8 30883.9 3720.57
threshold=0 2928.0000000000005 5.5000000000000009 1.5000000000000002 48.315000000000005 2022.5000000000002 1296.5000000000002 7.5000000000000009 1032.5000000000002 2022.5000000000002 8832.5000000000018 84.120000000000019 36.870000000000012 45.665000000000013
decision_type=1 2 2 2 2 2 2 2 2 2 2 2 2 2
left_child=1 2 -1 -2 5 12 7 9 -9 -5 11 -8 -3 -12
right_child=3 4 -4 6 -6 -7 10 8 -10 -11 13 -13 -14 -15
leaf_value=3.7069096282982623 -0.35014607180911017 -0.19800870316981425 3.0305494377618718 -0.29720996545392109 -0.26016167487809166 0.033515523671771623 -0.058831688680976095 -0.11754440245934439 -0.29785705221344755 -0.17629575911622436 -0.19896177928530961 -0.18571981884554262 -0.085621342929466993 -0.24315528277904896
leaf_weight=572 632 400 441 1136 361 442 970 1503 436 1054 387 656 633 377
leaf_count=572 632 400 441 1136 361 442 970 1503 436 1054 387 656 633 377
internal_value=0 1.13477 3.41246 -0.195341 -0.115744 -0.0803986 -0.180633 -0.201013 -0.158089 -0.239017 -0.145425 -0.110024 -0.12914 -0.220769
internal_weight=0 2849 1013 7151 1836 1475 6519 4129 1939 2190 2390 1626 1033 764
internal_count=10000 2849 1013 7151 1836 1475 6519 4129 1939 2190 2390 1626 1033 764
cat_boundaries=0 1
cat_threshold=1
is_linear=0
shrinkage=0.0100123


Tree=290
num_leaves=14
num_cat=1
split_feature=1 3 9 10 3 9 2 10 2 3 3 3 3
split_gain=3.53355e+07 5.60263e+07 5.68129e+06 161857 102824 122655 36178.5 73602.5 58430.4 48600.2 37976.6 31403.4 3293.91
threshold=0 51.630000000000003 2022.5000000000002 1.5000000000000002 34.740000000000002 2021.5000000000002 5539.5000000000009 7.5000000000000009 8832.5000000000018 94.860000000000014 32.330000000000005 36.225000000000009 45.665000000000013
decision_type=1 2 2 2 2 2 2 2 2 2 2 2 2
left_child=1 4 -3 -2 -1 -6 7 9 11 -5 -9 -8 -10
right_child=3 2 -4 6 5 -7 8 10 12 -11 -12 -13 -14
leaf_value=-0.17875551014169991 -0.34664031221679092 3.4926056921828663 2.1070732871419495 -0.20918645523229665 -0.12071667433865495 0.086232964335351325 -0.16800697353619451 -0.21665121411297464 -0.19864325421219392 -0.31792663860736758 -0.12391662327825453 -0.076662440962589104 -0.24014491431406557
leaf_weight=503 632 584 603 1575 524 635 622 650 389 558 1388 959 378
leaf_count=503 632 584 603 1575 524 635 622 650 389 558 1388 959 378
internal_value=0 1.12341 2.78875 -0.193386 -0.0592128 -0.00733184 -0.178825 -0.196522 -0.147388 -0.237633 -0.153493 -0.112599 -0.219096
internal_weight=0 2849 1187 7151 1662 1159 6519 4171 2348 2133 2038 1581 767
internal_count=10000 2849 1187 7151 1662 1159 6519 4171 2348 2133 2038 1581 767
cat_boundaries=0 1
cat_threshold=1
is_linear=0
shrinkage=0.0100123


Tree=291
num_leaves=17
num_cat=1
split_feature=1 0 11 3 9 2 2 0 3 3 2 0 3 3 9 11
split_gain=3.46314e+07 7.82068e+07 1.07745e+06 103890 79118 70190.7 71489.1 62028.7 90225.2 60170.8 33147.2 32627.2 29886.6 17670.4 8066.62 7568.05
threshold=0 2928.0000000000005 15.500000000000002 48.315000000000005 2022.5000000000002 5605.5000000000009 8832.5000000000018 855.00000000000011 76.055000000000021 33.835000000000008 4711.5000000000009 2519.5000000000005 36.870000000000012 129.56000000000003 2022.5000000000002 18.500000000000004
decision_type=1 2 2 2 2 2 2 2 2 2 2 2 2 2 2 2
left_child=1 2 -1 4 12 7 11 10 9 -9 -2 15 -3 -10 -8 -7
right_child=5 3 -4 -5 -6 6 14 8 13 -11 -12 -13 -14 -15 -16 -17
leaf_value=3.0237673054686951 -0.097657277527384567 -0.19457471044157335 3.6768349711102801 -0.26835960442329837 0.033240965645262202 -0.12246743705972106 -0.25089777011239972 -0.25319895222244437 -0.17926695284295557 -0.3943759053764902 -0.20433850723927358 -0.055680580214950481 -0.084016974611053577 -0.2504182240391683 -0.18866750178464894 -0.17823640665126372
leaf_weight=508 578 400 505 361 442 562 476 946 1651 445 590 656 633 444 372 431
leaf_count=508 578 400 505 361 442 562 476 946 1651 445 590 656 633 444 372 431
internal_value=0 1.11216 3.34933 -0.116121 -0.0788611 -0.191449 -0.148893 -0.214694 -0.235852 -0.298363 -0.151546 -0.110475 -0.126827 -0.194346 -0.223599 -0.146673
internal_weight=0 2849 1013 1836 1475 7151 2497 4654 3486 1391 1168 1649 1033 2095 848 993
internal_count=10000 2849 1013 1836 1475 7151 2497 4654 3486 1391 1168 1649 1033 2095 848 993
cat_boundaries=0 1
cat_threshold=1
is_linear=0
shrinkage=0.0100123


Tree=292
num_leaves=12
num_cat=1
split_feature=55 1 0 2 2 3 2 0 2 9 9
split_gain=3.80914e+07 7.42306e+06 1.88264e+07 848176 87260.6 96144.4 68392.3 55482.1 34654.5 15533 5917.33
threshold=0.21135000000000001 0 2928.0000000000005 8288.0000000000018 8832.5000000000018 31.880000000000003 8873.0000000000018 2519.5000000000005 4730.5000000000009 2021.5000000000002 2022.5000000000002
decision_type=2 1 2 2 2 2 2 2 2 2 2
left_child=1 2 3 -1 5 8 9 -7 -3 -4 -6
right_child=-2 4 6 -5 10 7 -8 -9 -10 -11 -12
leaf_value=1.3486347761394613 3.1487996454206786 -0.12375094774264081 -0.10026238618615251 1.9731923046272766 -0.24017643842024036 -0.094516900154574396 -0.21320735884774467 0.02001185069594769 -0.20981157131904346 -0.032180391687547626 -0.18677850889900735
leaf_weight=392 415 919 626 491 472 3755 397 478 958 725 372
leaf_count=392 415 919 626 491 472 3755 397 478 958 725 372
internal_value=0 0.0504796 0.502372 1.69593 -0.121039 -0.108031 -0.0976764 -0.0815841 -0.167675 -0.0637269 -0.216641
internal_weight=0 9585 2631 883 6954 6110 1748 4233 1877 1351 844
internal_count=10000 9585 2631 883 6954 6110 1748 4233 1877 1351 844
cat_boundaries=0 1
cat_threshold=1
is_linear=0
shrinkage=0.0100123


Tree=293
num_leaves=12
num_cat=1
split_feature=55 1 0 10 2 3 2 0 10 0 10
split_gain=3.73755e+07 8.23526e+06 2.02088e+07 2.82741e+06 83032.6 91315.2 72028 56638.9 36278.1 22997.4 5848.28
threshold=0.24409000000000003 0 2928.0000000000005 5.5000000000000009 8832.5000000000018 31.880000000000003 8873.0000000000018 2519.5000000000005 5.5000000000000009 4929.5000000000009 4.5000000000000009
decision_type=2 1 2 2 2 2 2 2 2 2 2
left_child=1 2 3 -1 5 8 9 -7 -3 -4 -6
right_child=-2 4 6 -5 10 7 -8 -9 -10 -11 -12
leaf_value=2.2386050392448942 3.3678002623864782 -0.21793137912566729 -0.11564780669054896 1.0935731405589246 -0.24304389866295478 -0.095868742053040468 -0.20165612357346557 0.019811485886133278 -0.12893122710361607 -0.023872104237395827 -0.19016043307953143
leaf_weight=522 355 797 377 369 388 3776 400 478 1083 999 456
leaf_count=522 355 797 377 369 388 3776 400 478 1083 999 456
internal_value=0 0.0598343 0.531928 1.7644 -0.121189 -0.108551 -0.0833952 -0.0828704 -0.166662 -0.049017 -0.214472
internal_weight=0 9645 2667 891 6978 6134 1776 4254 1880 1376 844
internal_count=10000 9645 2667 891 6978 6134 1776 4254 1880 1376 844
cat_boundaries=0 1
cat_threshold=1
is_linear=0
shrinkage=0.0100123


Tree=294
num_leaves=16
num_cat=0
split_feature=55 3 0 0 10 3 3 3 10 10 0 0 10 3 10
split_gain=3.66438e+07 3.67068e+06 1.18077e+07 9.74926e+06 3.41658e+06 85672.9 110220 37901.1 33781 21392.7 15801.9 49183.6 20394.5 10936.2 2447.92
threshold=0.21135000000000001 47.615000000000009 2006.5000000000002 2519.5000000000005 5.5000000000000009 31.880000000000003 43.810000000000009 34.740000000000002 5.5000000000000009 10.500000000000002 991.00000000000011 1296.5000000000002 6.5000000000000009 25.170000000000005 6.5000000000000009
decision_type=2 2 2 2 2 2 2 2 2 2 2 2 2 2 2
left_child=1 5 10 4 -4 8 7 -7 13 -10 12 -12 -3 -1 -8
right_child=-2 2 3 -5 -6 6 14 -9 9 -11 11 -13 -14 -15 -16
leaf_value=-0.17181236725667134 3.08825360579227 -0.10647848540909217 2.1816000923751404 -0.097517524329018654 0.91583254713913642 -0.091620300572152258 -0.19768668173729467 0.0010198487628544019 -0.11103253540800236 -0.19584800272993455 -0.16466791455994409 -0.062295441461794041 -0.016732519161960842 -0.23338758634963877 -0.16382029537311918
leaf_weight=511 415 521 520 492 363 813 381 972 1065 414 910 974 495 666 488
leaf_count=511 415 521 520 492 363 813 381 972 1065 414 910 974 495 666 488
internal_value=0 0.049379 0.267747 1.03193 1.66124 -0.126426 -0.086194 -0.0411742 -0.166628 -0.134774 -0.0945798 -0.111743 -0.0627538 -0.206654 -0.178669
internal_weight=0 9585 4275 1375 883 5310 2654 1785 2656 1479 2900 1884 1016 1177 869
internal_count=10000 9585 4275 1375 883 5310 2654 1785 2656 1479 2900 1884 1016 1177 869
is_linear=0
shrinkage=0.0100123


Tree=295
num_leaves=13
num_cat=0
split_feature=2 4 2 11 10 2 9 10 3 2 10 3
split_gain=1.81515e+07 7.57801e+07 5.84973e+06 1.07112e+06 188314 184727 131281 67186.5 61390.8 51574.6 37963.9 14422.8
threshold=6630.0000000000009 1256.5000000000002 7813.5000000000009 15.500000000000002 1.5000000000000002 9495.5000000000018 2020.5000000000002 9.5000000000000018 23.395000000000003 5936.5000000000009 7.5000000000000009 43.810000000000009
decision_type=2 2 2 2 2 2 2 2 2 2 2 2
left_child=4 2 -2 -4 -1 7 -6 8 -3 10 -8 -7
right_child=1 5 3 -5 6 11 9 -9 -10 -11 -12 -13
leaf_value=-0.37673643995305767 1.859647493582701 -0.16399927135877782 3.021246336948991 3.7734946101860478 -0.024372630674858582 -0.23037430302622128 -0.22702176684923958 -0.18327627690625339 -0.027281522279623105 -0.080379977348901219 -0.16746432532761729 -0.31920358809327215
leaf_weight=503 368 438 379 380 529 370 2416 608 1326 390 1930 363
leaf_count=503 368 438 379 380 529 370 2416 608 1326 390 1930 363
internal_value=0 0.671735 2.89559 3.39787 -0.191649 -0.135442 -0.173966 -0.0925122 -0.0612284 -0.190675 -0.200573 -0.274365
internal_weight=0 4232 1127 759 5768 3105 5265 2372 1764 4736 4346 733
internal_count=10000 4232 1127 759 5768 3105 5265 2372 1764 4736 4346 733
is_linear=0
shrinkage=0.0100123


Tree=296
num_leaves=12
num_cat=2
split_feature=55 1 3 10 3 9 2 3 1 10 9
split_gain=3.57903e+07 7.66317e+06 1.27185e+07 1.97311e+06 103066 127237 79883.9 86733.9 53824.3 34680.4 5902.52
threshold=0.24409000000000003 0 51.630000000000003 5.5000000000000009 34.740000000000002 2021.5000000000002 8832.5000000000018 31.880000000000003 1 5.5000000000000009 2022.5000000000002
decision_type=2 1 2 2 2 2 2 2 1 2 2
left_child=1 2 4 -4 -1 -6 7 9 -9 -3 -8
right_child=-2 6 3 -5 5 -7 10 8 -10 -11 -12
leaf_value=-0.16026533054343797 3.2941368021542292 -0.21190497413210665 1.7301765516939576 0.83908280183815076 -0.10253323030964542 0.11048600348185465 -0.23254193948048521 0.020391007346588542 -0.092646130371723909 -0.12488664014552402 -0.17921085982153179
leaf_weight=492 355 797 630 412 517 616 472 478 3776 1083 372
leaf_count=492 355 797 630 412 517 616 472 478 3776 1083 372
internal_value=0 0.0570802 0.512481 1.37784 -0.0392621 0.0132831 -0.117541 -0.105143 -0.0801146 -0.161777 -0.209036
internal_weight=0 9645 2667 1042 1625 1133 6978 6134 4254 1880 844
internal_count=10000 9645 2667 1042 1625 1133 6978 6134 4254 1880 844
cat_boundaries=0 1 2
cat_threshold=1 2
is_linear=0
shrinkage=0.0100123


Tree=297
num_leaves=12
num_cat=2
split_feature=55 1 3 9 2 3 3 9 1 2 9
split_gain=3.50938e+07 6.60181e+06 1.12544e+07 907884 80897.3 88035.3 80544.3 90914 50443.4 33985.3 5784.92
threshold=0.21135000000000001 0 51.630000000000003 2022.5000000000002 8832.5000000000018 31.880000000000003 34.740000000000002 2021.5000000000002 1 4730.5000000000009 2022.5000000000002
decision_type=2 1 2 2 2 2 2 2 1 2 2
left_child=1 2 6 -4 5 9 -1 -8 -7 -3 -6
right_child=-2 4 3 -5 10 8 7 -9 -10 -11 -12
leaf_value=-0.1586607082195923 3.0207667692969529 -0.11594359818840412 1.5922803044853533 0.99876106368886697 -0.23021366599918461 0.020191030884043695 -0.10150663993253504 0.080503470698880725 -0.089257004180233315 -0.2011691471576478 -0.17741655105628742
leaf_weight=492 415 919 505 529 472 478 517 588 3755 958 372
leaf_count=492 415 919 505 529 472 478 517 588 3755 958 372
internal_value=0 0.0468556 0.473019 1.28863 -0.114895 -0.102369 -0.0521002 -0.0046542 -0.077061 -0.159442 -0.206943
internal_weight=0 9585 2631 1034 6954 6110 1597 1105 4233 1877 844
internal_count=10000 9585 2631 1034 6954 6110 1597 1105 4233 1877 844
cat_boundaries=0 1 2
cat_threshold=1 2
is_linear=0
shrinkage=0.0100123


Tree=298
num_leaves=14
num_cat=0
split_feature=2 0 2 11 10 2 2 10 10 10 3 3 3
split_gain=1.74505e+07 7.30115e+07 5.64295e+06 1.04843e+06 192826 175608 104888 72689.5 71277.7 66964.7 58229.2 54558.8 15583.7
threshold=6630.0000000000009 2519.5000000000005 7813.5000000000009 15.500000000000002 1.5000000000000002 9495.5000000000018 5965.0000000000009 7.5000000000000009 11.500000000000002 9.5000000000000018 94.860000000000014 23.395000000000003 43.810000000000009
decision_type=2 2 2 2 2 2 2 2 2 2 2 2 2
left_child=4 2 -2 -4 -1 9 7 10 -9 11 -6 -3 -7
right_child=1 5 3 -5 6 12 -8 8 -10 -11 -12 -13 -14
leaf_value=-0.37698370677112392 1.8222405969572399 -0.15923275866932721 2.9604186406351878 3.7046559309482223 -0.19496196447152703 -0.22516176329085044 -0.022325552375906475 -0.1207089688436407 -0.26479288133069651 -0.1841953379267344 -0.30709265156035104 -0.030346790529146708 -0.31749669949258408
leaf_weight=503 368 438 379 380 1822 370 432 1971 417 608 623 1326 363
leaf_count=503 368 438 379 380 1822 370 432 1971 417 608 623 1326 363
internal_value=0 0.656857 2.83971 3.33303 -0.189692 -0.135438 -0.171799 -0.185159 -0.145869 -0.0935812 -0.223534 -0.0623491 -0.270888
internal_weight=0 4232 1127 759 5768 3105 5265 4833 2388 2372 2445 1764 733
internal_count=10000 4232 1127 759 5768 3105 5265 4833 2388 2372 2445 1764 733
is_linear=0
shrinkage=0.0100123


Tree=299
num_leaves=12
num_cat=1
split_feature=55 1 0 2 2 3 2 0 2 0 2
split_gain=3.42731e+07 7.12759e+06 1.76627e+07 1.01573e+06 75746.9 82460.2 71176.9 52276.4 33369.6 18164 4237.79
threshold=0.24409000000000003 0 2928.0000000000005 8288.0000000000018 8832.5000000000018 31.880000000000003 8873.0000000000018 2519.5000000000005 4730.5000000000009 4929.5000000000009 9574.0000000000018
decision_type=2 1 2 2 2 2 2 2 2 2 2
left_child=1 2 3 -1 5 8 9 -7 -3 -4 -6
right_child=-2 4 6 -5 10 7 -8 -9 -10 -11 -12
leaf_value=1.2661589473242925 3.2221294789016901 -0.11408483464121331 -0.10668734849156343 1.9468262306841981 -0.17712355714197012 -0.089991293525023913 -0.1992057123411525 0.021144616931020467 -0.19846653943302542 -0.025124167856019435 -0.22247038080866316
leaf_weight=394 355 921 377 497 361 3776 400 478 959 999 483
leaf_count=394 355 921 377 497 361 3776 400 478 959 999 483
internal_value=0 0.0544262 0.493626 1.64584 -0.113981 -0.101908 -0.0816455 -0.0775035 -0.157128 -0.0474711 -0.203074
internal_weight=0 9645 2667 891 6978 6134 1776 4254 1880 1376 844
internal_count=10000 9645 2667 891 6978 6134 1776 4254 1880 1376 844
cat_boundaries=0 1
cat_threshold=1
is_linear=0
shrinkage=0.0100123


end of trees

feature_importances:
sell_price_main=870
total_orders=829
unique_id=747
month=568
warehouse=326
year=230
product_unique_id=182
max_discount=159
day=45
day_of_week=32

parameters:
[boosting: gbdt]
[objective: regression]
[metric: l2]
[tree_learner: serial]
[device_type: cpu]
[data_sample_strategy: bagging]
[data: ]
[valid: ]
[num_iterations: 100]
[learning_rate: 0.0100123]
[num_leaves: 50]
[num_threads: 0]
[seed: 0]
[deterministic: 0]
[force_col_wise: 0]
[force_row_wise: 0]
[histogram_pool_size: -1]
[max_depth: 5]
[min_data_in_leaf: 354]
[min_sum_hessian_in_leaf: 0.001]
[bagging_fraction: 0.885017]
[pos_bagging_fraction: 1]
[neg_bagging_fraction: 1]
[bagging_freq: 0]
[bagging_seed: 3]
[feature_fraction: 0.736638]
[feature_fraction_bynode: 1]
[feature_fraction_seed: 2]
[extra_trees: 0]
[extra_seed: 6]
[early_stopping_round: 0]
[early_stopping_min_delta: 0]
[first_metric_only: 0]
[max_delta_step: 0]
[lambda_l1: 0]
[lambda_l2: 0]
[linear_lambda: 0]
[min_gain_to_split: 0.0125794]
[drop_rate: 0.1]
[max_drop: 50]
[skip_drop: 0.5]
[xgboost_dart_mode: 0]
[uniform_drop: 0]
[drop_seed: 4]
[top_rate: 0.2]
[other_rate: 0.1]
[min_data_per_group: 100]
[max_cat_threshold: 32]
[cat_l2: 10]
[cat_smooth: 10]
[max_cat_to_onehot: 4]
[top_k: 20]
[monotone_constraints: ]
[monotone_constraints_method: basic]
[monotone_penalty: 0]
[feature_contri: ]
[forcedsplits_filename: ]
[refit_decay_rate: 0.9]
[cegb_tradeoff: 1]
[cegb_penalty_split: 0]
[cegb_penalty_feature_lazy: ]
[cegb_penalty_feature_coupled: ]
[path_smooth: 0]
[interaction_constraints: ]
[verbosity: 1]
[saved_feature_importance_type: 0]
[use_quantized_grad: 0]
[num_grad_quant_bins: 4]
[quant_train_renew_leaf: 0]
[stochastic_rounding: 1]
[linear_tree: 0]
[max_bin: 255]
[max_bin_by_feature: ]
[min_data_in_bin: 3]
[bin_construct_sample_cnt: 200000]
[data_random_seed: 1]
[is_enable_sparse: 1]
[enable_bundle: 1]
[use_missing: 1]
[zero_as_missing: 0]
[feature_pre_filter: 1]
[pre_partition: 0]
[two_round: 0]
[header: 0]
[label_column: ]
[weight_column: ]
[group_column: ]
[ignore_column: ]
[categorical_feature: 1,5]
[forcedbins_filename: ]
[precise_float_parser: 0]
[parser_config_file: ]
[objective_seed: 5]
[num_class: 1]
[is_unbalance: 0]
[scale_pos_weight: 1]
[sigmoid: 1]
[boost_from_average: 1]
[reg_sqrt: 0]
[alpha: 0.9]
[fair_c: 1]
[poisson_max_delta_step: 0.7]
[tweedie_variance_power: 1.5]
[lambdarank_truncation_level: 30]
[lambdarank_norm: 1]
[label_gain: ]
[lambdarank_position_bias_regularization: 0]
[eval_at: ]
[multi_error_top_k: 1]
[auc_mu_weights: ]
[num_machines: 1]
[local_listen_port: 12400]
[time_out: 120]
[machine_list_filename: ]
[machines: ]
[gpu_platform_id: -1]
[gpu_device_id: -1]
[gpu_use_dp: 0]
[num_gpu: 1]

end of parameters

pandas_categorical:[["Brno_1", "Prague_1", "Prague_2", "Prague_3"], ["1st_christmas_day", "2nd_christmas_day", "Not", "christmas_eve", "cyrila_a_metodej", "den_boje_za_svobodu_a_demokracii", "den_ceske_statnosti", "den_osvobozeni", "den_vzniku_samostatneho_ceskoslovenskeho_statu", "easter_day", "easter_monday", "good_friday", "holy_saturday", "international_womens_day", "jan_hus", "labour_day", "mother's_day", "new_years_day"]]
